ACC,Loss,LossPrivileged,LossUnprivileged,BalancedACC,drift-id,gm-id,gm-name
0.8357142857142857,0.43964204,0.4345199,0.5369633,0.9193548387096775,0,0,0
0.8642857142857143,0.5131589,0.39044714,2.8446815,0.7169811320754716,2,0,0
0.8985714285714286,0.37835354,0.29617596,1.9397273,0.7211221122112211,2,0,0
0.91,0.41612875,0.38099876,1.0835985,0.7761437908496732,2,0,0
0.89,0.51045185,0.4655827,1.3629652,0.6955074875207986,1,0,0
0.8757142857142857,0.5260694,0.44096908,2.1429758,0.6077441077441077,1,0,0
0.8914285714285715,0.5286397,0.49147788,1.2347142,0.7929883138564274,1,0,0
0.8914285714285715,0.52232695,0.48073694,1.3125373,0.76,1,0,0
0.91,0.401962,0.35247064,1.3422974,0.7761437908496732,1,0,0
