ACC,Loss,LossPrivileged,LossUnprivileged,BalancedACC,drift-id,gm-id
0.9171428571428571,0.27871522,0.3579675,0.19946289,0.9395770392749244,0,<federated.algorithms.fair_fed_drift.ClientIdentity.ClientIdentity object at 0x7f22346e6d10>
0.8314285714285714,1.6815864,0.3844871,2.978686,0.8018575851393189,2,<federated.algorithms.fair_fed_drift.ClientIdentity.ClientIdentity object at 0x7f223441cb80>
0.8528571428571429,0.70603377,0.72897965,0.683088,0.97682119205298,2,<federated.algorithms.fair_fed_drift.ClientIdentity.ClientIdentity object at 0x7f22101b7eb0>
0.7528571428571429,1.7442212,1.0275065,2.4609358,0.89568345323741,0,<federated.algorithms.fair_fed_drift.ClientIdentity.ClientIdentity object at 0x7f2234756980>
0.9271428571428572,0.38900656,0.21117885,0.5668342,0.9373134328358208,0,<federated.algorithms.fair_fed_drift.ClientIdentity.ClientIdentity object at 0x7f21b8350eb0>
0.92,0.2748841,0.22573453,0.32403365,0.9938080495356038,0,<federated.algorithms.fair_fed_drift.ClientIdentity.ClientIdentity object at 0x7f21b8241ab0>
0.9528571428571428,0.234173,0.270732,0.19761403,0.997005988023952,0,<federated.algorithms.fair_fed_drift.ClientIdentity.ClientIdentity object at 0x7f22303b9de0>
0.8328571428571429,1.7043741,0.2455814,3.1631665,0.7666666666666667,1,<federated.algorithms.fair_fed_drift.ClientIdentity.ClientIdentity object at 0x7f21780a3010>
0.9285714285714286,0.37581995,0.62519014,0.12644981,0.9117647058823528,1,<federated.algorithms.fair_fed_drift.ClientIdentity.ClientIdentity object at 0x7f22344bfa90>
0.8357142857142857,1.9272754,0.35811904,3.496432,0.8055555555555555,0,<federated.algorithms.fair_fed_drift.ClientIdentity.ClientIdentity object at 0x7f214c1e6a40>
