ACC,Loss,LossPrivileged,LossUnprivileged,AEQ,OEQ,OPP,MEQ,MPP,drift-id,gm-id,gm-name
0.9014285714285715,0.3899972,0.35795572,0.51816326,0.9200779727095517,0.8983324964518884,0.9029982864203705,0.7318181818181818,0.7706214689265536,0,0,0
0.9557142857142857,0.18097672,0.15637301,0.27939144,0.9925373134328357,0.9363968686943501,0.9359666041043896,0.875,0.8672727272727273,0,0,0
0.9485714285714286,0.21267304,0.18253334,0.3332319,0.927643784786642,0.9034486640301449,0.9070857937896427,0.6493506493506493,0.6363636363636364,0,0,0
0.97,0.12694548,0.10270417,0.22391072,0.9834862385321101,0.9522201702212216,0.9437125720525609,0.8978328173374613,0.873015873015873,0,0,0
0.9428571428571428,0.5218884,0.1283116,2.0961957,0.8175182481751826,0.7568214534004007,0.7509318271037062,0.0,0.0,2,0,0
0.83,0.687287,0.6807661,0.7133708,0.923728813559322,0.8420795172483437,0.8537776408422342,0.6145833333333333,0.7289256198347107,2,7,7
0.9342857142857143,0.29969496,0.20160231,0.69206554,0.9265536723163842,0.8957310976875927,0.9096057613969389,0.7026515151515151,0.7939814814814815,2,10,5-9
0.9171428571428571,0.7082788,0.18352085,2.8073108,0.7732342007434945,0.7676459413918069,0.7527470706176165,0.0,0.0,0,10,5-9
0.9728571428571429,0.1175544,0.08904263,0.23160149,0.9617486338797815,0.9588652863808027,0.9471878767910857,0.9000000000000001,0.8333333333333334,0,0,0
