ACC,Loss,LossPrivileged,LossUnprivileged,BalancedACC,drift-id,gm-id,gm-name
0.9242857142857143,0.22497661,0.21538258,0.31132278,0.9030612244897959,0,0,0
0.9442857142857143,0.3955175,0.18922623,2.2521386,0.7845394736842105,2,0,0
0.84,0.7533958,0.6789143,1.4237297,0.7279411764705882,2,9,9
0.9628571428571429,0.16793561,0.16498616,0.19448066,0.9901960784313726,0,0,0
0.9714285714285714,0.13830343,0.12688033,0.24111135,0.935064935064935,0,0,0
0.9671428571428572,0.1795879,0.1012075,0.88501155,0.9073170731707317,0,0,0
0.9028571428571428,0.5091708,0.45422557,1.0036772,0.7900172117039586,0,18,18
0.9571428571428572,0.18463309,0.0969239,0.97401583,0.7415185783521809,1,0,0
0.9371428571428572,0.32459053,0.35605863,0.04137758,0.9452495974235104,1,2,2
