ACC,Loss,LossPrivileged,LossUnprivileged,BalancedACC,drift-id,gm-id,gm-name
0.8485714285714285,0.46051493,0.40370363,0.9718166,0.7912087912087912,0,0,0
0.8571428571428571,0.3576551,0.32772458,0.6270294,0.9447513812154695,0,0,0
0.8757142857142857,0.4003673,0.4074989,0.33618307,0.9874551971326165,0,0,0
0.88,0.46004683,0.42750666,0.7529084,0.935483870967742,0,0,0
0.7428571428571429,1.0690863,0.85596323,2.9871926,0.8526315789473685,2,12,12
0.79,0.81082267,0.7765245,1.119507,0.9143426294820717,2,18,18
0.8328571428571429,0.68992686,0.6769227,0.80696404,0.9563567362428843,2,14,14
0.8085714285714286,0.8453982,0.6510858,2.594209,0.7028571428571428,0,15,15
0.8871428571428571,0.5812026,0.552455,0.8399319,0.9625668449197861,0,0,0
