ACC,Loss,LossPrivileged,LossUnprivileged,BalancedACC,drift-id,gm-id,gm-name
0.8733333333333333,0.30187735,0.26463065,0.6784829,0.7236991592819814,0,0,0
0.8633333333333333,0.31334117,0.30119026,0.4530761,0.9884696016771488,0,0,0
0.8833333333333333,0.29667434,0.26259053,0.67159605,0.7303822937625755,0,0,0
0.8816666666666667,0.27700987,0.26522097,0.37404156,0.8781783070485999,0,0,0
0.8666666666666667,0.31441742,0.23664692,1.3218163,0.5451367851983036,1,0,0
0.87,0.31227207,0.2777354,0.661476,0.7938475665748393,1,1,1
0.8733333333333333,0.2928854,0.2667076,0.54718417,0.8464730290456431,1,1,1
0.8533333333333334,0.38885754,0.27601114,1.7166034,0.503228322572258,0,1,1
0.8633333333333333,0.29434335,0.2713958,0.5413671,0.8280542986425339,0,0,0
