ACC,Loss,LossPrivileged,LossUnprivileged,AEQ,OEQ,OPP,MEQ,MPP,drift-id,gm-id,gm-name
0.9142857142857143,0.36673248,0.33849153,0.6209013,0.8969072164948454,0.8397688286009993,0.8647407065531286,0.42142857142857143,0.7407407407407407,0,0,0
0.9642857142857143,0.12265783,0.120508336,0.14200325,0.9753694581280787,0.9245682074438095,0.9285975749005863,0.6783625730994152,0.6370192307692307,0,0,0
0.94,0.4252327,0.14598006,2.9385061,0.7081967213114754,0.7119152709487356,0.7016558498095,0.0,0.0,2,0,0
0.7957142857142857,1.1402241,1.1237448,1.2885369,0.7719298245614035,0.6487932388816426,0.7508097755917006,0.23643410852713176,0.4012539184952978,2,9,9
0.9414285714285714,0.35297185,0.18960044,1.8233148,0.803305785123967,0.7344135702171665,0.7386499708604408,0.0,0.0,2,0,0
0.9657142857142857,0.16248284,0.12657692,0.48563647,0.9574468085106383,0.93872226722973,0.9160544638142921,0.8425925925925926,0.703030303030303,0,0,0
0.9714285714285714,0.14848825,0.12092693,0.39653996,0.9674267100977199,0.9415457445265826,0.9491073138144488,0.7615384615384615,0.8701298701298701,0,0,0
0.9414285714285714,0.25971007,0.12635757,1.4598826,0.6911764705882353,0.7209893320544483,0.7310221842625533,0.0,0.0,1,0,0
0.8357142857142857,0.9277852,0.7794001,2.2632508,0.4017857142857143,0.4020093379113245,0.463692145009317,0.0,0.0,1,20,20
