ACC,Loss,LossPrivileged,LossUnprivileged,AEQ,OEQ,OPP,MEQ,MPP,drift-id,gm-id,gm-name
0.8414285714285714,0.41371644,0.39324358,0.8026998,0.8070796460176991,0.6154177075072806,0.6077021908081504,0.0,0.0,0,0,0
0.8871428571428571,0.3664356,0.35428008,0.5973901,0.9307432432432433,0.8585961989202537,0.7891599201896975,0.6476190476190476,0.5357142857142857,0,0,0
0.8828571428571429,0.47836688,0.35717344,2.7810416,0.7676767676767676,0.6498942421277178,0.6292654856181898,0.0,0.0,1,0,0
0.8871428571428571,0.505901,0.41168255,2.2960508,0.7969798657718121,0.6781472548948564,0.7008141515837003,0.0,0.0,1,0,0
0.89,0.5436276,0.45654288,2.1982374,0.7283333333333334,0.6988504902436141,0.725099219450626,0.0,0.0,1,0,0
0.9171428571428571,0.35313144,0.35009962,0.41073665,0.9313725490196078,0.8092881902815734,0.887783521631887,0.5425531914893618,0.5851063829787234,0,0,0
0.8871428571428571,0.5044613,0.47921216,0.9841955,0.8636363636363636,0.8124939596519949,0.776064971331706,0.6224489795918368,0.3010204081632653,0,0,0
0.9142857142857143,0.45640215,0.41352195,1.2711252,0.8045602605863192,0.606927599352505,0.6523021511015047,0.0,0.0,1,0,0
0.8814285714285715,0.6737268,0.54447687,3.1294749,0.7356902356902357,0.5333260866693545,0.5407625681674064,0.0,0.0,1,0,0
