ACC,Loss,LossPrivileged,LossUnprivileged,BalancedACC,drift-id,gm-id,gm-name
0.9571428571428572,0.1689065,0.15993556,0.33935428,0.9217527386541471,0,0,0
0.9571428571428572,0.14013633,0.12701643,0.38941434,0.859594383775351,0,0,0
0.9585714285714285,0.21623182,0.11100263,2.215587,0.6440677966101696,1,0,0
0.9457142857142857,0.22176221,0.15220974,1.5432595,0.6838810641627543,1,0,0
0.9628571428571429,0.20647138,0.11209258,1.9996688,0.6110260336906584,1,0,0
0.9714285714285714,0.13781561,0.093271725,0.9841493,0.8159509202453988,1,0,0
0.9728571428571429,0.13182592,0.113345586,0.482952,0.8450920245398773,1,0,0
0.9871428571428571,0.11713501,0.11726505,0.11466428,0.9832572298325724,0,0,0
0.9742857142857143,0.11326089,0.07353526,0.8680476,0.8134556574923548,0,0,0
