ACC,Loss,LossPrivileged,LossUnprivileged,AEQ,OEQ,OPP,MEQ,MPP,drift-id,gm-id,gm-name
0.9271428571428572,0.22412619,0.21342567,0.4274353,0.856682769726248,0.8166311459125405,0.7973384760199084,0.5555555555555556,0.5076923076923077,0,0,0
0.9485714285714286,0.29960385,0.19378804,2.3101041,0.7433489827856026,0.6946532820421301,0.7330686568455832,0.0,0.0,2,0,0
0.8657142857142858,0.6932109,0.6614259,1.2971258,0.6484641638225256,0.4999910483682305,0.4340119498408243,0.0,0.0,2,7,7
0.96,0.15735732,0.15931375,0.12018495,0.9812206572769954,0.9371804131765611,0.9547661837522539,0.7058823529411764,0.8588235294117648,0,0,0
0.9671428571428572,0.16127005,0.13756035,0.6117543,0.9117647058823529,0.7990464594409118,0.8055051548887736,0.0,0.0,0,0,0
0.9657142857142857,0.1558184,0.12586164,0.72499675,0.8823529411764706,0.8632153451508895,0.866640334208266,0.5178571428571428,0.5181818181818182,0,0,0
0.9671428571428572,0.16188854,0.120466754,0.94890255,0.8197226502311249,0.8321139780729336,0.8204734330214156,0.33854166666666663,0.515625,0,0,0
0.9614285714285714,0.24852654,0.11796189,2.7292552,0.7635239567233385,0.7338470740356255,0.7787193648401284,0.0,0.0,1,0,0
0.9614285714285714,0.17993195,0.18228951,0.13513836,0.9796875,0.9206574842078139,0.9181006352280493,0.7615384615384615,0.6772486772486772,1,2,2
