ACC,Loss,LossPrivileged,LossUnprivileged,BalancedACC,drift-id,gm-id,gm-name
0.7795527156549521,0.4586987,0.4918871,0.39103302,0.8772517006802723,0,0,0
0.6150159744408946,0.9747991,0.45216534,1.88085,0.41942527116495276,1,0,0
0.7715654952076677,0.49848777,0.49151742,0.51135135,0.9886785930343099,1,7,7
0.7827476038338658,0.48611927,0.4334943,0.59577644,0.9192987539843522,1,8,6-7
0.7635782747603834,0.4907192,0.46566206,0.5418067,0.9506224313538626,1,9,9
0.7939297124600639,0.4668908,0.4135677,0.573282,0.9213200112580917,1,8,6-7
0.755591054313099,0.48910877,0.4303241,0.6325176,0.8954455948675601,1,8,6-7
0.8099041533546326,0.4480706,0.41984764,0.50645316,0.9980220158238734,1,4,4
0.8115015974440895,0.44260877,0.4117278,0.5069568,0.9580431459147275,1,8,6-7
