ACC,Loss,LossPrivileged,LossUnprivileged,BalancedACC,drift-id,gm-id,gm-name
0.8633333333333333,0.28454185,0.26918718,0.47856912,0.8597938144329896,0,0,0
0.8716666666666667,0.33215982,0.2617368,1.0442148,0.7030220404453533,2,0,0
0.845,0.36280203,0.28280324,1.0963502,0.6591177840685133,2,0,0
0.8533333333333334,0.3195137,0.28529075,0.77418983,0.768595041322314,2,0,0
0.8666666666666667,0.30304107,0.25324538,0.80653113,0.6409906839354692,1,0,0
0.8283333333333334,0.3842932,0.31841066,0.8997274,0.5564148073022313,1,0,0
0.885,0.24149722,0.21606117,0.5552087,0.7385229540918163,1,0,0
0.88,0.30229473,0.26368105,0.7270448,0.6861167002012072,2,0,0
0.8695652173913043,0.2855713,0.24869792,0.6288754,0.6925049871758336,2,0,0
