ACC,Loss,LossPrivileged,LossUnprivileged,BalancedACC,drift-id,gm-id,gm-name
0.8257142857142857,0.48977003,0.4747317,0.7754989,0.9963702359346641,0,0,0
0.8728571428571429,0.47596478,0.3598372,2.6823885,0.6429780033840947,2,0,0
0.7971428571428572,0.813175,0.7520337,1.974863,0.7798507462686567,2,8,8
0.84,0.71943057,0.59766614,3.032954,0.7385159010600707,0,6,6
0.8842857142857142,0.4395878,0.40773293,1.0448303,0.7996632996632996,0,0,0
0.9042857142857142,0.46452555,0.43810788,0.9664609,0.8793388429752067,0,0,0
0.8871428571428571,0.5852209,0.5305611,1.6237557,0.7969798657718121,0,0,0
0.7285714285714285,0.93495387,0.85062724,2.537161,0.6153846153846153,1,15,15
0.8871428571428571,0.60411155,0.5460916,1.7064902,0.8636363636363636,1,4,4
