ACC,Loss,LossPrivileged,LossUnprivileged,AEQ,OEQ,OPP,MEQ,MPP,drift-id,gm-id,gm-name
0.8542857142857143,0.43908882,0.40585533,1.0705259,0.7256944444444444,0.6582644660922742,0.634231352021146,0.0,0.0,0,0,0
0.8685714285714285,0.49247494,0.35145086,3.1719313,0.6797274275979557,0.5961966038203304,0.644398026363173,0.0,0.0,1,0,0
0.88,0.39968973,0.37656403,0.8390776,0.8037225042301184,0.7321340290163981,0.7351048287059408,0.0,0.0,1,0,0
0.8628571428571429,0.4602448,0.4301482,1.0320808,0.718213058419244,0.6836707735239472,0.6439688366051177,0.0,0.0,1,0,0
0.9014285714285715,0.45029026,0.33408195,2.6582484,0.71875,0.6231640960269286,0.5965156268827705,0.0,0.0,2,0,0
0.8785714285714286,0.4949223,0.42079788,1.9032863,0.6717171717171717,0.7205852938127255,0.666122058959435,0.0,0.0,2,0,0
0.89,0.4108084,0.38244557,0.9497027,0.9612141652613827,0.8302161300109325,0.8463927501052199,0.4424242424242425,0.6760563380281689,2,0,0
0.9,0.36983556,0.3432194,0.8755421,0.7851239669421488,0.6741559695849328,0.6330584106398112,0.0,0.0,1,0,0
0.8871428571428571,0.39772946,0.34040534,1.4868873,0.6322795341098169,0.7137202489497563,0.6580836795619635,0.0,0.0,1,0,0
