ACC,Loss,LossPrivileged,LossUnprivileged,BalancedACC,drift-id,gm-id,gm-name
0.8528571428571429,0.40948826,0.3769722,0.70213276,0.9132841328413284,0,0,0
0.8728571428571429,0.3764427,0.3773754,0.36804897,0.9981818181818182,0,0,0
0.9014285714285715,0.34239548,0.34360355,0.33152327,0.9511784511784512,0,0,0
0.8685714285714285,0.5138344,0.49202624,0.7101079,0.9490909090909091,0,0,0
0.8957142857142857,0.47137406,0.42853123,0.8569595,0.9699646643109541,0,0,0
0.9057142857142857,0.5338504,0.4864157,0.9607617,0.940766550522648,0,0,0
0.8928571428571429,0.46764636,0.43608332,0.75171363,0.8857644991212654,0,0,0
0.8942857142857142,0.7403731,0.45624006,3.297571,0.7642980935875217,1,0,0
0.84,0.82241577,0.7758038,1.2419233,0.8547486033519553,1,2,2
