ACC,Loss,LossPrivileged,LossUnprivileged,BalancedACC,drift-id,gm-id,gm-name
0.8331193838254172,0.40981224,0.4246899,0.2779849,0.8904892367906067,0,0,0
0.8267008985879333,0.3991052,0.40534014,0.34307063,0.9425190903750944,0,0,0
0.7997432605905006,0.41309407,0.42184794,0.30007532,0.9073305670816043,0,0,0
0.79204107830552,0.4115313,0.42114297,0.31568536,0.8976899945325316,0,0,0
0.7817715019255456,0.55821586,0.36900574,2.746339,0.3320891455972101,2,0,0
0.754813863928113,0.4938524,0.47124392,0.69703907,0.9835026608611515,2,7,7
0.7740693196405648,0.44835213,0.44916475,0.43985534,0.8986856782579176,2,11,8-7-9
0.785622593068036,0.43951002,0.45531645,0.2818907,0.8896026972844906,2,11,8-7-9
0.82798459563543,0.36776885,0.3751874,0.29263034,0.9441888619854721,2,11,8-7-9
