ACC,Loss,LossPrivileged,LossUnprivileged,BalancedACC,drift-id,gm-id,gm-name
0.8666666666666667,0.29895368,0.2609978,0.5959027,0.8139128262770077,0,0,0
0.88,0.30411735,0.24998228,0.85148275,0.7841269841269841,2,0,0
0.87,0.3150913,0.25381705,1.0530471,0.682626298186939,2,0,0
0.8583333333333333,0.434231,0.26959506,2.0335515,0.5374707259953162,1,3,1-2
0.89,0.30415285,0.24781173,0.8979014,0.6717744406987435,1,0,0
0.88,0.2864161,0.25273222,0.6569389,0.8048780487804877,1,0,0
0.8666666666666667,0.29533997,0.2680044,0.60272586,0.7373703579792572,1,0,0
0.8866666666666667,0.27632412,0.25915992,0.4430625,0.9194591416813638,0,0,0
0.88,0.28202206,0.2456368,0.62203634,0.7041927101622305,0,0,0
