ACC,Loss,LossPrivileged,LossUnprivileged,AEQ,OEQ,OPP,MEQ,MPP,drift-id,gm-id,gm-name
0.7984595635430038,0.38973197,0.40169683,0.27401727,0.886053606450207,0.7769406133387113,0.8863356632111652,0.6508785332314745,0.8548850574712643,0,0,0
0.8421052631578947,0.32499084,0.3060326,0.5083404,0.9906332815498493,0.768325635201432,0.904564645083168,0.5942028985507245,0.8363636363636364,1,0,0
0.8369704749679076,0.3465119,0.3317338,0.47563618,0.9510204081632654,0.6648135845889618,0.8747800069573181,0.3734484619535888,0.817824377457405,1,0,0
0.8292682926829268,0.37474784,0.3376191,0.72326314,0.8217283950617285,0.6403069189911063,0.6438556467066802,0.38791732909379967,0.38352638352638346,2,2,0-1
0.8228498074454429,0.3772921,0.34346008,0.71465915,0.7529067019567067,0.5942263133251382,0.6451938774756406,0.23314606741573032,0.5224719101123595,2,2,0-1
0.8138639281129654,0.38245228,0.34977958,0.68467426,0.8786701208981001,0.8442912012605974,0.8386907351022184,0.7578947368421054,0.7697368421052632,4,2,0-1
0.8485237483953787,0.3621298,0.3131252,0.87451655,0.745638287730003,0.6931856013316688,0.8290650491878506,0.4,0.6940778107940019,4,2,0-1
0.8164313222079589,0.38464352,0.35620144,0.67272145,0.8082221683240358,0.702573685326548,0.8216392688584914,0.41111111111111115,0.7775377969762419,3,2,0-1
0.8305519897304237,0.35949758,0.32095337,0.7625111,0.7443757304246201,0.7165667463582787,0.7476045874793265,0.4710588235294118,0.6510533308028088,3,2,0-1
