ACC,Loss,LossPrivileged,LossUnprivileged,BalancedACC,drift-id,gm-id,gm-name
0.8966666666666666,0.2454316,0.22809325,0.4281512,0.8464627741736176,0,0,0
0.8633333333333333,0.3184999,0.32445365,0.26683667,0.990224425168663,0,0,0
0.8866666666666667,0.25799698,0.24053288,0.4543789,0.8895558223289316,0,0,0
0.8783333333333333,0.2819841,0.2591842,0.5034687,0.8849452824608104,0,0,0
0.9083333333333333,0.22816989,0.22279963,0.28724292,0.9660678642714571,0,0,0
0.8866666666666667,0.2806961,0.2632084,0.45057625,0.8326530612244898,0,0,0
0.875,0.2967899,0.28157055,0.453865,0.8974569319114027,0,5,0-4
0.8566666666666667,0.35238603,0.2762916,1.0915892,0.6234841762792074,1,5,0-4
0.88,0.2739565,0.26833415,0.3296691,0.9865193783935594,1,3,1-2
