ACC,Loss,LossPrivileged,LossUnprivileged,BalancedACC,drift-id,gm-id,gm-name
0.8010269576379975,0.4488383,0.46471983,0.2714114,0.890393816709606,0,0,0
0.8048780487804879,0.40414593,0.41176698,0.32572636,0.971830985915493,0,0,0
0.8125802310654685,0.37811196,0.38680944,0.30316386,0.9642044496881849,0,0,0
0.8138639281129654,0.36694312,0.3813997,0.21331511,0.9170872214816225,0,0,0
0.7637997432605905,0.5656076,0.37315223,2.2014785,0.37280701754385964,2,0,0
0.7792041078305519,0.45786473,0.4312197,0.72774124,0.8500765306122449,2,1,1
0.8202824133504493,0.37514645,0.35364136,0.5800254,0.9151175188911039,2,1,1
0.772785622593068,0.46093374,0.3749372,1.345825,0.2809516743334817,0,1,1
0.834403080872914,0.34012043,0.35177055,0.22394761,0.9182115112994349,0,0,0
