ACC,Loss,LossPrivileged,LossUnprivileged,BalancedACC,drift-id,gm-id,gm-name
0.7869062901155327,0.445882,0.4632717,0.31106272,0.8718767198679142,0,0,0
0.810012836970475,0.44670033,0.37014216,1.2221258,0.6128211284513805,1,0,0
0.7535301668806161,0.46678567,0.47268334,0.40200222,0.9172348184556841,1,1,1
0.7869062901155327,0.45268315,0.46441653,0.33567986,0.8602356991525425,1,7,7
0.7830551989730423,0.4947241,0.36499414,1.8733475,0.28624553997688323,2,11,2-4
0.803594351732991,0.44221377,0.44205308,0.4439208,0.9393603390498719,2,20,20
0.7933247753530167,0.4433437,0.39379054,0.8645457,0.6515679442508712,2,15,9-7-8
0.79204107830552,0.451951,0.40226915,0.9182974,0.7739883040935672,1,17,17
0.8292682926829268,0.3563259,0.39004436,0.08812847,0.8297687861271675,1,11,2-4
