ACC,Loss,LossPrivileged,LossUnprivileged,BalancedACC,drift-id,gm-id,gm-name
0.8285714285714286,0.48768428,0.5174724,0.45789608,1.0,0,0,0
0.8714285714285714,0.3907886,0.39544073,0.38613653,0.9614147909967846,0,0,0
0.7785714285714286,1.9671242,0.4335852,3.5006633,0.7986798679867986,1,0,0
0.78,0.87464964,0.80206746,0.94723177,0.9711191335740071,1,9,9
0.8214285714285714,0.8404927,0.73348904,0.9474966,0.9896193771626298,1,9,9
0.8285714285714286,0.7411896,0.66073155,0.8216476,0.9795221843003412,1,10,10
0.7471428571428571,0.82450396,0.78471625,0.86429167,0.929889298892989,1,15,15
0.7714285714285715,2.2065434,0.55044913,3.8626378,0.7704918032786885,0,10,10
0.8814285714285715,0.6810974,0.7068315,0.65536326,0.9839228295819936,0,0,0
