ACC,Loss,LossPrivileged,LossUnprivileged,AEQ,OEQ,OPP,MEQ,MPP,drift-id,gm-id,gm-name
0.8414285714285714,0.4609776,0.431727,1.0167391,0.7372134038800705,0.6695096164172881,0.6270551719047345,0.0,0.0,0,0,0
0.8542857142857143,0.49307045,0.34637505,3.2802842,0.657439446366782,0.587857034496584,0.6132284503763061,0.0,0.0,1,0,0
0.8871428571428571,0.5007189,0.4024304,2.3681993,0.6978297161936561,0.6666651480719819,0.6944249371263641,0.0,0.0,1,0,0
0.8728571428571429,0.51943606,0.43267548,2.1678872,0.6429780033840947,0.6520110145282051,0.6486120024476763,0.0,0.0,1,0,0
0.8985714285714286,0.49500942,0.4209898,1.9013819,0.6886326194398682,0.5259065334135347,0.47943171578577315,0.0,0.0,2,0,0
0.8842857142857142,0.6013989,0.48210812,2.8679235,0.6343906510851419,0.672632220775586,0.5688701962230596,0.0,0.0,2,0,0
0.7985714285714286,0.6381244,0.5973189,1.4134287,0.8152985074626866,0.5560495403684388,0.5678453178937044,0.0,0.0,2,5,5
0.9057142857142857,0.50099,0.48872235,0.7340743,0.9437086092715231,0.7613949808428795,0.7636655005700952,0.0,0.0,2,0,0
0.9042857142857142,0.48256844,0.42649898,1.547889,0.8465346534653466,0.7778922189265816,0.7489730836798136,0.0,0.0,2,0,0
