ACC,Loss,LossPrivileged,LossUnprivileged,BalancedACC,drift-id,gm-id,gm-name
0.88,0.26300076,0.25618762,0.39714882,0.9786110920682799,0,0,0
0.8716666666666667,0.32406843,0.27327597,1.3616854,0.6446886446886446,2,0,0
0.8883333333333333,0.26713094,0.24387008,0.68001175,0.8004901960784313,2,0,0
0.8733333333333333,0.30759385,0.27803132,1.4605336,0.528046421663443,1,2,0-1
0.8766666666666667,0.30860737,0.2531492,1.3265326,0.501890120967742,1,2,0-1
0.8533333333333334,0.37070414,0.33320737,0.92526144,0.791206411089452,2,2,0-1
0.8483333333333334,0.32392794,0.304854,0.76262933,0.6028225806451614,2,2,0-1
0.895,0.25533864,0.24815294,0.39682296,0.92115345835854,0,2,0-1
0.8896321070234113,0.26865986,0.2555218,0.56978446,0.7565825242718447,0,2,0-1
