ACC,Loss,LossPrivileged,LossUnprivileged,BalancedACC,drift-id,gm-id,gm-name
0.805111821086262,0.4079478,0.4436874,0.341992,0.9108059951787025,0,0,0
0.6182108626198083,0.9976563,0.41880026,2.08868,0.30564204757753144,1,0,0
0.6533546325878594,0.7236432,0.41314033,1.304768,0.4410321793841293,1,0,0
0.6357827476038339,0.7711994,0.43243557,1.414223,0.3980918608578182,1,0,0
0.5383386581469649,0.8277183,1.0807109,0.3640894,0.41711589425376505,2,0,0
0.5798722044728435,0.687815,0.8222924,0.39058533,0.5193646260931644,2,0,0
0.6134185303514377,0.6427575,0.74677116,0.42914882,0.5576639817407344,2,0,0
0.6277955271565495,0.6125958,0.7386477,0.35372838,0.5364106342169777,2,0,0
0.6405750798722045,0.5891717,0.6967734,0.3744832,0.5565947242206235,2,0,0
