ACC,Loss,LossPrivileged,LossUnprivileged,BalancedACC,drift-id,gm-id,gm-name
0.7799461641991925,0.46125668,0.46573907,0.3600106,0.8886730978087267,0,0,0
0.8169582772543742,0.40418744,0.40841305,0.31029993,0.9135637969748563,0,0,0
0.8135935397039031,0.3719498,0.3765821,0.291599,0.9380681240467718,0,0,0
0.8304172274562585,0.36137518,0.36852765,0.2419969,0.9258773181169756,0,0,0
0.8216689098250336,0.3537321,0.35236496,0.38268712,0.9299220028427754,0,0,0
0.8344549125168237,0.3485643,0.34987763,0.32277194,0.9513032935946656,0,0,0
0.8203230148048453,0.37697583,0.37746263,0.3666667,0.9805824020940299,0,0,0
0.8250336473755047,0.35567865,0.3442252,0.64281696,0.8019079685746352,1,0,0
0.8425302826379543,0.32748964,0.31643912,0.56152874,0.8443496801705757,1,0,0
