ACC,Loss,LossPrivileged,LossUnprivileged,AEQ,OEQ,OPP,MEQ,MPP,drift-id,gm-id,gm-name
0.93,0.25615826,0.23694937,0.33299392,0.9411764705882353,0.9148181940289503,0.9264365347148498,0.8011363636363636,0.8571428571428571,0,0,0
0.9071428571428571,0.78470963,0.24317494,2.9508486,0.7834274952919021,0.7617155467638783,0.7680169330234535,0.0,0.0,2,0,0
0.8357142857142857,0.787521,0.8161441,0.67302847,0.9159663865546219,0.835515927365136,0.8495879210068958,0.48205128205128206,0.6666666666666666,2,1,1
0.9585714285714285,0.18833807,0.10561032,0.5192492,0.9520295202952029,0.9349501943268738,0.9373000569911427,0.6363636363636364,0.7989214175654854,0,0,0
0.9585714285714285,0.18520944,0.14119999,0.36124742,0.8978102189781022,0.8799074917412618,0.8727243011900278,0.6625155666251556,0.711864406779661,0,0,0
0.9671428571428572,0.14997935,0.09292459,0.37819844,0.9236363636363637,0.914800219861343,0.9123550013635287,0.6122448979591836,0.8,0,0,0
0.9671428571428572,0.13498016,0.04875957,0.47986254,0.8705035971223022,0.8776455026455026,0.8714451907579195,0.375,0.6842105263157895,0,0,0
0.9328571428571428,0.21032122,0.09289375,0.6800311,0.7490909090909091,0.795708186374515,0.7866184774814599,0.10454545454545455,0.15734265734265734,1,0,0
0.9314285714285714,0.18722934,0.09162372,0.5696518,0.7853211009174311,0.777786649181998,0.7626095006044874,0.060897435897435896,0.1111111111111111,1,0,0
