ACC,Loss,LossPrivileged,LossUnprivileged,AEQ,OEQ,OPP,drift-id,gm-id,gm-name
0.5233333333333333,4.7129245,4.720782,4.6422057,0.23529411764705882,0.10902777777777779,0.12463924963924963,0,0,0
0.5433333333333333,4.644803,4.6414623,4.674873,0.3439490445859873,0.1598214285714286,0.17094017094017092,0,0,0
0.5266666666666666,4.623918,4.6251087,4.6132073,0.29411764705882354,0.1337037037037037,0.14767031214399637,0,0,0
0.5533333333333333,4.6385694,4.641484,4.6123405,0.3962264150943396,0.1783647486772487,0.19279422128259338,0,0,0
0.5633333333333334,4.616683,4.6175113,4.6092277,0.19033232628398794,0.08263305322128851,0.1227920227920228,2,0,0
0.57,4.614848,4.615513,4.6088643,0.24324324324324323,0.13777777777777775,0.13518518518518519,2,0,0
0.5883333333333334,4.6152515,4.615764,4.610638,0.31671554252199413,0.18838775958341178,0.21856060606060604,2,0,0
0.585,4.6124043,4.612738,4.6094027,0.3185840707964602,0.14097805788982257,0.2068055555555556,2,0,0
0.575,4.6110983,4.611855,4.6042895,0.21364985163204747,0.11782945736434108,0.14520202020202022,2,0,0
