ACC,Loss,LossPrivileged,LossUnprivileged,BalancedACC,drift-id,gm-id,gm-name
0.93,0.2741431,0.24825989,0.50709194,0.9137055837563451,0,0,0
0.9342857142857143,0.487468,0.13543306,3.6557827,0.6333878887070377,1,0,0
0.8728571428571429,0.54193497,0.49307978,0.98163193,0.784697508896797,1,4,4
0.8642857142857143,0.7428206,0.72465616,0.90630126,0.7580645161290323,1,3,3
0.9342857142857143,0.26064652,0.260371,0.26312605,0.9932088285229203,1,6,3-1-4
0.9557142857142857,0.24941649,0.21256772,0.5810555,0.9356435643564357,1,6,3-1-4
0.9657142857142857,0.15380964,0.12932985,0.37412778,0.9574468085106383,1,6,3-1-4
0.93,0.5994069,0.18591005,4.3208785,0.7003311258278145,0,6,3-1-4
0.9957142857142857,0.012460841,0.004399638,0.08501167,0.9888535031847134,0,0,0
