ACC,Loss,LossPrivileged,LossUnprivileged,AEQ,OEQ,OPP,MEQ,MPP,drift-id,gm-id,gm-name
0.8414285714285714,0.41275027,0.40881526,0.44816536,0.9642857142857143,0.8810348762404352,0.8748694585417353,0.5,0.7,0,0,0
0.8628571428571429,0.37574646,0.34837222,0.6221145,0.8836363636363637,0.8199678196548591,0.8044756951979251,0.6,0.39285714285714285,0,0,0
0.8842857142857142,0.46348658,0.44469377,0.63262236,0.9304812834224601,0.8387697338514503,0.8540467595664014,0.6794871794871795,0.6417112299465241,0,0,0
0.8885714285714286,0.4343468,0.4218925,0.54643583,0.9964285714285714,0.8194516589338102,0.9162547277941187,0.5046153846153846,0.7757575757575758,0,0,0
0.89,0.6926254,0.39716038,3.3518102,0.7682926829268293,0.7435372964471129,0.7498861326666566,0.0,0.0,2,0,0
0.7685714285714286,0.8502037,0.7578796,1.6811199,0.7424547283702214,0.6732110374824712,0.6676140934567488,0.12833333333333335,0.33962264150943394,2,6,6
0.8257142857142857,0.7540129,0.70918965,1.1574218,0.8897338403041825,0.7808330684840724,0.8505039491306535,0.375,0.6042884990253412,2,9,9
0.8471428571428572,0.81894624,0.6028154,2.7641246,0.7213114754098361,0.6812056763982813,0.6992121512636674,0.0,0.0,0,10,5-8
0.8985714285714286,0.6921925,0.67814624,0.81860805,0.9665492957746479,0.9123012248203022,0.9001014201045704,0.7678571428571428,0.7625000000000001,0,0,0
