ACC,Loss,LossPrivileged,LossUnprivileged,BalancedACC,drift-id,gm-id,gm-name
0.8342857142857143,0.46132046,0.43623948,0.6870491,0.9357277882797731,0,0,0
0.87,0.46167585,0.32661694,1.6772064,0.7875,2,0,0
0.8757142857142857,0.5311504,0.41063374,1.6158009,0.8167259786476867,2,0,0
0.8028571428571428,0.9495424,0.54154205,4.6215453,0.5254237288135593,1,1,1
0.8471428571428572,0.5515271,0.47734916,1.2191283,0.8468634686346862,1,6,3-4
0.8885714285714286,0.5320966,0.520518,0.63630396,0.9431616341030195,1,6,3-4
0.8342857142857143,1.0879216,0.5072297,6.314149,0.5045207956600362,2,6,3-4
0.8814285714285715,0.48924282,0.47329667,0.63275826,0.9516129032258065,2,1,1
0.8671428571428571,0.6003563,0.574514,0.8329373,0.9147005444646098,2,1,1
