ACC,Loss,LossPrivileged,LossUnprivileged,BalancedACC,drift-id,gm-id,gm-name
0.8883333333333333,0.27434826,0.24952842,0.53050727,0.8373837498564813,0,0,0
0.8633333333333333,0.34184253,0.2620991,1.164855,0.6569679593971562,2,0,0
0.8883333333333333,0.27483127,0.2525449,0.56351763,0.8549302325581396,2,2,2
0.85,0.50782895,0.2726379,2.6245482,0.5228215767634855,1,2,2
0.9016666666666666,0.27400047,0.24900635,0.53740036,0.8641538461538462,1,1,1
0.8566666666666667,0.43873993,0.27291733,2.5341346,0.5115936694884063,2,1,1
0.8866666666666667,0.29721534,0.29245248,0.35740092,0.972027972027972,2,2,2
0.8333333333333334,0.4874374,0.24653153,2.5050244,0.5156581740976646,1,2,2
0.8779264214046822,0.27765378,0.2643563,0.4583052,0.8233555062823356,1,1,1
