ACC,Loss,LossPrivileged,LossUnprivileged,AEQ,OEQ,OPP,MEQ,MPP,drift-id,gm-id,gm-name
0.8428571428571429,0.44826633,0.43045628,0.78665775,0.875886524822695,0.750901581109978,0.8029993370788558,0.391812865497076,0.4074074074074074,0,0,0
0.8557142857142858,0.5914583,0.41724575,3.9014976,0.6903114186851211,0.6497554584303683,0.6594130633640569,0.0,0.0,1,0,0
0.7485714285714286,0.86491925,0.80203056,2.0598047,0.5984251968503937,0.4574715898696199,0.38768966933687427,0.0,0.0,1,2,2
0.84,0.591944,0.5379652,1.6175419,0.7037037037037037,0.6143044065911322,0.6264469750028272,0.0,0.0,1,4,4
0.8628571428571429,0.6739376,0.5189519,3.6186657,0.7862068965517242,0.625263542223901,0.591719286807096,0.0,0.0,2,4,4
0.8857142857142857,0.47784242,0.43630227,1.2671052,0.7983193277310925,0.7072604372699701,0.7577151978789866,0.0,0.0,2,6,6
0.8814285714285715,0.49744004,0.47438452,0.9354948,0.8358714043993232,0.709839512007407,0.7262659052262963,0.0,0.0,2,6,6
0.8814285714285715,0.54413843,0.49960852,1.390207,0.9370748299319729,0.9065395904408327,0.8535488920316224,0.7564102564102564,0.33490566037735847,2,6,6
0.8771428571428571,0.662865,0.6351151,1.1901133,0.8064516129032259,0.7633142589515687,0.7708052529866787,0.2932692307692308,0.18604651162790697,2,6,6
