ACC,Loss,LossPrivileged,LossUnprivileged,BalancedACC,drift-id,gm-id,gm-name
0.7869062901155327,0.445882,0.4632717,0.31106275,0.8718767198679142,0,0,0
0.810012836970475,0.44670036,0.3701421,1.2221258,0.6128211284513805,1,0,0
0.7535301668806161,0.46678567,0.47268334,0.4020022,0.9172348184556841,1,1,1
0.8177150192554558,0.41495863,0.43401492,0.22493276,0.8824858757062146,1,8,1-2-4
0.7843388960205392,0.49569452,0.36515242,1.882947,0.2674546729440048,2,8,1-2-4
0.803594351732991,0.44221377,0.4420531,0.4439208,0.9393603390498719,2,13,13
0.8202824133504493,0.41352287,0.41393924,0.4099832,0.9411764705882353,2,18,10-13-11-12
0.8061617458279846,0.45654818,0.37891972,1.1852207,0.7593344807802639,1,18,10-13-11-12
0.834403080872914,0.35679245,0.39198613,0.0768611,0.8245059819868262,1,15,3-1-2-4
