ACC,Loss,LossPrivileged,LossUnprivileged,BalancedACC,drift-id,gm-id
0.9228571428571428,0.25116515,0.31149518,0.19083512,0.9457831325301205,0,0
0.9342857142857143,0.29710555,0.4304912,0.16371982,0.963963963963964,0,0
0.9342857142857143,0.20938271,0.15731777,0.2614476,0.9698795180722891,0,0
0.9228571428571428,0.30882484,0.2639766,0.35367313,0.9635258358662614,0,0
0.9242857142857143,0.23100798,0.14847443,0.31354144,0.9255952380952381,0,0
0.8757142857142857,0.45257115,0.14563465,0.7595076,0.824404761904762,0,0
0.9157142857142857,0.256487,0.13434027,0.37863377,0.8908554572271387,0,0
0.8385714285714285,0.614249,0.08840048,1.1400975,0.7264705882352942,1,0
0.8771428571428571,0.34523576,0.21986158,0.4706099,0.8606060606060606,1,0
0.9485714285714286,0.13530599,0.13672633,0.13388567,0.9820895522388059,0,0
