ACC,Loss,LossPrivileged,LossUnprivileged,AEQ,OEQ,OPP,MEQ,MPP,drift-id,gm-id,gm-name
0.9528571428571428,0.17489251,0.16470043,0.2666213,0.9717607973421927,0.9180095673036599,0.9085667802367776,0.84,0.6909090909090909,0,0,0
0.9485714285714286,0.20207445,0.179106,0.40879065,0.976627712854758,0.9065845509873206,0.9228465539331815,0.75,0.8687258687258687,0,0,0
0.9657142857142857,0.15874454,0.12328577,0.47787338,0.8926829268292683,0.8981786904263676,0.8786426271595429,0.6285714285714286,0.7245614035087719,0,0,0
0.9457142857142857,0.22372314,0.20780271,0.36700687,0.9465776293823039,0.8790762740782718,0.9202964478141397,0.6469298245614036,0.767590618336887,0,0,0
0.9557142857142857,0.38984594,0.091270104,3.0770283,0.7743506493506493,0.7510196235331056,0.7449916148543748,0.0,0.0,2,0,0
0.85,0.7624992,0.68730766,1.439224,0.7897623400365631,0.7073252528226026,0.7334403017285174,0.0,0.0,2,10,10
0.95,0.28103986,0.18447721,1.150104,0.8275862068965517,0.7455874861079181,0.7569053769873617,0.0,0.0,2,0,0
0.9485714285714286,0.36278683,0.112824224,2.61245,0.7806873977086742,0.7519728372180442,0.7395872770740649,0.0,0.0,0,14,9-7-8-10
0.9657142857142857,0.17859615,0.18041477,0.16222869,0.9934640522875817,0.938653514553492,0.9616576447353247,0.8571428571428571,0.8571428571428571,0,0,0
