ACC,Loss,LossPrivileged,LossUnprivileged,BalancedACC,drift-id,gm-id,gm-name
0.8036314727639543,0.42289016,0.42863715,0.32926786,0.8671563711273141,0,0,0
0.8110289172831204,0.39675832,0.39844856,0.36148724,0.948506719156278,0,0,0
0.8211163416274377,0.37709376,0.37868765,0.34790674,0.9872451241134751,0,0,0
0.8372562205783457,0.37668198,0.38057712,0.29146934,0.9705269238497087,0,0,0
0.8103564223268326,0.4269133,0.32980713,2.6218219,0.2656964269054949,2,0,0
0.777404169468729,0.46681786,0.45155254,0.67630035,0.9656765676567657,2,1,1
0.8224613315400134,0.39038822,0.3912377,0.370184,0.9102234680370629,2,5,2-1-3
0.7747141896435776,0.49050635,0.38155428,2.764079,0.054484718169252044,0,5,2-1-3
0.8527236045729657,0.3231974,0.32666934,0.25962105,0.9637046307884858,0,0,0
