ACC,Loss,LossPrivileged,LossUnprivileged,AEQ,OEQ,OPP,MEQ,MPP,drift-id,gm-id,gm-name
0.8528571428571429,0.4095431,0.3746822,0.72329134,0.8950276243093923,0.8352867264619487,0.8355611147701747,0.5980392156862745,0.5630252100840336,0,0,0
0.8714285714285714,0.5161733,0.36287063,1.8958977,0.8035714285714286,0.6806674332410887,0.6823952993146358,0.0,0.0,2,0,0
0.8842857142857142,0.48323283,0.33071673,1.8558775,0.7736842105263158,0.7370165195203711,0.7608350553947255,0.0,0.0,2,0,0
0.8828571428571429,0.4593266,0.37578106,1.2112366,0.7750439367311072,0.704386218762952,0.7310708461151724,0.0,0.0,2,0,0
0.8928571428571429,0.43761358,0.34387228,1.2812853,0.7996515679442509,0.6820005450011508,0.7494377413184972,0.0,0.0,1,0,0
0.8857142857142857,0.48824242,0.3904045,1.368783,0.7723292469352013,0.7433056943742891,0.7215483224745691,0.08333333333333333,0.20597014925373136,1,0,0
0.8842857142857142,0.48487252,0.41065222,1.1528548,0.7736842105263158,0.7255658457863051,0.643131580438822,0.0,0.0,1,0,0
0.8914285714285715,0.5116475,0.3742524,1.748203,0.7331022530329289,0.6593059634084051,0.6610625594544237,0.0,0.0,1,0,0
0.8771428571428571,0.5876826,0.4790148,1.5656928,0.7288732394366197,0.6782697638618692,0.6677370528840727,0.0,0.0,1,0,0
