ACC,Loss,LossPrivileged,LossUnprivileged,BalancedACC,drift-id,gm-id,gm-name
0.9114285714285715,0.3601983,0.4207402,0.29965636,0.9691358024691358,0,0,0
0.8428571428571429,1.4636258,0.17446604,2.7527857,0.8042813455657493,1,0,0
0.88,0.5347791,0.6441098,0.42544845,0.9555555555555555,1,6,6
0.8071428571428572,1.8200835,0.51454043,3.1256263,0.8108974358974359,0,6,6
0.9757142857142858,0.11185321,0.14959048,0.07411596,0.9854651162790696,0,0,0
0.9542857142857143,0.19993432,0.21188948,0.18797919,0.9880952380952381,0,0,0
0.9671428571428572,0.1289219,0.12581,0.1320338,0.9970501474926254,0,0,0
0.9457142857142857,0.29410875,0.342981,0.24523652,1.0,0,0,0
0.9828571428571429,0.07399676,0.096116126,0.051877413,0.9942028985507245,0,0,0
