ACC,Loss,LossPrivileged,LossUnprivileged,AEQ,OEQ,OPP,MEQ,MPP,drift-id,gm-id,gm-name
0.85,0.41088182,0.37848493,0.7024537,0.8983364140480592,0.8542742180393585,0.8305273037246247,0.5431034482758621,0.5423728813559322,0,0,0
0.8728571428571429,0.3766919,0.3774394,0.36996442,0.9981818181818182,0.8895874195502003,0.8423501049794331,0.6,0.5727272727272728,0,0,0
0.9085714285714286,0.34063026,0.33884758,0.35667425,0.9595959595959597,0.9124569824067624,0.9542928008480451,0.8,0.918032786885246,0,0,0
0.88,0.5115732,0.4855246,0.74601024,0.9533213644524238,0.8986201257700991,0.8378975280262623,0.7363636363636363,0.5909090909090909,0,0,0
0.8942857142857142,0.4755578,0.44351584,0.76393497,0.9716814159292035,0.857383692192292,0.8822550772351218,0.5531914893617021,0.6911764705882353,0,0,0
0.9042857142857142,0.49744183,0.44690126,0.95230746,0.9597902097902098,0.9010693780203745,0.9098489855229495,0.7407407407407407,0.8119999999999999,0,0,0
0.9042857142857142,0.43249813,0.3966308,0.7553044,0.9078260869565218,0.9081636493574121,0.8282961774838409,0.5784313725490196,0.3986928104575163,0,0,0
0.9,0.6744665,0.4166053,2.9952168,0.7758620689655173,0.680230279667265,0.6648203336762513,0.0,0.0,1,0,0
0.8471428571428572,0.788155,0.75262696,1.1079067,0.8468634686346862,0.7980696120060875,0.8289411120184672,0.45535714285714285,0.3818181818181818,1,6,4-1-2
