ACC,Loss,LossPrivileged,LossUnprivileged,BalancedACC,drift-id,gm-id,gm-name
0.84,0.4140296,0.40268174,0.6296386,0.9500000000000001,0,0,0
0.8728571428571429,0.3680533,0.3465079,0.77741593,0.9125214408233276,0,0,0
0.8885714285714286,0.41753688,0.39919245,0.7660805,0.8621848739495799,0,0,0
0.9028571428571428,0.4138692,0.4127567,0.4350068,0.9468438538205979,0,0,0
0.8942857142857142,0.5344803,0.44711024,2.1945117,0.8896321070234114,2,0,0
0.8071428571428572,0.73299366,0.66479224,2.02882,0.5537340619307832,2,7,7
0.7971428571428572,0.88131696,0.7925585,2.5677269,0.6697588126159555,2,6,6
0.85,0.667464,0.54896873,2.918874,0.5588235294117647,0,7,7
0.9028571428571428,0.5573258,0.5458565,0.7752425,0.9800332778702162,0,0,0
