ACC,Loss,LossPrivileged,LossUnprivileged,BalancedACC,drift-id,gm-id,gm-name
0.9142857142857143,0.3260916,0.38229588,0.26988727,0.9692307692307691,0,0,0
0.8514285714285714,1.4576948,0.19494432,2.7204456,0.8170731707317073,2,0,0
0.8628571428571429,0.68691975,0.24357082,1.1302687,0.8303030303030303,2,0,0
0.87,0.591272,0.12079721,1.0617467,0.7911764705882353,2,0,0
0.8671428571428571,0.54398614,0.09582565,0.9921467,0.7748538011695907,1,0,0
0.8485714285714285,0.47102976,0.20489995,0.7371596,0.7626112759643917,1,0,0
0.89,0.33210322,0.059735335,0.604471,0.811046511627907,1,0,0
0.8514285714285714,0.5202542,0.22130297,0.81920534,0.7951807228915663,1,0,0
0.89,0.3982438,0.07943175,0.71705586,0.8057971014492753,1,0,0
