ACC,Loss,LossPrivileged,LossUnprivileged,BalancedACC,drift-id,gm-id,gm-name
0.93,0.24400385,0.21251373,0.5274146,0.9137055837563451,0,0,0
0.9471428571428572,0.33149895,0.15342352,1.9341778,0.7980295566502463,2,0,0
0.8614285714285714,0.56183815,0.51303804,1.0010393,0.7607913669064748,2,4,4
0.8714285714285714,0.6586374,0.43659824,2.656989,0.581151832460733,0,4,4
0.9614285714285714,0.22942464,0.1952453,0.53703845,0.9458128078817734,0,0,0
0.9685714285714285,0.14579424,0.114836305,0.42441586,0.9058441558441558,0,0,0
0.95,0.4072368,0.14416255,2.774905,0.7794117647058824,2,0,0
0.9828571428571429,0.045926,0.03777962,0.11924343,0.9549839228295819,2,3,3
0.98,0.09590495,0.08400145,0.20303635,0.9580645161290323,2,3,3
