ACC,Loss,LossPrivileged,LossUnprivileged,BalancedACC,drift-id,gm-id,gm-name
0.8342857142857143,0.4504517,0.4493193,0.46064344,0.9734345351043643,0,0,0
0.86,0.61160445,0.36822063,2.8020592,0.7446043165467626,2,0,0
0.8885714285714286,0.43128026,0.3176617,1.4538468,0.7526132404181185,2,0,0
0.8914285714285715,0.48451373,0.40587285,1.1922815,0.75,2,0,0
0.8828571428571429,0.5576888,0.48708123,1.1931566,0.7578947368421053,1,0,0
0.8557142857142858,0.60746187,0.483949,1.7190776,0.6786355475763016,1,0,0
0.8642857142857143,0.5464316,0.46232858,1.3033581,0.7058823529411765,1,0,0
0.8985714285714286,0.5266976,0.43562853,1.346319,0.7941176470588235,1,0,0
0.9028571428571428,0.41080496,0.29994753,1.4085217,0.7564322469982846,1,0,0
