ACC,Loss,LossPrivileged,LossUnprivileged,BalancedACC,drift-id,gm-id
0.9271428571428572,0.25675467,0.22058095,0.29292843,0.9726443768996961,0,0
0.9442857142857143,0.23328803,0.317182,0.14939404,0.9849849849849851,0,0
0.8985714285714286,0.28614277,0.19989984,0.37238574,0.9060606060606061,0,0
0.9014285714285715,0.22944035,0.19989395,0.2589867,0.9179331306990882,0,0
0.8228571428571428,1.6850802,0.17486858,3.195292,0.7142857142857143,2,0
0.8714285714285714,0.3731384,0.12404913,0.62222767,0.7888563049853372,2,0
0.89,0.3081579,0.18566877,0.43064702,0.8431952662721893,2,0
0.8871428571428571,0.5966473,0.043457877,1.1498368,0.7999999999999999,0,0
0.96,0.13016453,0.11662883,0.14370021,0.9706744868035191,0,0
0.9485714285714286,0.17511335,0.1338911,0.2163356,0.9415204678362574,0,0
