ACC,Loss,LossPrivileged,LossUnprivileged,BalancedACC,drift-id,gm-id,gm-name
0.9442857142857143,0.23778029,0.24012935,0.19314754,0.998407643312102,0,0,0
0.9428571428571428,0.24068765,0.15934062,1.7862811,0.7791798107255521,1,0,0
0.9528571428571428,0.2013043,0.15083289,1.1602612,0.7398753894080997,1,0,0
0.97,0.1279603,0.07451685,1.1433856,0.7565084226646248,1,0,0
0.9671428571428572,0.13137801,0.072555736,1.249001,0.7285276073619632,1,0,0
0.9585714285714285,0.15910341,0.124025494,0.8255837,0.7047913446676971,1,0,0
0.9671428571428572,0.10829695,0.08144153,0.6185501,0.8197226502311249,1,0,0
0.9557142857142857,0.18581985,0.17170319,0.45403647,0.892018779342723,0,0,0
0.9871428571428571,0.04506188,0.03623023,0.21286328,0.952887537993921,0,0,0
