ACC,Loss,LossPrivileged,LossUnprivileged,BalancedACC,drift-id,gm-id
0.9042857142857142,0.3708316,0.3351525,0.69194317,0.8734835355285963,0,<federated.algorithms.fair_fed_drift.ClientIdentity.ClientIdentity object at 0x7f14875ce9e0>
0.9242857142857143,0.42488447,0.1903297,2.5358772,0.7865546218487396,1,<federated.algorithms.fair_fed_drift.ClientIdentity.ClientIdentity object at 0x7f140a1268c0>
0.91,0.36006257,0.23738283,1.4641807,0.6841216216216217,1,<federated.algorithms.fair_fed_drift.ClientIdentity.ClientIdentity object at 0x7f13ec594fa0>
0.95,0.14663398,0.108090535,0.49352515,0.7954173486088381,1,<federated.algorithms.fair_fed_drift.ClientIdentity.ClientIdentity object at 0x7f140a1e3d90>
0.9371428571428572,0.23821339,0.13902749,1.1308867,0.7265238879736408,2,<federated.algorithms.fair_fed_drift.ClientIdentity.ClientIdentity object at 0x7f138c1b23e0>
0.9642857142857143,0.15315439,0.1355077,0.3119745,0.8941368078175896,2,<federated.algorithms.fair_fed_drift.ClientIdentity.ClientIdentity object at 0x7f148019e080>
0.96,0.16084878,0.0888211,0.8090979,0.8181818181818182,2,<federated.algorithms.fair_fed_drift.ClientIdentity.ClientIdentity object at 0x7f148731f0d0>
0.9485714285714286,0.15450926,0.10130141,0.6333799,0.7806873977086742,0,<federated.algorithms.fair_fed_drift.ClientIdentity.ClientIdentity object at 0x7f1324e3cb80>
0.9514285714285714,0.15418494,0.10821979,0.5678714,0.8423645320197044,0,<federated.algorithms.fair_fed_drift.ClientIdentity.ClientIdentity object at 0x7f13ec60d180>
0.9671428571428572,0.105135694,0.06550609,0.46180207,0.8592233009708738,0,<federated.algorithms.fair_fed_drift.ClientIdentity.ClientIdentity object at 0x7f13ec50ceb0>
