ACC,Loss,LossPrivileged,LossUnprivileged,AEQ,OEQ,OPP,MEQ,MPP,drift-id,gm-id,gm-name
0.8257142857142857,0.46679983,0.4606415,0.58380866,0.9310344827586207,0.6934002779133303,0.733756067507642,0.0,0.0,0,0,0
0.89,0.44848397,0.32531673,2.7886603,0.7612687813021703,0.5967854022882954,0.6186778171077096,0.0,0.0,1,0,0
0.7942857142857143,0.6638783,0.61436373,1.6046565,0.8198874296435271,0.5100089659993802,0.531397857273076,0.0,0.0,1,4,4
0.8457142857142858,0.9002753,0.8162136,2.497445,0.7333333333333334,0.5070898753397063,0.5802419355981471,0.0,0.0,1,4,4
0.8514285714285714,0.6266016,0.5508254,2.0663493,0.762652705061082,0.6798941881199403,0.7088851655724366,0.32075471698113206,0.3381642512077294,1,5,1-2
0.8885714285714286,0.4976222,0.48076245,0.8179589,0.8956228956228957,0.786885768670203,0.8129195129006958,0.5149253731343284,0.6,1,3,3
0.8414285714285714,0.6750637,0.64673084,1.2133881,0.7720848056537103,0.48530121238815627,0.48937659145411416,0.0,0.0,1,3,3
0.87,0.87685615,0.6646496,4.9087777,0.7120954003407155,0.6542250738037382,0.6942373188274447,0.0,0.0,0,3,3
0.9257142857142857,0.33263576,0.30941534,0.77382374,0.8580645161290323,0.8097767728996068,0.8229166642485414,0.5,0.5273972602739726,0,0,0
