ACC,Loss,LossPrivileged,LossUnprivileged,AEQ,OEQ,OPP,MEQ,MPP,drift-id,gm-id,gm-name
0.7866323907455013,0.44737083,0.46086618,0.31298754,0.8598833097595473,0.7996677712194953,0.8663392899352338,0.6216216216216216,0.8614664586583465,0,0,0
0.8020565552699229,0.44111982,0.3807844,1.0610883,0.6105902905932433,0.5803092387968078,0.7705028434600418,0.18444444444444444,0.5794672253816223,1,0,0
0.7686375321336761,0.46861812,0.42349464,0.9179465,0.6378627637712395,0.6046744894636461,0.6269830651910806,0.2846385542168675,0.5736382615297021,1,0,0
0.8020565552699229,0.4159437,0.39632186,0.6465808,0.9135309606727258,0.9281858129315756,0.7100601840092569,0.9185185185185186,0.6535433070866141,1,0,0
0.8161953727506427,0.40599614,0.37470344,0.76114297,0.8656174334140435,0.947732931600862,0.7184953880003384,0.9404096834264432,0.7104950495049505,1,0,0
0.8059125964010283,0.43147337,0.38490036,0.87454635,0.8965614829489175,0.8700473729543496,0.7213069881678498,0.7962962962962962,0.6947878893791778,1,0,0
0.8444730077120822,0.38294673,0.34610876,0.7675782,0.8044840887174542,0.8564692562826892,0.6572071501014198,0.7931623931623931,0.5831643002028397,1,0,0
0.8290488431876607,0.33665588,0.32255855,0.46687075,0.964807137707282,0.8885398499966645,0.7665834699444153,0.8476903870162297,0.7238805970149254,1,0,0
0.7930591259640103,0.38917643,0.37726474,0.48629212,0.8944773592890394,0.8100322182615849,0.6405585913782634,0.7678571428571428,0.5925925925925926,1,0,0
