ACC,Loss,LossPrivileged,LossUnprivileged,AEQ,OEQ,OPP,MEQ,MPP,drift-id,gm-id,gm-name
0.9471428571428572,0.17340414,0.1736711,0.1710018,0.9616026711185309,0.9052408587665879,0.9212025660407953,0.8041431261770245,0.7482993197278911,0,0,0
0.9385714285714286,0.3752186,0.12357024,2.640054,0.7413509060955519,0.6969083941669207,0.7134259719937396,0.0,0.0,1,0,0
0.8257142857142857,0.8662379,0.8035491,1.4304361,0.6871508379888269,0.6267200770608757,0.5899637331842759,0.0,0.0,1,1,1
0.9085714285714286,0.37911853,0.33109874,0.8112966,0.9375,0.8551874390145882,0.8827864987017342,0.42909090909090913,0.61455525606469,1,7,5-3-4
0.95,0.27631503,0.21330068,0.84344447,0.8925619834710743,0.8673862290499338,0.8653017442853713,0.7466666666666666,0.6483870967741935,1,8,1-5-3-4
0.9471428571428572,0.24745272,0.21682899,0.52306616,0.9450000000000001,0.8906216036203934,0.887721454111398,0.7,0.5333333333333333,1,8,1-5-3-4
0.96,0.18294229,0.19600467,0.06538054,0.9869281045751636,0.9378060473774916,0.9404138346236361,0.8680555555555556,0.8246153846153846,1,8,1-5-3-4
0.9628571428571429,0.39324868,0.14879987,2.593288,0.8314424635332253,0.7716918234605515,0.7709318577458799,0.0,0.0,0,8,1-5-3-4
0.9757142857142858,0.12709628,0.07669768,0.5806835,0.9145161290322581,0.8979194142214967,0.9049299737686617,0.6772486772486772,0.75,0,0,0
