ACC,Loss,LossPrivileged,LossUnprivileged,BalancedACC,drift-id,gm-id,gm-name
0.93,0.24587564,0.23864469,0.38326344,0.9822294022617124,0,0,0
0.9442857142857143,0.2420229,0.17802152,1.4580494,0.7468553459119497,2,0,0
0.8885714285714286,0.48004147,0.44010124,1.2389054,0.6312292358803986,2,2,2
0.8885714285714286,0.6045049,0.51772696,2.2532852,0.6638935108153078,0,1,1
0.9671428571428572,0.14608718,0.12006597,0.64049,0.8503086419753088,2,0,0
0.9657142857142857,0.14691503,0.10296225,0.98201764,0.8209876543209877,2,0,0
0.8471428571428572,0.7984696,0.7164972,2.3559456,0.45941278065630403,1,22,22
0.9485714285714286,0.2145552,0.19968817,0.49702948,0.8990536277602523,1,10,10
0.9071428571428571,0.50474375,0.47121498,1.1417897,0.8437500000000001,1,10,10
