ACC,Loss,LossPrivileged,LossUnprivileged,AEQ,OEQ,OPP,MEQ,MPP,drift-id,gm-id,gm-name
0.8457142857142858,0.4138227,0.40901485,0.45709336,0.9588785046728973,0.8825218374216689,0.8959107011669228,0.5,0.8220551378446116,0,0,0
0.8657142857142858,0.37220123,0.3448103,0.6187195,0.8983666061705989,0.830573734021524,0.8084773363489275,0.6153846153846154,0.3956043956043956,0,0,0
0.8871428571428571,0.46357924,0.44495428,0.6312041,0.9271758436944938,0.8395639819093619,0.8425103922090151,0.6775956284153005,0.5900000000000001,0,0,0
0.8885714285714286,0.45288405,0.4365121,0.60023147,0.9964285714285714,0.8229649720158564,0.9177364476691136,0.5046153846153846,0.7,0,0,0
0.89,0.70480466,0.40188244,3.431105,0.7682926829268293,0.722027728106728,0.746558366372311,0.0,0.0,2,0,0
0.7657142857142857,0.82997674,0.74681026,1.5784742,0.7258064516129032,0.661186925833577,0.6345398380497282,0.14666666666666667,0.3026315789473684,2,8,8
0.83,0.65822333,0.62042165,0.9984385,0.96,0.7852866080151769,0.8698825209596842,0.3933333333333333,0.6696428571428571,2,10,10
0.86,0.7238866,0.51825255,2.574593,0.7446043165467626,0.7029458610983812,0.6580917845923235,0.0,0.0,0,13,10-9-7-8
0.8885714285714286,0.6628289,0.6608025,0.6810672,0.9786096256684492,0.8860284428991351,0.9072247070723931,0.7678571428571428,0.7627118644067797,0,0,0
