ACC,Loss,LossPrivileged,LossUnprivileged,AEQ,OEQ,OPP,MEQ,MPP,drift-id,gm-id,gm-name
0.8483290488431876,0.35221043,0.3506903,0.3671162,0.9836425111943707,0.762208961064371,0.8524918228858764,0.5894736842105263,0.7307692307692307,0,0,0
0.8508997429305912,0.32274505,0.33353144,0.19129717,0.9830919850554964,0.7715374517525813,0.7054954391402989,0.5451713395638629,0.4579439252336448,0,0,0
0.8341902313624678,0.367396,0.35483566,0.5075222,0.9717336683417085,0.7942864258775453,0.9041833651194557,0.6024844720496895,0.8315217391304348,0,0,0
0.8341902313624678,0.33627692,0.34631535,0.25443444,0.9677993239637076,0.8687498181606587,0.9276033816411713,0.7578947368421053,0.8912280701754386,0,0,0
0.8611825192802056,0.32997718,0.33344924,0.2912421,0.9827931172468988,0.7875984286664816,0.9882444202634844,0.6060606060606061,0.9873873873873874,0,0,0
0.8586118251928021,0.30497536,0.30371726,0.31790274,0.9770016631028747,0.8513211269008177,0.9234292000628634,0.7061224489795919,0.8634920634920634,0,0,0
0.8329048843187661,0.3471574,0.35805467,0.25947213,0.9081814139617607,0.870482005164997,0.9343249966396132,0.7924376508447304,0.9141620033930064,0,0,0
0.8316195372750642,0.36395848,0.36494493,0.3507335,0.9783182851176218,0.7158552791507982,0.8389919209760246,0.46279069767441855,0.6976744186046512,1,0,0
0.8329048843187661,0.35084847,0.34142485,0.4824169,0.9923076923076922,0.9801843317972351,0.8630888240690906,0.9603686635944702,0.7809917355371901,1,0,0
