ACC,Loss,LossPrivileged,LossUnprivileged,BalancedACC,drift-id,gm-id,gm-name
0.7827763496143959,0.44461098,0.45347068,0.35773724,0.9876248695392875,0,0,0
0.8226221079691517,0.39630574,0.40878534,0.24422301,0.947694237639423,0,0,0
0.8046272493573264,0.4002042,0.39778227,0.42722428,0.9895108695652174,0,0,0
0.8084832904884319,0.37468022,0.3880796,0.2654363,0.9341951807705233,0,0,0
0.8496143958868895,0.3567166,0.35955307,0.3250726,0.987624140565317,0,0,0
0.8354755784061697,0.32529098,0.3257088,0.3209976,0.9687210266920412,0,0,0
0.8303341902313625,0.3694523,0.3840535,0.25196362,0.8792630057803468,0,0,0
0.7802056555269923,0.53510076,0.38023043,2.61151,0.409734012450481,1,0,0
0.7840616966580977,0.48144656,0.474805,0.5741722,0.9015304067660088,1,13,13
