ACC,Loss,LossPrivileged,LossUnprivileged,AEQ,OEQ,OPP,MEQ,MPP,drift-id,gm-id,gm-name
0.8385714285714285,0.41407531,0.402827,0.6277938,0.9516994633273704,0.784918759285335,0.6953625427473883,0.0,0.0,0,0,0
0.87,0.3731179,0.35226348,0.76935214,0.9500000000000001,0.7516191703464464,0.8011167046702802,0.0,0.0,0,0,0
0.8928571428571429,0.4190898,0.39982262,0.78516483,0.8578595317725753,0.805273604760399,0.7918925557455889,0.5098039215686275,0.48627450980392156,0,0,0
0.9,0.41409528,0.41341057,0.42710435,0.9168053244592346,0.7369630909065243,0.7681116605688816,0.39999999999999997,0.5064102564102564,0,0,0
0.8928571428571429,0.54951537,0.46295157,2.1942286,0.8578595317725753,0.7646254317786587,0.7516391640452623,0.0,0.0,2,0,0
0.8014285714285714,0.7472005,0.67863554,2.0499341,0.5219780219780219,0.3601076074463171,0.346490508456347,0.0,0.0,2,6,6
0.8071428571428572,0.8688603,0.7874071,2.4164693,0.6611721611721612,0.5758150231834442,0.43927233746174404,0.0,0.0,2,5,5
0.85,0.658167,0.5473402,2.7638767,0.5588235294117647,0.5524002358966527,0.5726614725143753,0.0,0.0,0,6,6
0.8985714285714286,0.59695077,0.59137034,0.70297897,0.9849498327759197,0.9238751323019635,0.8627364394614061,0.7894736842105263,0.6775956284153005,0,0,0
