ACC,Loss,LossPrivileged,LossUnprivileged,BalancedACC,drift-id,gm-id,gm-name
0.82,0.49011984,0.4752436,0.772769,0.9891107078039927,0,0,0
0.88,0.47876248,0.36183855,2.7003179,0.6375838926174496,2,0,0
0.89,0.37711596,0.31907195,1.479952,0.7283333333333334,2,0,0
0.91,0.35281813,0.32756752,0.8325785,0.8735632183908046,0,0,0
0.8957142857142857,0.39237186,0.34166935,1.3557186,0.7235099337748344,0,0,0
0.9057142857142857,0.38925228,0.35828868,0.9775612,0.877887788778878,0,0,0
0.8928571428571429,0.5801725,0.51668227,1.7864866,0.8247078464106845,0,0,0
0.8657142857142858,0.6916361,0.6493727,1.4946392,0.7157534246575342,1,0,0
0.9042857142857142,0.45611298,0.39816567,1.5571117,0.748768472906404,1,0,0
