ACC,Loss,LossPrivileged,LossUnprivileged,AEQ,OEQ,OPP,MEQ,MPP,drift-id,gm-id,gm-name
0.8714285714285714,0.37157357,0.37213126,0.36097726,0.9506578947368421,0.8157065292361123,0.7632093544064464,0.0,0.0,0,0,0
0.84,0.5242522,0.38129693,3.2404017,0.5656742556917688,0.5412026525808566,0.532467308014194,0.0,0.0,1,0,0
0.7857142857142857,0.82868755,0.81879836,1.0165813,0.7542533081285444,0.5052950364026744,0.5594121902705556,0.0,0.0,1,3,3
0.8428571428571429,0.5932924,0.5090041,2.194769,0.5979020979020978,0.592448976277359,0.5048708281236094,0.0,0.0,1,3,3
0.8057142857142857,0.7776514,0.68668693,2.5059764,0.4482758620689655,0.3676947799028785,0.3814087958049097,0.0,0.0,1,7,7
0.8328571428571429,0.8150407,0.74984276,2.0538034,0.7450980392156862,0.5692348641302867,0.6179360283244868,0.0,0.0,1,2,2
0.8514285714285714,0.8329834,0.79017067,1.646426,0.7972027972027972,0.7712291157873341,0.7486546170155343,0.38983050847457623,0.42857142857142855,1,3,3
0.8742857142857143,0.7432161,0.61449844,3.1888523,0.7084745762711865,0.6081315641703772,0.6307893349877676,0.0,0.0,0,2,2
0.7642857142857142,0.9450614,0.942063,1.0020303,0.853515625,0.6384521415428078,0.6433420590544057,0.0,0.0,0,17,17
