ACC,Loss,LossPrivileged,LossUnprivileged,BalancedACC,drift-id,gm-id,gm-name
0.8833333333333333,0.2714244,0.2543008,0.4345491,0.8838849701573521,0,0,0
0.8766666666666667,0.2735276,0.25052753,0.5571951,0.8255578093306287,0,0,0
0.895,0.26091567,0.2546538,0.34004247,0.9895947426067908,0,0,0
0.885,0.27035877,0.27256662,0.24848111,0.9498111171073935,0,0,0
0.8633333333333333,0.31358758,0.25018564,1.0771668,0.5851082555888047,2,0,0
0.885,0.29464507,0.2600368,0.65182817,0.7506003430531731,2,7,7
0.865,0.28841758,0.26375538,0.5233576,0.7955169761564663,2,12,8-6-7-9
0.8733333333333333,0.30650616,0.25109005,0.85562956,0.6875695732838589,0,12,8-6-7-9
0.8883333333333333,0.26373547,0.24829839,0.44126177,0.9330628803245437,0,0,0
