ACC,Loss,LossPrivileged,LossUnprivileged,BalancedACC,drift-id,gm-id
0.9128571428571428,0.3967952,0.40270942,0.390881,0.9906542056074766,0,<federated.algorithms.fair_fed_drift.ClientIdentity.ClientIdentity object at 0x7fdbc4aaecb0>
0.9428571428571428,0.22059067,0.23858865,0.20259273,0.9879518072289156,0,<federated.algorithms.fair_fed_drift.ClientIdentity.ClientIdentity object at 0x7fdbc495a5f0>
0.9328571428571428,0.3071708,0.25435904,0.3599826,0.9969418960244648,0,<federated.algorithms.fair_fed_drift.ClientIdentity.ClientIdentity object at 0x7fdb48011c30>
0.9714285714285714,0.11091041,0.12962559,0.09219522,0.9941348973607037,0,<federated.algorithms.fair_fed_drift.ClientIdentity.ClientIdentity object at 0x7fdae030e6e0>
0.9571428571428572,0.19892365,0.25534874,0.14249855,0.9822485207100592,0,<federated.algorithms.fair_fed_drift.ClientIdentity.ClientIdentity object at 0x7fdb48336440>
0.95,0.21608879,0.14475077,0.28742683,0.9910179640718563,0,<federated.algorithms.fair_fed_drift.ClientIdentity.ClientIdentity object at 0x7fdbc4a363b0>
0.9471428571428572,0.16200177,0.19661947,0.12738407,0.9909909909909911,0,<federated.algorithms.fair_fed_drift.ClientIdentity.ClientIdentity object at 0x7fda60938460>
0.8285714285714286,1.9354824,0.46531254,3.4056516,0.7956656346749227,1,<federated.algorithms.fair_fed_drift.ClientIdentity.ClientIdentity object at 0x7fdac072d9c0>
0.8957142857142857,0.5144884,0.8246795,0.2042973,0.8885542168674698,1,<federated.algorithms.fair_fed_drift.ClientIdentity.ClientIdentity object at 0x7fdba778a590>
0.8314285714285714,1.7941281,0.187449,3.4008067,0.7218934911242604,0,<federated.algorithms.fair_fed_drift.ClientIdentity.ClientIdentity object at 0x7fdbc02a8310>
