ACC,Loss,LossPrivileged,LossUnprivileged,BalancedACC,drift-id,gm-id,gm-name
0.83,0.41479793,0.40762284,0.5511252,0.8900900900900901,0,0,0
0.87,0.37568069,0.34100676,1.0344846,0.8473413379073756,0,0,0
0.8957142857142857,0.37223423,0.36409646,0.52685153,0.8881469115191988,0,0,0
0.8971428571428571,0.4160886,0.4085005,0.56026244,0.9198664440734559,0,0,0
0.8942857142857142,0.46152136,0.4161517,1.3235456,0.8233333333333334,2,0,0
0.9057142857142857,0.42905033,0.36687127,1.6104536,0.6830065359477123,2,0,0
0.8885714285714286,0.61069834,0.48119634,3.0712366,0.5662251655629138,2,0,0
0.8942857142857142,0.52004176,0.4692962,1.4842087,0.7247097844112769,0,0,0
0.8971428571428571,0.58397084,0.54878676,1.2524694,0.8205980066445183,0,0,0
