ACC,BalancedACC,drift-id,gm-id
0.07075471698113207,0.0975609756097561,0,0
0.7924528301886793,0.9310344827586208,0,0
0.7547169811320755,0.7391304347826086,1,0
0.7767295597484277,0.8296296296296295,1,0
0.7861635220125787,0.8450184501845017,1,0
0.8364779874213837,0.8932384341637011,1,0
0.809748427672956,0.8592057761732851,1,0
0.8286163522012578,0.8621908127208481,1,0
0.7987421383647799,0.8405797101449275,0,0
0.8679245283018868,0.9233449477351916,0,0
0.8726415094339622,0.9204152249134947,0,0
