ACC,Loss,LossPrivileged,LossUnprivileged,BalancedACC,drift-id,gm-id,gm-name
0.8285714285714286,0.42928416,0.43484017,0.42372808,0.9863013698630138,0,0,0
0.7971428571428572,1.2504051,0.41921204,2.0815983,0.8355263157894738,2,0,0
0.8,0.8435594,0.3525909,1.3345277,0.8241042345276873,2,0,0
0.8242857142857143,0.8031262,0.50928766,1.0969647,0.8434504792332269,2,0,0
0.8057142857142857,1.7075346,0.42260584,2.992463,0.8193548387096775,1,0,0
0.8742857142857143,0.5679015,0.67749923,0.45830366,0.9741935483870968,1,7,4-2-1-3
0.8514285714285714,0.6091652,0.7450484,0.47328204,0.9605263157894738,1,7,4-2-1-3
0.8771428571428571,0.60656416,0.715416,0.49771214,0.9806451612903226,1,7,4-2-1-3
0.8457142857142858,0.8000515,0.6831971,0.9169059,0.9537953795379538,1,7,4-2-1-3
