ACC,Loss,LossPrivileged,LossUnprivileged,BalancedACC,drift-id,gm-id,gm-name
0.8021534320323015,0.42683133,0.4330091,0.3072535,0.941602173367121,0,0,0
0.7839838492597577,0.4565887,0.42064992,1.0882127,0.7224754244861483,1,0,0
0.8129205921938089,0.40696505,0.37962258,0.9860541,0.7628836947338778,1,0,0
0.8135935397039031,0.40559077,0.37800613,0.9808123,0.8061704063068527,1,0,0
0.8283983849259757,0.3819844,0.34368864,1.1805639,0.6642177407425669,1,0,0
0.819650067294751,0.3710187,0.35502604,0.7206425,0.9163519115614924,1,0,0
0.8142664872139973,0.36853015,0.34279782,0.9595434,0.8258948298718515,1,0,0
0.8088829071332436,0.41085166,0.4022216,0.6312278,0.9473992357944041,1,7,1-3-2-4
0.8209959623149394,0.41551355,0.36394295,1.2447929,0.7447211214289939,1,7,1-3-2-4
