ACC,Loss,LossPrivileged,LossUnprivileged,BalancedACC,drift-id,gm-id,gm-name
0.8003194888178914,0.42681983,0.4884379,0.297483,0.879743782161235,0,0,0
0.43769968051118213,1.3171818,1.8136497,0.31225428,0.24566688837591455,2,0,0
0.8146964856230032,0.47160554,0.52494687,0.3696367,0.9268221728551782,2,7,7
0.8178913738019169,0.43891308,0.48340374,0.3538636,0.9246399684355889,2,11,5-6-7
0.2939297124600639,1.4256229,1.2467989,1.7510505,0.7758921712410084,1,14,8-5-6-7
0.7747603833865815,0.46215284,0.43558306,0.5208789,0.9612653618570778,1,2,2
0.805111821086262,0.44838917,0.41996318,0.5093837,0.9708339970747106,1,19,15-2-17
0.8338658146964856,0.4169758,0.43498743,0.37533,0.9033756245514738,1,19,15-2-17
0.8370607028753994,0.40420315,0.39307237,0.42722854,0.9640622884224781,1,19,15-2-17
