ACC,Loss,LossPrivileged,LossUnprivileged,BalancedACC,drift-id,gm-id,gm-name
0.788836583725622,0.43587413,0.43484673,0.45303422,0.9162277321000343,0,0,0
0.7874915938130465,0.48591793,0.38052386,2.651842,0.17700882547528993,2,0,0
0.7942165433759247,0.43872088,0.42824754,0.6678459,0.9924402250351618,2,2,2
0.8049764626765299,0.42304665,0.3861192,1.1595169,0.671677734802598,1,2,2
0.8170813718897109,0.3750461,0.37940755,0.2905649,0.9133935371559134,1,1,1
0.827841291190316,0.36118495,0.36746007,0.2119409,0.8822204424867354,1,1,1
0.8029589778076665,0.40702674,0.35445246,1.5212888,0.4717849110611327,2,1,1
0.8190988567585743,0.3692137,0.37766555,0.22056694,0.8918226869566065,2,2,2
0.8298587760591796,0.34220138,0.3485597,0.22415417,0.869281045751634,2,2,2
