ACC,Loss,LossPrivileged,LossUnprivileged,BalancedACC,drift-id,gm-id
0.9357142857142857,0.26966456,0.24971859,0.6486379,0.8484848484848485,0,<federated.algorithms.fair_fed_drift.ClientIdentity.ClientIdentity object at 0x7f58199aabf0>
0.9428571428571428,0.27996612,0.13650346,3.0057557,0.59375,1,<federated.algorithms.fair_fed_drift.ClientIdentity.ClientIdentity object at 0x7f58141a5a80>
0.8814285714285715,0.55401325,0.5280636,1.047056,0.6694630872483222,1,<federated.algorithms.fair_fed_drift.ClientIdentity.ClientIdentity object at 0x7f572c333eb0>
0.8385714285714285,0.8453267,0.78883344,1.9187012,0.6701940035273368,1,<federated.algorithms.fair_fed_drift.ClientIdentity.ClientIdentity object at 0x7f58003961a0>
0.9114285714285715,0.39944243,0.4035603,0.32120284,0.9967105263157895,1,<federated.algorithms.fair_fed_drift.ClientIdentity.ClientIdentity object at 0x7f580059bd00>
0.93,0.30501786,0.30498666,0.3056108,0.9500000000000001,1,<federated.algorithms.fair_fed_drift.ClientIdentity.ClientIdentity object at 0x7f572c64d300>
0.9485714285714286,0.22322816,0.19480829,0.7632055,0.8677165354330709,1,<federated.algorithms.fair_fed_drift.ClientIdentity.ClientIdentity object at 0x7f574c4137c0>
0.9257142857142857,0.3785711,0.21415684,3.5024416,0.6363636363636364,0,<federated.algorithms.fair_fed_drift.ClientIdentity.ClientIdentity object at 0x7f56e00b04c0>
0.98,0.09158702,0.041423477,1.0446947,0.8085106382978724,0,<federated.algorithms.fair_fed_drift.ClientIdentity.ClientIdentity object at 0x7f56899eb400>
0.9685714285714285,0.09808827,0.07981708,0.4452408,0.8184615384615386,0,<federated.algorithms.fair_fed_drift.ClientIdentity.ClientIdentity object at 0x7f5689997520>
