ACC,Loss,LossPrivileged,LossUnprivileged,AEQ,OEQ,OPP,MEQ,MPP,drift-id,gm-id,gm-name
0.8371428571428572,0.42564866,0.41720054,0.58616334,0.8821428571428572,0.6719384644561595,0.7217420556474011,0.0,0.0,0,0,0
0.8685714285714285,0.5274878,0.3446206,4.0019646,0.6129032258064516,0.5561456108076884,0.6028319016915508,0.0,0.0,1,0,0
0.7828571428571428,0.8102272,0.75329137,1.8920083,0.7571157495256167,0.6290642702953179,0.5834845308876181,0.0,0.0,1,1,1
0.88,0.4871939,0.42023438,1.759425,0.7037037037037037,0.5567801622295981,0.5676179342784545,0.0,0.0,1,0,0
0.8314285714285714,0.777732,0.6082443,3.9980006,0.6412078152753108,0.47297544969485894,0.5404428083375452,0.0,0.0,3,1,1
0.9028571428571428,0.4589012,0.38218713,1.9164684,0.7825370675453048,0.6192266862063673,0.6198674305960179,0.0,0.0,4,0,0
0.8871428571428571,0.62618315,0.534188,2.3740914,0.8302521008403362,0.7283544850211517,0.7766510811540202,0.0,0.0,4,0,0
0.8242857142857143,0.8494721,0.60514474,5.4916916,0.40353982300884955,0.330642548175535,0.41862637815195264,0.0,0.0,1,8,8
0.8542857142857143,0.71933967,0.7032484,1.0250744,0.9333333333333335,0.7596002857026871,0.7582742600974262,0.5,0.5,1,1,1
