ACC,Loss,LossPrivileged,LossUnprivileged,AEQ,OEQ,OPP,MEQ,MPP,drift-id,gm-id,gm-name
0.9314285714285714,0.2285866,0.21723422,0.33075806,0.9289340101522843,0.905708610741956,0.918300139204668,0.796875,0.7103825136612022,0,0,0
0.93,0.45399296,0.24917987,2.297311,0.7813021702838064,0.7190682236812138,0.7438789603595637,0.0,0.0,1,0,0
0.8414285714285714,0.7257057,0.6350943,1.541208,0.7266055045871559,0.601133983567581,0.6422904036608174,0.0,0.0,1,5,5
0.9028571428571428,0.49358997,0.4933928,0.4953645,0.9789473684210526,0.9157204597515829,0.9098368478333411,0.7736842105263158,0.8096054888507719,1,1,1
0.9214285714285714,0.3039852,0.25837907,0.71444035,0.8724489795918368,0.8328318645587676,0.8336982129277262,0.691358024691358,0.4841897233201581,1,9,2-4-1-3-5
0.94,0.2412782,0.19582753,0.6503343,0.8700000000000001,0.8139991979646737,0.8466989460460195,0.4357142857142857,0.5833333333333334,1,9,2-4-1-3-5
0.9614285714285714,0.15551639,0.104339585,0.6161075,0.8809135399673735,0.8677454705916914,0.8640916682650263,0.6096774193548388,0.7156862745098039,1,9,2-4-1-3-5
0.9671428571428572,0.16447523,0.16048636,0.200375,0.9950980392156864,0.9414414672799717,0.9596968071604961,0.7723880597014926,0.8862433862433863,1,9,2-4-1-3-5
0.9542857142857143,0.18540685,0.20041947,0.050293326,0.964573268921095,0.9374073965651833,0.9429371089156252,0.8032786885245902,0.8823529411764706,1,9,2-4-1-3-5
