ACC,Loss,LossPrivileged,LossUnprivileged,AEQ,OEQ,OPP,MEQ,MPP,drift-id,gm-id,gm-name
0.8214285714285714,0.4930437,0.48537937,0.562023,0.9137931034482758,0.7611688445819516,0.8192057640418668,0.0,0.4891304347826087,0,0,0
0.8514285714285714,0.5635206,0.356441,2.4272373,0.6823104693140795,0.6688999095708164,0.6785984211794005,0.0,0.0,3,0,0
0.7785714285714286,0.76864696,0.7075547,1.3184769,0.81,0.7102616204706818,0.6962649767833716,0.3490566037735849,0.25961538461538464,3,1,1
0.8357142857142857,0.8166598,0.7450691,1.4609762,0.9339622641509434,0.7893171298430842,0.8737980707815796,0.5357142857142857,0.6857142857142857,3,1,1
0.8228571428571428,1.0266578,0.7342298,3.6585104,0.6536312849162011,0.6253558969911227,0.621900958294319,0.0,0.0,2,1,1
0.8842857142857142,0.55794585,0.47526768,1.3020493,0.7395104895104895,0.7347653604917385,0.681194703290365,0.0,0.0,2,0,0
0.87,0.8600359,0.4905078,4.1857896,0.6837455830388692,0.6169083677873528,0.6067613972338753,0.0,0.0,4,0,0
0.8557142857142858,0.825291,0.76712716,1.3487651,0.8375912408759123,0.8024138577216616,0.8073063060217859,0.6375,0.392578125,4,7,2-3
0.8614285714285714,0.80442375,0.71033925,1.6511837,0.8852459016393442,0.7542529116477834,0.7533738763316615,0.0,0.0,4,7,2-3
