ACC,Loss,LossPrivileged,LossUnprivileged,AEQ,OEQ,OPP,MEQ,MPP,drift-id,gm-id,gm-name
0.8142857142857143,0.50739974,0.4834827,0.7226528,0.8653846153846154,0.7734585044249107,0.7826569457382708,0.28174603174603174,0.33888888888888885,0,0,0
0.89,0.3540019,0.31806603,0.67742467,0.9238938053097345,0.8925296457705315,0.853183399324671,0.6209150326797386,0.5178571428571428,0,0,0
0.8828571428571429,0.56195676,0.39395994,2.0739284,0.8268551236749117,0.7422298285861819,0.68528871333665,0.0,0.0,2,0,0
0.7885714285714286,0.76795846,0.7060829,1.3248379,0.9161676646706587,0.7534381075652736,0.8088411648020457,0.4861111111111111,0.632768361581921,2,6,6
0.8371428571428572,0.7681749,0.695887,1.4187657,0.8949343339587241,0.8607981118352948,0.8259735741662977,0.4744186046511628,0.5483870967741935,2,6,6
0.8714285714285714,0.7030011,0.4302094,3.158126,0.7513321492007103,0.7075149924284504,0.7635476971836813,0.0,0.0,0,6,6
0.8728571428571429,0.56368315,0.54011244,0.77581924,0.8902877697841727,0.786352197410826,0.7943239562188447,0.36111111111111105,0.45512820512820507,0,0,0
0.8714285714285714,0.96974206,0.6275997,4.0490246,0.7686832740213523,0.7120294588979283,0.6969706967474256,0.0,0.0,1,0,0
0.8714285714285714,0.61096543,0.5236014,1.3972421,0.8211091234347049,0.7992698611320186,0.7939021980067462,0.4375,0.4666666666666666,1,8,8
