ACC,Loss,LossPrivileged,LossUnprivileged,BalancedACC,drift-id,gm-id,gm-name
0.9071428571428571,0.3530308,0.3626999,0.34336174,0.9968553459119497,0,0,0
0.8714285714285714,1.3086188,0.24131322,2.3759243,0.8373493975903614,2,0,0
0.8342857142857143,0.828251,0.70460993,0.951892,0.9663299663299664,2,7,7
0.9385714285714286,0.30144456,0.3316557,0.27123344,0.9611940298507462,2,6,6
0.7685714285714286,2.750915,0.5205406,4.9812894,0.7025316455696202,1,6,6
0.95,0.19926324,0.12535243,0.27317405,0.9732937685459941,1,3,3
0.9414285714285714,0.19966544,0.20433585,0.19499505,0.9909365558912387,1,3,3
0.9285714285714286,0.45969015,0.5514035,0.3679768,0.9817073170731708,1,3,3
0.9842857142857143,0.044164296,0.079390734,0.008937853,0.9798850574712644,1,3,3
