ACC,Loss,LossPrivileged,LossUnprivileged,BalancedACC,drift-id,gm-id,gm-name
0.8036314727639543,0.42289016,0.42863715,0.3292679,0.8671563711273141,0,0,0
0.8110289172831204,0.39675832,0.39844856,0.36148724,0.948506719156278,0,0,0
0.8211163416274377,0.3774008,0.37796575,0.3670552,0.9872451241134751,0,0,0
0.8305312710154674,0.3820423,0.3801408,0.4236407,0.9423336798336798,0,0,0
0.3813046402151984,2.0360968,2.1132696,0.29174715,0.42029494382022475,2,0,0
0.8043039677202422,0.49405682,0.49880916,0.42884144,0.9063913614475412,2,1,1
0.8433086751849361,0.42822513,0.42127234,0.5935865,0.9876799557032115,2,9,3-1-2-4-5
0.41223940820443844,1.5712681,1.6386502,0.16515669,0.40401149238358536,0,9,3-1-2-4-5
0.85137861466039,0.3253646,0.32663512,0.30209845,0.9910572358532391,0,0,0
