ACC,Loss,LossPrivileged,LossUnprivileged,AEQ,OEQ,OPP,MEQ,MPP,drift-id,gm-id,gm-name
0.9314285714285714,0.23337379,0.20020525,0.863576,0.7891373801916933,0.6741440204236617,0.6979118285430351,0.0,0.0,0,0,0
0.9542857142857143,0.14726533,0.13514,0.3776462,0.9246467817896389,0.8552800136028347,0.8484284693102377,0.5147058823529412,0.3627450980392156,0,0,0
0.9685714285714285,0.110109866,0.08225607,0.63933235,0.8184615384615386,0.7035676920500801,0.7717672793575683,0.0,0.0,0,0,0
0.9714285714285714,0.10337505,0.10170553,0.13509558,0.9690880989180835,0.9017630219243122,0.9230738590836829,0.5,0.5423728813559322,0,0,0
0.9614285714285714,0.3120034,0.1418953,3.5440574,0.7330246913580247,0.7601881270860991,0.7587254443167881,0.0,0.0,2,0,0
0.9628571428571429,0.21872588,0.12878056,1.9276865,0.7928902627511593,0.6334440989370568,0.606477789971138,0.0,0.0,2,0,0
0.9671428571428572,0.17476508,0.06661053,2.2297018,0.6983154670750382,0.6405620118575914,0.6465872934038069,0.0,0.0,2,0,0
0.9714285714285714,0.13659425,0.07055617,1.3913176,0.7553516819571866,0.7387972649104608,0.7611029990970047,0.0,0.0,2,0,0
0.9714285714285714,0.1211242,0.079070635,0.92014205,0.7856049004594181,0.7106602234890573,0.7220971855859497,0.0,0.0,2,0,0
