ACC,Loss,LossPrivileged,LossUnprivileged,BalancedACC,drift-id,gm-id,gm-name
0.803594351732991,0.4388613,0.44333282,0.39284945,0.9517241379310347,0,0,0
0.7637997432605905,0.5994085,0.43964443,2.1214852,0.31425957207207206,1,0,0
0.7586649550706034,0.4922219,0.47364333,0.66407365,0.9491604477611941,1,1,1
0.8061617458279846,0.41222072,0.39736265,0.5782136,0.9245689655172414,1,7,1-3-2-4
0.8010269576379975,0.42277384,0.40407118,0.6429132,0.7846994535519126,1,7,1-3-2-4
0.8074454428754814,0.40741202,0.38938257,0.62346536,0.8793230944254835,1,7,1-3-2-4
0.8395378690629012,0.35246977,0.34303477,0.45273423,0.9564179104477613,1,7,1-3-2-4
0.8023106546854942,0.44050595,0.3484142,1.4353764,0.2294761338878986,0,7,1-3-2-4
0.8228498074454429,0.43678078,0.45280385,0.26924628,0.9093633995065826,0,0,0
