ACC,Loss,LossPrivileged,LossUnprivileged,BalancedACC,drift-id,gm-id,gm-name
0.7892030848329049,0.4616282,0.47128952,0.36391076,0.9129001883239171,0,0,0
0.7557840616966581,0.5354252,0.42438164,1.6948501,0.32972136222910214,1,0,0
0.7763496143958869,0.48156518,0.4126501,1.2011198,0.4885819145682536,1,0,0
0.7763496143958869,0.46668154,0.39317864,1.0659468,0.5473706090209935,1,0,0
0.7532133676092545,0.48693404,0.3969413,1.3560423,0.3945351468405557,1,0,0
0.7982005141388174,0.39595366,0.35532314,0.83427066,0.7031550496387546,1,0,0
0.8174807197943444,0.37092713,0.33503,0.764691,0.6003061615001913,1,0,0
0.800771208226221,0.38645077,0.35587537,0.7006235,0.667459432676824,1,0,0
0.8213367609254498,0.3572394,0.331059,0.57945335,0.8312798591903444,1,0,0
