ACC,Loss,LossPrivileged,LossUnprivileged,AEQ,OEQ,OPP,MEQ,MPP,drift-id,gm-id,gm-name
0.9585714285714285,0.18546182,0.19658194,0.14098133,0.9981378026070764,0.9436529269335265,0.9615035360186777,0.8612637362637363,0.8852459016393442,0,0,0
0.91,0.6033108,0.1385971,2.4621656,0.74487895716946,0.7244044341337369,0.7478477850964712,0.0,0.0,1,0,0
0.9185714285714286,0.35994157,0.09008877,1.4393528,0.7106227106227107,0.7170272724424013,0.7239573134990092,0.0,0.0,1,0,0
0.9228571428571428,0.30000156,0.15625641,0.8749822,0.8029739776951673,0.7523644270186194,0.760862321224513,0.0676056338028169,0.06797385620915034,1,0,0
0.9457142857142857,0.27291098,0.07477574,1.065452,0.7971014492753623,0.7651967523265253,0.7580567409439887,0.08,0.07692307692307693,2,0,0
0.9342857142857143,0.28434694,0.13433331,0.8844012,0.7737226277372263,0.7437811900807996,0.7580083453785809,0.06779661016949153,0.0847457627118644,2,0,0
0.9428571428571428,0.26195872,0.16295743,0.6579639,0.8529411764705883,0.7871593114347263,0.7547468939522913,0.0,0.0,2,0,0
0.9528571428571428,0.24113826,0.1582078,0.5728601,0.8686131386861314,0.8187493874545464,0.8273573296816353,0.08647798742138364,0.2717948717948718,2,0,0
0.9514285714285714,0.20883895,0.041507583,0.87816435,0.7913669064748201,0.8040479514424013,0.8020821806661125,0.2,0.3333333333333333,2,0,0
