ACC,Loss,LossPrivileged,LossUnprivileged,BalancedACC,drift-id,gm-id,gm-name
0.9028571428571428,0.37791106,0.3657214,0.609515,0.880794701986755,0,0,0
0.96,0.15407227,0.12105337,0.78143144,0.8569206842923796,0,0,0
0.9614285714285714,0.15289854,0.14900474,0.22688052,0.9891640866873066,0,0,0
0.9785714285714285,0.09144043,0.081240155,0.2852456,0.9923195084485407,0,0,0
0.9628571428571429,0.24596952,0.11262401,2.7795339,0.7318952234206472,2,0,0
0.87,0.6470875,0.5901945,1.7280567,0.5456081081081081,2,5,5
0.9771428571428571,0.14005032,0.049313325,1.8640531,0.7507598784194529,2,0,0
0.9842857142857143,0.087266676,0.087380566,0.08510262,0.9862595419847329,0,0,0
0.9814285714285714,0.09327644,0.069160804,0.5514736,0.9282442748091603,0,0,0
