ACC,Loss,LossPrivileged,LossUnprivileged,BalancedACC,drift-id,gm-id,gm-name
0.8110289172831204,0.418669,0.42572308,0.25922412,0.8756780317706315,0,0,0
0.7794216543375925,0.49402267,0.40726167,2.1991172,0.32754629629629634,2,0,0
0.8029589778076665,0.45718718,0.4549965,0.49040395,0.9435897435897437,2,2,2
0.7895090786819099,0.41270146,0.40391344,0.5805052,0.7610777296339741,1,13,6-7-2-1-4-3-5
0.8002689979825152,0.39548212,0.38717884,0.58632356,0.7581485215053764,1,13,6-7-2-1-4-3-5
0.8238063214525891,0.3628975,0.35768512,0.4624253,0.9147111183039328,1,13,6-7-2-1-4-3-5
0.8251513113651647,0.35791507,0.34457752,0.6544671,0.749262847514743,2,13,6-7-2-1-4-3-5
0.8217888365837256,0.36287606,0.35039213,0.59147745,0.7975201570419332,2,13,6-7-2-1-4-3-5
0.8143913920645595,0.36411256,0.35440013,0.5549885,0.7759895088221268,2,13,6-7-2-1-4-3-5
