ACC,Loss,LossPrivileged,LossUnprivileged,BalancedACC,drift-id,gm-id,gm-name
0.9128571428571428,0.37785253,0.37728328,0.3886685,0.96875,0,0,0
0.9528571428571428,0.19943896,0.16801664,0.7964632,0.8636363636363638,0,0,0
0.9614285714285714,0.167387,0.16027166,0.30257827,0.9174454828660435,0,0,0
0.98,0.097785495,0.09007267,0.24432905,0.9907975460122699,0,0,0
0.9585714285714285,0.24439128,0.115086526,2.701182,0.6743827160493827,2,0,0
0.97,0.14750491,0.10533049,0.9488186,0.8476923076923077,2,0,0
0.9742857142857143,0.14076969,0.055687018,1.7573408,0.8134556574923548,2,0,0
0.9714285714285714,0.10562319,0.058707926,0.99701333,0.7251908396946565,2,0,0
0.9685714285714285,0.12107361,0.05448141,1.3863254,0.7880184331797235,2,0,0
