ACC,Loss,LossPrivileged,LossUnprivileged,AEQ,OEQ,OPP,drift-id,gm-id,gm-name
0.8683333333333333,0.6883155,0.6066485,1.4233197,0.8924050632911392,0.8247242699377976,0.7962981874506643,0,0,0
0.875,0.97552407,0.5868033,4.4740124,0.6428571428571429,0.5912665673883887,0.598669599557782,1,0,0
0.8016666666666666,1.0629944,0.89950114,2.534434,0.7720090293453724,0.7317131830769996,0.7636263724566617,1,1,1
0.8566666666666667,0.98126894,0.83147556,2.3294098,0.8008474576271185,0.7210572094252068,0.7132051324162278,1,1,1
0.855,1.1263626,0.92210376,2.9646907,0.7405063291139241,0.6573651820760409,0.6642658937205189,1,1,1
0.8416666666666667,1.1992098,1.0433114,2.6022959,0.8164146868250539,0.7140386839266599,0.7844045179976031,1,1,1
0.8766666666666667,0.85751575,0.72931945,2.011283,0.8012422360248447,0.7493296274803493,0.7547589725075022,1,1,1
0.85,1.1121285,1.0205492,1.936343,0.8497854077253219,0.7995414627839439,0.7430485182194975,1,1,1
0.8733333333333333,0.93316954,0.6368825,3.5997534,0.6244897959183673,0.6340627493483149,0.6386837425140997,1,1,1
