ACC,Loss,LossPrivileged,LossUnprivileged,BalancedACC,drift-id,gm-id,gm-name
0.7947510094212651,0.4197428,0.42686006,0.27358,0.8788558289890045,0,0,0
0.34993270524899056,1.6445324,1.7163117,0.17045437,0.3408609738884969,2,0,0
0.8149394347240915,0.47316733,0.47581533,0.42334914,0.9371422340947501,2,4,4
0.3283983849259758,1.4345052,1.475025,0.65019494,0.3756522364964554,0,7,4-1-2-3
0.8331090174966352,0.33777446,0.33349073,0.45137298,0.8625706607357984,0,0,0
0.8351278600269179,0.350689,0.34581903,0.45070007,0.970488595364765,0,0,0
0.8411843876177658,0.34403205,0.33358812,0.54051787,0.8494314381270902,0,0,0
0.8203230148048453,0.36822888,0.3443833,0.80457205,0.6690851665341461,1,0,0
0.8122476446837147,0.36159343,0.34479734,0.74097145,0.5757171177731926,1,0,0
