ACC,Loss,LossPrivileged,LossUnprivileged,BalancedACC,drift-id,gm-id,gm-name
0.8442857142857143,0.42907742,0.3956883,0.729579,0.9050279329608939,0,0,0
0.8642857142857143,0.49704885,0.35144666,1.8074692,0.8108108108108109,2,0,0
0.8828571428571429,0.4407801,0.3447033,1.3054719,0.7922535211267606,2,0,0
0.8871428571428571,0.52300954,0.39850545,1.6435463,0.7880910683012259,1,0,0
0.8757142857142857,0.5217812,0.4280958,1.3649492,0.7992895204262878,1,0,0
0.8985714285714286,0.4284402,0.33309382,1.2865574,0.7603448275862069,2,0,0
0.8814285714285715,0.4980375,0.4009875,1.3714873,0.7936507936507936,2,0,0
0.9042857142857142,0.45686236,0.3742519,1.2003561,0.8055077452667814,1,0,0
0.8785714285714286,0.6329706,0.5185186,1.6630383,0.7105263157894738,1,0,0
