ACC,Loss,LossPrivileged,LossUnprivileged,BalancedACC,drift-id,gm-id,gm-name
0.8466666666666667,0.3510116,0.30225772,0.45703197,0.8940035273368606,0,0,0
0.8616666666666667,0.34325752,0.2567707,0.50745714,0.8663808940600123,0,0,0
0.8433333333333334,0.3459919,0.24995705,0.54544884,0.8261793455163622,0,0,0
0.8533333333333334,0.3181211,0.2526436,0.4442851,0.859997244040237,0,0,0
0.7966666666666666,0.45147678,0.2757664,0.8277362,0.6783926845802143,2,0,0
0.7966666666666666,0.48008895,0.25629234,0.92434174,0.6802783833640785,2,0,0
0.8733333333333333,0.30273747,0.25264984,0.4133589,0.8611611512220032,2,2,2
0.7683333333333333,0.5672439,0.31448174,1.0506822,0.6730632349172906,0,2,2
0.8483333333333334,0.33712304,0.2857569,0.4390886,0.9100628661848352,0,0,0
