ACC,Loss,LossPrivileged,LossUnprivileged,BalancedACC,drift-id,gm-id,gm-name
0.9442857142857143,0.18953824,0.18038732,0.27189678,0.964824120603015,0,0,0
0.9542857142857143,0.17869286,0.15792142,0.36563584,0.9701492537313433,0,0,0
0.9442857142857143,0.40457767,0.111238725,3.0446281,0.7047308319738989,1,0,0
0.8414285714285714,0.70337194,0.6736663,0.9707218,0.8715083798882682,1,11,11
0.9185714285714286,0.39585963,0.31475735,1.12578,0.8418367346938775,1,11,11
0.93,0.33910534,0.28968552,0.7838836,0.9137055837563451,1,12,12
0.9457142857142857,0.28403693,0.2985543,0.15338059,0.9867330016583746,1,12,12
0.96,0.35015768,0.060818598,2.9542096,0.7864077669902914,0,12,12
0.98,0.07804157,0.07030621,0.14765981,0.9902912621359223,0,0,0
