ACC,Loss,LossPrivileged,LossUnprivileged,AEQ,OEQ,OPP,MEQ,MPP,drift-id,gm-id,gm-name
0.7901815736381977,0.44369668,0.45051575,0.25551742,0.8696864111498258,0.8603413816698251,0.6457589244377269,0.7244525547445256,0.44768856447688565,0,0,0
0.7592468056489576,0.5196914,0.39892608,2.487043,0.1602841452760328,0.47002331002331005,0.43078458127238617,0.06731934731934733,0.13429643527204502,2,0,0
0.7901815736381977,0.44032145,0.43526697,0.571921,0.9872555865921786,0.15426058954669308,0.4290161892901619,0.0,0.0,2,2,2
0.8056489576328177,0.3811901,0.38684642,0.24666332,0.8907576111500428,0.16178125639451607,0.4160534706892323,0.0,0.0,2,2,2
0.8036314727639543,0.4617367,0.38969293,1.7809805,0.7663130243775405,0.30515527256478997,0.47580835496813784,0.0,0.0,1,2,2
0.8258238063214526,0.3686551,0.3796289,0.17817116,0.849381770434402,0.7316691095814153,0.8159579904941994,0.5326356205102799,0.7176470588235294,1,1,1
0.8433086751849361,0.34918323,0.3563026,0.18826337,0.8960793182250999,0.7811642714881203,0.8528977948269287,0.5953517987901942,0.7634878973461651,1,1,1
0.8224613315400134,0.38469437,0.35676977,0.8960416,0.6672903367818622,0.4949949949949949,0.39297579496915047,0.0,0.0,2,1,1
0.8412911903160726,0.34597534,0.35464132,0.1467981,0.8790246803449301,0.7555856319001424,0.8137206515625452,0.7044753086419753,0.6960167714884696,2,2,2
