ACC,Loss,LossPrivileged,LossUnprivileged,BalancedACC,drift-id,gm-id,gm-name
0.95,0.18570013,0.16539656,0.5714682,0.8976377952755905,0,0,0
0.9371428571428572,0.20502302,0.13045983,1.6217233,0.7841269841269842,1,0,0
0.8785714285714286,0.5121748,0.46181002,1.4691052,0.475,1,2,2
0.8942857142857142,0.54215515,0.53760254,0.62865597,0.8896321070234114,1,1,1
0.9257142857142857,0.4562914,0.261607,4.1552963,0.5739268680445151,2,1,1
0.8457142857142858,0.83992046,0.81913936,1.2347605,0.7333333333333334,2,9,9
0.9685714285714285,0.18285656,0.13181531,1.1526405,0.8796296296296297,2,0,0
0.9814285714285714,0.17340758,0.015433171,3.1749213,0.6581325301204819,1,0,0
0.9542857142857143,0.20601527,0.19828801,0.35283333,0.862284820031299,1,1,1
