ACC,Loss,LossPrivileged,LossUnprivileged,BalancedACC,drift-id,gm-id,gm-name
0.8214285714285714,0.49149862,0.49861947,0.4843778,0.9759450171821306,0,0,0
0.7657142857142857,1.8729516,0.5454931,3.2004101,0.8293515358361774,1,0,0
0.7471428571428571,0.85489386,0.9412977,0.76849,0.929889298892989,1,1,1
0.8485714285714285,0.5732934,0.57420814,0.57237864,0.9932885906040269,1,2,2
0.73,2.4071069,0.57047486,4.2437387,0.7205387205387206,2,2,2
0.7557142857142857,0.8372859,0.64702636,1.0275451,0.9377289377289377,2,8,8
0.8114285714285714,1.0773793,1.0488485,1.10591,0.9653979238754326,2,8,8
0.7228571428571429,2.3432636,0.45004535,4.236481,0.659016393442623,1,9,9
0.8514285714285714,0.8315596,0.8851377,0.7779814,0.9735099337748344,1,2,2
