ACC,Loss,LossPrivileged,LossUnprivileged,BalancedACC,drift-id,gm-id,gm-name
0.95,0.16990088,0.15716669,1.4305829,0.5990922844175491,0,0,0
0.96,0.13497792,0.1301623,0.61172473,0.8918918918918919,1,0,0
0.9728571428571429,0.09090664,0.08756896,0.42133668,0.7322485207100592,1,0,0
0.9571428571428572,0.18657942,0.16167769,2.6518493,0.4452773613193403,1,0,0
0.9771428571428571,0.10905598,0.08034493,2.9514506,0.5823529411764705,2,0,0
0.9857142857142858,0.062905096,0.060545985,0.2964561,0.8684210526315789,2,0,0
0.9814285714285714,0.10383078,0.10320794,0.16549064,0.8722466960352422,2,0,0
0.9928571428571429,0.03675073,0.012925122,2.395486,0.573082489146165,1,0,0
0.9871428571428571,0.0404089,0.034792215,0.59646076,0.7215743440233235,1,0,0
