ACC,Loss,LossPrivileged,LossUnprivileged,BalancedACC,drift-id,gm-id
0.8021534320323015,0.42683133,0.4330091,0.3072535,0.941602173367121,0,0
0.775235531628533,0.48770073,0.42437527,1.6006453,0.43781138790035584,1,0
0.8014804845222072,0.42104056,0.41966814,0.45010692,0.9863730556357053,1,1
0.8055181695827726,0.43347415,0.43412262,0.41995114,0.9851783232978231,1,1
0.8176312247644684,0.39866784,0.39434126,0.48888892,0.9323757017854434,1,1
0.8055181695827726,0.39007297,0.3895244,0.40206575,0.9497792847546542,1,1
0.8162853297442799,0.37113765,0.37475634,0.28802487,0.9167007150153217,1,1
0.8169582772543742,0.3921426,0.3908749,0.42451316,0.9829830135647074,1,1
0.8189771197846568,0.38200927,0.38689762,0.30340156,0.933627403032241,1,1
0.784656796769852,0.44592655,0.36239997,1.8760644,0.23821845174973488,0,1
