ACC,Loss,LossPrivileged,LossUnprivileged,AEQ,OEQ,OPP,MEQ,MPP,drift-id,gm-id,gm-name
0.9414285714285714,0.1942464,0.1948188,0.19195665,0.9887218045112782,0.9312947593481136,0.9195074516314781,0.8297872340425533,0.7647058823529411,0,0,0
0.9085714285714286,0.65324515,0.16643608,2.6004817,0.7729831144465292,0.7729147043432759,0.7573290961683818,0.0,0.0,1,0,0
0.8757142857142857,0.5194921,0.4447329,0.81852883,0.8650793650793651,0.8486023332348631,0.8045837642782437,0.3283018867924528,0.4609164420485175,1,3,3
0.8371428571428572,0.7101039,0.6292442,1.0335425,0.8329896907216494,0.7844985124800644,0.8053227954425409,0.48484848484848486,0.4986449864498645,1,9,9
0.8228571428571428,1.2953588,0.4760036,4.572779,0.5533596837944664,0.569375745770245,0.5828768396297516,0.0,0.0,2,9,9
0.94,0.22716467,0.11421825,0.67895037,0.8650646950092422,0.7985860263836135,0.8017335188433984,0.23504273504273504,0.2548076923076923,2,0,0
0.9442857142857143,0.24793862,0.18645845,0.49385947,0.8962962962962964,0.8316932152588834,0.8229847055845253,0.24434389140271495,0.23931623931623933,2,0,0
0.9542857142857143,0.1541283,0.017774107,0.69954515,0.8057553956834532,0.7952542011365542,0.7860546381496284,0.06666666666666667,0.0625,2,0,0
0.9542857142857143,0.2106085,0.043612707,0.87859166,0.8318264014466545,0.8191760099265168,0.8223883486022757,0.1565934065934066,0.2222222222222222,2,0,0
