ACC,Loss,LossPrivileged,LossUnprivileged,BalancedACC,drift-id,gm-id,gm-name
0.9128571428571428,0.35255027,0.34667408,0.46419793,0.9032786885245903,0,0,0
0.9457142857142857,0.23770972,0.14067164,2.0814333,0.8078740157480315,1,0,0
0.9028571428571428,0.37955588,0.35665002,0.8147664,0.8479338842975207,1,1,1
0.94,0.20809,0.18942401,0.5627445,0.9712460063897763,1,1,1
0.9414285714285714,0.42453519,0.19644646,4.758221,0.5640625,2,1,1
0.96,0.2027771,0.2005804,0.24451439,0.9500000000000001,2,2,2
0.9628571428571429,0.22476576,0.16209573,1.4154965,0.8542635658914729,2,2,2
0.9642857142857143,0.2178164,0.095645756,2.5390592,0.7916666666666667,0,2,2
0.9628571428571429,0.1688573,0.14560269,0.61069465,0.9160186625194401,0,0,0
