ACC,BalancedACC,drift-id,gm-id
0.08176100628930817,0.10638297872340426,0,0
0.7830188679245284,0.9453125,0,0
0.8427672955974843,0.9851851851851852,0,0
0.8427672955974843,0.9925650557620818,0,0
0.8632075471698113,0.9748201438848921,0,0
0.04716981132075472,0.15384615384615385,2,0
0.6132075471698113,0.9500000000000001,2,0
0.8364779874213837,0.9416058394160584,2,0
0.8380503144654088,0.966789667896679,0,0
0.8867924528301887,0.9789473684210527,0,0
0.8349056603773585,0.9739776951672863,0,0
