ACC,Loss,LossPrivileged,LossUnprivileged,BalancedACC,drift-id,gm-id,gm-name
0.9214285714285714,0.25377432,0.24679212,0.31661367,0.923076923076923,0,0,0
0.95,0.21292584,0.15069954,0.7729624,0.8275862068965517,0,0,0
0.9714285714285714,0.11809994,0.1161415,0.13572584,0.9674267100977199,0,0,0
0.9685714285714285,0.12750235,0.12241086,0.17332593,0.9869067103109657,0,0,0
0.9685714285714285,0.2537308,0.11075275,1.5405333,0.8897893030794166,2,0,0
0.9585714285714285,0.19950414,0.16877116,0.4761008,0.9653465346534653,2,2,2
0.9542857142857143,0.22693992,0.21075766,0.37258035,0.9371900826446281,2,2,2
0.9671428571428572,0.26909977,0.08491443,1.9267678,0.8592233009708738,0,2,2
0.9542857142857143,0.27156606,0.22024442,0.7334607,0.9044481054365733,0,0,0
