ACC,Loss,LossPrivileged,LossUnprivileged,BalancedACC,drift-id,gm-id
0.9285714285714286,0.23792258,0.22109959,0.38932922,0.9489795918367346,0,0
0.9457142857142857,0.1881986,0.13125579,0.70068365,0.799342105263158,0,0
0.9642857142857143,0.120917566,0.109601155,0.22276518,0.9427168576104746,0,0
0.9457142857142857,0.19637917,0.18000697,0.34372893,0.9465776293823039,0,0
0.9571428571428572,0.27451774,0.14140879,1.4724982,0.9014778325123153,2,0
0.95,0.19372706,0.1767031,0.3469429,0.991652754590985,2,2
0.9557142857142857,0.17050047,0.16594276,0.21151996,0.9520661157024792,2,2
0.96,0.25366125,0.078496784,1.8301411,0.8341463414634146,0,2
0.9371428571428572,0.2733808,0.19633651,0.96677923,0.8564273789649416,0,0
0.9657142857142857,0.12903105,0.117847696,0.22968125,0.9574468085106383,0,0
