ACC,Loss,LossPrivileged,LossUnprivileged,AEQ,OEQ,OPP,MEQ,MPP,drift-id,gm-id,gm-name
0.8412911903160726,0.3411168,0.34455714,0.2592944,0.9694895153900058,0.7431848495176064,0.8718595606012824,0.5580029368575624,0.7516556291390728,0,0,0
0.8338937457969066,0.34388912,0.3425095,0.367226,0.9733457726415473,0.8352053935736143,0.9643673774574455,0.7176470588235294,0.9342560553633218,1,0,0
0.8406186953597848,0.35884398,0.35826224,0.37044677,0.9291799081920904,0.9483240646440929,0.9408394287704632,0.9272300469483569,0.9295715778474398,1,0,0
0.8567585743106927,0.32208335,0.32711703,0.22315685,0.931320269836171,0.9393056037865213,0.960918939556672,0.8992310805341966,0.9284385391793505,1,0,0
0.8224613315400134,0.3671402,0.3319496,1.0794996,0.684458398744113,0.6222049062049062,0.810694301701496,0.2647907647907648,0.6451981272125157,3,0,0
0.8150638870208473,0.40824792,0.3452371,1.5945319,0.46151591997745844,0.44954310149069043,0.4362780458240243,0.39273112208892025,0.2528669724770642,4,1,1
0.8325487558843309,0.34445775,0.32177433,0.796848,0.8219002831116218,0.6552123552123552,0.7280612531036978,0.3428571428571428,0.6198830409356725,4,0,0
0.8379287155346334,0.34101948,0.3344357,0.49234033,0.9408602150537634,0.6328161135522664,0.806998903786154,0.3359375,0.7164179104477612,1,0,0
0.8271687962340283,0.34152842,0.33230606,0.55349475,0.8728052266231114,0.8506711774557275,0.8949813225510814,0.7348125807841449,0.8614172568411349,1,0,0
