ACC,Loss,LossPrivileged,LossUnprivileged,BalancedACC,drift-id,gm-id,gm-name
0.7715654952076677,0.4483158,0.5005051,0.3426765,0.8390288129491607,0,0,0
0.6118210862619808,0.89967245,0.46078506,1.7446334,0.3505826698973116,1,0,0
0.6309904153354633,0.7161444,0.47025633,1.3022883,0.39378139201148055,1,0,0
0.6485623003194888,0.66250235,0.39756855,1.218601,0.40010452658169043,1,0,0
0.6884984025559105,0.58757544,0.38242784,1.0619115,0.45601116990005874,1,0,0
0.7396166134185304,0.48258188,0.33717287,0.7900389,0.5974283706123125,1,0,0
0.7635782747603834,0.4479555,0.35840905,0.6458761,0.7491345256051138,1,0,0
0.7779552715654952,0.44830307,0.3863954,0.5773031,0.8073765315144625,0,0,0
0.7172523961661342,0.46034324,0.32154897,0.69444674,0.5807483744956439,0,0,0
