ACC,Loss,LossPrivileged,LossUnprivileged,AEQ,OEQ,OPP,MEQ,MPP,drift-id,gm-id,gm-name
0.9314285714285714,0.2368107,0.23020685,0.36228397,0.8844301765650081,0.7634796108933829,0.7942799996458361,0.0,0.0,0,0,0
0.9514285714285714,0.2528665,0.25004625,0.30645117,0.9275590551181102,0.8804543004518441,0.878640473693174,0.6950354609929078,0.617910447761194,0,0,0
0.9614285714285714,0.20156026,0.094337955,2.2387838,0.7635239567233385,0.7405314608513434,0.7393087680328131,0.0,0.0,1,0,0
0.9557142857142857,0.22426246,0.13262409,1.9653922,0.7682737169517885,0.7337524306285472,0.7103283926720295,0.0,0.0,1,0,0
0.9742857142857143,0.147528,0.06956029,1.6289148,0.7832061068702291,0.7289461512203448,0.7129800370862015,0.0,0.0,1,0,0
0.9642857142857143,0.1478524,0.0763634,1.5061433,0.7004608294930875,0.7666111003438676,0.6981206041780118,0.0,0.0,3,0,0
0.9657142857142857,0.1647875,0.071205236,1.9428501,0.5792682926829268,0.6632125787224472,0.6943634642362871,0.0,0.0,3,0,0
0.9657142857142857,0.15064691,0.11101927,0.9035726,0.7296466973886329,0.736771359626963,0.6437509351111512,0.0,0.0,2,0,0
0.9757142857142858,0.09402058,0.080004916,0.3603184,0.8728943338437978,0.8284977372610486,0.8371673093166996,0.0,0.0,2,0,0
