ACC,Loss,LossPrivileged,LossUnprivileged,BalancedACC,drift-id,gm-id,gm-name
0.7779552715654952,0.45542923,0.48355135,0.40353101,0.8769002595476456,0,0,0
0.476038338658147,1.1234428,1.5367658,0.32769924,0.33575604784637664,2,0,0
0.5335463258785943,0.7936283,1.0724984,0.27536273,0.3742002269921052,2,0,0
0.6054313099041534,1.0460813,0.5159891,2.1268523,0.3027360988526037,1,0,0
0.7795527156549521,0.47790304,0.4297422,0.56803894,0.9386591390261115,1,5,1-2-3
0.2715654952076677,1.4452401,1.5388963,1.2303239,0.6831659300924067,2,5,1-2-3
0.5910543130990416,0.595521,0.7387724,0.3157753,0.5464064987990176,2,0,0
0.536741214057508,1.0900116,0.63474387,1.960314,0.577934018388318,1,0,0
0.8162939297124601,0.41564143,0.40028244,0.44835603,0.9976724137931033,1,5,1-2-3
