ACC,Loss,LossPrivileged,LossUnprivileged,AEQ,OEQ,OPP,drift-id,gm-id,gm-name
0.8506666666666667,0.54392064,0.23361252,1.785153,0.6231884057971014,0.6306890176817593,0.7459792484863724,0,0,0
0.8346666666666667,0.9366165,0.5375813,2.5327568,0.5527272727272728,0.5535470487187799,0.7330738104513997,0,0,0
0.5706666666666667,2.8697884,2.0155072,6.2869153,0.25870646766169153,0.2575867006090851,0.5699188551792835,0,4,4
0.664,2.8774376,2.0407472,6.2241993,0.5272727272727273,0.6397098225125899,0.9279306659814887,0,12,12
0.7946666666666666,1.8919961,0.46658254,7.593651,0.3032490974729242,0.27593506900322085,0.43675437247003646,2,0,0
0.6693333333333333,2.9375377,1.6660945,8.02331,0.3652173913043478,0.3161761585773565,0.6100827907127239,2,21,21
0.816,1.1949421,0.45276448,4.163653,0.5,0.45932426941148397,0.44067283038851984,2,0,0
0.8613333333333333,0.73969376,0.2718921,2.6109004,0.5978647686832741,0.608736146552934,0.6680196851108648,0,0,0
0.8213333333333334,0.89522475,0.4645418,2.617957,0.562962962962963,0.553069237219596,0.6886480373965741,0,0,0
