ACC,Loss,LossPrivileged,LossUnprivileged,BalancedACC,drift-id,gm-id,gm-name
0.82,0.44016042,0.42012778,0.8207809,0.8652094717668489,0,0,0
0.8714285714285714,0.40576926,0.32056653,2.0246205,0.6108291032148899,2,0,0
0.8942857142857142,0.38599226,0.3695768,0.6978862,0.9229480737018426,2,0,0
0.88,0.4261107,0.39329523,1.0496049,0.7702702702702703,0,0,0
0.8842857142857142,0.41110626,0.38902357,0.83067715,0.7996632996632996,0,0,0
0.9128571428571428,0.39460942,0.3574005,1.1015784,0.7736156351791531,0,0,0
0.8985714285714286,0.4496798,0.41862908,1.0396432,0.8192371475953566,2,0,0
0.79,0.7342544,0.69013166,1.5725859,0.8620037807183365,2,18,18
0.8957142857142857,0.58489066,0.5570887,1.1131289,0.8550000000000001,2,0,0
