ACC,Loss,LossPrivileged,LossUnprivileged,AEQ,OEQ,OPP,drift-id,gm-id,gm-name
0.44,5.0155225,5.035929,4.8318615,0.10344827586206896,0.03133903133903134,0.041666666666666664,0,0,0
0.5283333333333333,4.671167,4.676553,4.6226993,0.23300970873786409,0.11658730158730157,0.12645502645502646,0,0,0
0.51,4.677646,4.6849704,4.6117268,0.24161073825503357,0.11540178571428572,0.13819176319176318,0,0,0
0.5583333333333333,4.626415,4.626763,4.623281,0.3925233644859813,0.18314354727398205,0.22507936507936507,0,0,0
0.545,4.6267285,4.632263,4.576917,0.4326923076923077,0.21688311688311687,0.24470238095238095,2,0,0
0.5083333333333333,4.612477,4.612839,4.609216,0.36860068259385664,0.16848216383100104,0.1815079365079365,2,0,0
0.5266666666666666,4.6115184,4.611722,4.6096888,0.29411764705882354,0.1572663139329806,0.1448502886002886,2,0,0
0.5216666666666666,4.628325,4.630427,4.609411,0.2664473684210526,0.14753968253968255,0.16052631578947368,0,0,0
0.51,4.65031,4.6545863,4.6118207,0.33559322033898303,0.14259259259259258,0.14330041938737592,0,0,0
