ACC,Loss,LossPrivileged,LossUnprivileged,BalancedACC,drift-id,gm-id,gm-name
0.9257142857142857,0.25181755,0.31201437,0.19162062,0.9401197604790419,0,0,0
0.9385714285714286,0.29034746,0.40826198,0.17243302,0.9553571428571429,0,0,0
0.9614285714285714,0.13611162,0.12669405,0.14552915,0.9970326409495549,0,0,0
0.9542857142857143,0.18083872,0.20947999,0.15219748,0.9821958456973293,0,0,0
0.9571428571428572,0.18741772,0.14233506,0.23250037,0.9822485207100592,0,0,0
0.9728571428571429,0.10460752,0.12928523,0.07992981,0.9970674486803519,0,0,0
0.9771428571428571,0.12209735,0.12833618,0.11585847,1.0,0,0,0
0.8728571428571429,1.6537739,0.09427035,3.2132773,0.7813411078717201,1,0,0
0.9571428571428572,0.22807164,0.3479945,0.10814878,0.9420289855072463,1,2,2
