ACC,Loss,LossPrivileged,LossUnprivileged,BalancedACC,drift-id,gm-id,gm-name
0.8933333333333333,0.27234447,0.251564,0.44947362,0.935324854579513,0,0,0
0.8766666666666667,0.29012018,0.27152556,0.46725836,0.9129385964912281,0,0,0
0.8933333333333333,0.27534997,0.24483179,0.5777577,0.9081651546009999,0,0,0
0.8933333333333333,0.2763123,0.23883069,0.6199995,0.7795923968983737,0,0,0
0.875,0.2827867,0.2827837,0.28281868,0.988099016185338,0,0,0
0.8483333333333334,0.31541193,0.2868522,0.5504802,0.8373293373293372,0,0,0
0.865,0.3257806,0.2982515,0.60990113,0.7692487987812023,0,0,0
0.9,0.27367532,0.24246784,0.5396818,0.8889862693543675,0,0,0
0.8946488294314381,0.27444953,0.2566563,0.4501174,0.8628603104212861,0,0,0
