ACC,Loss,LossPrivileged,LossUnprivileged,AEQ,OEQ,OPP,MEQ,MPP,drift-id,gm-id,gm-name
0.9071428571428571,0.3922463,0.3612714,0.5161458,0.9416342412451363,0.9209774010755666,0.9172253041805367,0.7318181818181818,0.7706214689265536,0,0,0
0.9542857142857143,0.18435656,0.15849015,0.28782237,0.9943925233644859,0.9379628249897006,0.9338170925638452,0.875,0.850909090909091,0,0,0
0.9485714285714286,0.21580619,0.18013202,0.35850266,0.9368029739776952,0.9083853609311277,0.91193186455505,0.6493506493506493,0.6363636363636364,0,0,0
0.9685714285714285,0.13145578,0.09779021,0.26611802,0.9761467889908256,0.9440062951333864,0.9542402945131421,0.8877679697351828,0.8888888888888888,0,0,0
0.9442857142857143,0.5400656,0.12077077,2.217245,0.8248175182481753,0.7486995752785227,0.7516807145874075,0.0,0.0,2,0,0
0.8271428571428572,0.6851947,0.67830545,0.7127514,0.9067796610169491,0.8395417581024862,0.849210786643801,0.5377604166666666,0.7289256198347107,2,10,10
0.92,0.43319106,0.34112343,0.8014619,0.9348659003831418,0.8758335923156657,0.893734331510329,0.6327272727272727,0.7335640138408305,2,12,12
0.9057142857142857,0.770647,0.23178616,2.9260902,0.749063670411985,0.7540970321992067,0.7455269109008467,0.0,0.0,0,12,12
0.9728571428571429,0.120789334,0.07929213,0.28677815,0.9617486338797815,0.9627379526380991,0.946579802803328,0.8830188679245283,0.8149405772495756,0,0,0
