ACC,Loss,LossPrivileged,LossUnprivileged,AEQ,OEQ,OPP,drift-id,gm-id,gm-name
0.61,1.6214241,1.5218648,3.513051,0.4789915966386555,0.21666666666666667,0.18433699633699632,0,0,0
0.6466666666666666,1.5766859,1.4926016,3.1742897,0.6586666666666666,0.29859584859584853,0.3123492063492063,0,0,0
0.6283333333333333,1.8739941,1.7764539,3.727258,0.4646739130434782,0.2950617283950617,0.2800824175824176,0,0,0
0.62,1.981929,1.9130381,3.2908487,0.47107438016528924,0.22484567901234567,0.22657142857142853,0,0,0
0.61,1.9944456,1.9232028,3.348057,0.7556818181818181,0.3636904761904762,0.3285256410256411,2,0,0
0.6183333333333333,2.021926,1.9191995,3.973722,0.6350974930362118,0.23917233560090703,0.32528780743066454,2,0,0
0.61,2.1388628,2.0369968,4.0743155,0.4789915966386555,0.23647959183673467,0.26485042735042735,2,0,0
0.62,2.060879,1.9307251,4.5338054,0.4175824175824176,0.23333333333333334,0.2185515873015873,2,0,0
0.605,2.235457,2.041498,5.9206786,0.3735955056179775,0.1955128205128205,0.19844720496894408,2,0,0
