ACC,Loss,LossPrivileged,LossUnprivileged,AEQ,OEQ,OPP,MEQ,MPP,drift-id,gm-id,gm-name
0.7445109780439122,0.49459738,0.5255014,0.29441288,0.8053379416282642,0.5,0.8053379416282642,0.0,0.8053379416282642,0,0,0
0.7485029940119761,0.5403331,0.4396667,1.047304,0.6351894062737435,0.6325932333717801,0.6467615204926735,0.3333333333333333,0.5523465703971119,3,0,0
0.7864271457085829,0.46110332,0.3989718,0.7198782,0.8077475788815995,0.7041121267755873,0.8381278819079476,0.4146341463414634,0.7982069833280906,3,0,0
0.8043912175648703,0.40519166,0.4169769,0.34317175,0.9039701391245334,0.8800386563583045,0.9003504942598695,0.7665289256198348,0.8824619948090471,1,0,0
0.8223552894211577,0.39606154,0.38066044,0.48086786,0.9694847605224964,0.7426492281047508,0.9702982746430107,0.5288888888888889,0.9615384615384615,1,0,0
0.7624750499001997,0.48712415,0.39126366,0.8813258,0.8276216146836092,0.8185932948659437,0.8284535013858322,0.7110187110187111,0.8241758241758241,3,0,0
0.7524950099800399,0.50375193,0.49735087,0.5318342,0.9481789802289283,0.5749739873652917,0.82742959623867,0.23222222222222222,0.7333333333333334,3,4,4
0.7544910179640718,0.47169098,0.46716684,0.49585772,0.9095896853078341,0.4609133554083885,0.7185646777795087,0.23750000000000002,0.5918367346938775,1,10,5-6-4-1-2
0.8143712574850299,0.38998428,0.37858027,0.44277585,0.9919743178170145,0.9000857830799691,0.9718496963562753,0.8108766233766235,0.9519230769230769,1,0,0
