ACC,Loss,LossPrivileged,LossUnprivileged,BalancedACC,drift-id,gm-id,gm-name
0.8766666666666667,0.26730493,0.2416026,0.6271377,0.8169014084507042,0,0,0
0.8566666666666667,0.35327816,0.277932,1.2607082,0.6938629450706746,1,0,0
0.8533333333333334,0.33954647,0.26323465,1.0263525,0.5800415800415801,1,0,0
0.8733333333333333,0.28917125,0.28442013,0.35568762,0.910569105691057,0,0,0
0.845,0.32590795,0.3086279,0.50062835,0.7959810874704492,0,0,0
0.855,0.32139927,0.30841842,0.4641888,0.88,0,0,0
0.8483333333333334,0.29147208,0.24693742,0.66445005,0.6756900212314225,1,0,0
0.8733333333333333,0.28579503,0.26028627,0.5196975,0.8197258536241586,1,0,0
0.8662207357859532,0.30017886,0.26290822,0.8065141,0.6025767112509836,1,0,0
