ACC,Loss,LossPrivileged,LossUnprivileged,BalancedACC,drift-id,gm-id,gm-name
0.8014285714285714,0.54065776,0.5907304,0.4905852,0.9753521126760564,0,0,0
0.8128571428571428,1.4125845,0.3413805,2.4837885,0.8474025974025974,1,0,0
0.7642857142857142,0.8709364,0.8788669,0.8630058,0.9888475836431226,1,2,2
0.8185714285714286,0.7097364,0.53697467,0.88249815,0.9556313993174061,1,6,4-5
0.8714285714285714,0.54946613,0.47265163,0.6262808,0.986970684039088,1,7,3-4-5
0.8842857142857142,0.48023763,0.58492273,0.37555262,0.990353697749196,1,7,3-4-5
0.87,0.5398686,0.56652254,0.5132146,0.9967213114754098,1,7,3-4-5
0.7914285714285715,2.311454,0.5340666,4.0888414,0.7531645569620254,0,7,3-4-5
0.8957142857142857,0.45938635,0.47720876,0.441564,0.9716981132075472,0,0,0
