ACC,Loss,LossPrivileged,LossUnprivileged,BalancedACC,drift-id,gm-id,gm-name
0.7908540685944856,0.4334569,0.4410878,0.28126872,0.9165161618968233,0,0,0
0.7874915938130465,0.46987337,0.3864575,2.1584492,0.28042053184910326,1,0,0
0.788836583725622,0.44118953,0.36835814,1.6731805,0.4744094696049756,1,0,0
0.8419636852723604,0.3419476,0.3412497,0.35586518,0.9961393596986818,0,0,0
0.8224613315400134,0.3670133,0.35982376,0.51476383,0.9125855518013837,0,0,0
0.8271687962340283,0.34976843,0.34560728,0.45229185,0.9572169151910532,0,0,0
0.8406186953597848,0.34790716,0.34392247,0.4350802,0.9686524002313476,0,0,0
0.8406186953597848,0.34974262,0.34159815,0.5250947,0.9533049796207691,0,0,0
0.8433086751849361,0.35008875,0.34720165,0.41127816,0.9389436619718309,0,0,0
