ACC,Loss,LossPrivileged,LossUnprivileged,AEQ,OEQ,OPP,MEQ,MPP,drift-id,gm-id,gm-name
0.93,0.24410662,0.23963508,0.32906547,0.9856459330143541,0.8115582961341333,0.8173496719745723,0.0,0.0,0,0,0
0.9514285714285714,0.19007672,0.15574192,0.84243804,0.7718750000000001,0.7807943137982433,0.7667903962844874,0.2641509433962264,0.34259259259259256,0,0,0
0.9742857142857143,0.10548345,0.102226794,0.16736023,0.9969135802469136,0.9615478706229357,0.9450162084649024,0.875,0.6865671641791045,0,0,0
0.9685714285714285,0.11889653,0.0989327,0.49820954,0.8184615384615386,0.8319779698596733,0.8010340974865869,0.3333333333333333,0.3387096774193548,0,0,0
0.9657142857142857,0.17083962,0.13056023,0.9361484,0.8516228748068007,0.7317729546422674,0.7283750047964391,0.0,0.0,2,0,0
0.9385714285714286,0.28507507,0.26143637,0.73420995,0.9090909090909091,0.7696381681521001,0.7514377590072561,0.0,0.0,2,8,5-6
0.9428571428571428,0.27382234,0.27381653,0.2739319,0.9047619047619048,0.855414954502103,0.8575523242874485,0.5223880597014925,0.5149253731343284,2,8,5-6
0.97,0.14813057,0.08415809,1.3636075,0.8172043010752689,0.6857518368002938,0.739135669826132,0.0,0.0,0,8,5-6
0.9657142857142857,0.20402274,0.1767605,0.7220051,0.9440993788819876,0.8462242729649796,0.8230962193730509,0.0,0.0,0,0,0
