ACC,BalancedACC,drift-id,gm-id
0.0660377358490566,0.6311962987442168,0,0
0.8522012578616353,0.9979871786034328,0,0
0.8616352201257862,0.8071446029561212,1,0
0.8694968553459119,0.737783595113438,1,0
0.8789308176100629,0.816007790171232,1,0
0.9009433962264151,0.8039598849642356,1,0
0.9040880503144654,0.8674355546114533,1,0
0.9009433962264151,0.8113335386510626,1,0
0.9308176100628931,0.8263744953095236,1,0
0.9072327044025157,0.8037686571717986,1,0
0.8915094339622641,0.8380729970997025,1,0
