ACC,Loss,LossPrivileged,LossUnprivileged,BalancedACC,drift-id,gm-id,gm-name
0.7955271565495208,0.40610573,0.45465773,0.3063965,0.8677795618307036,0,0,0
0.5910543130990416,0.9373359,0.45709848,1.8235923,0.33607319198373514,1,0,0
0.8067092651757188,0.44782278,0.48611182,0.37142783,0.920742058038962,1,4,4
0.8099041533546326,0.41991726,0.43551362,0.38879916,0.9676328301520634,1,7,1-3-2-4
0.8194888178913738,0.38856652,0.4169543,0.3258221,0.9128565579363996,1,7,1-3-2-4
0.8210862619808307,0.40256,0.45743993,0.31124908,0.9059322562535088,1,7,1-3-2-4
0.854632587859425,0.3319734,0.3993345,0.20042875,0.8785894700703794,1,7,1-3-2-4
0.6070287539936102,0.92570627,0.45898694,1.7750511,0.38250989843346533,0,7,1-3-2-4
0.8450479233226837,0.32977462,0.36423168,0.2552917,0.951974501647669,0,0,0
