ACC,Loss,LossPrivileged,LossUnprivileged,BalancedACC,drift-id,gm-id,gm-name
0.7869062901155327,0.445882,0.4632717,0.31106275,0.8718767198679142,0,0,0
0.810012836970475,0.44670036,0.3701421,1.2221258,0.6128211284513805,1,0,0
0.7535301668806161,0.46678567,0.47268334,0.4020023,0.9172348184556841,1,1,1
0.8177150192554558,0.41495863,0.43401492,0.22493279,0.8824858757062146,1,5,1-2-3
0.7843388960205392,0.49569452,0.36515242,1.8829474,0.2674546729440048,2,5,1-2-3
0.803594351732991,0.44221377,0.4420531,0.44392085,0.9393603390498719,2,9,9
0.8202824133504493,0.41239637,0.41379514,0.40050724,0.9411764705882353,2,14,10-6-9-7-8
0.8074454428754814,0.46220303,0.3746545,1.2839915,0.7580297823596793,1,14,10-6-9-7-8
0.8267008985879333,0.36918682,0.40588993,0.07724952,0.8157346417529239,1,5,1-2-3
