ACC,Loss,LossPrivileged,LossUnprivileged,BalancedACC,drift-id,gm-id,gm-name
0.95,0.17164229,0.15899009,0.28551224,0.9750000000000001,0,0,0
0.9457142857142857,0.19187243,0.17278786,0.36363328,0.93,0,0,0
0.9471428571428572,0.19713473,0.13695575,0.7387457,0.781967213114754,0,0,0
0.9342857142857143,0.2625086,0.21294253,0.7086032,0.7774086378737541,0,0,0
0.9485714285714286,0.32694188,0.07847429,2.5631504,0.7170731707317073,2,0,0
0.9385714285714286,0.16772857,0.12425968,0.5589487,0.8386023294509152,2,0,0
0.9571428571428572,0.14134094,0.13139138,0.23088712,0.9669421487603306,2,0,0
0.9628571428571429,0.15210755,0.04879907,1.0818839,0.7681159420289855,0,0,0
0.9757142857142858,0.111853085,0.099098675,0.22664277,0.9627228525121556,0,0,0
