ACC,Loss,LossPrivileged,LossUnprivileged,BalancedACC,drift-id,gm-id
0.9514285714285714,0.16983946,0.15668653,0.28821585,0.9733777038269551,0,0
0.9485714285714286,0.19211085,0.17332548,0.3611793,0.9600000000000001,0,0
0.9471428571428572,0.19624306,0.13374422,0.7587327,0.781967213114754,0,0
0.9328571428571428,0.2714868,0.21783985,0.75430924,0.778702163061564,0,0
0.9457142857142857,0.33156174,0.07425187,2.6473505,0.7035830618892508,2,0
0.9428571428571428,0.17124474,0.12367266,0.59939355,0.801980198019802,2,0
0.9571428571428572,0.14879426,0.13973731,0.23030712,0.9504950495049505,2,0
0.9614285714285714,0.14027955,0.045685396,0.991627,0.7536231884057971,0,0
0.9757142857142858,0.11445066,0.10211412,0.22547959,0.9627228525121556,0,0
0.9814285714285714,0.09984529,0.06793612,0.38702774,0.9405144694533762,0,0
