ACC,Loss,LossPrivileged,LossUnprivileged,BalancedACC,drift-id,gm-id,gm-name
0.9171428571428571,0.2785923,0.35683858,0.20034598,0.9454545454545454,0,0,0
0.8357142857142857,1.767533,0.3676235,3.167442,0.8055555555555555,2,0,0
0.8514285714285714,0.70655,0.7272055,0.6858945,0.9800664451827243,2,8,8
0.83,1.5884621,0.4030015,2.7739224,0.8156249999999999,0,13,5-7-6-8
0.9528571428571428,0.2109049,0.13318263,0.28862715,0.9733727810650886,0,0,0
0.9585714285714285,0.16861437,0.14850107,0.18872768,0.9910979228486647,0,0,0
0.9714285714285714,0.17214148,0.19172744,0.15255551,0.9941348973607037,0,0,0
0.8671428571428571,1.6024637,0.14322549,3.061702,0.7852941176470589,1,0,0
0.9571428571428572,0.16590528,0.26543075,0.06637982,0.9476744186046511,1,14,1-3-2-4
