ACC,Loss,LossPrivileged,LossUnprivileged,BalancedACC,drift-id,gm-id,gm-name
0.9542857142857143,0.19525883,0.21800822,0.17250943,0.9763313609467456,0,0,0
0.8528571428571429,1.4469184,0.13650353,2.7573335,0.7820895522388059,1,0,0
0.7857142857142857,1.0741671,0.9518122,1.1965222,0.9434628975265018,1,4,4
0.9214285714285714,0.36535588,0.39021102,0.34050074,0.9907407407407408,1,10,1-3
0.7885714285714286,2.5377584,0.2022614,4.8732543,0.6379821958456974,2,10,1-3
0.9285714285714286,0.32283315,0.3348121,0.3108542,0.9877675840978593,2,12,5-7-6-8
0.95,0.2431373,0.33756122,0.14871335,0.9674556213017751,2,12,5-7-6-8
0.9742857142857143,0.18382196,0.09959011,0.2680538,0.988338192419825,2,12,5-7-6-8
0.9757142857142858,0.12008484,0.01787715,0.2222925,0.9570200573065903,2,12,5-7-6-8
