ACC,Loss,LossPrivileged,LossUnprivileged,AEQ,OEQ,OPP,MEQ,MPP,F1Score,F1 Score Equality,drift-id,gm-id,gm-name
0.92,0.33034188,0.31049806,0.69634986,0.9011943539630837,0.869116231104974,0.8564106429919711,0.5254237288135593,0.7023809523809523,1.0,1.0,0,0,0
0.9514285714285714,0.26137626,0.12586926,2.7607276,0.7493055555555556,0.6832691623233911,0.7050465890450474,0.0,0.0,1.0,1.0,3,0,0
0.8857142857142857,0.5699902,0.53989893,1.1250064,0.7749766573295984,0.6870711094625801,0.6728194019318504,0.0,0.0,1.0,1.0,3,2,2
0.88,0.6688406,0.47149125,4.308839,0.4603438713255685,0.40466906491480403,0.40725132271345466,0.0,0.0,1.0,1.0,1,4,2-3
0.9514285714285714,0.19978365,0.15581357,1.0107875,0.8094740508533612,0.7379263873833509,0.7697562843973548,0.0,0.0,1.0,1.0,1,0,0
0.9,0.5580785,0.35878098,4.2340107,0.6360153256704981,0.4669311821869367,0.4917868523091398,0.0,0.0,1.0,0.0,2,1,1
0.9685714285714285,0.18256333,0.105818,1.5980886,0.7945299145299146,0.7648940136660725,0.6970025125559632,0.0,0.0,1.0,1.0,2,0,0
0.96,0.13555834,0.09802717,0.82779986,0.772093023255814,0.7838248991285172,0.8101958363263613,0.35526315789473684,0.4404761904761904,1.0,1.0,2,0,0
0.9828571428571429,0.053348176,0.0050740563,0.94373745,0.7244041624706278,0.7631564400221116,0.7634351949420444,0.16666666666666666,0.2,1.0,1.0,2,0,0
