ACC,Loss,LossPrivileged,LossUnprivileged,BalancedACC,drift-id,gm-id,gm-name
0.7930591259640103,0.44144318,0.46466157,0.25938952,0.8813080639167596,0,0,0
0.7429305912596401,0.5756801,0.40416792,2.1371088,0.22598323662153452,2,0,0
0.7544987146529563,0.49833605,0.38179055,1.6411293,0.25713869463869465,2,0,0
0.7724935732647815,0.4184799,0.3713213,0.90305203,0.5398614178024823,1,0,0
0.7904884318766067,0.39834237,0.3411954,0.99502385,0.3509639149777558,1,0,0
0.7969151670951157,0.40417036,0.3525897,0.9023125,0.5953274535560142,2,0,0
0.7969151670951157,0.37272212,0.3231136,0.7881188,0.6553169198533263,2,0,0
0.8341902313624678,0.35820615,0.33902335,0.5759162,0.7852828116419549,1,0,0
0.8277634961439588,0.37844872,0.3753992,0.41305882,0.9251748251748253,1,0,0
