ACC,Loss,LossPrivileged,LossUnprivileged,BalancedACC,drift-id,gm-id,gm-name
0.9014285714285715,0.4052863,0.35621345,0.846942,0.859375,0,0,0
0.9585714285714285,0.16518174,0.13979019,0.39370567,0.9653465346534653,0,0,0
0.9571428571428572,0.17489369,0.16608402,0.2541806,0.9834437086092714,0,0,0
0.9757142857142858,0.11027442,0.093053296,0.26526436,0.9951219512195122,0,0,0
0.9528571428571428,0.3499347,0.09538095,2.6409185,0.7609756097560976,2,0,0
0.85,0.69700336,0.64408296,1.1732868,0.7363636363636364,2,7,7
0.9428571428571428,0.33398882,0.24778113,1.1098578,0.8507462686567163,2,10,8-9
0.9371428571428572,0.38728276,0.16862935,2.3551633,0.7910447761194029,0,10,8-9
0.9785714285714285,0.08489932,0.078882515,0.1390506,0.975728155339806,0,0,0
