ACC,Loss,LossPrivileged,LossUnprivileged,BalancedACC,drift-id,gm-id,gm-name
0.9157142857142857,0.32319644,0.28821772,0.9877922,0.8032520325203252,0,0,0
0.9457142857142857,0.27058992,0.14174016,2.7187355,0.6531250000000001,1,0,0
0.8185714285714286,0.8324749,0.7975984,1.4951285,0.6162162162162161,1,4,4
0.9542857142857143,0.15521742,0.12878661,0.6574027,0.8003120124804992,1,7,3-2-4
0.9585714285714285,0.21800077,0.21754947,0.22657582,0.9827586206896551,1,7,3-2-4
0.9528571428571428,0.20754682,0.17548522,0.8167169,0.8325508607198749,1,12,1-3-2-4
0.9685714285714285,0.13869005,0.11889021,0.5148873,0.9720930232558139,1,12,1-3-2-4
0.9471428571428572,0.25473076,0.24181503,0.5001296,0.9635499207606972,1,12,1-3-2-4
0.99,0.03541398,0.029936746,0.13948151,0.9198184568835097,1,12,1-3-2-4
