ACC,Loss,LossPrivileged,LossUnprivileged,BalancedACC,drift-id,gm-id
0.8771428571428571,0.3855300843715668,0.3577722907066345,0.6353505849838257,0.9388489208633094,0,<federated.algorithms.fair_fed_drift.ClientIdentity.ClientIdentity object at 0x133499eb8>
0.8371428571428572,0.7105417847633362,0.42537036538124084,3.2770843505859375,0.6948529411764706,1,<federated.algorithms.fair_fed_drift.ClientIdentity.ClientIdentity object at 0x15da84978>
0.79,0.8410124778747559,0.7845677733421326,1.3490148782730103,0.797244094488189,1,<federated.algorithms.fair_fed_drift.ClientIdentity.ClientIdentity object at 0x15b579e48>
0.8814285714285715,0.46307373046875,0.3477855324745178,1.5006675720214844,0.7421052631578947,1,<federated.algorithms.fair_fed_drift.ClientIdentity.ClientIdentity object at 0x15c3f2160>
0.8771428571428571,0.4674377143383026,0.4087787866592407,0.9953681826591492,0.8502673796791445,1,<federated.algorithms.fair_fed_drift.ClientIdentity.ClientIdentity object at 0x15af66c50>
0.87,0.4200190007686615,0.3384256064891815,1.154359221458435,0.7180851063829787,1,<federated.algorithms.fair_fed_drift.ClientIdentity.ClientIdentity object at 0x15b8ddb70>
0.8814285714285715,0.4913382828235626,0.42313435673713684,1.1051744222640991,0.8283185840707965,1,<federated.algorithms.fair_fed_drift.ClientIdentity.ClientIdentity object at 0x15c116b70>
0.9014285714285715,0.381149560213089,0.3192788362503052,0.937985897064209,0.8422876949740036,0,<federated.algorithms.fair_fed_drift.ClientIdentity.ClientIdentity object at 0x16ddc2c50>
0.8828571428571429,0.44282305240631104,0.39793068170547485,0.846854031085968,0.8095238095238094,0,<federated.algorithms.fair_fed_drift.ClientIdentity.ClientIdentity object at 0x15af6b198>
0.8957142857142857,0.39739182591438293,0.3365854024887085,0.9446500539779663,0.7629757785467128,0,<federated.algorithms.fair_fed_drift.ClientIdentity.ClientIdentity object at 0x15b16d128>
