ACC,Loss,LossPrivileged,LossUnprivileged,AEQ,OEQ,OPP,MEQ,MPP,drift-id,gm-id,gm-name
0.7405189620758483,0.5006412,0.51837736,0.40445676,0.9190116678105699,0.49837662337662336,0.9195852534562212,0.0,0.9195852534562212,0,0,0
0.7644710578842315,0.47098202,0.50158584,0.3075034,0.8370683818551119,0.7374590163934425,0.778486161969373,0.5049180327868852,0.7096774193548387,0,0,0
0.780439121756487,0.4401768,0.4203753,0.54756236,0.9065442020665901,0.8768063491017265,0.8454830186100544,0.7587412587412588,0.8272727272727272,3,0,0
0.7584830339321357,0.5126482,0.44233584,0.86675143,0.7630522088353414,0.8138214843195686,0.7719599139090665,0.8045977011494254,0.7341269841269842,2,0,0
0.8043912175648703,0.4351801,0.4053305,0.57526946,0.9025349650349651,0.8102086330935252,0.8671362909672262,0.642,0.8250000000000001,2,0,0
0.782435129740519,0.47341934,0.39430675,0.771787,0.7774945054945054,0.8700944415306324,0.8672792854689111,0.8204462895692787,0.7394366197183099,3,0,0
0.8023952095808383,0.4069878,0.37503988,0.6036957,0.8348668280871671,0.7862739663492893,0.6875470231917009,0.6609625668449198,0.6547619047619048,3,0,0
0.7504990019960079,0.4705092,0.45087445,0.5639437,0.8679245283018868,0.900656877158001,0.8464684826261568,0.843632594895712,0.7355072463768115,2,0,0
0.7904191616766467,0.4202214,0.3834672,0.6080262,0.8416068866571019,0.7188560520361991,0.7760867214532872,0.4790723981900452,0.6911764705882353,2,0,0
