ACC,Loss,LossPrivileged,LossUnprivileged,BalancedACC,drift-id,gm-id,gm-name
0.9442857142857143,0.17817101,0.16954198,0.25583246,0.9815436241610739,0,0,0
0.9371428571428572,0.35716343,0.1414402,2.2986722,0.7910447761194029,2,0,0
0.86,0.52168626,0.44226703,1.2364594,0.5893805309734513,2,3,3
0.8742857142857143,0.9472618,0.534634,4.6609125,0.5459272097053727,1,2,2
0.9542857142857143,0.16188543,0.11965533,0.54195625,0.9044481054365733,1,9,6-7
0.9457142857142857,0.2480774,0.20890471,0.6006315,0.93,1,9,6-7
0.9371428571428572,0.4573186,0.17936389,2.9589107,0.7586776859504132,2,9,6-7
0.9642857142857143,0.16231646,0.12359743,0.5107876,0.959016393442623,2,10,1-3
0.9585714285714285,0.15041815,0.13063009,0.32851076,0.9653465346534653,2,12,2-1-3
