ACC,Loss,LossPrivileged,LossUnprivileged,BalancedACC,drift-id,gm-id,gm-name
0.8185714285714286,0.5316606,0.5827518,0.4805696,0.9690721649484536,0,0,0
0.81,1.4665169,0.35103798,2.5819957,0.8349514563106796,1,0,0
0.7485714285714286,0.948963,0.949159,0.9487668,0.9848484848484849,1,4,4
0.8442857142857143,0.5308896,0.57548654,0.48629254,0.9966216216216217,1,2,2
0.8528571428571429,0.62871754,0.6192827,0.63815236,0.99,1,2,2
0.8685714285714285,0.58774036,0.60400873,0.571472,0.9934426229508199,1,2,2
0.8485714285714285,0.71298194,0.6833926,0.74257123,0.9866220735785953,1,2,2
0.7,1.9886806,0.8059794,3.1713815,0.8014705882352942,0,16,16
0.9014285714285715,0.4437279,0.43780914,0.44964665,0.9905362776025237,0,0,0
