ACC,Loss,LossPrivileged,LossUnprivileged,BalancedACC,drift-id,gm-id,gm-name
0.8271428571428572,0.49017656,0.49763048,0.4827226,0.9896907216494846,0,0,0
0.7585714285714286,1.8666714,0.5412592,3.1920836,0.8310344827586207,1,0,0
0.7485714285714286,0.91330016,1.0375693,0.7890309,0.9194139194139195,1,1,1
0.7885714285714286,0.9013493,0.9019101,0.90078825,0.9856115107913669,1,3,3
0.7214285714285714,2.3727024,0.63670653,4.108698,0.7294520547945205,2,2,2
0.7514285714285714,0.8408923,0.68425506,0.99752945,0.9338235294117647,2,10,10
0.7671428571428571,0.82591647,0.7663585,0.88547444,0.8975265017667845,2,13,13
0.7242857142857143,2.2885244,0.47748804,4.0995607,0.6788079470198676,1,11,11
0.8328571428571429,0.8831372,0.88044244,0.885832,0.9829931972789115,1,2,2
