ACC,Loss,LossPrivileged,LossUnprivileged,BalancedACC,drift-id,gm-id,gm-name
0.9371428571428572,0.22465533,0.21919383,0.3284239,0.9105431309904153,0,0,0
0.9342857142857143,0.37455437,0.23672438,2.9933238,0.6925515055467512,1,0,0
0.8514285714285714,0.67635566,0.6424336,1.3208739,0.7972027972027972,1,1,1
0.9614285714285714,0.13425285,0.116430685,0.47287384,0.8555900621118013,1,0,0
0.9757142857142858,0.1399675,0.09687678,0.9586914,0.8728943338437978,1,0,0
0.9742857142857143,0.09057392,0.058086254,0.7078396,0.8134556574923548,1,0,0
0.9714285714285714,0.12126586,0.08445186,0.82073176,0.8159509202453988,1,0,0
0.9657142857142857,0.13299689,0.110913396,0.5525829,0.7600000000000001,1,0,0
0.9742857142857143,0.10336767,0.072508685,0.6896883,0.8437978560490046,1,0,0
