ACC,Loss,LossPrivileged,LossUnprivileged,BalancedACC,drift-id,gm-id,gm-name
0.9314285714285714,0.23128454,0.22700426,0.2698074,0.9121621621621622,0,0,0
0.9557142857142857,0.22727603,0.22552265,0.2430567,0.9850746268656716,0,0,0
0.97,0.10536373,0.105242,0.106459215,0.9852941176470589,0,0,0
0.9671428571428572,0.12761597,0.12494117,0.1516892,0.9885245901639345,0,0,0
0.9657142857142857,0.13886479,0.09654718,0.5197232,0.8926829268292683,0,0,0
0.9728571428571429,0.1107563,0.081580624,0.3733374,0.9174757281553398,0,0,0
0.9828571428571429,0.10047043,0.06566256,0.41374126,0.9390048154093098,0,0,0
0.9485714285714286,0.20972043,0.10250949,1.1746191,0.7487765089722676,1,0,0
0.8342857142857143,0.962812,1.0295628,0.36205447,0.9526411657559198,1,11,11
