ACC,Loss,LossPrivileged,LossUnprivileged,BalancedACC,drift-id,gm-id,gm-name
0.7948890383322125,0.44753933,0.44948745,0.38913608,0.9776019671780618,0,0,0
0.7767316745124412,0.4765814,0.3935757,2.235807,0.31660677281431154,2,0,0
0.8143913920645595,0.41452786,0.41276452,0.45720693,0.9397484483989673,2,5,5
0.8110289172831204,0.39196557,0.3831118,0.59893876,0.8019570902342322,1,13,6-7-2-1-4-3-5
0.8137188971082717,0.39154303,0.37970582,0.63480717,0.7207696408425385,1,13,6-7-2-1-4-3-5
0.831876260928043,0.35591504,0.35011545,0.46067855,0.9047385834312829,1,13,6-7-2-1-4-3-5
0.8325487558843309,0.35216194,0.34821385,0.44140095,0.9117246898759503,1,13,6-7-2-1-4-3-5
0.800941492938803,0.40862426,0.34685877,1.6779501,0.368859160163508,0,13,6-7-2-1-4-3-5
0.8291862811028917,0.34877676,0.34720066,0.3832564,0.9826075619295959,0,0,0
