ACC,Loss,LossPrivileged,LossUnprivileged,AEQ,OEQ,OPP,MEQ,MPP,drift-id,gm-id,gm-name
0.9228571428571428,0.26872414,0.26457542,0.3060626,0.9554794520547945,0.8843052883276833,0.9071345042866934,0.6137566137566137,0.7604166666666667,0,0,0
0.9342857142857143,0.3897142,0.15084797,2.5395103,0.7128712871287128,0.6706386261675636,0.6647769813851265,0.0,0.0,1,0,0
0.8714285714285714,0.56553876,0.50953776,1.0695477,0.7513321492007103,0.7185540841846245,0.7317186890087619,0.2280701754385965,0.3411764705882353,1,2,2
0.8714285714285714,0.67208403,0.6183112,1.1560405,0.8387096774193549,0.7380559218637079,0.7909398091617904,0.3529411764705882,0.4833333333333334,1,1,1
0.9228571428571428,0.59011364,0.18900442,4.2000966,0.6258278145695364,0.5244828359331013,0.5252207102605848,0.0,0.0,3,3,3
0.8885714285714286,0.6743579,0.39644524,3.175572,0.7526132404181185,0.6621003372853809,0.6865767153270197,0.0,0.0,4,8,8
0.9314285714285714,0.29096034,0.2709628,0.4709385,0.9121621621621622,0.8730333696358015,0.8788837841152155,0.6792452830188679,0.7602339181286549,4,13,13
0.9185714285714286,0.699569,0.1296954,5.8284307,0.565289256198347,0.5649003133832855,0.5411618938486619,0.0,0.0,1,13,13
0.9314285714285714,0.382593,0.34012607,0.76479536,0.9457627118644067,0.9040605375659826,0.8722074638429623,0.5968253968253968,0.624,1,3,3
