ACC,Loss,LossPrivileged,LossUnprivileged,BalancedACC,drift-id,gm-id,gm-name
0.9271428571428572,0.2720367,0.24550408,0.29856932,0.9847094801223242,0,0,0
0.8614285714285714,1.4790767,0.25848013,2.6996737,0.8328267477203647,2,0,0
0.8557142857142858,0.6392225,0.62036276,0.65808225,0.9966666666666667,2,3,3
0.83,1.5855237,0.45791897,2.7131286,0.8503184713375797,0,1,1
0.95,0.26558924,0.1624511,0.3687274,0.9791666666666666,0,0,0
0.9685714285714285,0.15564556,0.11117437,0.20011677,0.9824561403508772,0,0,0
0.8885714285714286,1.3004731,0.21150644,2.3894396,0.8348082595870208,2,0,0
0.9842857142857143,0.032950856,0.04097944,0.024922272,0.9971014492753623,2,14,1-4-3-5-2-6
0.9785714285714285,0.100919634,0.1313608,0.070478484,0.9855072463768114,2,14,1-4-3-5-2-6
