ACC,Loss,LossPrivileged,LossUnprivileged,AEQ,OEQ,OPP,MEQ,MPP,drift-id,gm-id,gm-name
0.93,0.23311296,0.22655165,0.3577781,0.8858520900321544,0.7631139101258964,0.8024373937422389,0.0,0.0,0,0,0
0.9514285714285714,0.2533669,0.25065136,0.30496186,0.9275590551181102,0.8804543004518441,0.8762748523205517,0.6950354609929078,0.617910447761194,0,0,0
0.9657142857142857,0.20147744,0.09566964,2.211826,0.790446841294299,0.7727153688973204,0.7632754724545769,0.0,0.0,1,0,0
0.9585714285714285,0.21705021,0.12645671,1.9383268,0.7658914728682171,0.7353149306285472,0.712035445356117,0.0,0.0,1,0,0
0.9714285714285714,0.15277293,0.07867468,1.5606395,0.7856049004594181,0.7290403131789135,0.7141917804417804,0.0,0.0,1,0,0
0.9642857142857143,0.1491206,0.07407966,1.5748985,0.7307692307692308,0.781649209139854,0.7659508537337258,0.17068273092369476,0.25,3,0,0
0.9657142857142857,0.15590128,0.06921811,1.8028815,0.6091603053435114,0.6785237240829345,0.7285916217232767,0.0,0.0,3,0,0
0.97,0.1536302,0.10885176,1.0044206,0.7868098159509203,0.7781104580285614,0.723786444142163,0.0,0.0,2,0,0
0.9714285714285714,0.10573338,0.08201698,0.55634516,0.8769230769230769,0.8274838266027414,0.8159694938358786,0.0,0.0,2,0,0
