ACC,Loss,LossPrivileged,LossUnprivileged,BalancedACC,drift-id,gm-id,gm-name
0.8214285714285714,0.47957373,0.46527156,0.49387583,0.9896193771626298,0,0,0
0.7628571428571429,1.5375532,0.38870826,2.6863983,0.78,2,0,0
0.7642857142857142,0.8824067,0.8646031,0.9002104,0.9244604316546763,2,2,2
0.74,1.6024256,0.59771276,2.607138,0.7923875432525951,0,1,1
0.81,1.8632371,0.46478337,3.2616916,0.7999999999999999,2,0,0
0.8528571428571429,0.67779064,0.7214018,0.63417953,0.99,2,1,1
0.7142857142857143,2.904731,0.64075625,5.168707,0.6611295681063124,1,1,1
0.86,0.65735424,0.5781201,0.7365884,0.9933774834437086,1,9,9
0.8585714285714285,0.68127316,0.56012577,0.8024204,0.9966777408637874,1,9,9
