ACC,BalancedACC,drift-id,gm-id
0.11930926216640503,0.9178664921465969,0,0
0.8885400313971743,0.9266684339585128,0,0
0.9042386185243328,0.9814739688979041,0,0
0.9372056514913658,0.9929646596858639,0,0
0.9105180533751962,0.9494614747307373,0,0
0.13971742543171115,0.9827661431064573,2,0
0.7519623233908949,0.9555638238498949,2,0
0.8728414442700158,0.9882587064676619,2,0
0.8963893249607535,0.9047146948667107,2,0
0.9403453689167975,0.9876269621421976,2,0
0.9073783359497645,0.968817384503659,2,0
