ACC,Loss,LossPrivileged,LossUnprivileged,AEQ,OEQ,OPP,MEQ,MPP,drift-id,gm-id,gm-name
0.9471428571428572,0.18739069,0.167566,0.5640596,0.9004739336492891,0.8564173322620595,0.8678453070286171,0.6327272727272727,0.532258064516129,0,0,0
0.9414285714285714,0.19804125,0.121779524,1.647014,0.8117088607594937,0.6405528560438815,0.6650295499859644,0.0,0.0,1,0,0
0.9714285714285714,0.13203064,0.06705873,1.3664967,0.7856049004594181,0.7442278186091574,0.6768349440466734,0.0,0.0,1,0,0
0.9528571428571428,0.2901206,0.19542398,2.089357,0.7091757387247278,0.7068754957941602,0.7209745558786119,0.0,0.0,1,0,0
0.9757142857142858,0.184672,0.056060486,2.628291,0.7519025875190259,0.7168621142030412,0.689891149934926,0.0,0.0,2,0,0
0.9771428571428571,0.07647931,0.05380539,0.5072836,0.9325153374233128,0.8787455104613917,0.8054295360616817,0.0,0.0,2,0,0
0.9757142857142858,0.12482758,0.104100905,0.5186345,0.9033742331288342,0.7859159739049333,0.7802485921336728,0.0,0.0,2,0,0
0.9842857142857143,0.102838494,0.010494405,1.8573761,0.7153614457831325,0.7596994535519126,0.7361538461538462,0.0,0.0,1,0,0
0.9828571428571429,0.06888042,0.03821506,0.6515223,0.8361153262518969,0.8099206349206348,0.7435320254862509,0.0,0.0,1,0,0
