ACC,Loss,LossPrivileged,LossUnprivileged,BalancedACC,drift-id,gm-id,gm-name
0.8342857142857143,0.44900453,0.42551675,0.6603943,0.9545454545454546,0,0,0
0.8614285714285714,0.4138944,0.36128345,0.88739306,0.8315217391304347,0,0,0
0.8928571428571429,0.4142136,0.42904827,0.2807014,0.9739583333333333,0,0,0
0.8614285714285714,0.48132765,0.44752952,0.78551006,0.8493647912885662,0,0,0
0.8742857142857143,0.56895065,0.36544433,2.400508,0.7314487632508834,2,0,0
0.7928571428571428,0.8233179,0.717757,1.7733654,0.8520710059171598,2,7,7
0.8257142857142857,0.5952307,0.58534443,0.6842071,0.8897338403041825,2,9,9
0.8757142857142857,0.61883605,0.4203152,2.4055235,0.7473498233215546,0,10,5-8
0.8857142857142857,0.6406747,0.637595,0.6683925,0.9823633156966489,0,0,0
