ACC,Loss,LossPrivileged,LossUnprivileged,BalancedACC,drift-id,gm-id,gm-name
0.7886944818304172,0.441606,0.44520563,0.3665432,0.9556719725972195,0,0,0
0.7934051144010767,0.45706788,0.42329994,1.1106861,0.6797599432330691,1,0,0
0.8115746971736204,0.4010658,0.37510744,0.8894275,0.7967617401325267,1,0,0
0.8310901749663526,0.37445152,0.3431359,1.0079223,0.8002886002886003,1,0,0
0.8236877523553163,0.36925945,0.3472049,0.8758017,0.8564242755604156,1,0,0
0.8344549125168237,0.3550979,0.3303997,0.8864837,0.7915273132664437,1,0,0
0.7826379542395693,0.46017173,0.44187188,0.81955945,0.8087635531682084,1,7,1-3-2-4
0.8378196500672948,0.36208728,0.3358485,0.9357083,0.8009223083327995,1,0,0
0.8445491251682369,0.33831075,0.32981142,0.4801681,0.8821308724832215,1,0,0
