ACC,Loss,LossPrivileged,LossUnprivileged,BalancedACC,drift-id,gm-id,gm-name
0.7955271565495208,0.42140085,0.46487495,0.33589494,0.8904612926845504,0,0,0
0.5894568690095847,0.9682806,0.46742967,1.9604428,0.3322483423749247,1,0,0
0.8194888178913738,0.41575146,0.42728972,0.39415684,0.9944406408325346,1,1,1
0.7763578274760383,0.4622474,0.4895028,0.3997034,0.8400574776168895,1,1,1
0.8194888178913738,0.41858193,0.448683,0.3576526,0.913961813842482,1,1,1
0.8610223642172524,0.3414057,0.3667137,0.29198352,0.940605136028477,1,1,1
0.8115015974440895,0.37406003,0.4335589,0.24732739,0.8629055524956067,1,1,1
0.6150159744408946,0.92435324,0.38232478,1.9246424,0.3207039911308204,0,1,1
0.829073482428115,0.34812683,0.3751273,0.29933235,0.9661664500374177,0,0,0
