ACC,Loss,LossPrivileged,LossUnprivileged,BalancedACC,drift-id,gm-id
0.6888333333333333,1.1360313,1.1111102,1.3603201,0.8954509177972865,0,0
0.7388333333333333,1.0302806,1.0064259,1.2449725,0.8901834407535945,0,0
0.782,0.8814285,0.84839934,1.1786904,0.8709677419354838,0,0
0.7883333333333333,0.81870866,0.79328144,1.0475535,0.8610145934676859,0,0
0.8045,0.8009013,0.76598924,1.11511,0.8891418165262919,0,0
0.8161666666666667,0.7167527,0.65784216,1.246947,0.800533689126084,0,0
0.8258333333333333,0.7178659,0.6709981,1.1396768,0.8248512888301389,0,0
0.827,0.7873911,0.5851284,2.6077557,0.6977198697068404,1,0
0.8376666666666667,0.774418,0.59141874,2.4214103,0.6923076923076924,1,0
0.8676666666666667,0.5943348,0.54068094,1.0772192,0.8412098298676749,0,0
