ACC,Loss,LossPrivileged,LossUnprivileged,BalancedACC,drift-id,gm-id,gm-name
0.8228571428571428,0.49063948,0.47546107,0.77902865,0.9927404718693285,0,0,0
0.8757142857142857,0.47575966,0.3612073,2.6522558,0.6408094435075885,2,0,0
0.7857142857142857,0.7862639,0.7576949,1.3290745,0.8669201520912547,2,7,7
0.8471428571428572,0.7974341,0.669032,3.2370744,0.6975524475524475,0,7,7
0.8957142857142857,0.43099844,0.3949288,1.116321,0.7890365448504983,0,0,0
0.9057142857142857,0.4373921,0.4096388,0.9647062,0.9107438016528926,0,0,0
0.9028571428571428,0.55600375,0.51946056,1.2503237,0.7825370675453048,0,0,0
0.8442857142857143,0.9607061,0.833747,3.372928,0.7346221441124781,1,0,0
0.8871428571428571,0.59291285,0.54320467,1.5373678,0.897133220910624,1,4,4
