ACC,Loss,LossPrivileged,LossUnprivileged,BalancedACC,drift-id,gm-id,gm-name
0.7830551989730423,0.4621627,0.46266317,0.4562726,0.9515320334261839,0,0,0
0.8023106546854942,0.40201476,0.413513,0.28910792,0.8773800456968774,0,0,0
0.7650834403080873,0.54494196,0.39948395,2.0658336,0.4007481041196967,1,0,0
0.7907573812580231,0.4704637,0.46882308,0.4873456,0.9718309859154929,1,10,10
0.8202824133504493,0.40137088,0.4001517,0.41454116,0.9451539086144535,1,19,10-8-9
0.2888318356867779,1.5688975,1.6061674,1.2084516,0.8409767718880286,2,20,17-10-8-9
0.9024390243902439,0.23042358,0.22466837,0.2958322,0.9972067039106145,2,16,7-5-1-3-6-2-4
0.4467265725288832,1.9117279,2.0803833,0.6205757,0.5187642546133112,0,16,7-5-1-3-6-2-4
0.8408215661103979,0.33325735,0.34334752,0.24509445,0.956468424279583,0,0,0
