ACC,Loss,LossPrivileged,LossUnprivileged,AEQ,OEQ,OPP,MEQ,MPP,drift-id,gm-id,gm-name
0.8432032301480484,0.3314142,0.33090183,0.34133223,0.9758590862624832,0.6687130407718642,0.958461443222385,0.40714285714285714,0.9302325581395349,0,0,0
0.851278600269179,0.34413284,0.3486516,0.25538975,0.9400500489609399,0.755884600439626,0.9650950561379892,0.5596330275229358,0.9531258920924921,0,0,0
0.8344549125168237,0.3685935,0.33034602,1.247053,0.6867431143500161,0.558520902805195,0.7557320007365498,0.13729891507669284,0.6730801630892611,3,0,0
0.823014804845222,0.39090076,0.35123762,1.1166843,0.5549732491602752,0.544081353888719,0.5276991334642837,0.5190058479532164,0.29166666666666663,2,1,1
0.8378196500672948,0.34230337,0.33479494,0.517704,0.916486493883248,0.6366391251590493,0.8640731156809994,0.31709401709401713,0.8307692307692307,2,2,0-1
0.8310901749663526,0.35428792,0.32557482,0.83964354,0.6835497000639458,0.6064228515425489,0.7018951795959891,0.2308472856418062,0.6681231851686397,3,2,0-1
0.8405114401076716,0.32635006,0.31561702,0.5728635,0.8189161718290269,0.7592573461891644,0.8354322445231537,0.5560146923783288,0.8095238095238095,3,2,0-1
0.8458950201884253,0.3219049,0.31857336,0.39358348,0.9968058350100604,0.8500102098042881,0.9489619988345426,0.732994923857868,0.9120370370370371,2,2,0-1
0.82907133243607,0.3477101,0.3404881,0.48358008,0.9294491766042021,0.8168780719835105,0.9399116004962779,0.6428571428571429,0.9182847394540943,2,2,0-1
