ACC,Loss,LossPrivileged,LossUnprivileged,AEQ,OEQ,OPP,MEQ,MPP,drift-id,gm-id,gm-name
0.9514285714285714,0.17568216,0.17663823,0.16707747,0.9568106312292358,0.9071323431170886,0.9202421721785491,0.8041431261770245,0.7482993197278911,0,0,0
0.9385714285714286,0.37410748,0.123050824,2.6336179,0.725328947368421,0.6920078524914902,0.6927282549834771,0.0,0.0,1,0,0
0.8242857142857143,0.8698212,0.80818784,1.4245205,0.6884328358208955,0.6279080574941391,0.5896928901635974,0.0,0.0,1,2,2
0.8328571428571429,0.7703475,0.7077219,1.3339777,0.7709497206703911,0.6401559280789263,0.700796774307644,0.20833333333333331,0.42948717948717946,1,7,7
0.8928571428571429,0.46307272,0.34962326,1.4841176,0.7150259067357513,0.7038505491183686,0.7150741963824763,0.14705882352941177,0.39314516129032256,1,5,5
0.86,0.635795,0.5976213,0.9793578,0.779783393501805,0.7164846655366127,0.7124716593138519,0.0,0.0,1,18,18
0.8628571428571429,0.6487051,0.6493825,0.64260936,0.9378427787934186,0.741006969183911,0.831464737211775,0.2791666666666667,0.5583333333333333,1,19,19
0.94,0.43309408,0.24100521,2.1618943,0.8535773710482528,0.767539717668962,0.7461261394727432,0.0,0.0,0,5,5
0.9757142857142858,0.11735763,0.07953712,0.45774215,0.898550724637681,0.8858775307414216,0.8955260492104958,0.6772486772486772,0.75,0,0,0
