ACC,Loss,LossPrivileged,LossUnprivileged,BalancedACC,drift-id,gm-id,gm-name
0.9542857142857143,0.17558657,0.16530912,0.3708582,0.9246467817896389,0,0,0
0.9485714285714286,0.21949467,0.13487338,1.8272992,0.6817472698907956,2,0,0
0.8271428571428572,0.90845805,0.8539573,1.9439728,0.5053191489361701,2,4,4
0.8985714285714286,0.5543191,0.44117564,2.7040439,0.5918032786885246,1,1,1
0.96,0.20633492,0.17526981,0.7965719,0.8878504672897195,1,7,7
0.9357142857142857,0.2735403,0.22536696,1.1888336,0.7853736089030208,1,7,7
0.96,0.17698294,0.17980577,0.12334915,0.9812206572769954,1,7,7
0.97,0.23629548,0.14720605,1.928994,0.8476923076923077,0,7,7
0.98,0.10432445,0.06740093,0.8058714,0.9296636085626911,0,0,0
