ACC,Loss,LossPrivileged,LossUnprivileged,BalancedACC,drift-id,gm-id,gm-name
0.7766367137355584,0.43642527,0.44730437,0.32623556,0.9311317542921065,0,0,0
0.7766367137355584,0.51195186,0.39518178,1.8164928,0.4415002147766323,1,0,0
0.7792041078305519,0.45934078,0.35539734,1.4646026,0.2955555038723632,1,0,0
0.7933247753530167,0.39626187,0.34962076,0.88393664,0.5521845876340314,1,2,0-1
0.8189987163029525,0.37134,0.31433195,0.96741056,0.5159152476780186,2,2,0-1
0.8061617458279846,0.3711361,0.3403674,0.776164,0.6603830951657038,2,2,0-1
0.8087291399229781,0.37537134,0.34088826,0.7139762,0.7193119439712284,2,2,0-1
0.803594351732991,0.40707967,0.36998782,0.77130055,0.5991525423728814,0,2,0-1
0.810012836970475,0.38945064,0.35346365,0.75975156,0.5860218969242348,0,2,0-1
