ACC,Loss,LossPrivileged,LossUnprivileged,BalancedACC,drift-id,gm-id,gm-name
0.8466666666666667,0.33136347,0.30012357,0.6289644,0.8142150247413404,0,0,0
0.8683333333333333,0.33266383,0.2398636,1.2522298,0.6484476668525748,1,0,0
0.895,0.26800984,0.24171132,0.55729365,0.8614457831325302,1,1,1
0.89,0.2613918,0.24343936,0.45058295,0.9229202569324768,1,12,4-2-1-3
0.835,0.45441976,0.27691016,2.1787984,0.5968523002421308,2,12,4-2-1-3
0.8733333333333333,0.30948055,0.28329295,0.6039576,0.8048495471808356,2,11,7-5-6
0.86,0.3116054,0.28784165,0.4975219,0.8955660017786813,2,11,7-5-6
0.8816666666666667,0.29176566,0.23787835,0.79533297,0.7437719915552429,0,11,7-5-6
0.8963210702341137,0.247969,0.24780026,0.24963474,0.9710879284649776,0,0,0
