ACC,Loss,LossPrivileged,LossUnprivileged,BalancedACC,drift-id,gm-id,gm-name
0.7342747111681643,0.50294656,0.52163625,0.32219374,0.7927289896128423,0,0,0
0.4017971758664955,1.3663958,1.4779729,0.28731018,0.39450860753976896,2,0,0
0.7702182284980744,0.5465833,0.5624684,0.40778652,0.8807613360701623,2,1,1
0.28369704749679076,1.232477,1.2200693,1.348943,0.9856,1,14,2-1-4-3-5
0.8138639281129654,0.4255319,0.40723497,0.60798615,0.9096506751351483,1,13,6-7-8
0.7958921694480102,0.43193868,0.41524443,0.58636034,0.9728163992869874,1,13,6-7-8
0.33504492939666236,1.6396848,1.6854135,1.1615516,0.7745098039215687,2,13,6-7-8
0.9152759948652118,0.22176413,0.22338152,0.20538227,0.998811358133392,2,14,2-1-4-3-5
0.9114249037227214,0.19721387,0.18283243,0.34758455,0.9476145296828409,2,14,2-1-4-3-5
