ACC,Loss,LossPrivileged,LossUnprivileged,BalancedACC,drift-id,gm-id,gm-name
0.7901815736381977,0.44369668,0.45051575,0.25551742,0.8696864111498258,0,0,0
0.3496973772696705,1.472782,1.5422877,0.34048733,0.3881935438469503,2,0,0
0.4566240753194351,0.8355446,0.84984374,0.46324852,0.5285250182171484,2,0,0
0.5460659045057162,0.7535886,0.76471317,0.48900756,0.6273960179727112,2,0,0
0.7303295225285811,0.5330656,0.5146857,0.86963344,0.6639734311490036,1,0,0
0.45527908540685946,0.84553474,0.8470866,0.818598,0.9748656612931184,1,0,0
0.5319435104236718,0.7592556,0.75983584,0.7461386,0.8910581315311932,1,0,0
0.773369199731002,0.5035631,0.5105307,0.37597498,0.8555555555555556,2,0,0
0.6361802286482852,0.6679092,0.6782963,0.42917487,0.7635362917096662,2,0,0
