ACC,Loss,LossPrivileged,LossUnprivileged,BalancedACC,drift-id,gm-id
0.8585714285714285,0.47528254985809326,0.49755436182022095,0.4530107378959656,0.9769736842105263,0,<federated.algorithms.fair_fed_drift.ClientIdentity.ClientIdentity object at 0x133e2da90>
0.76,1.915184497833252,0.6087221503257751,3.221646785736084,0.8344827586206895,1,<federated.algorithms.fair_fed_drift.ClientIdentity.ClientIdentity object at 0x15e4e85f8>
0.7585714285714286,0.7764201164245605,0.8117312788963318,0.7411090135574341,0.9522058823529412,1,<federated.algorithms.fair_fed_drift.ClientIdentity.ClientIdentity object at 0x16e794128>
0.8357142857142857,0.5975140929222107,0.6268945932388306,0.5681336522102356,0.9965870307167234,1,<federated.algorithms.fair_fed_drift.ClientIdentity.ClientIdentity object at 0x15bbdeac8>
0.7442857142857143,2.2554430961608887,0.5443073511123657,3.966578960418701,0.7251655629139072,2,<federated.algorithms.fair_fed_drift.ClientIdentity.ClientIdentity object at 0x15c01cc50>
0.8,0.7943207025527954,0.5322703719139099,1.0563710927963257,0.8729096989966554,2,<federated.algorithms.fair_fed_drift.ClientIdentity.ClientIdentity object at 0x15e435b70>
0.8342857142857143,0.6017662882804871,0.6192241907119751,0.5843082070350647,0.9337748344370861,2,<federated.algorithms.fair_fed_drift.ClientIdentity.ClientIdentity object at 0x15c17bbe0>
0.7157142857142857,2.098050355911255,0.517569899559021,3.6785314083099365,0.7040816326530612,1,<federated.algorithms.fair_fed_drift.ClientIdentity.ClientIdentity object at 0x15c599198>
0.8328571428571429,0.7051903009414673,0.7009113430976868,0.7094693183898926,0.9897610921501707,1,<federated.algorithms.fair_fed_drift.ClientIdentity.ClientIdentity object at 0x15bba9668>
0.76,2.2003002166748047,0.6894118785858154,3.711188316345215,0.8033898305084746,0,<federated.algorithms.fair_fed_drift.ClientIdentity.ClientIdentity object at 0x15e423a58>
