ACC,Loss,LossPrivileged,LossUnprivileged,BalancedACC,drift-id,gm-id,gm-name
0.9114285714285715,0.27588096,0.33283097,0.21893097,0.981366459627329,0,0,0
0.85,1.807846,0.15125595,3.464436,0.7603550295857988,1,0,0
0.8685714285714285,0.64069283,0.60896677,0.672419,0.974025974025974,1,4,4
0.8842857142857142,0.4976083,0.41035762,0.58485895,0.9223602484472049,1,6,2-3
0.9342857142857143,0.28472155,0.23382989,0.3356132,0.9818181818181818,1,7,1-4-2-3
0.9371428571428572,0.3411235,0.18122053,0.50102645,0.9640718562874252,1,7,1-4-2-3
0.9542857142857143,0.24460308,0.26275185,0.22645436,0.9821958456973293,1,7,1-4-2-3
0.83,2.1178346,0.20264958,4.0330195,0.7606060606060607,0,7,1-4-2-3
0.9914285714285714,0.01918208,0.011608142,0.026756015,0.9942528735632183,0,0,0
