ACC,Loss,LossPrivileged,LossUnprivileged,BalancedACC,drift-id,gm-id
0.9385714285714286,0.22130594,0.24863362,0.19397825,0.972972972972973,0,<federated.algorithms.fair_fed_drift.ClientIdentity.ClientIdentity object at 0x7fea1f40eb00>
0.8385714285714285,1.5642308,0.21725672,2.9112046,0.78419452887538,1,<federated.algorithms.fair_fed_drift.ClientIdentity.ClientIdentity object at 0x7fea1f147340>
0.8642857142857143,0.63968605,0.5615255,0.7178466,0.9579288025889968,1,<federated.algorithms.fair_fed_drift.ClientIdentity.ClientIdentity object at 0x7fea003bd720>
0.8871428571428571,0.5732105,0.60988355,0.5365374,0.9777070063694268,1,<federated.algorithms.fair_fed_drift.ClientIdentity.ClientIdentity object at 0x7fea00720940>
0.7857142857142857,2.344739,0.30080417,4.388674,0.6975308641975309,2,<federated.algorithms.fair_fed_drift.ClientIdentity.ClientIdentity object at 0x7fea005411b0>
0.9085714285714286,0.38045734,0.23567012,0.5252446,0.9690402476780186,2,<federated.algorithms.fair_fed_drift.ClientIdentity.ClientIdentity object at 0x7fea002e14e0>
0.93,0.30011243,0.33000475,0.27022004,0.9969325153374234,2,<federated.algorithms.fair_fed_drift.ClientIdentity.ClientIdentity object at 0x7fe99c191c60>
0.95,0.19419108,0.26778084,0.12060134,0.9444444444444444,2,<federated.algorithms.fair_fed_drift.ClientIdentity.ClientIdentity object at 0x7fe944563ee0>
0.9628571428571429,0.1871775,0.028708128,0.34564683,0.9367816091954022,2,<federated.algorithms.fair_fed_drift.ClientIdentity.ClientIdentity object at 0x7fe8a548eb90>
0.8528571428571429,1.5597703,0.17358927,2.9459515,0.7927927927927929,0,<federated.algorithms.fair_fed_drift.ClientIdentity.ClientIdentity object at 0x7fea004a0be0>
