ACC,Loss,LossPrivileged,LossUnprivileged,AEQ,OEQ,OPP,MEQ,MPP,drift-id,gm-id,gm-name
0.9357142857142857,0.24282803,0.21135,0.52613,0.9746192893401014,0.8970681728158126,0.8911641020647467,0.7720588235294118,0.6441176470588236,0,0,0
0.9642857142857143,0.16544545,0.1585138,0.22783013,0.9753694581280787,0.9181030440763933,0.9343676094895175,0.5403225806451613,0.7647058823529412,0,0,0
0.9642857142857143,0.12735032,0.11605336,0.22902305,0.959016393442623,0.9204301862413239,0.9205634258334425,0.8137931034482758,0.8045977011494253,0,0,0
0.9742857142857143,0.096770465,0.069617756,0.34114495,0.9320388349514563,0.9135926741099795,0.9082882473084952,0.7730769230769231,0.6260869565217391,0,0,0
0.9414285714285714,0.54144007,0.20581232,3.5620892,0.707037643207856,0.7397599813735019,0.7208199565342424,0.0,0.0,2,0,0
0.87,0.6551414,0.5705621,1.4163549,0.7526690391459073,0.6937373329054143,0.7570200391617573,0.2818181818181818,0.3696969696969697,2,8,8
0.9357142857142857,0.2751679,0.20812705,0.8785356,0.8250000000000001,0.8100750342411676,0.826520755024499,0.5357142857142857,0.5707762557077626,2,12,8-6-7-9
0.9642857142857143,0.29038584,0.059091866,2.3720317,0.7983870967741936,0.729091393124913,0.745616717145009,0.0,0.0,0,12,8-6-7-9
0.99,0.044118203,0.020885237,0.2532149,0.963258785942492,0.9578832142356732,0.9521969961787473,0.7777777777777778,0.8333333333333334,0,0,0
