ACC,Loss,LossPrivileged,LossUnprivileged,AEQ,OEQ,OPP,MEQ,MPP,drift-id,gm-id,gm-name
0.803594351732991,0.4223828,0.4351313,0.29908955,0.9079762747875353,0.7850252325196845,0.9148377125193199,0.5742331288343558,0.9042516962250805,0,0,0
0.7715019255455713,0.49656087,0.44001514,1.0352741,0.6430320195861936,0.7019872170395259,0.6363072216271152,0.45530523255813954,0.569317739957527,1,0,0
0.7689345314505777,0.47468358,0.46734452,0.54674906,0.8943027727180731,0.8762420674682698,0.7855767225791341,0.7708333333333333,0.7741012909632571,1,0,0
0.7997432605905006,0.42751604,0.40114164,0.7272638,0.6764928193499623,0.8801168486526741,0.6135546810782174,0.8125701459034792,0.483990096101389,1,0,0
0.8318356867779204,0.38840342,0.37224457,0.55735826,0.8553225964843366,0.9696024243216246,0.7565806993922533,0.9547993905535804,0.700990099009901,1,0,0
0.7894736842105263,0.4275848,0.41348022,0.5369355,0.8848314606741572,0.5335284559535112,0.9304456671011082,0.5284939587099229,0.9114176499916902,1,0,0
0.810012836970475,0.41335315,0.415542,0.39009267,0.9543989895084165,0.44474344305580005,0.9012200158309531,0.42753036437246966,0.8330522765598652,1,0,0
0.7676508344030809,0.4990796,0.381648,1.5544585,0.3921107978699602,0.32231834768865963,0.5905378659358823,0.1715828031617505,0.3322784810126582,0,0,0
0.7843388960205392,0.43322363,0.3900973,0.7633795,0.7421903052064631,0.4844414165546762,0.6207491138997988,0.425414364640884,0.41958041958041964,0,0,0
