ACC,Loss,LossPrivileged,LossUnprivileged,BalancedACC,drift-id,gm-id,gm-name
0.803594351732991,0.4223828,0.43513125,0.29908955,0.9079762747875353,0,0,0
0.7715019255455713,0.49656087,0.44001514,1.0352743,0.6430320195861936,1,0,0
0.7689345314505777,0.47468358,0.46734446,0.54674906,0.8943027727180731,1,0,0
0.7997432605905006,0.427516,0.40114164,0.7272637,0.6764928193499623,1,0,0
0.8318356867779204,0.38840336,0.37224454,0.55735826,0.8553225964843366,1,0,0
0.7894736842105263,0.4275848,0.4134802,0.5369353,0.8848314606741572,1,0,0
0.810012836970475,0.41335315,0.415542,0.39009267,0.9543989895084165,1,0,0
0.7676508344030809,0.4990796,0.381648,1.5544584,0.3921107978699602,0,0,0
0.7843388960205392,0.43322363,0.39009735,0.7633795,0.7421903052064631,0,0,0
