ACC,BalancedACC,drift-id,gm-id
0.015723270440251572,0,0,0
0.8018867924528302,0,0,0
0.09276729559748427,0,1,0
0.7720125786163522,0,1,0
0.8223270440251572,0,1,0
0.8632075471698113,0,1,0
0.8757861635220126,0,1,0
0.8883647798742138,0,1,0
0.8710691823899371,0,0,0
0.8915094339622641,0,0,0
0.8820754716981132,0,0,0
