ACC,Loss,LossPrivileged,LossUnprivileged,AEQ,drift-id,gm-id,gm-name
0.6238095238095238,4.731972,3.0581698,8.916479,0.45045045045045046,0,0,0
0.6880952380952381,4.169045,3.187726,6.6223426,0.6413043478260869,0,0,0
0.6928571428571428,4.1465063,3.1207912,6.710795,0.6630434782608695,0,0,0
0.7166666666666667,3.6604166,2.6577585,6.1670628,0.6751054852320675,0,0,0
0.7023809523809523,4.430133,2.1488142,10.133429,0.39215686274509803,2,0,0
0.6880952380952381,4.5224204,2.883147,8.620603,0.5230125523012553,2,7,7
0.6833333333333333,4.400261,2.3004172,9.649869,0.4405737704918033,2,9,9
0.6976190476190476,4.3217044,2.6126235,8.594408,0.5020491803278688,2,6,6
0.719047619047619,3.9900448,2.277629,8.271086,0.5566801619433198,2,12,12
