ACC,Loss,LossPrivileged,LossUnprivileged,AEQ,OEQ,OPP,MEQ,MPP,drift-id,gm-id,gm-name
0.92,0.27134612,0.27013376,0.2822569,0.993103448275862,0.8988825351284385,0.9192449948837652,0.8051948051948052,0.8400000000000001,0,0,0
0.9285714285714286,0.38351324,0.17567337,2.2540717,0.7337770382695507,0.678413978717973,0.6467237195970511,0.0,0.0,3,0,0
0.9485714285714286,0.18277697,0.14156309,0.55370194,0.8776859504132232,0.7719679104131204,0.7738060893952365,0.20967741935483872,0.2578125,3,0,0
0.94,0.18337122,0.11449768,0.8032331,0.804635761589404,0.7337469773610519,0.7424070385589658,0.0,0.0,3,0,0
0.9471428571428572,0.1710549,0.120607555,0.6250809,0.781967213114754,0.7013246013958141,0.7387980064940012,0.0,0.0,2,0,0
0.9542857142857143,0.17010863,0.13991587,0.44184342,0.8557377049180328,0.8324128798292085,0.8362218210182613,0.4474789915966387,0.6088235294117647,2,0,0
0.9328571428571428,0.34145224,0.155726,2.0129886,0.698019801980198,0.6791109592031777,0.6470522173709334,0.0,0.0,4,0,0
0.9628571428571429,0.11907025,0.06099642,0.6417346,0.8314424635332253,0.8155684534506914,0.7989065040757606,0.14778325123152708,0.14285714285714285,4,0,0
0.94,0.2141598,0.13314816,0.94326466,0.7722772277227723,0.6944684030972442,0.6695818691344749,0.0,0.0,4,0,0
