ACC,Loss,LossPrivileged,LossUnprivileged,BalancedACC,drift-id,gm-id,gm-name
0.9228571428571428,0.28249922,0.26828277,1.6899275,0.4618973561430793,0,0,0
0.9642857142857143,0.13465984,0.13239607,0.358774,0.8878923766816144,0,0,0
0.9557142857142857,0.23655139,0.23071751,0.8141056,0.8959276018099547,0,0,0
0.99,0.05625446,0.055424478,0.13842312,0.98989898989899,0,0,0
0.98,0.09267362,0.08797024,0.55830956,0.8735294117647058,0,0,0
0.9742857142857143,0.107226506,0.07826314,2.9745984,0.7311669128508124,0,0,0
0.9957142857142857,0.023799956,0.022984942,0.10448628,0.9956709956709957,0,0,0
0.9757142857142858,0.10488647,0.06706259,3.8494518,0.4367647058823529,1,0,0
0.9885714285714285,0.054156877,0.023788504,3.0606253,0.4310595065312046,1,0,0
