ACC,Loss,LossPrivileged,LossUnprivileged,AEQ,OEQ,OPP,MEQ,MPP,drift-id,gm-id,gm-name
0.8414285714285714,0.41448388,0.3941296,0.8012145,0.8070796460176991,0.6137342058237789,0.6486978657911338,0.0,0.0,0,0,0
0.8871428571428571,0.36238927,0.35428074,0.5164505,0.9307432432432433,0.8585961989202537,0.791299804216254,0.6476190476190476,0.5446428571428571,0,0,0
0.8885714285714286,0.52000535,0.3938495,2.9169655,0.8288590604026846,0.6715887133522956,0.6857027467162811,0.0,0.0,1,0,0
0.7471428571428571,0.95631,0.95774275,0.9290862,0.9668615984405456,0.6708305815553443,0.8516147410817911,0.27272727272727276,0.6190476190476191,1,8,8
0.8328571428571429,0.7229587,0.72654206,0.6548756,0.9585585585585586,0.7331582763558822,0.7490139933166249,0.0,0.0,1,8,8
0.8671428571428571,0.57387495,0.46174747,2.7042964,0.7145299145299145,0.6712790458087741,0.6471792210895237,0.0,0.0,0,8,8
0.8814285714285715,0.5412698,0.52040994,0.9376072,0.9710391822827938,0.8810748370876791,0.8106276238805421,0.648936170212766,0.44680851063829785,0,0,0
0.8971428571428571,0.54414123,0.46956605,1.9610698,0.8205980066445183,0.5888034436805145,0.6277479773926231,0.0,0.0,1,0,0
0.8428571428571429,0.7437398,0.7146625,1.2962075,0.7707231040564374,0.6108856841632659,0.6293241324423838,0.0,0.0,1,8,8
