ACC,Loss,LossPrivileged,LossUnprivileged,BalancedACC,drift-id,gm-id,gm-name
0.8003194888178914,0.42681983,0.4884379,0.297483,0.879743782161235,0,0,0
0.6325878594249201,0.96377766,0.4027612,2.0993617,0.361456176673568,2,0,0
0.7492012779552716,0.5195125,0.48834324,0.57909626,0.9820429000044782,2,1,1
0.7699680511182109,0.4948632,0.44022956,0.5993023,0.9234633273703041,2,1,1
0.7971246006389776,0.4453537,0.47742295,0.3869935,0.940728583727938,1,1,1
0.8194888178913738,0.39719915,0.40097576,0.38885182,0.9714887620457491,1,1,1
0.8338658146964856,0.36093363,0.3686083,0.34446594,0.94834159359512,1,1,1
0.8354632587859425,0.38538554,0.40604058,0.33762762,0.9383815269398794,1,1,1
0.8210862619808307,0.37433,0.3765228,0.36979395,0.9955991875423156,1,1,1
