ACC,Loss,LossPrivileged,LossUnprivileged,BalancedACC,drift-id,gm-id,gm-name
0.9228571428571428,0.24756986,0.24024458,0.38674977,0.9577235772357723,0,0,0
0.9414285714285714,0.25155896,0.18794133,1.4602942,0.7181102362204724,2,0,0
0.96,0.1504023,0.12641065,0.60624415,0.8569206842923796,2,0,0
0.9842857142857143,0.06960758,0.05158243,0.41208524,0.8951367781155015,0,0,0
0.9757142857142858,0.090172045,0.08152059,0.25454986,0.9646153846153847,2,0,0
0.9785714285714285,0.095064536,0.063725255,0.6905108,0.8702290076335878,2,0,0
0.9728571428571429,0.14530933,0.12050106,0.6166663,0.9061538461538462,1,0,0
0.9771428571428571,0.0811829,0.05267906,0.6227558,0.8715596330275229,1,0,0
0.9685714285714285,0.12891203,0.10054794,0.66782963,0.8489984591679508,1,0,0
