ACC,Loss,LossPrivileged,LossUnprivileged,BalancedACC,drift-id,gm-id,gm-name
0.754813863928113,0.477423,0.49019358,0.36887327,0.8849104859335039,0,0,0
0.7997432605905006,0.4166112,0.4256621,0.33526865,0.939048113085203,0,0,0
0.8421052631578947,0.34548414,0.35780457,0.2263305,0.8941009831694717,0,0,0
0.8395378690629012,0.35416588,0.35622284,0.33485785,0.9491219008264462,0,0,0
0.42618741976893454,1.5361392,1.6355362,0.3866613,0.4261805140466228,2,0,0
0.4492939666238768,1.2037373,1.2998773,0.30130345,0.4499872795115333,2,0,0
0.4313222079589217,1.155427,1.2363746,0.3605649,0.4591091427643936,2,0,0
0.8331193838254172,0.3858995,0.39821142,0.27201468,0.9087348217783001,0,0,0
0.8177150192554558,0.38487434,0.40297014,0.21501516,0.8492717669654289,0,0,0
