ACC,Loss,LossPrivileged,LossUnprivileged,AEQ,OEQ,OPP,MEQ,MPP,drift-id,gm-id,gm-name
0.9085714285714286,0.37897727,0.36914474,0.56579536,0.8750000000000001,0.7964941141743631,0.8460067432625822,0.5483870967741935,0.5612244897959184,0,0,0
0.9514285714285714,0.23382555,0.13095059,2.1884503,0.7410296411856474,0.7099934427597603,0.6783731523042787,0.0,0.0,1,0,0
0.9528571428571428,0.20667464,0.15145104,1.2559233,0.7398753894080997,0.7238708023776448,0.6825125335407729,0.0,0.0,1,0,0
0.9657142857142857,0.13251323,0.06856501,1.3475295,0.790446841294299,0.7264866201656397,0.7847701704758325,0.0,0.0,2,0,0
0.9557142857142857,0.17126188,0.119866334,1.147777,0.7375776397515528,0.7137287906543739,0.6962837273426273,0.0,0.0,2,0,0
0.9742857142857143,0.15375793,0.079980284,1.5555333,0.7832061068702291,0.7205314853645935,0.7216403327158475,0.0,0.0,4,0,0
0.9585714285714285,0.21388753,0.0599261,3.1391544,0.46412213740458014,0.497757116059049,0.5431864531637717,0.0,0.0,4,0,0
0.9757142857142858,0.0993926,0.067713656,0.7012926,0.8122137404580153,0.7933562230085104,0.7911047312777032,0.2,0.2025974025974026,3,0,0
0.9714285714285714,0.12411572,0.06528775,1.2418473,0.7553516819571866,0.7405170997871824,0.74000390752096,0.3383838383838384,0.25416666666666665,3,0,0
