ACC,Loss,LossPrivileged,LossUnprivileged,AEQ,OEQ,OPP,drift-id,gm-id,gm-name
0.8666666666666667,0.6620607,0.32001832,2.0302298,0.6594982078853046,0.6415778075932682,0.793869794287474,0,0,0
0.7786666666666666,1.5592319,0.44459778,6.0177684,0.30996309963099633,0.3052375110942661,0.49832484032980945,2,0,0
0.768,1.5742681,0.97233784,3.9819899,0.5,0.4830484013830787,0.8418377161537929,2,2,2
0.8106666666666666,1.3107487,0.7663414,3.4883776,0.6235741444866919,0.6362024010572281,0.8614446277010854,2,2,2
0.7626666666666667,2.23677,0.63509274,8.643477,0.3007518796992481,0.33265477043614533,0.2943113080052609,1,2,2
0.8373333333333334,1.1505336,0.64432156,3.1753814,0.704119850187266,0.6695549713250629,0.717772309616128,1,1,1
0.8426666666666667,1.0855776,0.47209936,3.5394897,0.6642066420664207,0.6587146684860885,0.7598507400729064,1,1,1
0.8426666666666667,1.2779965,0.43382603,4.654679,0.5304659498207885,0.4988154843692015,0.7562278167881998,1,1,1
0.84,1.1138546,0.43895686,3.813446,0.5652173913043478,0.5788705256558956,0.8032504091054931,1,1,1
