ACC,Loss,LossPrivileged,LossUnprivileged,AEQ,OEQ,OPP,drift-id,gm-id,gm-name
0.5266666666666666,1.8962135,1.83238,3.1090531,0.4935064935064935,0.262987012987013,0.22658730158730156,0,0,0
0.6783333333333333,1.4085094,1.2657903,4.1201696,0.2842892768079801,0.1814814814814815,0.16492673992673992,1,0,0
0.5016666666666667,2.1679223,2.1089566,3.2882662,0.38644067796610165,0.15615079365079362,0.1295376121463078,1,1,1
0.57,1.9114642,1.8242183,3.5691376,0.4550898203592814,0.20086996336996335,0.15679012345679014,1,1,1
0.5816666666666667,2.0982206,1.9847065,4.2549872,0.5029411764705882,0.21284013605442179,0.2222567287784679,1,1,1
0.6,3.3050942,3.179798,5.68573,0.6551724137931034,0.2812850729517396,0.3377777777777778,1,1,1
0.65,2.0975184,1.9249212,5.376868,0.44881889763779526,0.21335470085470087,0.2451388888888889,1,1,1
0.675,2.1134276,2.0039856,4.1928163,0.5801526717557252,0.2739545177045177,0.2956154956154956,0,1,1
0.66,2.2976332,2.129767,5.487089,0.49222797927461137,0.24,0.19942002442002443,0,0,0
