ACC,Loss,LossPrivileged,LossUnprivileged,BalancedACC,drift-id,gm-id,gm-name
0.7917737789203085,0.4414106,0.4555027,0.32014892,0.8780487804878049,0,0,0
0.7506426735218509,0.5110559,0.42435658,1.4782954,0.3956117021276596,1,0,0
0.7532133676092545,0.51821053,0.42877188,1.381967,0.448385518590998,1,0,0
0.8071979434447301,0.42150503,0.43658486,0.2503618,0.9000000000000001,0,0,0
0.8303341902313625,0.41619045,0.42136803,0.36618787,0.958212315659124,0,0,0
0.8200514138817481,0.41910842,0.42550915,0.34251314,0.9618220547271833,0,0,0
0.787917737789203,0.45641926,0.41583985,0.84247214,0.6287191539365452,1,0,0
0.7403598971722365,0.49038476,0.4432457,0.91953385,0.46516257465162575,1,0,0
0.7583547557840618,0.48152176,0.42672935,0.9732488,0.3970955298388927,1,0,0
