ACC,Loss,LossPrivileged,LossUnprivileged,BalancedACC,drift-id,gm-id,gm-name
0.7971758664955071,0.43143845,0.43688267,0.37714952,0.920626099842549,0,0,0
0.8331193838254172,0.38040262,0.39683607,0.21395497,0.9024594499294781,0,0,0
0.8074454428754814,0.3827766,0.3997233,0.23470469,0.8716953769572972,0,0,0
0.810012836970475,0.38884878,0.40230557,0.24347499,0.9321621023104746,0,0,0
0.8048780487804879,0.52005196,0.33439782,2.262725,0.357439293598234,1,0,0
0.7715019255455713,0.504153,0.4948427,0.6015009,0.9888809277392988,1,15,15
0.8228498074454429,0.3763242,0.357772,0.5835873,0.8839699074074073,1,22,1-4-2-3-15-17
0.7894736842105263,0.41103974,0.3249324,1.3113681,0.22579147938245064,0,22,1-4-2-3-15-17
0.8677792041078306,0.30106404,0.31504497,0.18691407,0.9390009606147934,0,0,0
