ACC,Loss,LossPrivileged,LossUnprivileged,AEQ,OEQ,OPP,MEQ,MPP,drift-id,gm-id,gm-name
0.93,0.2531838,0.24667282,0.37689278,0.9822294022617124,0.8961479242500161,0.8913068219094331,0.7126436781609196,0.7231638418079096,0,0,0
0.9414285714285714,0.27636877,0.1937564,1.8460038,0.749211356466877,0.6750852583089424,0.6447988884786314,0.0,0.0,3,0,0
0.8871428571428571,0.5164221,0.47423762,1.3179277,0.665,0.5879573718160228,0.6514320452091349,0.0,0.0,3,1,1
0.9657142857142857,0.12591282,0.06795852,1.2270445,0.6993865030674846,0.7205921201466474,0.6819942687086421,0.0,0.0,3,0,0
0.97,0.13857318,0.10199872,0.8334878,0.9089506172839507,0.7750259617981234,0.7756468647347277,0.0,0.0,2,0,0
0.8657142857142858,0.71346426,0.67635816,1.4184817,0.7495711835334476,0.5250359087810893,0.7399119781009237,0.0,0.432258064516129,2,14,14
0.9571428571428572,0.28185415,0.20579536,1.7269704,0.767080745341615,0.7511771656739039,0.7431733663614699,0.0,0.0,4,0,0
0.8757142857142857,0.5837414,0.5611596,1.0127966,0.8078231292517007,0.626127188538908,0.8114049762560405,0.0,0.610200364298725,4,19,19
0.9571428571428572,0.16055721,0.11182744,1.0864226,0.7364341085271318,0.764359998014094,0.7354677071208796,0.0,0.2,4,0,0
