ACC,Loss,LossPrivileged,LossUnprivileged,BalancedACC,drift-id,gm-id,gm-name
0.8983333333333333,0.25068727,0.240183,0.3939043,0.8891834570519618,0,0,0
0.875,0.3113955,0.25863892,0.8558824,0.7825162387875038,1,0,0
0.885,0.28195605,0.24063852,0.6608165,0.8079674909697138,1,0,0
0.8466666666666667,0.32066548,0.27741197,0.7408425,0.7409200968523003,1,0,0
0.865,0.33294505,0.2783885,0.94642764,0.6170980587356893,1,0,0
0.8433333333333334,0.3468407,0.2866675,0.8176078,0.6898165717900062,1,0,0
0.88,0.2892566,0.27246642,0.4823432,0.8164300202839756,1,0,0
0.8816666666666667,0.27213416,0.25105092,0.48104998,0.8105595835657186,0,0,0
0.8762541806020067,0.28531644,0.25870314,0.59731525,0.7624978377443349,0,0,0
