ACC,Loss,LossPrivileged,LossUnprivileged,BalancedACC,drift-id,gm-id,gm-name
0.7962340282447882,0.42812455,0.4344758,0.28690743,0.8575818573793729,0,0,0
0.8029589778076665,0.39759892,0.4035147,0.26818162,0.895290751248848,0,0,0
0.8365837256220578,0.34977922,0.3576951,0.18459289,0.8692145064238087,0,0,0
0.8345662407531943,0.35009503,0.35515988,0.2621787,0.9217638691322901,0,0,0
0.7955615332885003,0.45995814,0.35579056,2.4776704,0.3500577653078066,2,0,0
0.7935440484196369,0.42450333,0.42644906,0.37741074,0.8785608583055863,2,3,3
0.8177538668459986,0.38885772,0.38188267,0.53903353,0.9618348432781422,2,5,1-2-3
0.7841291190316073,0.42926326,0.37013683,1.48306,0.3268807694433696,0,5,1-2-3
0.8453261600537996,0.33272904,0.3362816,0.2648945,0.9925521517878206,0,0,0
