ACC,Loss,LossPrivileged,LossUnprivileged,AEQ,OEQ,OPP,MEQ,MPP,drift-id,gm-id,gm-name
0.7933247753530167,0.39307424,0.40413794,0.26512796,0.9031458236479157,0.9685285618929711,0.9451831390379941,0.9471581338869521,0.9118309245406347,0,0,0
0.8421052631578947,0.344394,0.34760478,0.31425527,0.9854403409090908,0.8841237160921571,0.9428357215916425,0.8009049773755655,0.8888888888888888,0,0,0
0.8112965340179717,0.44113806,0.39416054,0.87568015,0.9881786339754817,0.7562821194400142,0.8878899533284206,0.5757575757575758,0.8250000000000002,2,0,0
0.8151476251604621,0.38568896,0.38872725,0.34569383,0.9503937933466557,0.8332122897834093,0.9512553418803418,0.6857142857142857,0.9302884615384615,2,8,8
0.8151476251604621,0.37423167,0.35903943,0.50697374,0.8616565743944636,0.8552319899222566,0.908355236926303,0.7414104882459314,0.8462463388315091,2,12,7-8
0.8421052631578947,0.34510133,0.3397709,0.40674517,0.9748600373233804,0.8227770935960592,0.823395647645561,0.7410714285714286,0.7068273092369478,0,12,7-8
0.8421052631578947,0.32938653,0.33429125,0.2764012,0.9543937708565072,0.7820643939393939,0.8995476134401005,0.6006944444444444,0.8375,0,0,0
0.8305519897304237,0.3445645,0.33457813,0.45068792,0.9556131344440141,0.8922354935413496,0.9623809433908832,0.8156498673740055,0.9549343005748699,1,0,0
0.8562259306803595,0.3150657,0.3129276,0.33513543,0.9540366350067844,0.9028714735880368,0.8967102611143063,0.866006600660066,0.8001760563380282,1,0,0
