ACC,Loss,LossPrivileged,LossUnprivileged,BalancedACC,drift-id,gm-id
0.9157142857142857,0.28499374,0.27763188,0.29235566,0.9662576687116565,0,<federated.algorithms.fair_fed_drift.ClientIdentity.ClientIdentity object at 0x7f0ca449ac50>
0.9385714285714286,0.21919416,0.20691219,0.23147611,0.9789156626506024,0,<federated.algorithms.fair_fed_drift.ClientIdentity.ClientIdentity object at 0x7f0ca0562da0>
0.9342857142857143,0.2184017,0.17886779,0.2579356,0.963963963963964,0,<federated.algorithms.fair_fed_drift.ClientIdentity.ClientIdentity object at 0x7f0ca023cb50>
0.9014285714285715,0.2918558,0.22836967,0.35534188,0.9535603715170279,0,<federated.algorithms.fair_fed_drift.ClientIdentity.ClientIdentity object at 0x7f0bec788490>
0.9214285714285714,0.24491502,0.21238486,0.27744517,0.9196428571428572,2,<federated.algorithms.fair_fed_drift.ClientIdentity.ClientIdentity object at 0x7f0bec631570>
0.9542857142857143,0.1860978,0.09960365,0.27259198,0.9589442815249266,2,<federated.algorithms.fair_fed_drift.ClientIdentity.ClientIdentity object at 0x7f0ca01d2a70>
0.9485714285714286,0.20727034,0.2514003,0.16314036,0.9880239520958083,2,<federated.algorithms.fair_fed_drift.ClientIdentity.ClientIdentity object at 0x7f0c0c166500>
0.9028571428571428,0.50892913,0.07236212,0.94549614,0.8479532163742691,0,<federated.algorithms.fair_fed_drift.ClientIdentity.ClientIdentity object at 0x7f0b49f05c00>
0.89,0.32745728,0.1572393,0.49767527,0.8597014925373134,0,<federated.algorithms.fair_fed_drift.ClientIdentity.ClientIdentity object at 0x7f0ca058ebc0>
0.9285714285714286,0.24373132,0.116313495,0.37114912,0.9117647058823529,0,<federated.algorithms.fair_fed_drift.ClientIdentity.ClientIdentity object at 0x7f0ca40a29b0>
