ACC,Loss,LossPrivileged,LossUnprivileged,AEQ,OEQ,OPP,MEQ,MPP,drift-id,gm-id,gm-name
0.8771428571428571,0.3870841,0.3816958,0.43557864,0.9747292418772563,0.824718150451966,0.756430954321654,0.0,0.0,0,0,0
0.8242857142857143,0.66379184,0.39422557,3.0898879,0.6703910614525139,0.5840092526485076,0.5607110535046752,0.0,0.0,1,0,0
0.7842857142857143,0.7440798,0.7068495,1.0791531,0.7841584158415841,0.638523331513329,0.8073260994413556,0.2708333333333333,0.47134786117836963,1,4,4
0.8542857142857143,0.4946004,0.44673863,0.9253564,0.875229357798165,0.7790648522539891,0.8067324796175738,0.41379310344827586,0.515625,1,6,3-4
0.84,0.94316137,0.5245188,4.710945,0.569620253164557,0.5709184181960005,0.6057211451562314,0.0,0.0,2,6,3-4
0.8542857142857143,0.59152085,0.578881,0.7052801,0.9116022099447513,0.8685104078552479,0.8132732350038957,0.5382059800664452,0.345,2,5,5
0.88,0.4937338,0.46901232,0.7162267,0.847246891651865,0.8085993542661953,0.8538405160962677,0.6224489795918366,0.6189555125725338,2,5,5
0.9,0.48569658,0.41841778,1.0912054,0.9125874125874126,0.9100854053115475,0.904700204786824,0.6919642857142857,0.7681159420289855,2,5,5
0.8728571428571429,0.5497403,0.50398135,0.96157104,0.8902877697841727,0.8094203643365819,0.8019349976353839,0.0,0.0,2,5,5
