ACC,Loss,LossPrivileged,LossUnprivileged,AEQ,OEQ,OPP,MEQ,MPP,drift-id,gm-id,gm-name
0.8369704749679076,0.3542796,0.36072412,0.2822825,0.9526473526473526,0.9768990611222901,0.9298369611951995,0.9573254591052504,0.8853276353276351,0,0,0
0.8318356867779204,0.36546996,0.37233323,0.30008358,0.9414511729405345,0.944388514155956,0.8910330136148068,0.9413179413179413,0.8083714846304775,1,0,0
0.8395378690629012,0.3192601,0.31115285,0.39766714,0.9768922097689221,0.7371909473027294,0.9502473896767762,0.5054263565891474,0.937984496124031,1,0,0
0.8138639281129654,0.37214366,0.37268376,0.3668401,0.9395446457088104,0.9514963880288958,0.8688654176727735,0.9269162210338682,0.7467968273337401,1,0,0
0.8138639281129654,0.4460074,0.36035272,1.3273816,0.6929195334992436,0.6029139314479807,0.830422647719204,0.23014018691588786,0.666452772073922,3,0,0
0.7637997432605905,0.48662585,0.3752919,1.5316807,0.5159338061465721,0.4707399633541639,0.4774363992588059,0.3766835016835017,0.2560763888888889,4,8,8
0.8202824133504493,0.38777786,0.37038234,0.5757023,0.8380090960192141,0.7914628946441482,0.858835683033544,0.7377245508982037,0.839572192513369,4,18,11-12
0.7766367137355584,0.4574683,0.4443516,0.5946146,0.80000523341009,0.48640228818800246,0.5784999063256921,0.30119047619047623,0.24456521739130435,1,21,21
0.82798459563543,0.34892836,0.35128555,0.322594,0.9414585414585415,0.7142581069532068,0.9224180644720374,0.4674329501915709,0.8965517241379309,1,0,0
