ACC,Loss,LossPrivileged,LossUnprivileged,BalancedACC,drift-id,gm-id,gm-name
0.8331193838254172,0.40981224,0.4246899,0.2779849,0.8904892367906067,0,0,0
0.8267008985879333,0.3991052,0.40534016,0.34307063,0.9425190903750944,0,0,0
0.8010269576379975,0.41469562,0.42407757,0.2935681,0.950884317706954,0,0,0
0.7997432605905006,0.4096007,0.41991243,0.30677372,0.891399874450722,0,0,0
0.79204107830552,0.5188956,0.37104318,2.2287376,0.4680411249524017,2,0,0
0.7715019255455713,0.44626868,0.41526327,0.72491986,0.9416713800904977,2,1,1
0.8074454428754814,0.39386398,0.3707766,0.6352625,0.883341784989858,2,1,1
0.8023106546854942,0.42057136,0.4059056,0.56681556,0.9430453121531289,2,1,1
0.8241335044929397,0.37672704,0.33951128,0.75367,0.8000720288115245,2,1,1
