ACC,Loss,LossPrivileged,LossUnprivileged,AEQ,OEQ,OPP,drift-id,gm-id,gm-name
0.8583333333333333,0.89237785,0.76724887,2.018539,0.7784810126582279,0.7538934198872129,0.802273570105366,0,0,0
0.865,0.98015404,0.890133,1.7903435,0.875264270613108,0.8084696644222411,0.830897166569159,0,0,0
0.895,0.7404137,0.5903433,2.0910475,0.7636363636363637,0.7662534693751002,0.7649996381411256,0,0,0
0.8666666666666667,1.1135153,0.9471321,2.6109636,0.7297297297297297,0.7470360472425731,0.6341509887255239,0,0,0
0.89,0.99238515,0.7921189,2.7947814,0.848360655737705,0.7381076944501589,0.6918262870795899,2,0,0
0.8266666666666667,0.7725772,0.62168586,2.1305995,0.6414686825053997,0.5917544581721268,0.5917450591322106,2,2,2
0.8566666666666667,1.042588,0.8752395,2.548725,0.8008474576271185,0.6710510840280955,0.6096563064563847,2,2,2
0.83,1.2879903,1.1522912,2.5092824,0.7860262008733625,0.6292365244799482,0.6517720819716328,2,2,2
0.8516666666666667,1.3125768,1.0945184,3.2751017,0.7230443974630021,0.6687552413190951,0.5756683692410426,2,2,2
