ACC,Loss,LossPrivileged,LossUnprivileged,BalancedACC,drift-id,gm-id,gm-name
0.8357142857142857,0.427463,0.42067897,0.556358,0.9910071942446044,0,0,0
0.8757142857142857,0.39877102,0.36469367,1.0462412,0.9094017094017094,0,0,0
0.8985714285714286,0.36281982,0.33716595,0.8502434,0.8521594684385382,0,0,0
0.9028571428571428,0.4504279,0.4526566,0.4080837,0.9468438538205979,0,0,0
0.91,0.475932,0.47020212,0.5847979,0.9062500000000001,0,0,0
0.86,0.6566591,0.56837195,2.3341153,0.6529209621993126,0,0,0
0.7585714285714286,1.0018352,0.8906124,3.1150684,0.6284046692607004,0,10,10
0.8871428571428571,0.5639934,0.51534873,1.4882419,0.964467005076142,0,0,0
0.91,0.4554792,0.43050417,0.9300044,0.9390444810543657,0,0,0
