ACC,Loss,LossPrivileged,LossUnprivileged,BalancedACC,drift-id,gm-id,gm-name
0.9271428571428572,0.25728825,0.24973291,0.40083885,0.9530744336569579,0,0,0
0.9571428571428572,0.21000114,0.16988574,0.9721939,0.8286604361370716,0,0,0
0.9685714285714285,0.10598406,0.10262307,0.16984278,0.9969040247678019,0,0,0
0.9714285714285714,0.100799255,0.07611326,0.5698329,0.8769230769230769,0,0,0
0.9771428571428571,0.13639115,0.10240664,0.7820965,0.8715596330275229,2,0,0
0.9771428571428571,0.102343634,0.06270935,0.85539496,0.8109756097560976,2,0,0
0.9642857142857143,0.17084734,0.13363826,0.87781996,0.82225656877898,2,0,0
0.9728571428571429,0.072984904,0.063087516,0.26103505,0.9061538461538462,0,0,0
0.9757142857142858,0.09886492,0.0646556,0.74884194,0.8122137404580153,0,0,0
