ACC,Loss,LossPrivileged,LossUnprivileged,BalancedACC,drift-id,gm-id,gm-name
0.9014285714285715,0.40290383,0.3538035,0.8448068,0.859375,0,0,0
0.9557142857142857,0.16414921,0.13937195,0.38714442,0.9520661157024792,0,0,0
0.9542857142857143,0.17529307,0.16493472,0.2685183,0.9867109634551494,0,0,0
0.9757142857142858,0.10730494,0.089853756,0.26436558,0.9951219512195122,0,0,0
0.9585714285714285,0.35714075,0.09764922,2.6925647,0.7718446601941747,2,0,0
0.8485714285714285,0.6975147,0.6439878,1.1792575,0.7377049180327869,2,9,9
0.9457142857142857,0.28376225,0.2036567,1.004712,0.8316831683168318,2,14,10-9-8-11
0.94,0.4032196,0.16309354,2.5643542,0.7722772277227723,0,14,10-9-8-11
0.9785714285714285,0.08106881,0.074584395,0.13942866,0.975728155339806,0,0,0
