ACC,Loss,LossPrivileged,LossUnprivileged,BalancedACC,drift-id,gm-id,gm-name
0.8342857142857143,0.46445417,0.43963876,0.68779355,0.9169811320754717,0,0,0
0.8771428571428571,0.46171394,0.32759455,1.6687884,0.7805309734513274,2,0,0
0.88,0.488402,0.39306167,1.3464651,0.847246891651865,2,0,0
0.8542857142857143,0.6223606,0.3945503,2.6726534,0.6451612903225806,1,0,0
0.8771428571428571,0.40398774,0.3291326,1.0776844,0.7288732394366197,1,0,0
0.8928571428571429,0.4414084,0.37286344,1.0583131,0.6982758620689656,1,0,0
0.8742857142857143,0.5808115,0.45541954,1.7093397,0.7833037300177619,2,0,0
0.8942857142857142,0.4657129,0.39127764,1.1356301,0.8324607329842931,2,0,0
0.88,0.6454463,0.5810279,1.2252114,0.8123893805309734,2,0,0
