ACC,Loss,LossPrivileged,LossUnprivileged,BalancedACC,drift-id,gm-id,gm-name
0.8342857142857143,0.45956033,0.44515398,0.73328024,0.9719298245614035,0,0,0
0.89,0.39182797,0.34856173,1.2138872,0.6955074875207986,0,0,0
0.9157142857142857,0.32458064,0.31700462,0.46852428,0.867862969004894,0,0,0
0.91,0.41556245,0.38618365,0.9737587,0.9062500000000001,0,0,0
0.9057142857142857,0.35629764,0.31134138,1.210467,0.8125,0,0,0
0.9114285714285715,0.37252197,0.35441774,0.71650213,0.9375,0,0,0
0.9014285714285715,0.45713982,0.43360397,0.9043207,0.9152823920265781,0,0,0
0.8771428571428571,0.7217072,0.6648444,1.8021003,0.7728813559322034,1,0,0
0.8914285714285715,0.5450558,0.44895285,2.371011,0.6616915422885572,1,0,0
