ACC,Loss,LossPrivileged,LossUnprivileged,BalancedACC,drift-id,gm-id
0.6615,1.2447557,1.2201978,1.4657772,0.8676795580110497,0,0
0.7141666666666666,1.3042403,1.0550475,3.5469756,0.709214501510574,1,0
0.7476666666666667,1.124964,0.95730865,2.6338618,0.7122925186432524,1,0
0.764,0.97772056,0.8347235,2.2646945,0.7164390014130947,1,0
0.7821666666666667,0.9317529,0.765022,2.4323304,0.7342705692555888,1,0
0.7923333333333333,0.8954414,0.7133109,2.534616,0.6713381555153708,1,0
0.803,0.8729315,0.657236,2.8141909,0.6790178571428572,1,0
0.8311666666666667,0.69172835,0.6336151,1.2147473,0.8362919132149902,0,0
0.8323333333333334,0.64954185,0.6065814,1.0361863,0.8500986193293887,0,0
0.8468333333333333,0.5642706,0.5010364,1.1333783,0.842660352991821,0,0
