ACC,Loss,LossPrivileged,LossUnprivileged,BalancedACC,drift-id,gm-id,gm-name
0.9271428571428572,0.26954347,0.24051762,0.29856932,0.9847094801223242,0,0,0
0.8628571428571429,1.4872384,0.26968053,2.7047963,0.8358662613981763,2,0,0
0.9214285714285714,0.26742372,0.30668572,0.22816174,0.9785276073619632,2,2,2
0.8614285714285714,1.484331,0.28027868,2.6883833,0.8384146341463414,0,2,2
0.9528571428571428,0.24875584,0.15764341,0.33986828,0.9792284866468842,0,0,0
0.9628571428571429,0.16366181,0.13182129,0.1955023,0.9823529411764707,0,0,0
0.8871428571428571,1.4912817,0.20500344,2.77756,0.8318584070796461,2,0,0
0.9828571428571429,0.041481562,0.04375285,0.039210275,0.9942028985507246,2,2,2
0.9771428571428571,0.10479557,0.1337581,0.07583303,0.9883720930232559,2,2,2
