ACC,Loss,LossPrivileged,LossUnprivileged,AEQ,OEQ,OPP,MEQ,MPP,drift-id,gm-id,gm-name
0.9157142857142857,0.36412472,0.3048467,0.8976273,0.895368782161235,0.8564865271333659,0.8708184667396923,0.5803571428571428,0.7672955974842767,0,0,0
0.9528571428571428,0.18380685,0.17510055,0.2621636,0.9387417218543046,0.8916206837956182,0.905168278729976,0.659016393442623,0.7169811320754716,0,0,0
0.9314285714285714,0.54484665,0.21023715,3.5563316,0.6991735537190081,0.6927114642476214,0.7026525247756252,0.0,0.0,1,0,0
0.8871428571428571,0.47763777,0.45069203,0.7201488,0.8745583038869258,0.7754731032900649,0.8331422411508698,0.5555555555555556,0.478021978021978,1,8,8
0.8771428571428571,0.6412932,0.5606647,1.3669496,0.7805309734513274,0.7447520332326987,0.7594112557433839,0.19496855345911948,0.42207792207792205,1,9,9
0.91,0.55711067,0.28384084,3.0165393,0.700507614213198,0.6844625580125807,0.6422146774542045,0.0,0.0,0,13,8-9
0.9728571428571429,0.105443075,0.09639247,0.18689862,0.99836867862969,0.9618492023976593,0.9586142720112022,0.8839285714285714,0.8333333333333334,0,0,0
0.9285714285714286,0.46640456,0.20668335,2.8038952,0.7500000000000001,0.7388853723273213,0.7073933963944082,0.0,0.0,1,0,0
0.9842857142857143,0.040089905,0.042987507,0.01401149,0.9983896940418678,0.9724118075438037,0.9700896112860645,0.8697478991596638,0.8463541666666666,1,13,8-9
