ACC,Loss,LossPrivileged,LossUnprivileged,BalancedACC,drift-id,gm-id,gm-name
0.8,0.5396372,0.59539616,0.48387825,0.9444444444444444,0,0,0
0.8928571428571429,0.34459215,0.36537695,0.32380736,0.9904458598726116,0,0,0
0.8128571428571428,1.5883055,0.40380192,2.7728093,0.8121019108280254,1,0,0
0.75,0.905834,0.8113196,1.0003486,0.9961977186311787,1,10,10
0.81,0.8146685,0.7787475,0.8505896,0.9619377162629758,1,8,8
0.7328571428571429,2.4046524,0.5131645,4.2961397,0.71,2,9,9
0.8628571428571429,0.65071964,0.6597168,0.64172256,0.9868421052631579,2,2,2
0.7942857142857143,2.102581,0.6622258,3.5429363,0.782051282051282,0,2,2
0.8928571428571429,0.48800892,0.5051695,0.47084835,0.9841269841269842,0,0,0
