ACC,Loss,LossPrivileged,LossUnprivileged,BalancedACC,drift-id,gm-id,gm-name
0.7985714285714286,0.5443496,0.59376955,0.49492973,0.9545454545454545,0,0,0
0.7757142857142857,1.2793039,0.3897656,2.1688423,0.8039867109634551,2,0,0
0.8471428571428572,0.48905388,0.36845416,0.60965365,0.9315960912052118,2,0,0
0.7757142857142857,0.6573683,0.34965122,0.96508545,0.7516129032258064,1,0,0
0.8128571428571428,0.58579487,0.42682922,0.74476045,0.8903654485049833,1,0,0
0.8457142857142858,0.4556286,0.374175,0.5370823,0.934640522875817,1,0,0
0.83,0.51765084,0.4193958,0.61590594,0.8863636363636364,1,0,0
0.7985714285714286,0.8682061,0.37416193,1.3622503,0.7523510971786833,0,0,0
0.8785714285714286,0.37271088,0.3332775,0.41214424,0.9838709677419355,0,0,0
