ACC,Loss,LossPrivileged,LossUnprivileged,AEQ,OEQ,OPP,drift-id,gm-id,gm-name
0.8366666666666667,0.89350283,0.7862632,1.858659,0.7792207792207793,0.7969445554961613,0.7901375643617081,0,0,0
0.8488888888888889,1.1745399,0.7589288,4.9150395,0.6505263157894736,0.6460692074168108,0.6704386973579924,1,0,0
0.8644444444444445,1.0347916,0.67101824,4.3087525,0.6379903647625602,0.683040693457661,0.6617295540880355,1,0,0
0.8588888888888889,1.2225653,0.87350404,4.3641176,0.6357340720221606,0.6703643572213593,0.6564933471101085,1,0,0
0.8694444444444445,0.9540376,0.75061834,2.7848113,0.7880472550382209,0.71885675075559,0.6983398545069577,2,0,0
0.8488888888888889,1.1498914,0.9092645,3.3155327,0.7050105857445308,0.6863530716893342,0.7037333118178414,2,0,0
0.86,1.1388873,0.9728125,2.6335604,0.8181818181818182,0.7338742065120709,0.7687838328616254,2,0,0
0.8522222222222222,1.2580712,0.9335407,4.1788454,0.6748423265592152,0.6694860233851012,0.6374036232695095,1,0,0
0.8483333333333334,1.3644696,0.9922043,4.714857,0.6442105263157895,0.6335792501686657,0.6185562750724095,1,0,0
