ACC,BalancedACC,drift-id,gm-id
0.10518053375196232,0.06084466714387973,0,0
0.8006279434850864,0.907404603270745,0,0
0.8288854003139717,0.9152169932246841,0,0
0.8178963893249608,0.8385552733982498,0,0
0.8681318681318682,0.9191601049868767,0,0
0.82574568288854,0.6886694842432002,2,0
0.82574568288854,0.6678073223108751,2,0
0.8414442700156985,0.7357772331438702,2,0
0.8492935635792779,0.8013687867730502,2,0
0.8492935635792779,0.8228258772775898,2,0
0.8634222919937206,0.8384528856969802,2,0
