ACC,Loss,LossPrivileged,LossUnprivileged,BalancedACC,drift-id,gm-id,gm-name
0.9214285714285714,0.32382596,0.36588502,0.28176698,0.9664634146341463,0,0,0
0.9514285714285714,0.15474999,0.172172,0.13732798,0.9821428571428572,0,0,0
0.9657142857142857,0.17568281,0.27349845,0.07786716,0.9708454810495627,0,0,0
0.9685714285714285,0.11120947,0.13515435,0.08726459,0.9882697947214076,0,0,0
0.9771428571428571,0.089998536,0.10487669,0.07512039,0.9941690962099126,0,0,0
0.9571428571428572,0.21641012,0.24046378,0.19235641,0.9940476190476191,0,0,0
0.9771428571428571,0.10297342,0.075634256,0.13031255,0.9883720930232558,0,0,0
0.95,0.23539723,0.2333424,0.23745206,0.9969969969969971,0,0,0
0.9828571428571429,0.062943414,0.06720893,0.058677908,0.9942028985507246,0,0,0
