ACC,Loss,LossPrivileged,LossUnprivileged,BalancedACC,drift-id,gm-id,gm-name
0.9285714285714286,0.27264416,0.24578466,0.29950365,0.9817073170731707,0,0,0
0.8628571428571429,1.4828495,0.25901884,2.7066803,0.8358662613981763,2,0,0
0.8514285714285714,0.6433555,0.627508,0.6592031,0.9933110367892976,2,4,4
0.8085714285714286,1.7144098,0.5364914,2.8923285,0.8436482084690554,0,1,1
0.95,0.25132614,0.17137071,0.3312816,0.9791666666666666,0,0,0
0.9685714285714285,0.1519435,0.12320502,0.18068203,0.9824561403508772,0,0,0
0.8871428571428571,1.487101,0.19332731,2.780875,0.8264705882352941,2,0,0
0.9757142857142858,0.087468095,0.11369289,0.061243307,0.9970760233918129,2,1,1
0.9714285714285714,0.12356681,0.1667521,0.080381505,0.9710144927536231,2,1,1
