ACC,Loss,LossPrivileged,LossUnprivileged,AEQ,OEQ,OPP,drift-id,gm-id,gm-name
0.8213333333333334,0.6789038,0.34168777,2.027768,0.5799256505576209,0.5597163564721345,0.8841982452865411,0,0,0
0.824,0.9315016,0.4148733,2.9980152,0.5109489051094891,0.5471533879807137,0.9889325447765754,0,0,0
0.8346666666666667,1.0267128,0.63630164,2.588358,0.6370370370370371,0.5890413563494087,0.9623151265176559,0,0,0
0.8106666666666666,1.0479325,0.38238698,3.7101152,0.5037037037037037,0.5203621920543746,0.9868824221322402,0,0,0
0.8106666666666666,1.606484,0.38572186,6.489533,0.37410071942446044,0.33365980191693706,0.5657843386758326,2,0,0
0.792,1.1805114,0.35619563,4.477775,0.3676470588235294,0.39279026338064654,0.5382384781139616,2,0,0
0.8346666666666667,0.83095646,0.2676553,3.0841608,0.4874551971326164,0.4528432691124813,0.5718100891199757,2,0,0
0.8693333333333333,0.5346119,0.13706125,2.1248147,0.5121107266435986,0.47024493577696486,0.5622511673629884,2,0,0
0.8266666666666667,0.7183907,0.1576496,2.9613547,0.3508771929824561,0.4285316209114026,0.5596620009586333,2,0,0
