ACC,Loss,LossPrivileged,LossUnprivileged,AEQ,OEQ,OPP,MEQ,MPP,drift-id,gm-id,gm-name
0.8371428571428572,0.4144872,0.40405595,0.61268145,0.9534050179211471,0.7761804127336076,0.6980904168486171,0.0,0.0,0,0,0
0.8728571428571429,0.37244064,0.35142353,0.7717643,0.9467353951890034,0.7537447922372348,0.8001591294588971,0.0,0.0,0,0,0
0.8942857142857142,0.43462127,0.42839324,0.55295324,0.9229480737018426,0.852039025849409,0.8692527429839924,0.6842105263157895,0.6842105263157895,0,0,0
0.9028571428571428,0.44573307,0.43274155,0.69257104,0.9468438538205979,0.8035669825749652,0.8278885895890958,0.5230769230769231,0.41954022988505746,0,0,0
0.9028571428571428,0.50235516,0.4127849,2.20419,0.880794701986755,0.7926408291587891,0.7562493137983808,0.0,0.0,2,0,0
0.9028571428571428,0.4479113,0.3482462,2.3415487,0.6852459016393443,0.6340200340763104,0.5826790200448096,0.0,0.0,2,0,0
0.8942857142857142,0.6020054,0.4790912,2.9373755,0.627062706270627,0.6667420337308172,0.6314808299715421,0.0,0.0,2,0,0
0.8871428571428571,0.5869659,0.5631626,1.0392292,0.9307432432432433,0.8385646711169003,0.8266916016103354,0.5238095238095238,0.5384615384615384,0,0,0
0.9085714285714286,0.5748838,0.56872123,0.6919722,0.9077429983525536,0.8904471634901624,0.887495657425166,0.6938775510204082,0.7031249999999999,0,0,0
