ACC,Loss,LossPrivileged,LossUnprivileged,BalancedACC,drift-id,gm-id,gm-name
0.9571428571428572,0.17205931,0.18546559,0.15865302,0.9940476190476191,0,0,0
0.8557142857142858,1.4057424,0.1448624,2.6666226,0.7774480712166172,1,0,0
0.8871428571428571,0.39812583,0.38334402,0.41290763,0.9714285714285714,1,1,1
0.9285714285714286,0.34996963,0.30426443,0.3956748,0.9817073170731707,1,1,1
0.95,0.21222182,0.16677496,0.2576687,0.9558823529411765,1,1,1
0.9371428571428572,0.3474947,0.371189,0.3238004,0.9878787878787879,1,1,1
0.94,0.3033729,0.3689107,0.23783511,0.9759759759759761,1,1,1
0.8571428571428571,1.9496711,0.12107864,3.7782638,0.7441860465116279,0,1,1
0.9828571428571429,0.09346581,0.007696109,0.17923555,0.9713467048710601,0,0,0
