ACC,Loss,LossPrivileged,LossUnprivileged,BalancedACC,drift-id,gm-id
0.9642857142857143,0.16518027,0.1927153,0.13764523,0.9970414201183432,0,<federated.algorithms.fair_fed_drift.ClientIdentity.ClientIdentity object at 0x169f0eca0>
0.8528571428571429,1.3062773,0.14519666,2.4673576,0.7767857142857143,1,<federated.algorithms.fair_fed_drift.ClientIdentity.ClientIdentity object at 0x172640700>
0.8142857142857143,0.8040756,0.70532477,0.9028264,0.9655172413793104,1,<federated.algorithms.fair_fed_drift.ClientIdentity.ClientIdentity object at 0x2e74d3370>
0.8671428571428571,0.56816775,0.62565917,0.5106763,0.9901639344262295,1,<federated.algorithms.fair_fed_drift.ClientIdentity.ClientIdentity object at 0x17278b520>
0.9342857142857143,0.2569005,0.2239889,0.28981206,0.963963963963964,1,<federated.algorithms.fair_fed_drift.ClientIdentity.ClientIdentity object at 0x1728053a0>
0.9357142857142857,0.2930899,0.30837536,0.2778044,0.9848484848484849,1,<federated.algorithms.fair_fed_drift.ClientIdentity.ClientIdentity object at 0x17fc850a0>
0.9471428571428572,0.19709742,0.25249812,0.14169672,0.9615384615384615,1,<federated.algorithms.fair_fed_drift.ClientIdentity.ClientIdentity object at 0x17258d160>
0.8542857142857143,1.6455758,0.1193722,3.1717794,0.7692307692307693,0,<federated.algorithms.fair_fed_drift.ClientIdentity.ClientIdentity object at 0x2ef5be520>
0.9685714285714285,0.11744417,0.021776,0.21311235,0.9652173913043477,0,<federated.algorithms.fair_fed_drift.ClientIdentity.ClientIdentity object at 0x1726e2d00>
0.9757142857142858,0.10357448,0.078705594,0.12844336,0.9854651162790697,0,<federated.algorithms.fair_fed_drift.ClientIdentity.ClientIdentity object at 0x3d01f21c0>
