ACC,Loss,LossPrivileged,LossUnprivileged,AEQ,OEQ,OPP,drift-id,gm-id,gm-name
0.8133333333333334,0.75297153,0.52329004,1.2123345,0.7727272727272728,0.7571983044146889,0.8303314333975004,0,0,0
0.8177777777777778,0.9388385,0.39391187,2.0286918,0.6763636363636364,0.698797956114678,0.8868896813998397,0,0,0
0.6933333333333334,2.9082825,0.7817291,7.16139,0.45669291338582674,0.4475736847758985,0.6342850803941749,2,0,0
0.5377777777777778,3.514889,3.357214,3.8302393,0.8982035928143713,0.9595515780741832,0.8501804127523582,2,10,10
0.7044444444444444,2.378394,0.7412952,5.652592,0.42911877394636017,0.41537655982885263,0.4752459213666947,2,0,0
0.7888888888888889,1.1488212,0.5578061,2.3308513,0.6893939393939394,0.7012931887624463,0.8817737724713915,0,0,0
0.8511111111111112,1.0139524,0.396112,2.249633,0.7653429602888087,0.7546207324276294,0.7546103768550426,0,0,0
0.6755555555555556,3.3289852,0.45782623,9.071302,0.2028985507246377,0.2409786899830738,0.45502944061525513,1,0,0
0.6644444444444444,2.561756,2.081254,3.5227597,0.7557603686635944,0.7426552190047951,0.9301590134374261,1,21,21
