ACC,Loss,LossPrivileged,LossUnprivileged,AEQ,OEQ,OPP,MEQ,MPP,drift-id,gm-id,gm-name
0.9185714285714286,0.3327953,0.30060446,0.9444216,0.8650406504065041,0.8668907417380611,0.82591730021249,0.5803571428571428,0.33809523809523806,0,0,0
0.9628571428571429,0.14271691,0.13486615,0.2918817,0.8850931677018633,0.8441844425049944,0.906824298348134,0.359375,0.6025974025974026,0,0,0
0.9542857142857143,0.26283762,0.22975542,0.8913994,0.862284820031299,0.8026394894466838,0.8116377160258967,0.4123076923076923,0.3529411764705882,0,0,0
0.9857142857142858,0.06955139,0.0435896,0.5628253,0.8636363636363636,0.8677479770741405,0.9093958777540866,0.6666666666666666,0.5,0,0,0
0.97,0.093458034,0.0909546,0.141023,0.9397217928902627,0.9260393268756826,0.9164944505430814,0.7689873417721519,0.7594936708860759,0,0,0
0.9785714285714285,0.10866573,0.08504834,0.557396,0.9310872894333844,0.9334226452221852,0.8880720502243822,0.7615384615384615,0.5238095238095238,0,0,0
0.9857142857142858,0.057221305,0.03632784,0.45419708,0.8636363636363636,0.8745376485196286,0.8761498101216771,0.6,0.5144927536231884,0,0,0
0.9657142857142857,0.14308746,0.07450986,1.4460621,0.790446841294299,0.7638135179515293,0.7584528775318249,0.0,0.0,1,0,0
0.9842857142857143,0.090887055,0.04466697,0.9690687,0.8048411497730711,0.7941617446615175,0.7691097281073447,0.0,0.0,1,0,0
