ACC,Loss,LossPrivileged,LossUnprivileged,AEQ,OEQ,OPP,MEQ,MPP,drift-id,gm-id,gm-name
0.95,0.19757603,0.21294935,0.1360827,1.0,0.9669157881620001,0.9697320798954921,0.9375,0.9166666666666666,0,0,0
0.9071428571428571,0.60008675,0.15168817,2.3936808,0.7476635514018691,0.7213829953520943,0.7377456033369236,0.0,0.0,1,0,0
0.9285714285714286,0.24244845,0.14578335,0.6291088,0.8148148148148148,0.7891904103285178,0.8124100829164638,0.2537878787878788,0.36363636363636365,1,0,0
0.9214285714285714,0.23614605,0.18277243,0.4496405,0.849624060150376,0.8214431969822773,0.8240249140790731,0.18923933209647495,0.30903790087463556,1,0,0
0.9414285714285714,0.20568465,0.10067742,0.6257136,0.8366972477064221,0.8397538493284115,0.830567780037722,0.467948717948718,0.46153846153846156,1,0,0
0.9142857142857143,0.29699427,0.18892576,0.7292682,0.8210922787193974,0.7933227517986914,0.7816883197985999,0.2823529411764706,0.4472616632860041,1,0,0
0.9271428571428572,0.23570807,0.195204,0.39772427,0.888888888888889,0.8090902386650383,0.8142583925460073,0.20701754385964913,0.4765625,1,0,0
0.9442857142857143,0.3305314,0.17760599,0.94223285,0.8782287822878229,0.8165362908153352,0.7970408639231251,0.0,0.0,0,0,0
0.9642857142857143,0.12409585,0.05268809,0.4097269,0.8736462093862816,0.8796228632866627,0.8790576784096832,0.4796380090497738,0.6666666666666666,0,0,0
