ACC,Loss,LossPrivileged,LossUnprivileged,BalancedACC,drift-id,gm-id,gm-name
0.7955615332885003,0.43072104,0.4355671,0.3368536,0.887977369165488,0,0,0
0.7935440484196369,0.42574662,0.4052228,0.89746255,0.744009821352976,1,0,0
0.7962340282447882,0.4119739,0.39758658,0.6790849,0.9044450142184514,1,0,0
0.8170813718897109,0.39603698,0.3799671,0.74202573,0.8855651632001247,1,0,0
0.7995965030262273,0.41262007,0.3573481,1.5840561,0.344176553131777,2,0,0
0.7908540685944856,0.41055205,0.3889144,0.9342557,0.5687480639022879,2,0,0
0.8264963012777404,0.38391933,0.36262253,0.80865586,0.6709390066217321,2,0,0
0.8338937457969066,0.35107338,0.33821386,0.63699746,0.722015507910075,1,0,0
0.8150638870208473,0.3879218,0.36073083,0.96420753,0.7984052341034553,1,0,0
