ACC,Loss,LossPrivileged,LossUnprivileged,AEQ,OEQ,OPP,MEQ,MPP,drift-id,gm-id,gm-name
0.7955615332885003,0.4307211,0.4355671,0.33685356,0.887977369165488,0.8702095362264854,0.9266055857130483,0.7756410256410257,0.8907111714260965,0,0,0
0.7935440484196369,0.42574656,0.4052228,0.8974626,0.744009821352976,0.8239300031119328,0.6842410395567013,0.6988997037663987,0.6482748252273923,1,0,0
0.7962340282447882,0.4119739,0.39758658,0.6790848,0.9044450142184514,0.9334800544802117,0.7076746323529413,0.9177820267686424,0.6627450980392157,1,0,0
0.8170813718897109,0.3960369,0.3799671,0.7420255,0.8855651632001247,0.8970718172512258,0.7153695067567196,0.8536231884057971,0.7077625570776256,1,0,0
0.7995965030262273,0.4126201,0.35734814,1.5840558,0.344176553131777,0.4259837317558066,0.4075323389673325,0.13245526838966204,0.06604815551137619,2,0,0
0.7908540685944856,0.41055205,0.3889144,0.9342558,0.5687480639022879,0.4974941037735849,0.40740740740740733,0.0,0.0,2,0,0
0.8264963012777404,0.38391933,0.3626225,0.8086561,0.6709390066217321,0.4447827968300347,0.51409396986442,0.0766637980493402,0.06076939336292538,2,0,0
0.8338937457969066,0.35107338,0.3382139,0.63699716,0.722015507910075,0.49670093600264476,0.7654847610355664,0.282374573154715,0.6625295508274233,1,0,0
0.8150638870208473,0.3879218,0.36073083,0.9642071,0.7984052341034553,0.9318723062312806,0.7194297615237459,0.868639053254438,0.650980735168704,1,0,0
