ACC,Loss,LossPrivileged,LossUnprivileged,BalancedACC,drift-id,gm-id,gm-name
0.7955615332885003,0.4307211,0.43556717,0.33685356,0.887977369165488,0,0,0
0.7780766644250168,0.4778102,0.40522286,2.1461499,0.281517229701126,1,0,0
0.7787491593813046,0.44062063,0.39735207,1.2439361,0.49377099664053753,1,0,0
0.8016139878950908,0.41463676,0.37846676,1.1933873,0.49898556379243075,1,0,0
0.34902488231338263,1.7774903,1.8346032,0.5670373,0.5223059285948248,2,0,0
0.6381977135171486,0.6438056,0.65181684,0.4499055,0.7588749785628538,2,0,0
0.6227303295225286,0.6469051,0.6575597,0.4344129,0.7644340370700763,2,0,0
0.5238735709482178,0.77873653,0.7650463,1.0831288,0.7067880794701986,1,0,0
0.8002689979825152,0.40511516,0.3645903,1.2640009,0.454807507526744,1,0,0
