ACC,Loss,LossPrivileged,LossUnprivileged,BalancedACC,drift-id,gm-id,gm-name
0.9357142857142857,0.23212653,0.21478224,0.56166893,0.9759229534510433,0,0,0
0.96,0.17145352,0.15913662,0.40547428,0.8878504672897195,0,0,0
0.9714285714285714,0.11727743,0.10179155,0.4115093,0.9690880989180835,0,0,0
0.9771428571428571,0.09959694,0.06636832,0.7309406,0.8412213740458016,0,0,0
0.9585714285714285,0.28403747,0.16329326,2.5781777,0.7658914728682171,2,0,0
0.97,0.13195953,0.07880216,1.1419493,0.7262996941896025,2,0,0
0.9614285714285714,0.15816298,0.07157462,1.8033415,0.6420890937019968,2,0,0
0.9885714285714285,0.038078688,0.018077737,0.41809675,0.8610271903323262,0,0,0
0.9914285714285714,0.026539745,0.01721626,0.20368591,0.9184290030211479,0,0,0
