ACC,Loss,LossPrivileged,LossUnprivileged,AEQ,OEQ,OPP,MEQ,MPP,drift-id,gm-id,gm-name
0.9185714285714286,0.34449103,0.28292012,0.8986291,0.8923076923076924,0.8618339694630647,0.8578249784594917,0.5803571428571428,0.7109374999999999,0,0,0
0.9328571428571428,0.39477897,0.14930773,2.6040204,0.7301324503311257,0.7172842489882585,0.7342359659729796,0.0,0.0,1,0,0
0.94,0.3148006,0.19251381,1.4153818,0.7561779242174629,0.7411482966154116,0.7238747084648419,0.09090909090909091,0.14224137931034483,1,0,0
0.9628571428571429,0.13154168,0.051574163,0.8512493,0.7211538461538461,0.7585682189542483,0.7441412411118293,0.0,0.0,1,0,0
0.9471428571428572,0.19790113,0.1284501,0.82296026,0.75,0.7457616239451248,0.7462096408446734,0.0,0.0,1,0,0
0.96,0.17745991,0.124073915,0.6579339,0.8341463414634146,0.8120133667502089,0.8040963373058887,0.3,0.2857142857142857,1,0,0
0.9671428571428572,0.09315406,0.050753426,0.4747598,0.8274193548387098,0.754795300696036,0.7796141776940587,0.0,0.0,1,0,0
0.9528571428571428,0.16363178,0.11742558,0.5794875,0.8571428571428572,0.8363760348854694,0.8315762700439893,0.40086206896551724,0.458128078817734,1,0,0
0.9728571428571429,0.08129698,0.035739444,0.4913148,0.7907348242811502,0.7805537163805034,0.7856364385462745,0.125,0.125,1,0,0
