ACC,Loss,LossPrivileged,LossUnprivileged,BalancedACC,drift-id,gm-id,gm-name
0.9557142857142857,0.1771777,0.16838466,0.34424514,0.9231974921630094,0,0,0
0.9571428571428572,0.14001568,0.12552302,0.41537586,0.859594383775351,0,0,0
0.9585714285714285,0.21448193,0.109153256,2.215727,0.6440677966101696,1,0,0
0.9471428571428572,0.21899466,0.15018657,1.5263482,0.6521060842433697,1,0,0
0.9614285714285714,0.19763754,0.108219735,1.8965762,0.611963190184049,1,0,0
0.9685714285714285,0.14063229,0.098085344,0.9490245,0.7880184331797235,1,0,0
0.9714285714285714,0.14185616,0.1263036,0.437355,0.8463901689708141,1,0,0
0.9814285714285714,0.1170784,0.11681139,0.12215169,0.9892802450229708,0,0,0
0.9757142857142858,0.10508764,0.06509689,0.8649118,0.7820121951219513,0,0,0
