ACC,Loss,LossPrivileged,LossUnprivileged,AEQ,OEQ,OPP,MEQ,MPP,drift-id,gm-id,gm-name
0.9328571428571428,0.26740864,0.2761749,0.2323437,0.9867424242424243,0.9316792861635805,0.938561036669121,0.78,0.8709677419354839,0,0,0
0.9585714285714285,0.13995141,0.13636598,0.15429299,0.9888475836431226,0.957547791728184,0.9666650152219326,0.9169811320754717,0.9089390142021722,0,0,0
0.9642857142857143,0.16682197,0.17179929,0.1469126,0.9815498154981549,0.9377275192443836,0.9423667657111332,0.8045977011494253,0.8045977011494253,0,0,0
0.9671428571428572,0.107681364,0.105699256,0.11560976,0.9779411764705882,0.9473860429081743,0.9453130062057913,0.75,0.7960526315789473,0,0,0
0.9728571428571429,0.11304792,0.09318264,0.1925091,0.9617486338797815,0.9506591506671116,0.9527930741424765,0.8925000000000001,0.9099018733273864,0,0,0
0.9671428571428572,0.11709985,0.118336596,0.11215293,0.996309963099631,0.9585312737604237,0.9634177767439608,0.8888888888888888,0.9015151515151515,0,0,0
0.97,0.10183062,0.054517906,0.29108146,0.947176684881603,0.9353131280483217,0.9355654809131975,0.7818411097099622,0.8606557377049181,0,0,0
0.9571428571428572,0.17545326,0.12757991,0.3669467,0.9174311926605505,0.9119064699487744,0.9083522791147918,0.6842105263157895,0.7462962962962962,0,0,0
0.9828571428571429,0.079609714,0.0493307,0.2007258,0.976491862567812,0.9660107592293363,0.9750526156760811,0.8296296296296297,0.8970760233918129,0,0,0
