ACC,Loss,LossPrivileged,LossUnprivileged,BalancedACC,drift-id,gm-id
0.9428571428571428,0.24257383,0.24552874,0.18643117,1.0,0,0
0.9471428571428572,0.2092669,0.1427982,1.4721718,0.7755102040816327,1,0
0.95,0.1917584,0.16837196,0.63610065,0.8351648351648352,1,0
0.96,0.12948388,0.10263861,0.6395442,0.8569206842923796,1,0
0.9671428571428572,0.14268,0.09780057,0.9953892,0.7892307692307693,1,0
0.9414285714285714,0.19176228,0.1621452,0.75448716,0.594679186228482,1,0
0.9557142857142857,0.13884507,0.0996495,0.883561,0.6157407407407407,1,0
0.9428571428571428,0.251785,0.1803221,1.6095808,0.7480314960629921,0,0
0.9842857142857143,0.047626153,0.029816836,0.38600308,0.834848484848485,0,0
0.9628571428571429,0.11938961,0.10077765,0.4730168,0.7928902627511593,0,0
