ACC,Loss,LossPrivileged,LossUnprivileged,BalancedACC,drift-id,gm-id,gm-name
0.8285714285714286,0.46655545,0.43599832,0.49711257,0.9661016949152542,0,0,0
0.7571428571428571,1.972493,0.39658958,3.5483963,0.7377049180327869,1,0,0
0.7285714285714285,0.99248344,0.93610406,1.0488628,0.9921875000000001,1,6,6
0.74,2.160111,0.6497114,3.6705105,0.7923875432525951,0,13,6-7-8
0.8828571428571429,0.56044924,0.4652569,0.65564156,0.9619047619047619,0,0,0
0.8542857142857143,0.74498904,0.84745526,0.6425227,0.9290322580645162,0,0,0
0.8771428571428571,0.6123801,0.6662146,0.55854565,0.9870550161812297,0,0,0
0.8671428571428571,0.682355,0.59180427,0.77290565,0.939297124600639,0,0,0
0.89,0.4790415,0.43889505,0.51918787,0.9904153354632588,0,0,0
