ACC,Loss,LossPrivileged,LossUnprivileged,AEQ,OEQ,OPP,MEQ,MPP,drift-id,gm-id,gm-name
0.83591123066577,0.3580649,0.3545146,0.41736254,0.9216084566254346,0.7681435162916643,0.8436953045340846,0.5486968449931412,0.746570644718793,0,0,0
0.8433086751849361,0.33831975,0.3246624,0.6189894,0.9426937907193192,0.674904205228556,0.916439630988347,0.4009137635636779,0.9132364048338368,2,0,0
0.831876260928043,0.36554554,0.33779904,0.97255504,0.8258905524006195,0.6036106364786726,0.77913973852429,0.2586712261846605,0.7639484978540773,2,0,0
0.843981170141224,0.35726205,0.31934223,1.1135212,0.7246252078947674,0.6689430067355369,0.7149622064468979,0.42439024390243907,0.7013133208255159,4,2,0-1
0.8473436449226631,0.3428314,0.31861418,0.8119158,0.9009238611022619,0.8078317594422808,0.9215007988060957,0.6343537414965986,0.8689954814042405,4,2,0-1
0.8453261600537996,0.33786052,0.31697795,0.8345178,0.9238154269972452,0.7576474562529558,0.7917411741213926,0.5873170731707317,0.7243816254416962,4,2,0-1
0.8466711499663753,0.3332143,0.31880417,0.638623,0.8037307280579788,0.6379537786774628,0.6796660274167199,0.3424561403508772,0.5173333333333333,2,2,0-1
0.8157363819771352,0.3677218,0.34746847,0.7239279,0.6932519280205655,0.7040266593146555,0.753078861611425,0.4281135531135531,0.6210513402441269,3,2,0-1
0.8264963012777404,0.33682173,0.31512204,0.7396938,0.6893626471241395,0.6122574697741207,0.8107797730505888,0.24725274725274726,0.6531529526945841,3,2,0-1
