ACC,Loss,LossPrivileged,LossUnprivileged,BalancedACC,drift-id,gm-id,gm-name
0.7984595635430038,0.42257378,0.42887545,0.36593935,0.9217109885664404,0,0,0
0.7766367137355584,0.45981848,0.47170877,0.35875162,0.8991596638655462,0,0,0
0.7715019255455713,0.45264876,0.4544278,0.4351798,0.9911093150131339,0,0,0
0.8267008985879333,0.41417235,0.42268363,0.3292994,0.9584375289432251,0,0,0
0.7650834403080873,0.5144993,0.40658438,1.5274606,0.3597677119628339,2,0,0
0.8023106546854942,0.460442,0.41955537,0.9021422,0.7782629034773118,2,0,0
0.8112965340179717,0.4207308,0.39671034,0.66789824,0.8840081677374371,2,0,0
0.7740693196405648,0.48432434,0.39516222,1.4475455,0.4477940021981473,0,0,0
0.7933247753530167,0.41501302,0.39169985,0.7280136,0.7573599240265908,0,0,0
