ACC,Loss,LossPrivileged,LossUnprivileged,BalancedACC,drift-id,gm-id,gm-name
0.9342857142857143,0.22393014,0.2057837,0.5687125,0.9134615384615384,0,0,0
0.9514285714285714,0.23938464,0.14734098,1.9882141,0.7410296411856474,2,0,0
0.9657142857142857,0.1571414,0.10459496,1.1555237,0.8209876543209877,2,0,0
0.98,0.07894474,0.054259796,0.5479587,0.899236641221374,0,0,0
0.9685714285714285,0.1427123,0.12793268,0.42352468,0.910355486862442,0,0,0
0.9728571428571429,0.0971009,0.061761916,0.76854163,0.7541984732824428,0,0,0
0.9685714285714285,0.13268112,0.088237055,0.97711855,0.8184615384615386,2,0,0
0.9928571428571429,0.034670226,0.009896325,0.5053744,0.8870481927710843,2,0,0
0.9928571428571429,0.023340438,0.0067972634,0.33766076,0.9170437405731523,2,0,0
