ACC,Loss,LossPrivileged,LossUnprivileged,AEQ,OEQ,OPP,MEQ,MPP,drift-id,gm-id,gm-name
0.8571428571428571,0.4032438,0.3923936,0.5008956,0.9447513812154695,0.7831609894733733,0.7590697482888455,0.0,0.0,0,0,0
0.8428571428571429,0.62590504,0.37144676,2.9160297,0.7252747252747253,0.6397356494407955,0.6404887750219574,0.0,0.0,1,0,0
0.8628571428571429,0.43143255,0.35654747,1.1053988,0.7071428571428572,0.6627011517358793,0.6402885667941188,0.0,0.0,1,0,0
0.8842857142857142,0.52392036,0.38341466,1.7884712,0.7055749128919862,0.7425193934920568,0.6671925915231993,0.0,0.0,1,0,0
0.8842857142857142,0.52353936,0.42327332,1.4259332,0.688695652173913,0.6545146690616568,0.6751882930366537,0.0,0.0,1,0,0
0.8842857142857142,0.53372717,0.418375,1.5718971,0.7395104895104895,0.6983251948687195,0.6185845937442577,0.0,0.0,1,0,0
0.8857142857142857,0.5227117,0.42803094,1.3748385,0.7894736842105263,0.7126487440998955,0.7364432138607246,0.0,0.0,1,0,0
0.91,0.3892572,0.3372141,0.8576453,0.8674698795180723,0.84182243125981,0.8514203664418767,0.5729166666666667,0.5447761194029851,0,0,0
0.8942857142857142,0.6443862,0.59672606,1.0733268,0.8496503496503497,0.83216466118652,0.8532086612853202,0.625,0.6691176470588236,0,0,0
