ACC,Loss,LossPrivileged,LossUnprivileged,AEQ,OEQ,OPP,MEQ,MPP,drift-id,gm-id,gm-name
0.8242857142857143,0.46837956,0.45834345,0.55870426,0.9292543021032504,0.856423746418152,0.8494337968318231,0.5444444444444444,0.54,0,0,0
0.8642857142857143,0.36642098,0.33951432,0.6085812,0.9180327868852459,0.8617154530933341,0.8549159689809205,0.6341911764705882,0.5178571428571428,0,0,0
0.8985714285714286,0.3220299,0.29701117,0.5471984,0.8795811518324608,0.8264899599563875,0.8260067877764117,0.3819444444444444,0.6417582417582417,0,0,0
0.8971428571428571,0.40345263,0.3282974,1.0798503,0.7954939341421143,0.7797996693684289,0.8019189815902188,0.36363636363636365,0.42424242424242425,0,0,0
0.87,0.79272354,0.48051497,3.602601,0.7353463587921847,0.6941994337729562,0.7337353183016637,0.0,0.0,2,0,0
0.7842857142857143,0.80566764,0.7446601,1.3547362,0.9216867469879518,0.8015459407244657,0.7634648200994179,0.5,0.35000000000000003,2,6,6
0.9014285714285715,0.52931786,0.39174673,1.7674577,0.7913793103448276,0.6607199925678187,0.672068440598781,0.0,0.0,2,0,0
0.8871428571428571,0.55848616,0.4869164,1.2026138,0.8397887323943661,0.8385534003308743,0.8243816455552487,0.35882352941176465,0.5535714285714286,0,0,0
0.8871428571428571,0.6327169,0.5617283,1.2716138,0.8397887323943661,0.7999738874759647,0.8065661524766045,0.5045045045045045,0.603448275862069,0,0,0
