ACC,Loss,LossPrivileged,LossUnprivileged,BalancedACC,drift-id,gm-id,gm-name
0.8683333333333333,0.32494852,0.261963,0.46624047,0.9154857560262966,0,0,0
0.7783333333333333,0.5323225,0.31074902,1.0031662,0.6469972067039107,2,0,0
0.7833333333333333,0.51186234,0.30444902,0.8942499,0.7352459941322501,2,0,0
0.78,0.48003078,0.29269108,0.9102944,0.697327741895987,2,0,0
0.835,0.39284614,0.24584204,0.6890705,0.7208399722188177,1,0,0
0.7933333333333333,0.3872004,0.2520588,0.67218816,0.6413088224856272,1,0,0
0.8183333333333334,0.35012954,0.21638179,0.6003467,0.7167059774917447,1,0,0
0.7766666666666666,0.38283408,0.2718293,0.59672123,0.6459570899433922,1,0,0
0.7966666666666666,0.35910302,0.24653009,0.5712596,0.6529794149512459,1,0,0
