ACC,Loss,LossPrivileged,LossUnprivileged,BalancedACC,drift-id,gm-id,gm-name
0.8238063214525891,0.40733942,0.41563487,0.23423243,0.8693181818181819,0,0,0
0.788836583725622,0.42635918,0.43000484,0.35028195,0.9558542232960838,0,0,0
0.827841291190316,0.37081814,0.37374583,0.318638,0.9747710312075982,0,0,0
0.8190988567585743,0.37329838,0.37475526,0.34767583,0.91854610248556,0,0,0
0.8056489576328177,0.41822293,0.35730714,1.8422544,0.3365028247803334,2,0,0
0.8130464021519839,0.41163534,0.352853,1.638285,0.38676346697061303,2,0,0
0.8002689979825152,0.38146454,0.35004005,1.091758,0.5247512590590836,2,0,0
0.8379287155346334,0.33629707,0.3330453,0.40743542,0.9527638190954775,0,0,0
0.8533960995292535,0.32385388,0.3186592,0.41897702,0.9565807327001358,0,0,0
