ACC,Loss,LossPrivileged,LossUnprivileged,AEQ,OEQ,OPP,MEQ,MPP,drift-id,gm-id,gm-name
0.8371428571428572,0.42657515,0.4183914,0.5820659,0.8821428571428572,0.6734483366977391,0.7048780812568664,0.0,0.0,0,0,0
0.87,0.52517563,0.34268823,3.9924352,0.611864406779661,0.5611456108076884,0.5921030903308572,0.0,0.0,1,0,0
0.7857142857142857,0.80154115,0.7462137,1.8527627,0.7916666666666666,0.6825311114386641,0.5986137646551871,0.0,0.0,1,2,2
0.8257142857142857,0.7090726,0.6729313,1.3957552,0.7163375224416517,0.5893617616089808,0.603076130024243,0.0,0.0,1,2,2
0.86,0.75220007,0.58984905,3.83687,0.6867469879518071,0.540976178541209,0.5310927804050376,0.0,0.0,3,2,2
0.8442857142857143,0.82891846,0.66061527,4.0266786,0.5968586387434555,0.4642006311108311,0.5261046626460476,0.0,0.0,4,8,8
0.7585714285714286,1.0240824,0.9028378,3.3277292,0.6666666666666665,0.4962375962530762,0.6505696212375134,0.0,0.0,4,12,12
0.82,0.9365941,0.65527785,6.281604,0.4402852049910873,0.45198185982655026,0.49802412896116033,0.0,0.0,1,11,11
0.8628571428571429,0.698562,0.6694906,1.2509209,0.8546712802768167,0.7397265983797116,0.8276820495904109,0.2708333333333333,0.6129032258064516,1,2,2
