ACC,Loss,LossPrivileged,LossUnprivileged,AEQ,OEQ,OPP,drift-id,gm-id,gm-name
0.832,0.57773036,0.3614943,1.4426744,0.6394052044609666,0.6233792271161969,0.7296682552726709,0,0,0
0.8693333333333333,0.73634106,0.28699937,2.533708,0.624113475177305,0.6189878772091995,0.7994872728988233,0,0,0
0.8693333333333333,0.7508171,0.3324215,2.4243996,0.6738351254480287,0.6744268913768777,0.8874083576394962,0,0,0
0.8693333333333333,0.7342706,0.41086695,2.027885,0.657142857142857,0.6326044972769536,0.8663716340269276,0,0,0
0.872,0.7599409,0.2843408,2.6623416,0.6714285714285715,0.6709790199384233,0.7710389565029758,0,0,0
0.864,0.6362582,0.38632318,1.6359984,0.6787003610108303,0.6831963459702143,0.9476607862791849,0,0,0
0.824,0.92661995,0.51684994,2.5656996,0.6818181818181818,0.686132737055716,0.9820245117919822,0,0,0
0.7893333333333333,1.5029478,0.384602,5.976331,0.45112781954887216,0.43802957282551735,0.5700594835326277,1,0,0
0.7893333333333333,1.3168869,0.71365917,3.7297978,0.5714285714285715,0.5945814808047586,0.8374493089065921,1,2,2
