ACC,Loss,LossPrivileged,LossUnprivileged,BalancedACC,drift-id,gm-id
0.9328571428571428,0.21705045,0.1999734,0.5415147,0.8830128205128206,0,<federated.algorithms.fair_fed_drift.ClientIdentity.ClientIdentity object at 0x7f6c24d70c70>
0.9471428571428572,0.25281593,0.13641612,2.4644127,0.7136150234741785,1,<federated.algorithms.fair_fed_drift.ClientIdentity.ClientIdentity object at 0x7f6ba466b700>
0.9528571428571428,0.17844553,0.1179206,1.3284193,0.7398753894080997,1,<federated.algorithms.fair_fed_drift.ClientIdentity.ClientIdentity object at 0x7f6ba4306920>
0.9557142857142857,0.14791591,0.088379465,1.2791083,0.6460587326120556,1,<federated.algorithms.fair_fed_drift.ClientIdentity.ClientIdentity object at 0x7f6ba4549ea0>
0.9528571428571428,0.2334198,0.20288715,0.81354076,0.8325508607198749,2,<federated.algorithms.fair_fed_drift.ClientIdentity.ClientIdentity object at 0x7f6c00164ee0>
0.9657142857142857,0.15886432,0.12939006,0.7188753,0.7600000000000001,2,<federated.algorithms.fair_fed_drift.ClientIdentity.ClientIdentity object at 0x7f6b484eac50>
0.96,0.17689016,0.13689913,0.93671995,0.7037037037037037,2,<federated.algorithms.fair_fed_drift.ClientIdentity.ClientIdentity object at 0x7f6c20421e70>
0.9785714285714285,0.0592905,0.025609007,0.6992389,0.8097412480974125,2,<federated.algorithms.fair_fed_drift.ClientIdentity.ClientIdentity object at 0x7f6b8c352920>
0.9842857142857143,0.054146904,0.036494475,0.38954306,0.8951367781155015,2,<federated.algorithms.fair_fed_drift.ClientIdentity.ClientIdentity object at 0x7f6ba4467850>
0.9742857142857143,0.10144618,0.06784519,0.73986495,0.8134556574923548,0,<federated.algorithms.fair_fed_drift.ClientIdentity.ClientIdentity object at 0x7f6b4846ba00>
