ACC,Loss,LossPrivileged,LossUnprivileged,BalancedACC,drift-id,gm-id,gm-name
0.785622593068036,0.44544047,0.46282855,0.2772766,0.8410849435541838,0,0,0
0.7881899871630296,0.54389197,0.40289125,1.8872093,0.3373820700970785,1,0,0
0.7753530166880617,0.4543517,0.45902038,0.4077967,0.8766630216876253,1,1,1
0.7997432605905006,0.44628367,0.44025674,0.5093,0.9722136222910217,1,1,1
0.79204107830552,0.40228382,0.41039863,0.313146,0.9119897959183673,1,1,1
0.8510911424903723,0.34748846,0.33937198,0.4323538,0.9646283554608005,1,1,1
0.8446726572528883,0.3398436,0.33880255,0.3510898,0.9397865310100554,1,1,1
0.7573812580231065,0.5036417,0.38528213,1.598468,0.34138840070298776,0,1,1
0.8395378690629012,0.33489904,0.3464455,0.18290517,0.8981962950926228,0,0,0
