ACC,Loss,LossPrivileged,LossUnprivileged,AEQ,OEQ,OPP,MEQ,MPP,drift-id,gm-id,gm-name
0.9428571428571428,0.18641102,0.17470267,0.29178613,0.9664429530201343,0.9106817896698935,0.8937541854920926,0.7745901639344263,0.703030303030303,0,0,0
0.9328571428571428,0.3867709,0.17084552,2.330099,0.778702163061564,0.7616871120132391,0.7339959825843427,0.0,0.0,4,0,0
0.8685714285714285,0.545364,0.4550838,1.3578857,0.616871704745167,0.6281860577304552,0.6183648877708062,0.1349206349206349,0.3571428571428571,4,5,5
0.8885714285714286,0.6545723,0.62477654,0.9227345,0.8556338028169014,0.7702293568053208,0.7491121821079348,0.0,0.0,4,4,4
0.8828571428571429,0.8717474,0.2786876,6.2092853,0.4431239388794567,0.4956142681347349,0.5106703273924674,0.0,0.0,1,4,4
0.8971428571428571,0.54253525,0.52458435,0.704093,0.8638743455497382,0.7592628728081559,0.7680699252132699,0.0,0.0,1,10,10
0.8742857142857143,0.88989395,0.42352837,5.087185,0.5791304347826087,0.5070810156268414,0.5172843123035117,0.0,0.0,3,10,10
0.9657142857142857,0.14843217,0.117961615,0.4226671,0.9249592169657422,0.9014797835772865,0.9221353078615803,0.5083333333333333,0.75,3,3,3
0.9685714285714285,0.12499993,0.10976169,0.26214424,0.9381107491856677,0.9274218788270533,0.9340305269118829,0.7525510204081632,0.8076923076923077,3,3,3
