ACC,Loss,LossPrivileged,LossUnprivileged,AEQ,OEQ,OPP,MEQ,MPP,drift-id,gm-id,gm-name
0.87,0.38802528,0.38293955,0.4337968,0.9981785063752276,0.8439847737880394,0.7648384740259739,0.0,0.0,0,0,0
0.8271428571428572,0.66512007,0.39756608,3.0731063,0.6858736059479554,0.5759447365194752,0.5691702762742429,0.0,0.0,1,0,0
0.8557142857142858,0.4562554,0.41880038,0.7933508,0.9281767955801105,0.8845362904862171,0.8262354665375542,0.6276595744680851,0.5,1,1,1
0.8642857142857143,0.44990793,0.41203263,0.7907853,0.8641304347826086,0.80546233770239,0.8086980990102051,0.3103448275862069,0.3989071038251366,1,1,1
0.8485714285714285,0.968728,0.5174991,5.029788,0.5806451612903225,0.580839669067927,0.607357528913057,0.0,0.0,2,1,1
0.8585714285714285,0.565686,0.53007865,0.88615197,0.8704379562043795,0.8469914459514996,0.7901543434585616,0.5142857142857142,0.252,2,2,2
0.87,0.51130134,0.46787366,0.9021501,0.8756756756756757,0.8677689742492186,0.8419922852381634,0.6115288220551378,0.5892857142857143,2,2,2
0.8971428571428571,0.49789482,0.45478565,0.8858775,0.9157894736842106,0.8711989471619628,0.9012090236885391,0.7045454545454546,0.5777777777777777,2,2,2
0.8828571428571429,0.5659491,0.49159932,1.2350966,0.8792184724689165,0.795542592153991,0.8063286129186122,0.0,0.0,2,2,2
