ACC,Loss,LossPrivileged,LossUnprivileged,AEQ,OEQ,OPP,MEQ,MPP,drift-id,gm-id,gm-name
0.8457142857142858,0.4536614,0.42399424,1.0173385,0.7333333333333334,0.6676856658251404,0.6391911986582953,0.0,0.0,0,0,0
0.8542857142857143,0.49150988,0.34569165,3.2620568,0.657439446366782,0.587857034496584,0.6127399986928859,0.0,0.0,1,0,0
0.7742857142857142,0.7877478,0.7639508,1.239891,0.8038461538461539,0.5694759163392165,0.5640922694244568,0.0,0.0,1,3,3
0.8514285714285714,0.5361342,0.5168087,0.9033186,0.8666666666666667,0.8186106913963396,0.7905303740587415,0.3681592039800995,0.5166666666666666,1,4,4
0.88,0.65959847,0.51995593,3.312807,0.7037037037037037,0.56412624474718,0.5999757504455963,0.0,0.0,2,4,4
0.8371428571428572,0.7875816,0.7325496,1.8331894,0.8113879003558718,0.7244289886042894,0.6777092844980901,0.0,0.0,2,7,7
0.8114285714285714,0.61891514,0.5939703,1.0928682,0.8747697974217311,0.6219973633883698,0.6961284880276137,0.0,0.0,2,8,8
0.8871428571428571,0.47925493,0.45882884,0.8673522,0.9307432432432433,0.8126613564204324,0.7715926958757958,0.0,0.0,2,7,7
0.8842857142857142,0.5162765,0.4934305,0.9503503,0.9001692047377327,0.8376245427463491,0.8310740526051331,0.3623188405797101,0.5806451612903225,2,7,7
