ACC,Loss,LossPrivileged,LossUnprivileged,BalancedACC,drift-id,gm-id,gm-name
0.8428571428571429,0.45245788,0.40120676,0.9137181,0.7790055248618784,0,0,0
0.85,0.6247911,0.34373617,3.1542857,0.7186932849364791,1,0,0
0.7714285714285715,0.85779303,0.83078897,1.1008303,0.8380566801619433,1,3,3
0.84,0.59878916,0.5646046,0.9064499,0.9287054409005628,1,4,4
0.85,0.9626584,0.5570827,4.61284,0.6660649819494585,2,6,3-4
0.8571428571428571,0.5745691,0.5166105,1.0961962,0.9264705882352942,2,5,5
0.89,0.4182033,0.39565852,0.62110585,0.9414893617021276,2,5,5
0.8942857142857142,0.44629526,0.4532016,0.38413864,0.9716814159292035,2,5,5
0.8971428571428571,0.46822482,0.44073427,0.7156396,0.9682539682539683,2,5,5
