ACC,Loss,LossPrivileged,LossUnprivileged,BalancedACC,drift-id,gm-id,gm-name
0.8029589778076665,0.4208165,0.4289838,0.2808776,0.9231216480376923,0,0,0
0.7780766644250168,0.48336264,0.3966995,2.3492458,0.2256450972608178,2,0,0
0.808338937457969,0.40629536,0.35211492,1.5915961,0.29513555584381895,2,0,0
0.8224613315400134,0.3691871,0.35081562,0.7150607,0.7191850594227504,0,0,0
0.8069939475453934,0.39522013,0.3651666,0.9945985,0.5113759479956663,2,0,0
0.8312037659717552,0.369865,0.34547418,0.84921247,0.539103629814353,2,0,0
0.8419636852723604,0.34100875,0.32770827,0.5879424,0.83685528512433,1,0,0
0.8285137861466039,0.3736129,0.36363134,0.5589289,0.9338291380625476,1,0,0
0.8419636852723604,0.3525884,0.3438056,0.49221423,0.9598692943939549,1,0,0
