ACC,Loss,LossPrivileged,LossUnprivileged,BalancedACC,drift-id,gm-id,gm-name
0.8271428571428572,0.4555337,0.44775397,0.5255513,0.9827586206896551,0,0,0
0.87,0.396109,0.35187408,0.79422325,0.8579136690647482,0,0,0
0.8828571428571429,0.34970188,0.31477156,0.6640752,0.8617021276595744,0,0,0
0.8871428571428571,0.42544347,0.40301847,0.6272683,0.8224956063268893,0,0,0
0.87,0.40335345,0.32717237,1.0889835,0.8579136690647482,0,0,0
0.8814285714285715,0.3602072,0.3239107,0.68687594,0.8283185840707965,0,0,0
0.8685714285714285,0.450442,0.3906076,0.98895156,0.8417266187050361,0,0,0
0.84,0.60572493,0.5124429,1.445263,0.7638376383763837,1,0,0
0.8957142857142857,0.39770132,0.3160352,1.1326962,0.796875,1,0,0
