ACC,Loss,LossPrivileged,LossUnprivileged,AEQ,OEQ,OPP,MEQ,MPP,drift-id,gm-id,gm-name
0.8328571428571429,0.47014305,0.45488912,0.607428,0.8813559322033898,0.7882753031153625,0.8405272245291782,0.243161094224924,0.29081632653061223,0,0,0
0.8814285714285715,0.35138375,0.33496967,0.4991102,0.9160714285714286,0.8827391914800984,0.877619879465137,0.4852941176470588,0.6363636363636364,0,0,0
0.8842857142857142,0.3839584,0.3478252,0.7091573,0.8601769911504424,0.7653754849670082,0.8502178774953372,0.5192307692307693,0.5634920634920635,0,0,0
0.8914285714285715,0.42739218,0.37757736,0.87572616,0.8181818181818182,0.7959989245047085,0.807781668041712,0.4621848739495798,0.516949152542373,0,0,0
0.8671428571428571,0.59306437,0.4792678,1.6172333,0.7206405693950179,0.7115636085716476,0.7228912172877741,0.0,0.0,1,0,0
0.7771428571428571,0.8074454,0.7356265,1.4538163,0.9109311740890689,0.7239926407479598,0.7262554043051315,0.0,0.0,1,8,8
0.9028571428571428,0.44666156,0.4068045,0.8053749,0.8750000000000001,0.8160817471264623,0.7860397243746953,0.20625000000000002,0.20625000000000002,1,0,0
0.88,0.6369472,0.5524813,1.3971406,0.7950530035335689,0.7801503314058018,0.7881039129249335,0.47843137254901963,0.4967320261437908,0,0,0
0.76,1.0214136,0.9923739,1.2827705,0.9130434782608694,0.587554492131134,0.6173318632237397,0.0,0.0,0,12,12
