ACC,Loss,LossPrivileged,LossUnprivileged,BalancedACC,drift-id,gm-id,gm-name
0.8657142857142858,0.40300268,0.40203103,0.42146266,0.9895833333333333,0,0,0
0.8485714285714285,0.5127746,0.40364918,2.5861561,0.662020905923345,2,0,0
0.8814285714285715,0.41949576,0.3592724,1.5637395,0.7025210084033613,2,0,0
0.8914285714285715,0.49360716,0.3608843,3.015342,0.5321252059308073,1,0,0
0.8885714285714286,0.47257826,0.42047843,1.4624755,0.7295492487479133,1,0,0
0.9,0.42042306,0.38012064,1.1861697,0.8178807947019867,1,0,0
0.9071428571428571,0.48755294,0.4659109,0.8987514,0.8764415156507415,1,0,0
0.91,0.4802391,0.41008186,1.813226,0.7761437908496732,0,0,0
0.8971428571428571,0.53843796,0.5186697,0.91403383,0.8535773710482529,0,0,0
