ACC,Loss,LossPrivileged,LossUnprivileged,AEQ,OEQ,OPP,drift-id,gm-id,gm-name
0.8288888888888889,0.6267042,0.49240902,0.8952949,0.8914728682170543,0.8886741793906283,0.9615831099592067,0,0,0
0.8177777777777778,0.9357737,0.55298084,1.7013594,0.7984790874524714,0.8209168181525803,0.8505081268243484,0,0,0
0.86,0.8736448,0.6157167,1.3895011,0.8773234200743495,0.8779625273345432,0.977927474230138,0,0,0
0.7688888888888888,1.3472232,0.70463055,2.6324086,0.6718146718146718,0.6800081118447666,0.8996510619571272,0,0,0
0.7444444444444445,2.7254276,0.3805335,7.4152164,0.4363636363636364,0.4483080623937772,0.5205886740520893,2,0,0
0.6066666666666667,3.4916556,2.4143076,5.6463523,0.625,0.6066485617123174,0.7637202489397649,2,7,7
0.7777777777777778,1.5434165,0.2682017,4.093846,0.536231884057971,0.526575808595173,0.42500501578529937,2,0,0
0.8155555555555556,0.81924444,0.4722936,1.513146,0.8015267175572519,0.8155827556971244,0.7259918707874456,0,0,0
0.8488888888888889,0.717752,0.4404684,1.2723191,0.8721804511278195,0.868354694022473,0.9659614862287813,0,0,0
