ACC,Loss,LossPrivileged,LossUnprivileged,BalancedACC,drift-id,gm-id,gm-name
0.9371428571428572,0.20897299,0.22833276,0.18961325,0.9818731117824773,0,0,0
0.8514285714285714,1.5487475,0.1608232,2.9366717,0.7791044776119402,1,0,0
0.8542857142857143,0.66013217,0.57338494,0.74687934,0.9606557377049181,1,2,2
0.8828571428571429,0.59228134,0.68800795,0.49655482,0.9495268138801263,1,2,2
0.8028571428571428,2.3915403,0.21197684,4.571104,0.6876876876876876,2,7,3-2-1-4
0.8442857142857143,0.746841,0.54774547,0.9459364,0.9126213592233009,2,12,12
0.9114285714285715,0.36234012,0.3597372,0.36494303,1.0,2,15,9-8-10-12
0.8185714285714286,2.3604279,0.15581657,4.565039,0.7311178247734138,1,15,9-8-10-12
0.9685714285714285,0.116352394,0.044182986,0.18852182,0.9652173913043477,1,7,3-2-1-4
