ACC,Loss,LossPrivileged,LossUnprivileged,AEQ,OEQ,OPP,drift-id,gm-id,gm-name
0.7844444444444445,0.7699172,0.4872872,1.3351772,0.7686274509803922,0.7958794636738583,0.8312842150361625,0,0,0
0.8533333333333334,0.84929365,0.57482964,1.398222,0.8981132075471698,0.892044650617148,0.8622559143626798,0,0,0
0.7777777777777778,1.6355083,0.33537832,4.2357683,0.5,0.5209942931008248,0.4398205163163123,3,0,0
0.76,1.9848404,0.28775695,5.3790064,0.4084507042253521,0.3820401198600611,0.5502884939743153,2,0,0
0.6866666666666666,1.9743448,0.4062531,5.110529,0.2720588235294118,0.2886027280765697,0.5536311754172806,2,0,0
0.7466666666666667,1.1389524,0.36872244,2.6794121,0.4705882352941177,0.4926216628336144,0.6827056277003576,3,0,0
0.7311111111111112,0.96053845,0.58977586,1.7020639,0.5503875968992248,0.5693771672965625,0.4964044698419209,3,0,0
0.7355555555555555,0.90015274,0.36763772,1.9651827,0.5363984674329502,0.5372788234036721,0.5345576945836625,2,0,0
0.7355555555555555,0.9993122,0.30203786,2.393861,0.3898916967509025,0.3930218222167427,0.412777622332858,2,0,0
