ACC,Loss,LossPrivileged,LossUnprivileged,AEQ,OEQ,OPP,MEQ,MPP,drift-id,gm-id,gm-name
0.8428571428571429,0.45831466,0.44680616,0.56189126,0.9438202247191012,0.8120232990114664,0.8298594944931195,0.35428571428571426,0.5387755102040817,0,0,0
0.8428571428571429,0.66460913,0.4622112,2.4861906,0.8698884758364313,0.6816473776531713,0.7074522613746751,0.0,0.0,4,0,0
0.88,0.52485305,0.35865492,2.0206363,0.8123893805309734,0.75595855995856,0.704846109698029,0.0,0.0,4,0,0
0.8628571428571429,0.6241706,0.4235108,2.4301088,0.7245080500894455,0.693617466709549,0.6580408369335309,0.0,0.0,4,0,0
0.8828571428571429,0.60263425,0.45491546,1.9321032,0.7922535211267606,0.6748131419463321,0.6899296751287289,0.0,0.0,2,0,0
0.8942857142857142,0.4800774,0.38551626,1.3311278,0.7642980935875217,0.7334145687912325,0.7373508439243162,0.15277777777777776,0.12757201646090535,2,0,0
0.8828571428571429,0.5536451,0.46679565,1.3352897,0.7922535211267606,0.7396544426367662,0.7177939453047812,0.19487179487179487,0.18421052631578946,3,0,0
0.8685714285714285,0.59133303,0.4055723,2.2631798,0.6678445229681979,0.7201293107402218,0.7099869902212979,0.07802197802197802,0.07869249394673124,3,0,0
0.8842857142857142,0.72344494,0.6120423,1.7260685,0.7225130890052356,0.7032363691096918,0.7052481801895831,0.0,0.0,3,0,0
