ACC,Loss,LossPrivileged,LossUnprivileged,BalancedACC,drift-id,gm-id,gm-name
0.7974481658692185,0.44372883,0.47701076,0.374214,0.9211491779763874,0,0,0
0.7942583732057417,0.43458223,0.4853082,0.34139338,0.8823956442831216,0,0,0
0.8277511961722488,0.37191305,0.41200298,0.28505164,0.8994755244755245,0,0,0
0.8437001594896332,0.3638776,0.38563856,0.31267536,0.9212574850299401,0,0,0
0.6858054226475279,0.702389,0.35341823,1.3525265,0.479371945846351,2,0,0
0.6858054226475279,0.6257664,0.38032675,1.0704193,0.5137540994578677,2,0,0
0.7161084529505582,0.5475699,0.36843348,0.93284786,0.5926793056190042,2,0,0
0.7910685805422647,0.4181995,0.3458363,0.5650234,0.8219403046352177,0,0,0
0.8070175438596491,0.4431387,0.40132466,0.52616954,0.9865791577264504,0,0,0
