ACC,Loss,LossPrivileged,LossUnprivileged,BalancedACC,drift-id,gm-id,gm-name
0.7843388960205392,0.4529362,0.4542216,0.43949637,0.9118773946360155,0,0,0
0.8164313222079589,0.4031426,0.41564393,0.26582053,0.9247383163791834,0,0,0
0.7907573812580231,0.41709554,0.4284525,0.2964064,0.9228513699980287,0,0,0
0.810012836970475,0.36717916,0.37680537,0.24970663,0.9319172113289761,0,0,0
0.7586649550706034,0.60989517,0.3568433,2.8209357,0.2587761324041812,2,0,0
0.7817715019255456,0.4536969,0.4536875,0.45378911,0.8672206506364922,2,9,9
0.7817715019255456,0.4452538,0.45306757,0.367336,0.8691148775894538,2,15,8-11-9-10
0.7894736842105263,0.4719105,0.35589686,2.1633902,0.16786184210526317,0,15,8-11-9-10
0.8472400513478819,0.33728153,0.34244534,0.28657526,0.965043443119822,0,0,0
