ACC,Loss,LossPrivileged,LossUnprivileged,AEQ,OEQ,OPP,MEQ,MPP,drift-id,gm-id,gm-name
0.9057142857142857,0.37156245,0.33600336,0.6915947,0.8719723183391004,0.7971227969450013,0.852770743196922,0.5,0.6881720430107526,0,0,0
0.9328571428571428,0.41659257,0.15426916,2.7775035,0.7624584717607973,0.7353019687865151,0.7309623109218142,0.0,0.0,1,0,0
0.93,0.3595505,0.19763735,1.8167689,0.7164179104477612,0.6990822817488906,0.6763991796497388,0.0,0.0,1,0,0
0.9514285714285714,0.19189483,0.10142497,1.0061235,0.7941176470588236,0.7789170754911632,0.7844164063803676,0.0,0.0,1,0,0
0.9542857142857143,0.26589265,0.12057495,1.573752,0.775609756097561,0.7532678458310034,0.7053046623472174,0.0,0.0,2,0,0
0.8514285714285714,0.69015217,0.64826804,1.0671086,0.7350272232304901,0.6697543049087197,0.7265000529361585,0.13559322033898305,0.2005649717514124,2,10,10
0.9685714285714285,0.1567205,0.06872735,0.94865876,0.8419354838709678,0.7944426169590644,0.7612749615975422,0.0,0.0,2,0,0
0.9771428571428571,0.0865909,0.07068793,0.22971758,0.8971061093247588,0.8869006275842946,0.9019472741908793,0.6333333333333334,0.5,0,0,0
0.9614285714285714,0.154577,0.08335485,0.7955762,0.8168557536466775,0.8081691381787228,0.7662019412454375,0.2255389718076285,0.33830845771144274,0,0,0
