ACC,Loss,LossPrivileged,LossUnprivileged,AEQ,OEQ,OPP,MEQ,MPP,drift-id,gm-id,gm-name
0.8325487558843309,0.3469159,0.3498258,0.27391243,0.9672184957899245,0.8354921887599217,0.8325437631687052,0.685880829015544,0.7098445595854923,0,0,0
0.8507061197041023,0.32919613,0.3181221,0.52396095,0.9372189841798502,0.7561054407707172,0.8409919841467114,0.5201238390092879,0.7309941520467836,1,0,0
0.8459986550100874,0.33363178,0.32528085,0.5026776,0.9254839092744329,0.7060381211399049,0.8344282620158889,0.4181614349775785,0.7354260089686099,1,0,0
0.831876260928043,0.3538967,0.35028493,0.42385578,0.9952929719201428,0.7817534288014067,0.9781393830682414,0.614936440677966,0.9742002063983488,1,0,0
0.8170813718897109,0.38132575,0.3792443,0.42998442,0.9763220856364987,0.973795376662087,0.889783876022182,0.9601449275362319,0.8268633540372671,1,4,4
0.85137861466039,0.31655005,0.3062668,0.5186438,0.960657737273313,0.6650295427789034,0.8644267179031024,0.38706391647568117,0.7965517241379311,1,0,0
0.8567585743106927,0.31963345,0.3144123,0.43764865,0.9995318352059926,0.848002377206297,0.9777912068180952,0.7219917012448133,0.9616182572614108,1,0,0
0.8473436449226631,0.31881014,0.31978646,0.29710227,0.9492177386544365,0.8528357427940578,0.9477326643359592,0.7161523491798721,0.9341278156102673,0,0,0
0.8379287155346334,0.32133445,0.32086885,0.33203512,0.9990283400809715,0.9008911682116716,0.8669821984020396,0.856937248128958,0.793886462882096,0,0,0
