ACC,Loss,LossPrivileged,LossUnprivileged,AEQ,OEQ,OPP,drift-id,gm-id,gm-name
0.5766666666666667,5.944201,6.037741,5.102339,0.5521472392638036,0.2709573412698413,0.2949587234470955,0,0,0
0.635,5.025265,5.018592,5.0853224,0.5782122905027933,0.3053158068783069,0.34050522648083625,0,0,0
0.5916666666666667,4.7429185,4.747971,4.697448,0.5089285714285714,0.27365079365079364,0.309004157218443,0,0,0
0.595,4.6992407,4.700738,4.685768,0.47787610619469023,0.27995580808080806,0.27387045053711717,0,0,0
0.6233333333333333,4.699561,4.686904,4.8134694,0.37604456824512533,0.18562091503267975,0.20066137566137568,2,0,0
0.6033333333333334,4.7103257,4.7191815,4.6306195,0.33524355300859604,0.19493827160493826,0.1782312925170068,2,0,0
0.63,4.660707,4.662411,4.6453633,0.47632311977715874,0.23070220841959974,0.30786706349206355,2,0,0
0.6366666666666667,4.749996,4.762859,4.6342287,0.5766016713091922,0.2953548085901027,0.31139971139971134,2,0,0
0.6316666666666667,4.661567,4.6643167,4.6368165,0.42265193370165743,0.22616279069767442,0.26031746031746034,2,0,0
