ACC,Loss,LossPrivileged,LossUnprivileged,BalancedACC,drift-id,gm-id,gm-name
0.8616666666666667,0.3073739,0.23870876,0.43870434,0.8806702868740057,0,0,0
0.845,0.3326724,0.24272703,0.5112206,0.8105721393034826,0,0,0
0.8783333333333333,0.3180791,0.26620784,0.43627772,0.9151116149284968,0,0,0
0.8416666666666667,0.35602698,0.30227795,0.45439783,0.9205413297394429,0,0,0
0.825,0.37917542,0.19477475,0.7292695,0.7192281296677567,1,0,0
0.7933333333333333,0.39941368,0.2529608,0.7253895,0.6454235510097037,1,0,0
0.7783333333333333,0.3994583,0.30566373,0.6082268,0.6535608971494952,1,0,0
0.8566666666666667,0.36819214,0.27675584,0.53925234,0.9245298764882608,0,0,0
0.8566666666666667,0.37884745,0.2748991,0.5545806,0.9189054525377396,0,0,0
