ACC,Loss,LossPrivileged,LossUnprivileged,AEQ,OEQ,OPP,MEQ,MPP,drift-id,gm-id,gm-name
0.9357142857142857,0.26135635,0.24111103,0.6460173,0.8484848484848485,0.7322826443877228,0.7323506138996777,0.0,0.0,0,0,0
0.9471428571428572,0.2756608,0.13527249,2.9430385,0.5909797822706064,0.7021634879935106,0.7341866953986361,0.0,0.0,1,0,0
0.9614285714285714,0.15287846,0.1409203,0.38008368,0.8555900621118013,0.8097188013136289,0.8319850588298143,0.33716475095785436,0.41250000000000003,1,0,0
0.9242857142857143,0.23922598,0.20227239,0.94134414,0.6060606060606061,0.5794427798031201,0.6153241497603841,0.0,0.0,1,0,0
0.9442857142857143,0.18283127,0.17384565,0.3535583,0.9033280507131536,0.8284546784842505,0.8268492776554452,0.5068493150684932,0.3333333333333333,1,0,0
0.9457142857142857,0.20621957,0.1900861,0.5127559,0.8391167192429022,0.8165994332608826,0.7767449865642576,0.2629310344827586,0.4173913043478261,1,0,0
0.96,0.13795623,0.094998814,0.9541472,0.7953488372093024,0.7286871938518997,0.7263153957199284,0.0,0.0,1,0,0
0.9557142857142857,0.17336413,0.11824897,1.2205526,0.6764705882352942,0.7153676297842906,0.7739513985700427,0.0,0.0,0,0,0
0.99,0.041679204,0.031419788,0.23660801,0.9500000000000001,0.8284590246354953,0.8557161122743964,0.0,0.0,0,0,0
