ACC,Loss,LossPrivileged,LossUnprivileged,BalancedACC,drift-id,gm-id
0.9571428571428572,0.16693546,0.19672272,0.13714814,0.9881305637982195,0,<federated.algorithms.fair_fed_drift.ClientIdentity.ClientIdentity object at 0x7f2430192d70>
0.8528571428571429,1.2986437,0.14325577,2.4540317,0.7767857142857143,1,<federated.algorithms.fair_fed_drift.ClientIdentity.ClientIdentity object at 0x7f23a17dbc40>
0.8171428571428572,0.8036968,0.75259066,0.854803,0.9589041095890412,1,<federated.algorithms.fair_fed_drift.ClientIdentity.ClientIdentity object at 0x7f239c126a40>
0.83,0.69818336,0.75889266,0.637474,0.9694915254237289,1,<federated.algorithms.fair_fed_drift.ClientIdentity.ClientIdentity object at 0x7f23a16dbbe0>
0.7671428571428571,2.1590014,0.27000332,4.048,0.6223564954682779,2,<federated.algorithms.fair_fed_drift.ClientIdentity.ClientIdentity object at 0x7f237c3ea4a0>
0.9428571428571428,0.23792756,0.20510328,0.27075177,0.9760479041916167,2,<federated.algorithms.fair_fed_drift.ClientIdentity.ClientIdentity object at 0x7f235c20b640>
0.9457142857142857,0.21157216,0.24805422,0.17509004,0.9879879879879879,2,<federated.algorithms.fair_fed_drift.ClientIdentity.ClientIdentity object at 0x7f237470e410>
0.9757142857142858,0.16971985,0.07784777,0.26159188,0.9912536443148688,2,<federated.algorithms.fair_fed_drift.ClientIdentity.ClientIdentity object at 0x7f236c7c1120>
0.9742857142857143,0.078000784,0.032999195,0.12300239,0.9710982658959537,2,<federated.algorithms.fair_fed_drift.ClientIdentity.ClientIdentity object at 0x7f238428ebc0>
0.8814285714285715,1.3830751,0.061150506,2.7049997,0.7884057971014492,0,<federated.algorithms.fair_fed_drift.ClientIdentity.ClientIdentity object at 0x7f239c2d8cd0>
