ACC,Loss,LossPrivileged,LossUnprivileged,AEQ,OEQ,OPP,MEQ,MPP,drift-id,gm-id,gm-name
0.9457142857142857,0.18845938,0.17731833,0.28872883,0.9632107023411371,0.9080152339171577,0.8938227035935103,0.7745901639344263,0.703030303030303,0,0,0
0.9328571428571428,0.37910125,0.1674567,2.2839024,0.7624584717607973,0.7476116385687778,0.7276232383386889,0.0,0.0,4,0,0
0.95,0.33458185,0.10806445,2.373239,0.747557003257329,0.7402285885842362,0.7494818665013898,0.0,0.0,4,0,0
0.8657142857142858,0.59366655,0.5437653,1.0427783,0.7567084078711985,0.7082142988037232,0.6742529730733692,0.0,0.0,4,4,4
0.8985714285714286,0.80981594,0.24098961,5.9292526,0.4824120603015075,0.5480551198325289,0.5188091659435698,0.0,0.0,1,4,4
0.9257142857142857,0.40339535,0.39496538,0.4792652,0.9352640545144804,0.841715133208902,0.8631329954301613,0.0,0.75,1,12,7-8
0.9114285714285715,0.7715859,0.31903335,4.8445597,0.6342281879194631,0.5374025158980303,0.569838543759495,0.0,0.0,3,12,7-8
0.9728571428571429,0.12895,0.0947847,0.4364376,0.9496753246753248,0.9255731665489959,0.9222700441060239,0.6892655367231638,0.5714285714285714,3,10,3-1-2
0.9671428571428572,0.14635861,0.14488482,0.15962279,0.9885245901639345,0.9547103370250347,0.9477214696997436,0.8045454545454546,0.875,3,10,3-1-2
