ACC,Loss,LossPrivileged,LossUnprivileged,AEQ,OEQ,OPP,MEQ,MPP,drift-id,gm-id,gm-name
0.8271428571428572,0.48540092,0.4639428,0.67852336,0.9068441064638783,0.7900179708786661,0.8401399291704654,0.4382716049382716,0.4393939393939394,0,0,0
0.8671428571428571,0.5074217,0.3136535,2.251336,0.7553571428571428,0.6807951279037114,0.6668309215891395,0.0,0.0,1,0,0
0.8614285714285714,0.6339771,0.38712555,2.8556404,0.7084078711985689,0.6807106980822933,0.7062055131599723,0.0,0.0,1,0,0
0.7885714285714286,0.7403145,0.6839601,1.2475046,0.8767395626242543,0.7650224512216142,0.839951876847131,0.6160714285714286,0.4733333333333333,1,4,4
0.8842857142857142,0.4796737,0.3885401,1.2998762,0.7908611599297012,0.7031183798041615,0.7185953082112999,0.0,0.0,1,0,0
0.8885714285714286,0.47041318,0.32857293,1.7469754,0.7526132404181185,0.7165766694980383,0.6901615930335778,0.0,0.0,1,0,0
0.8842857142857142,0.53167343,0.37288368,1.9607807,0.6718750000000001,0.6192339964394429,0.5928791491276173,0.0,0.0,1,0,0
0.8971428571428571,0.47441015,0.45328224,0.6645613,0.8984238178633975,0.8587240327573891,0.8537191577332421,0.4444444444444444,0.5480769230769231,0,0,0
0.9214285714285714,0.34998795,0.28695738,0.9172638,0.8724489795918368,0.8502415850092868,0.8506043469557285,0.5338983050847458,0.5508474576271186,0,0,0
