ACC,Loss,LossPrivileged,LossUnprivileged,BalancedACC,drift-id,gm-id,gm-name
0.87,0.28468454,0.26648405,0.81249887,0.6823529411764706,0,0,0
0.8833333333333333,0.31399283,0.26515839,1.4860195,0.6034816247582204,2,0,0
0.86,0.321632,0.28604126,0.93314606,0.7289256198347107,2,0,0
0.8566666666666667,0.30696908,0.29387727,0.7848205,0.7242063492063492,2,0,0
0.8816666666666667,0.30215532,0.26073733,1.3903178,0.5579150579150579,1,0,0
0.8716666666666667,0.3373582,0.31262705,0.76228476,0.8263800327928584,1,1,1
0.8883333333333333,0.2656428,0.21712519,1.2567881,0.5915609487038058,1,2,0-1
0.8816666666666667,0.30367753,0.26547915,1.1143317,0.5346683893195521,2,2,0-1
0.8846153846153846,0.27327138,0.24393211,0.7312899,0.7419141914191418,2,2,0-1
