ACC,Loss,LossPrivileged,LossUnprivileged,AEQ,OEQ,OPP,MEQ,MPP,drift-id,gm-id,gm-name
0.8138639281129654,0.44361135,0.4497413,0.37512833,0.9423013350286077,0.7722878625134264,0.9047701170855396,0.582010582010582,0.8977272727272727,0,0,0
0.7997432605905006,0.43004575,0.43803528,0.353929,0.9167996453900709,0.8546614166769206,0.8576433386469957,0.7539682539682541,0.7710280373831776,1,0,0
0.8292682926829268,0.37609208,0.3744755,0.39172617,0.9720659961261114,0.8349479861640448,0.8949060180441019,0.6707818930041152,0.8093278463648835,1,0,0
0.7984595635430038,0.39901268,0.40125877,0.37695795,0.9198339188757585,0.8269021683803319,0.8732945978963678,0.6842105263157895,0.8053097345132744,1,0,0
0.7907573812580231,0.44073385,0.37963068,1.0694762,0.7529162248144221,0.639887981170876,0.7285337048491694,0.3382554945054945,0.7050012939958592,3,0,0
0.7599486521181001,0.47642204,0.40052807,1.1888134,0.46600472813238775,0.4020813317860904,0.4144145809347071,0.2871657754010695,0.149146110056926,4,1,1
0.8254172015404364,0.38912788,0.34955582,0.81662565,0.8323942947058526,0.8078400094529128,0.7956084656084655,0.6413210445468511,0.7645502645502644,4,0,0
0.8267008985879333,0.37712356,0.37310237,0.41916877,0.9763557375411965,0.930302117774932,0.8465718526839445,0.8835462058602555,0.7086776859504132,1,0,0
0.8382541720154044,0.34181133,0.34126544,0.34790993,0.9732231404958678,0.9608765655087488,0.8176469437971547,0.9327217125382263,0.6972477064220184,1,0,0
