ACC,Loss,LossPrivileged,LossUnprivileged,AEQ,OEQ,OPP,drift-id,gm-id,gm-name
0.15666666666666668,4.608133,4.609714,4.593905,0.2967032967032967,0.036139455782312924,0.16756756756756758,0,0,0
0.21,4.611443,4.6117477,4.6086936,0.45000000000000007,0.08125,0.1142683355292051,1,0,0
0.265,4.6041703,4.603756,4.607899,0.1730769230769231,0.029891304347826088,0.060000000000000005,1,0,0
0.21,4.6097813,4.6087227,4.6193075,0.072,0.0,0.0,1,0,0
0.19166666666666668,4.6301227,4.633089,4.603427,0.1592920353982301,0.03138297872340426,0.06055900621118012,1,0,0
0.21,4.6067767,4.6074533,4.60069,0.21951219512195125,0.007801418439716313,0.024074074074074074,1,0,0
0.18833333333333332,4.6286745,4.6315923,4.602417,0.41666666666666663,0.04685185185185185,0.05527878421900161,1,0,0
0.21666666666666667,4.60666,4.607694,4.5973496,0.36,0.05607707509881423,0.09615384615384616,0,0,0
0.16,4.624372,4.6265445,4.604825,0.2903225806451613,0.027210884353741496,0.05128205128205128,0,0,0
