ACC,Loss,LossPrivileged,LossUnprivileged,AEQ,OEQ,OPP,drift-id,gm-id,gm-name
0.5833333333333334,1.7075849,1.5732535,2.916568,0.5166163141993958,0.29452992659514393,0.3077333711262283,0,0,0
0.63,1.7213776,1.4087158,4.535333,0.45,0.24427226813590452,0.2566666666666667,1,0,0
0.495,2.2883613,2.1183445,3.8185112,0.4787234042553191,0.1855072463768116,0.21768292682926832,1,1,1
0.555,2.3256214,2.0558207,4.753827,0.4245283018867924,0.21975623582766443,0.2512202380952381,1,1,1
0.49166666666666664,4.4561567,4.000843,8.553976,0.3485915492957746,0.12321428571428572,0.13542392566782813,1,1,1
0.5933333333333334,3.049202,2.7199032,6.0128927,0.5074183976261127,0.26067901234567903,0.2565079365079365,1,1,1
0.615,2.8677545,2.546429,5.759685,0.5157593123209169,0.20334467120181407,0.19574314574314575,1,1,1
0.625,2.810518,2.502428,5.583323,0.5880681818181818,0.2975115740740741,0.3047466422466423,0,1,1
0.6633333333333333,2.418444,2.156348,4.777309,0.5013262599469496,0.3161954365079365,0.36165559246954593,0,0,0
