ACC,Loss,LossPrivileged,LossUnprivileged,AEQ,OEQ,OPP,MEQ,MPP,drift-id,gm-id,gm-name
0.9071428571428571,0.3734856,0.36594516,0.51675427,0.9092409240924093,0.8427443701463676,0.8393382493230122,0.6738461538461538,0.7660455486542443,0,0,0
0.9357142857142857,0.38218814,0.17566976,4.306037,0.660347551342812,0.6937401712676403,0.7148017349427265,0.0,0.0,3,0,0
0.9471428571428572,0.28479093,0.14320666,2.9748926,0.6828125,0.7446086713869319,0.6997923538689523,0.0,0.0,3,0,0
0.98,0.11919359,0.06543806,1.1405488,0.8689024390243902,0.7931457065584855,0.806958822472204,0.0,0.0,3,0,0
0.9614285714285714,0.17521311,0.10210338,1.5642979,0.6723076923076924,0.6743789403085177,0.6650715292039261,0.0,0.0,2,0,0
0.9714285714285714,0.10852506,0.083366856,0.58653086,0.8463901689708141,0.7533791123047198,0.782864598351414,0.0,0.0,2,0,0
0.96,0.19883944,0.051474825,2.9987671,0.5229357798165137,0.5419900322115845,0.5897856535010736,0.0,0.0,4,0,0
0.9771428571428571,0.089773044,0.08073732,0.26145154,0.9325153374233128,0.8383748172862978,0.896947621880778,0.0,0.5080645161290323,4,0,0
0.98,0.10429695,0.037876945,1.3662771,0.8085106382978724,0.7357761328665036,0.7288847965078349,0.0,0.0,4,0,0
