ACC,Loss,LossPrivileged,LossUnprivileged,BalancedACC,drift-id,gm-id
0.6538333333333334,1.2766974,1.2491776,1.359257,0.9519811954331766,0,0
0.7085,1.3422327,1.0236946,2.297847,0.8114166168559475,2,0
0.7283333333333334,1.1556962,0.9467957,1.782398,0.8044109112013929,2,0
0.748,1.0647292,0.83842,1.7436572,0.7788380578164469,2,0
0.7561666666666667,1.1185788,0.8479465,1.9304757,0.7903091060985797,1,0
0.7785,0.971417,0.72731453,1.7037243,0.7913961038961039,1,0
0.7733333333333333,0.99890566,0.72024524,1.8348867,0.7692932575142161,1,0
0.8021666666666667,0.8420156,0.6833529,1.318004,0.8391385269875034,2,0
0.8198333333333333,0.7781419,0.6081353,1.2881616,0.8732283464566929,2,0
0.838,0.74625593,0.62139016,1.1208533,0.8746468019522219,0,0
