ACC,Loss,LossPrivileged,LossUnprivileged,BalancedACC,drift-id,gm-id,gm-name
0.7869062901155327,0.4486125,0.4579513,0.35548803,0.8912201567340987,0,0,0
0.7329910141206675,0.59708714,0.44170773,2.3939748,0.1643270497908669,2,0,0
0.7779204107830552,0.49251273,0.47989362,0.6145551,0.9769463710071311,2,6,6
0.7676508344030809,0.46721128,0.45877865,0.54521257,0.9745841035120147,2,14,8-6-5-7
0.7817715019255456,0.48107433,0.4262991,1.2629645,0.8968278410840776,1,14,8-6-5-7
0.8421052631578947,0.34450036,0.36633337,0.13956195,0.8508133561643835,1,13,3-1-2-4
0.8369704749679076,0.34381327,0.35962978,0.13961054,0.857742943496747,1,13,3-1-2-4
0.8189987163029525,0.36061168,0.38885352,0.08747872,0.8002832861189801,1,13,3-1-2-4
0.8472400513478819,0.336009,0.36767477,0.047315992,0.8304843304843305,1,13,3-1-2-4
