ACC,Loss,LossPrivileged,LossUnprivileged,BalancedACC,drift-id,gm-id,gm-name
0.8257142857142857,0.4546326,0.43943727,0.46982798,0.9527027027027026,0,0,0
0.8685714285714285,0.36911324,0.3864937,0.35173273,0.9869281045751633,0,0,0
0.89,0.4916422,0.5660622,0.41722223,0.9967948717948718,0,0,0
0.88,0.4735566,0.51390463,0.4332085,0.9935275080906149,0,0,0
0.8028571428571428,1.8548199,0.5479534,3.161686,0.8187702265372168,2,0,0
0.7171428571428572,1.1041152,0.9521185,1.2561117,0.9533073929961089,2,6,6
0.8185714285714286,0.7309439,0.65265536,0.80923235,0.9965156794425089,2,9,9
0.7728571428571429,1.9089162,0.64665234,3.1711802,0.7973421926910299,0,9,9
0.8671428571428571,0.738609,0.59044933,0.8867688,0.9517684887459807,0,0,0
