ACC,Loss,LossPrivileged,LossUnprivileged,AEQ,OEQ,OPP,MEQ,MPP,drift-id,gm-id,gm-name
0.9085714285714286,0.3499456,0.28521782,0.6088566,0.9494163424124514,0.8955652701136391,0.9031816862712597,0.6941176470588235,0.7589453860640301,0,0,0
0.9214285714285714,0.5400593,0.17430115,2.0030923,0.8134328358208955,0.7530264998155751,0.7826733211451032,0.0,0.0,2,0,0
0.8385714285714285,0.8251927,0.75330937,1.1127259,0.9224318658280922,0.880941639004949,0.8452688455606099,0.6153846153846154,0.7058823529411765,2,7,7
0.8842857142857142,0.4696433,0.45765075,0.5176133,0.9224652087475149,0.8632557848155015,0.8691032510795145,0.6837209302325581,0.5833333333333334,2,10,10
0.8571428571428571,1.1639783,0.42517102,4.1192074,0.6692607003891051,0.6577091475240755,0.6117728598579288,0.0,0.0,1,6,6
0.9385714285714286,0.27382153,0.23875697,0.41407984,0.9398496240601505,0.9149106041583904,0.9280716923242742,0.8571428571428571,0.8,1,3,3
0.9457142857142857,0.19231722,0.21526307,0.10053395,0.9669117647058824,0.9450438136767613,0.9599745021413082,0.8799999999999999,0.9259259259259258,1,3,3
0.9228571428571428,0.4422108,0.44584388,0.42767844,0.978805394990366,0.9127736014556446,0.9073344493387371,0.8250000000000001,0.7620915032679738,1,3,3
0.9071428571428571,0.39616543,0.4253914,0.27926108,0.9901768172888016,0.8672330348847685,0.8647279639622616,0.6610169491525424,0.7647058823529411,1,18,18
