ACC,Loss,LossPrivileged,LossUnprivileged,AEQ,OEQ,OPP,MEQ,MPP,drift-id,gm-id,gm-name
0.9542857142857143,0.18494701,0.17389783,0.39488173,0.9246467817896389,0.8752565188645969,0.8980576816768986,0.5076923076923077,0.7105263157894737,0,0,0
0.9528571428571428,0.2306949,0.15120104,1.7410791,0.7398753894080997,0.6482301127521717,0.6944165428023856,0.0,0.0,2,0,0
0.96,0.17902596,0.08773022,1.913645,0.7647058823529412,0.7787858533509555,0.7425767131916071,0.1691176470588235,0.34972677595628415,2,0,0
0.9571428571428572,0.24278767,0.12736695,2.435781,0.6754250386398764,0.6594765761297608,0.6605401143389135,0.0,0.0,4,0,0
0.9557142857142857,0.25041056,0.0957929,3.1881466,0.5855161787365177,0.5967585178185623,0.4974644301206245,0.0,0.0,4,0,0
0.9614285714285714,0.18081447,0.12614094,1.2196107,0.7330246913580247,0.6934664408709443,0.6881635624515496,0.0,0.0,2,0,0
0.9671428571428572,0.15365769,0.15194125,0.18626978,0.9426356589147287,0.8541586641689025,0.8648352638724858,0.0,0.0,2,0,0
0.98,0.15293334,0.1388912,0.41973397,0.9601837672281776,0.9278714414190392,0.8819954713195823,0.5074626865671642,0.0,2,0,0
0.9728571428571429,0.12768395,0.065300226,1.3129748,0.7240853658536586,0.7670329198525614,0.6870426399306456,0.0,0.0,2,0,0
