ACC,Loss,LossPrivileged,LossUnprivileged,AEQ,OEQ,OPP,MEQ,MPP,drift-id,gm-id,gm-name
0.9285714285714286,0.32679746,0.3048572,0.7436623,0.8872785829307569,0.8155304993515836,0.8485991929805614,0.5084745762711864,0.55,0,0,0
0.9614285714285714,0.11769618,0.1130287,0.20637839,0.9485179407176286,0.8403714073243146,0.8851420564786441,0.5073529411764706,0.5514705882352942,0,0,0
0.9642857142857143,0.23881483,0.12385194,2.4231098,0.7004608294930875,0.7235935075900937,0.7270078390500154,0.0,0.0,2,0,0
0.9557142857142857,0.2291499,0.14868534,1.7579764,0.7069767441860465,0.6886004014817575,0.6917876524000505,0.0,0.0,2,0,0
0.9485714285714286,0.22541544,0.15253411,1.6101607,0.774294670846395,0.738689668186231,0.7321125033667362,0.0,0.0,2,0,0
0.97,0.111629315,0.110088035,0.14091346,0.9705882352941176,0.9486530798814459,0.912769239899942,0.8271186440677967,0.5072463768115941,0,0,0
0.9728571428571429,0.10448751,0.083800085,0.4975489,0.9061538461538462,0.8777521465909862,0.8691107112839267,0.6666666666666666,0.6666666666666666,0,0,0
0.96,0.15322806,0.080759525,1.5301303,0.6129032258064515,0.6718149161321267,0.6593190214573451,0.0,0.0,1,0,0
0.9857142857142858,0.06599188,0.00062833534,1.3078991,0.7142857142857143,0.7259259259259259,0.75,0.0,0.0,1,0,0
