ACC,Loss,LossPrivileged,LossUnprivileged,BalancedACC,drift-id,gm-id,gm-name
0.7997432605905006,0.43347192,0.4424025,0.35205236,0.9416173570019725,0,0,0
0.7573812580231065,0.55273604,0.4334618,1.7608141,0.37381370826010546,1,0,0
0.7214377406931964,0.57420963,0.5159699,1.0830792,0.47539868667917445,1,0,0
0.7471116816431322,0.5435363,0.4985815,1.0634165,0.43289632568569947,1,0,0
0.43517329910141206,0.9412177,0.9881764,0.51310104,0.5314127124471952,2,0,0
0.5840821566110398,0.67862284,0.6784341,0.680565,0.8854460093896713,2,0,0
0.686777920410783,0.58177966,0.590506,0.49986887,0.8594953775038521,2,0,0
0.6944801026957638,0.56702054,0.5701081,0.5371609,0.8447207951217169,2,0,0
0.5853658536585366,0.6723033,0.6922566,0.42880586,0.7130910165484633,2,0,0
