ACC,Loss,LossPrivileged,LossUnprivileged,BalancedACC,drift-id,gm-id,gm-name
0.8022328548644339,0.38379458,0.4235204,0.3049104,0.8730841413825462,0,0,0
0.8293460925039873,0.38223016,0.41804135,0.32249394,0.9514290790943243,0,0,0
0.8242811501597445,0.39035702,0.42564556,0.31994885,0.9355715427657872,0,0,0
0.7987220447284346,0.39948905,0.44804406,0.2889056,0.8914663880181122,0,0,0
0.5559105431309904,1.122624,1.6009402,0.21470883,0.3991130820399113,2,0,0
0.8083067092651757,0.46602476,0.507417,0.38343838,0.939748201438849,2,2,2
0.8178913738019169,0.44438756,0.48317143,0.35538873,0.9500541341386974,2,2,2
0.46645367412140576,1.0283558,1.3987379,0.31019703,0.3071885047433811,0,2,2
0.8594249201277955,0.29525498,0.33508116,0.21464069,0.9663510713630046,0,0,0
