ACC,Loss,LossPrivileged,LossUnprivileged,AEQ,OEQ,OPP,MEQ,MPP,drift-id,gm-id,gm-name
0.9257142857142857,0.2760369,0.27453086,0.30465207,0.987012987012987,0.7733904034901603,0.7994556386861886,0.0,0.0,0,0,0
0.9514285714285714,0.20028217,0.1554204,1.0526562,0.6796267496111975,0.7044102715208755,0.7323581965383347,0.25,0.2568493150684931,0,0,0
0.9685714285714285,0.10860321,0.10420024,0.19225942,0.9969040247678019,0.9549442888917359,0.938422856422895,0.875,0.6862745098039216,0,0,0
0.9714285714285714,0.08313807,0.059649456,0.52942175,0.8769230769230769,0.8583695074903803,0.8776143168070917,0.3333333333333333,0.6260869565217391,0,0,0
0.9671428571428572,0.16077642,0.07729334,1.7469553,0.8809891808346213,0.7436370729092345,0.7768613702958023,0.0,0.0,2,0,0
0.9785714285714285,0.11774141,0.06280694,1.1614966,0.7796352583586627,0.6425328690034572,0.6186634962296974,0.0,0.0,2,0,0
0.9628571428571429,0.2112219,0.15904084,1.2026627,0.823529411764706,0.7580790827529957,0.733048450825427,0.0,0.0,2,0,0
0.9828571428571429,0.06960377,0.06911298,0.078928754,0.9572519083969465,0.9565857887632081,0.9383657329868296,0.8242424242424243,0.75,0,0,0
0.9742857142857143,0.10189436,0.09080575,0.3125779,0.9353846153846154,0.9177154775785505,0.8817146151768886,0.7064676616915423,0.50625,0,0,0
