ACC,Loss,LossPrivileged,LossUnprivileged,BalancedACC,drift-id,gm-id,gm-name
0.9257142857142857,0.27397993,0.27215955,0.30856717,0.987012987012987,0,0,0
0.9485714285714286,0.19977945,0.15418462,1.066081,0.6817472698907956,0,0,0
0.97,0.10828124,0.103881426,0.1918779,0.9705882352941176,0,0,0
0.9728571428571429,0.08470997,0.063163966,0.49408418,0.9061538461538462,0,0,0
0.9671428571428572,0.16251719,0.07917595,1.7460003,0.8809891808346213,2,0,0
0.9757142857142858,0.1188517,0.0646996,1.1477416,0.7820121951219513,2,0,0
0.9628571428571429,0.21118696,0.15897033,1.2033036,0.8542635658914729,2,0,0
0.9828571428571429,0.06293473,0.062924616,0.06312658,0.9572519083969465,0,0,0
0.9728571428571429,0.095890306,0.08528655,0.29736203,0.9061538461538462,0,0,0
