ACC,Loss,LossPrivileged,LossUnprivileged,AEQ,OEQ,OPP,MEQ,MPP,drift-id,gm-id,gm-name
0.816408876933423,0.4156706,0.41623673,0.4014678,0.9476951619808763,0.964667779271924,0.8530744890548811,0.9401114206128135,0.7847619047619047,0,0,0
0.8063214525891056,0.4130605,0.42208508,0.23570292,0.8877194889915738,0.7557654954151769,0.95273525771488,0.571656050955414,0.9075891594975566,0,0,0
0.8117014122394082,0.3689565,0.37620145,0.23983026,0.9113534902597403,0.8437025048520308,0.9372382516767015,0.7370478983382209,0.921071485432256,0,0,0
0.8211163416274377,0.3681067,0.3677486,0.37633768,0.998142414860681,0.9779507159345171,0.8983900484935144,0.9676336609925678,0.827054794520548,0,0,0
0.8150638870208473,0.47917983,0.35010445,3.2148073,0.28353217191633806,0.5158585164835165,0.5275089605734767,0.09695512820512821,0.24112903225806454,2,0,0
0.8036314727639543,0.43450624,0.42892066,0.56075734,0.9870381922783669,0.1868032786885246,0.45263157894736844,0.0,0.0,2,12,12
0.8157363819771352,0.41078702,0.40613368,0.48566744,0.9704500978473581,0.2952522255192878,0.36941492766611184,0.0,0.0,2,18,10-12-13-11-14
0.8258238063214526,0.35631996,0.36401433,0.17645001,0.895261470647165,0.28431372549019607,0.3648927392739274,0.0,0.0,2,18,10-12-13-11-14
0.8426361802286483,0.34537914,0.3503877,0.24245004,0.9974410284397549,0.3742906416764285,0.8778252984853909,0.16524795001952364,0.8678414096916299,2,18,10-12-13-11-14
