ACC,Loss,LossPrivileged,LossUnprivileged,AEQ,OEQ,OPP,MEQ,MPP,drift-id,gm-id,gm-name
0.9185714285714286,0.3235102,0.32404077,0.32138783,0.9748549323017408,0.9317603381705564,0.8962410902033688,0.8275862068965517,0.7916666666666667,0,0,0
0.9071428571428571,0.7491003,0.16034204,3.1041336,0.7299813780260707,0.7356956785070876,0.7356166053478402,0.0,0.0,1,0,0
0.9485714285714286,0.23132442,0.15240726,0.5469931,0.8913443830570903,0.8791457976442558,0.8925805953372097,0.32130281690140844,0.5790297339593115,1,0,0
0.92,0.26665664,0.20413388,0.5167477,0.8330206378986866,0.821517191442888,0.8155303646262928,0.21176470588235297,0.3352941176470588,1,0,0
0.9314285714285714,0.22799481,0.1367616,0.59292763,0.8747663551401869,0.8169114026562404,0.8460886413278006,0.5079365079365079,0.5833333333333334,1,0,0
0.9228571428571428,0.24885897,0.1341077,0.707864,0.7763401109057301,0.7902844510745066,0.795040378771425,0.4375,0.4117647058823529,1,0,0
0.9314285714285714,0.19353156,0.13403052,0.4315357,0.8385899814471243,0.771216022781166,0.7611268081633651,0.2727272727272727,0.2543859649122807,1,0,0
0.9085714285714286,0.39339194,0.12161462,1.4805012,0.728624535315985,0.7677451809056015,0.7409825929730314,0.04694485842026826,0.07103825136612021,0,0,0
0.9771428571428571,0.07013469,0.028504342,0.23665611,0.9297297297297297,0.9264395213165706,0.9350115000201281,0.47500000000000003,0.8095238095238095,0,0,0
