ACC,Loss,LossPrivileged,LossUnprivileged,BalancedACC,drift-id,gm-id,gm-name
0.7915265635507733,0.42773327,0.43435115,0.30136815,0.8959442539060373,0,0,0
0.8170813718897109,0.40893722,0.41526458,0.29307213,0.950709219858156,0,0,0
0.8110289172831204,0.378026,0.38365942,0.24855,0.8611736237144586,0,0,0
0.83591123066577,0.34683225,0.35050145,0.2796426,0.9436274509803922,0,0,0
0.8137188971082717,0.45541978,0.34456307,2.5135622,0.2803558813140233,2,0,0
0.8043039677202422,0.43340087,0.42116892,0.65435857,0.9791518807665012,2,2,2
0.7881640887693342,0.44003463,0.43462375,0.5339567,0.9811467337783126,2,9,1-3-4-2-5
0.8157363819771352,0.3750345,0.36589715,0.58156955,0.911105665822647,2,9,1-3-4-2-5
0.8271687962340283,0.3667447,0.36937878,0.31177756,0.968336127919127,2,9,1-3-4-2-5
