ACC,Loss,LossPrivileged,LossUnprivileged,AEQ,OEQ,OPP,drift-id,gm-id,gm-name
0.7933333333333333,0.7131988,0.4993803,1.140836,0.8446215139442231,0.8464116475210763,0.9052689760479741,0,0,0
0.7711111111111111,1.8417938,0.24426799,5.0368447,0.4697508896797153,0.5097234025313047,0.40517688827144416,3,0,0
0.5911111111111111,2.8751423,1.7056563,5.2141147,0.4292237442922375,0.4220916245790578,0.8449189208559081,3,2,2
0.7533333333333333,1.9233844,0.60734487,4.555464,0.5298507462686567,0.4886242178677349,0.4785981380556113,3,0,0
0.7044444444444444,2.6040552,0.5300879,6.751991,0.3394833948339483,0.3464105802395808,0.46812496982630636,2,0,0
0.7755555555555556,1.0611908,0.46683985,2.249893,0.6743295019157088,0.686678840258482,0.9782310487222395,2,8,8
0.6022222222222222,3.852537,1.0993499,9.3589115,0.22131147540983606,0.20136384138224292,0.21275195325997134,4,8,8
0.7888888888888889,1.1187524,0.42747152,2.5013144,0.5912408759124088,0.5135327665331496,0.5707951748771367,4,0,0
0.7688888888888888,1.0387845,0.3484779,2.4193978,0.4981949458483755,0.5135387410847885,0.4364022447936131,4,0,0
