ACC,Loss,LossPrivileged,LossUnprivileged,BalancedACC,drift-id,gm-id,gm-name
0.8028571428571428,0.53836423,0.59412897,0.48259953,0.9513888888888888,0,0,0
0.8928571428571429,0.3443095,0.3621783,0.32644072,0.9904458598726116,0,0,0
0.8114285714285714,1.6169367,0.39296082,2.8409128,0.8089171974522293,1,0,0
0.82,0.52043074,0.5262947,0.51456684,0.9930555555555556,1,1,1
0.8357142857142857,0.5479713,0.49665537,0.59928733,0.9965870307167234,1,1,1
0.7428571428571429,2.3314247,0.43108478,4.231765,0.6938110749185668,2,1,1
0.8571428571428571,0.6143923,0.62773144,0.6010532,0.9801980198019801,2,2,2
0.7757142857142857,2.1702404,0.63949805,3.7009835,0.7572815533980582,0,2,2
0.9071428571428571,0.46825105,0.5205266,0.41597557,0.984375,0,0,0
