ACC,Loss,LossPrivileged,LossUnprivileged,BalancedACC,drift-id,gm-id,gm-name
0.85,0.3204926,0.30018562,0.4967047,0.8808611440117048,0,0,0
0.85,0.3817522,0.29659435,1.2984513,0.6253356114229924,2,0,0
0.8733333333333333,0.30860946,0.27266216,0.67961264,0.7161340007701193,2,6,6
0.82,0.46396768,0.31638,1.8699343,0.5748638838475498,1,13,1-7
0.88,0.2787051,0.27131885,0.37438247,0.976128451664851,1,8,8
0.865,0.48047474,0.25296143,2.260432,0.618075088663324,2,8,8
0.8766666666666667,0.2927911,0.28190386,0.3872648,0.9114936297099485,2,5,5
0.8333333333333334,0.47984305,0.26750675,2.087532,0.5350260018354237,1,13,1-7
0.8966666666666666,0.25331402,0.22464572,0.51618785,0.7764488791689448,1,22,22
