ACC,Loss,LossPrivileged,LossUnprivileged,BalancedACC,drift-id,gm-id,gm-name
0.7990430622009569,0.42710698,0.47064796,0.3393971,0.8776487031738288,0,0,0
0.8086124401913876,0.41865635,0.45948198,0.3431287,0.9652509652509652,0,0,0
0.8437001594896332,0.37254208,0.4014067,0.32024932,0.9227547754775477,0,0,0
0.8516746411483254,0.3475845,0.36019206,0.3237637,0.9351320611651711,0,0,0
0.5007974481658692,1.2870361,1.7414668,0.35157388,0.3569558272891518,2,0,0
0.5215311004784688,1.0095574,1.322273,0.36113226,0.37480727721245755,2,0,0
0.6331738437001595,0.73856986,0.95671463,0.3234888,0.5229065033195174,2,0,0
0.5550239234449761,0.88718307,1.1478667,0.36205608,0.4080520811205938,2,0,0
0.5757575757575758,0.86089027,1.1388588,0.3502332,0.4738252635340361,2,0,0
