ACC,Loss,LossPrivileged,LossUnprivileged,BalancedACC,drift-id,gm-id,gm-name
0.8176312247644684,0.4100672,0.4169403,0.23775767,0.8921112127900092,0,0,0
0.34589502018842533,1.6379222,1.6992253,0.25324732,0.3694754999041717,2,0,0
0.8277254374158816,0.47127676,0.46990335,0.4974823,0.9872978159554053,2,3,3
0.8283983849259757,0.38764733,0.37272593,0.69880253,0.9197225964177018,2,7,4-1-2-3
0.36608344549125166,2.727196,2.8164978,1.0704112,0.9312131680552734,1,7,4-1-2-3
0.8223418573351279,0.36235896,0.33629778,0.992686,0.48453637418296036,1,0,0
0.8135935397039031,0.36860958,0.3408809,0.9949268,0.5355160410198513,1,0,0
0.8176312247644684,0.36331135,0.3429877,0.78068244,0.5912209009805005,1,0,0
0.8216689098250336,0.3722455,0.35528925,0.67423815,0.7763388510223953,1,0,0
