ACC,Loss,LossPrivileged,LossUnprivileged,BalancedACC,drift-id,gm-id,gm-name
0.8014285714285714,0.5441826,0.5979438,0.49042144,0.9479166666666666,0,0,0
0.7928571428571428,1.2986603,0.37243226,2.2248886,0.8137254901960783,2,0,0
0.7571428571428571,0.81066954,0.8428138,0.7785255,1.0,2,5,5
0.7028571428571428,2.3754473,0.5295333,4.221361,0.684931506849315,1,4,4
0.8614285714285714,0.57110083,0.61982954,0.52237195,0.9705882352941174,1,8,8
0.8728571428571429,0.4996499,0.54280025,0.45649964,0.9837662337662338,1,8,8
0.8485714285714285,0.6381172,0.6073267,0.66890776,0.9866220735785953,1,8,8
0.6614285714285715,2.2650833,0.9588026,3.5713644,0.7276119402985075,0,17,17
0.8971428571428571,0.5209442,0.6134928,0.42839566,0.956386292834891,0,0,0
