ACC,Loss,LossPrivileged,LossUnprivileged,AEQ,OEQ,OPP,MEQ,MPP,drift-id,gm-id,gm-name
0.8271428571428572,0.49414864,0.4890053,0.54043907,0.9827586206896551,0.7323301795160846,0.7802292810852594,0.0,0.0,0,0,0
0.8614285714285714,0.6456884,0.32873264,3.4982905,0.6223404255319149,0.6334742764116557,0.6204104476335004,0.0,0.0,1,0,0
0.7857142857142857,0.7344914,0.690191,1.1331952,0.8409542743538766,0.7056453961553701,0.7684992056733406,0.175,0.2380952380952381,1,5,5
0.8542857142857143,0.52713853,0.53887105,0.4215457,0.9298892988929889,0.8083288682665966,0.8282911398142649,0.46428571428571425,0.690566037735849,1,5,5
0.8771428571428571,0.48449743,0.40788716,1.1739902,0.8327402135231317,0.8373565156686531,0.757566205886674,0.5675675675675675,0.30067567567567566,1,5,5
0.8914285714285715,0.44353628,0.42773652,0.58573407,0.9047619047619048,0.8208308378641013,0.812985544835794,0.5625,0.41025641025641024,1,5,5
0.8757142857142857,0.62306076,0.5642843,1.1520487,0.8342245989304814,0.7948429304651435,0.8037417064776988,0.4376899696048632,0.3333333333333333,1,5,5
0.8628571428571429,0.8079476,0.7919395,0.95202047,0.9560439560439561,0.865711031018216,0.8110624997861573,0.7244897959183674,0.4348739495798319,1,5,5
0.8828571428571429,0.6133118,0.53320086,1.3343111,0.8268551236749117,0.7747955655059001,0.8021471885302989,0.4219178082191781,0.5068493150684932,1,5,5
