ACC,Loss,LossPrivileged,LossUnprivileged,AEQ,OEQ,OPP,MEQ,MPP,drift-id,gm-id,gm-name
0.9028571428571428,0.38322842,0.35086244,0.67452204,0.8921739130434783,0.8125937423397438,0.8671651569735006,0.5,0.6979166666666666,0,0,0
0.9314285714285714,0.43460152,0.17501839,2.77085,0.7637271214642262,0.7396070866490069,0.7320214424691883,0.0,0.0,1,0,0
0.8471428571428572,0.63220626,0.6040054,0.886014,0.8650646950092422,0.806941675833556,0.8094737122088251,0.5147058823529412,0.2907692307692308,1,1,1
0.9342857142857143,0.25346288,0.24200645,0.35657063,0.9932088285229203,0.9231022230113151,0.9217905887812451,0.7936507936507936,0.8603773584905661,1,7,3-1-2
0.91,0.713529,0.2284338,5.0793858,0.6030150753768844,0.5997442544926395,0.5941329318206277,0.0,0.0,2,7,3-1-2
0.9514285714285714,0.19502287,0.18924329,0.24703908,0.9733777038269551,0.9385220300040956,0.9301871303504068,0.6481481481481481,0.8187134502923977,2,8,4-5
0.9585714285714285,0.24588364,0.20001529,0.65869874,0.9325657894736842,0.8888396926358283,0.8980117667813772,0.41269841269841273,0.6772486772486772,2,8,4-5
0.9442857142857143,0.39651388,0.1143186,2.9362717,0.7524590163934426,0.7167507239550497,0.7007421456330188,0.0,0.0,0,8,4-5
0.9628571428571429,0.168964,0.14614774,0.3743103,0.927986906710311,0.91091227628752,0.9071517665656941,0.6885245901639344,0.8,0,0,0
