ACC,Loss,LossPrivileged,LossUnprivileged,AEQ,OEQ,OPP,MEQ,MPP,drift-id,gm-id,gm-name
0.8185714285714286,0.4846179,0.4759162,0.5629331,0.9748549323017409,0.7893121148041828,0.7928293434349584,0.0,0.0,0,0,0
0.8857142857142857,0.37207896,0.34659362,0.60144687,0.911190053285968,0.8548774497779862,0.8676753051600095,0.6875,0.6850961538461539,0,0,0
0.8871428571428571,0.44943875,0.29894072,1.8039206,0.7709790209790209,0.7206839076600571,0.7404566902354758,0.0,0.0,3,0,0
0.8857142857142857,0.52244216,0.41419435,1.4966727,0.7382198952879581,0.7381275189097289,0.7654748800048807,0.0,0.0,2,0,0
0.8914285714285715,0.45060125,0.33481827,1.492648,0.75,0.7652873886922201,0.6776128570882668,0.0,0.0,2,0,0
0.8828571428571429,0.51404315,0.39376515,1.5965446,0.6395147313691508,0.6398088626296723,0.6269006825220301,0.0,0.0,3,0,0
0.8771428571428571,0.54266334,0.385247,1.9594097,0.627177700348432,0.6185143230923831,0.6580233990879473,0.19496855345911948,0.1278825995807128,3,0,0
0.8428571428571429,0.7733563,0.70412856,1.3964058,0.8698884758364313,0.7739210518180811,0.7910987464427319,0.0,0.0,2,0,0
0.9157142857142857,0.48111394,0.38818884,1.3174394,0.82793867120954,0.7852376145820941,0.8112792571703729,0.31224489795918364,0.22608695652173916,2,0,0
