ACC,Loss,LossPrivileged,LossUnprivileged,BalancedACC,drift-id,gm-id,gm-name
0.8076664425016813,0.42528707,0.42492282,0.43410313,0.9204400626986801,0,0,0
0.8090114324142569,0.38170102,0.38942018,0.2422615,0.8826157798458601,0,0,0
0.8043039677202422,0.40497088,0.35676265,1.442909,0.6299744432274552,1,0,0
0.8110289172831204,0.42068756,0.417154,0.48628974,0.9549970173909053,1,1,1
0.8143913920645595,0.39680535,0.40528202,0.22521447,0.8303582548050978,1,1,1
0.8264963012777404,0.36275068,0.3691381,0.23536253,0.8979139504563234,1,1,1
0.8190988567585743,0.37590516,0.38501263,0.12948848,0.8287469155669992,1,1,1
0.8244788164088769,0.39108446,0.34568873,1.3684694,0.8014664410603496,0,1,1
0.8533960995292535,0.32483727,0.32984614,0.20360604,0.9296218487394958,0,0,0
