ACC,Loss,LossPrivileged,LossUnprivileged,AEQ,OEQ,OPP,MEQ,MPP,drift-id,gm-id,gm-name
0.8385714285714285,0.48235625,0.422167,1.0240599,0.7652495378927912,0.7405566633504318,0.7350654109317956,0.1796875,0.1550925925925926,0,0,0
0.8471428571428572,0.5407021,0.33311525,2.4089835,0.739051094890511,0.6751432206705876,0.709284418895975,0.0,0.0,2,0,0
0.8728571428571429,0.5030913,0.41616666,1.2854136,0.8021390374331552,0.7187690446820632,0.7495717221136597,0.0,0.0,2,0,0
0.8485714285714285,0.73830473,0.4574074,3.266381,0.6847826086956521,0.6756672464980128,0.6847186683657985,0.0,0.0,4,0,0
0.8842857142857142,0.6873408,0.44189724,2.8963318,0.7055749128919862,0.6935052152576672,0.7090138109965428,0.0,0.0,4,0,0
0.8757142857142857,0.6962568,0.5116396,2.3578115,0.7646017699115044,0.7187398734659945,0.7147817538842917,0.0,0.0,4,0,0
0.8814285714285715,0.52421516,0.42268014,1.4380299,0.8283185840707965,0.7583066636907476,0.7553859484632819,0.0,0.0,2,0,0
0.8885714285714286,0.57862574,0.4661481,1.5909244,0.7019064124783363,0.6083252035950664,0.6465812450485801,0.0,0.0,3,0,0
0.88,0.5986952,0.42808396,2.134197,0.7092819614711033,0.6879272521609898,0.7081892541930908,0.0,0.0,3,0,0
