ACC,Loss,LossPrivileged,LossUnprivileged,BalancedACC,drift-id,gm-id
0.8628571428571429,0.43117628,0.37776488,0.91187865,0.8122743682310469,0,<federated.algorithms.fair_fed_drift.ClientIdentity.ClientIdentity object at 0x7fcd7aca2c80>
0.8457142857142858,0.6861126,0.40515018,3.214775,0.7049180327868853,1,<federated.algorithms.fair_fed_drift.ClientIdentity.ClientIdentity object at 0x7fcd762b0dc0>
0.8871428571428571,0.3962211,0.36323115,0.69313073,0.8397887323943661,1,<federated.algorithms.fair_fed_drift.ClientIdentity.ClientIdentity object at 0x7fcd7614f730>
0.8757142857142857,0.44626427,0.42219055,0.66292715,0.8342245989304814,1,<federated.algorithms.fair_fed_drift.ClientIdentity.ClientIdentity object at 0x7fcd702e04c0>
0.8871428571428571,0.41996688,0.3534975,1.0181911,0.7369337979094076,2,<federated.algorithms.fair_fed_drift.ClientIdentity.ClientIdentity object at 0x7fcd701681c0>
0.8585714285714285,0.4956633,0.41594985,1.2130845,0.6935483870967742,2,<federated.algorithms.fair_fed_drift.ClientIdentity.ClientIdentity object at 0x7fcc403488b0>
0.8785714285714286,0.40640712,0.3693154,0.7402334,0.8839285714285715,2,<federated.algorithms.fair_fed_drift.ClientIdentity.ClientIdentity object at 0x7fcc084379d0>
0.9042857142857142,0.37363708,0.3470188,0.61320156,0.8734835355285963,2,<federated.algorithms.fair_fed_drift.ClientIdentity.ClientIdentity object at 0x7fcd76073d60>
0.8942857142857142,0.37894928,0.3304259,0.81565994,0.8669001751313485,2,<federated.algorithms.fair_fed_drift.ClientIdentity.ClientIdentity object at 0x7fcd702e2d10>
0.8871428571428571,0.32666913,0.2767326,0.7760977,0.8397887323943661,0,<federated.algorithms.fair_fed_drift.ClientIdentity.ClientIdentity object at 0x7fcca47db220>
