ACC,Loss,LossPrivileged,LossUnprivileged,BalancedACC,drift-id,gm-id,gm-name
0.8036314727639543,0.42289016,0.42863715,0.3292679,0.8671563711273141,0,0,0
0.8184263618022865,0.38939035,0.3909073,0.3577345,0.9935064935064936,0,0,0
0.8029589778076665,0.4067855,0.39805952,0.56657296,0.9011024125259626,0,0,0
0.8063214525891056,0.40001616,0.39728338,0.45980054,0.9918047079337403,0,0,0
0.8096839273705447,0.4037641,0.36129263,1.3637533,0.4792869932819042,2,0,0
0.8170813718897109,0.38693762,0.3474001,0.9295018,0.6259095789096982,2,0,0
0.8325487558843309,0.3671626,0.35424414,0.6744067,0.7531388888888889,2,0,0
0.8063214525891056,0.40000135,0.36895338,1.047898,0.5538502215954876,0,0,0
0.8332212508406187,0.35089266,0.3473694,0.4154091,0.93189253494597,0,0,0
