ACC,Loss,LossPrivileged,LossUnprivileged,BalancedACC,drift-id,gm-id,gm-name
0.9157142857142857,0.39532554,0.40149903,0.38915208,0.9906832298136646,0,0,0
0.9542857142857143,0.20412691,0.21216504,0.1960888,0.9940298507462686,0,0,0
0.9471428571428572,0.25076875,0.2102544,0.29128307,0.990990990990991,0,0,0
0.9814285714285714,0.086988084,0.07031797,0.10365821,0.9913043478260869,0,0,0
0.9742857142857143,0.13138273,0.18190254,0.08086293,0.9768115942028984,0,0,0
0.9685714285714285,0.14224109,0.07021061,0.21427156,0.9766763848396502,0,0,0
0.9714285714285714,0.07624348,0.044263665,0.10822331,0.9883040935672516,0,0,0
0.8414285714285714,1.9570901,0.23181398,3.6823664,0.7848484848484849,1,0,0
0.9871428571428571,0.07234797,0.12743478,0.017261157,0.9799426934097422,1,7,3-2-1-4
