ACC,Loss,LossPrivileged,LossUnprivileged,AEQ,OEQ,OPP,MEQ,MPP,drift-id,gm-id,gm-name
0.8571428571428571,0.40991095,0.3773781,0.70270646,0.908256880733945,0.8282948122655721,0.8262202215761881,0.5431034482758621,0.5423728813559322,0,0,0
0.8728571428571429,0.37796274,0.37775958,0.3797909,0.9838709677419355,0.90052782086796,0.8594212068725984,0.6,0.7619047619047619,0,0,0
0.8971428571428571,0.35179394,0.35166523,0.35295233,0.9791666666666667,0.8979742537101046,0.9317896368104087,0.8,0.8666666666666667,0,0,0
0.8857142857142857,0.459269,0.42889607,0.7326251,0.9288256227758007,0.8741395529721082,0.8261837015056663,0.72,0.6222222222222222,0,0,0
0.9085714285714286,0.4181947,0.3737517,0.81818205,0.9547826086956522,0.8218067775902942,0.8900062155828932,0.52,0.7352941176470589,0,0,0
0.9085714285714286,0.42703557,0.36802372,0.9581416,0.9202772963604853,0.8907053467013215,0.8889640190611455,0.6603773584905661,0.7000000000000001,0,0,0
0.9142857142857143,0.37546775,0.34315383,0.66629314,0.9139414802065404,0.8762057019844682,0.8095856159701317,0.2892156862745098,0.4117647058823529,0,0,0
0.8957142857142857,0.46004006,0.3466324,1.4807092,0.796875,0.6856516848217004,0.719046277938443,0.0,0.0,1,0,0
0.8757142857142857,0.6473142,0.54904103,1.5317734,0.7301587301587301,0.6961869727494727,0.6783090540461504,0.0,0.0,1,0,0
