ACC,Loss,LossPrivileged,LossUnprivileged,AEQ,OEQ,OPP,drift-id,gm-id,gm-name
0.8833333333333333,0.52932763,0.5322454,0.47389036,0.9436090225563908,0.8354155393322577,0.8539108623753752,0,0,0
0.8733333333333333,0.87119853,0.66406083,4.8068147,0.6370808678500987,0.5298531766014892,0.5590620223199911,1,0,0
0.89,1.0257664,0.8656032,4.0688653,0.7392996108949416,0.5711917163602829,0.5892504508487126,1,0,0
0.8733333333333333,1.0751066,0.93779176,3.684091,0.753968253968254,0.6650326727600102,0.7210385880767402,1,0,0
0.8866666666666667,1.0750945,0.9324173,3.7859614,0.7421875,0.6805809547626483,0.7230597390352711,1,0,0
0.87,1.0368103,0.84400636,4.7000856,0.6785714285714286,0.610713571130596,0.6137473219116222,1,0,0
0.8816666666666667,0.9828362,0.93124366,1.963093,0.8244575936883629,0.5921771774506374,0.6266373009731302,1,0,0
0.8566666666666667,1.2331047,1.1022208,3.719902,0.7692307692307692,0.662277569664536,0.6244968974797545,1,0,0
0.8666666666666667,1.1337928,0.99704504,3.732,0.720558882235529,0.6210138311767632,0.5662103421509637,1,0,0
