ACC,Loss,LossPrivileged,LossUnprivileged,AEQ,OEQ,OPP,MEQ,MPP,drift-id,gm-id,gm-name
0.8151476251604621,0.36675054,0.3655133,0.37968653,0.9337052134735035,0.8099633203291738,0.8492588905480892,0.6592592592592592,0.7611111111111112,0,0,0
0.8510911424903723,0.3166282,0.3313011,0.15545237,0.882465889581639,0.8566799134115215,0.8845932691156219,0.7614035087719299,0.8718750000000001,0,0,0
0.8151476251604621,0.35979295,0.37258875,0.22381353,0.8696765132294308,0.8493362622826909,0.8354690489665022,0.7592592592592592,0.7777777777777777,0,0,0
0.8305519897304237,0.33138984,0.33812305,0.24922177,0.9376335470085468,0.8906797567511853,0.9492687807881773,0.8208616780045351,0.9461566091954022,0,0,0
0.8408215661103979,0.3682969,0.32803994,0.72004193,0.9135328836424959,0.7321080967869111,0.8716710733573356,0.46875,0.8309659090909091,2,0,0
0.8189987163029525,0.38749772,0.3791936,0.4690393,0.9994006664588978,0.8655340490641359,0.8727362537316335,0.7823261858349577,0.784503631961259,2,2,2
0.8241335044929397,0.3781098,0.38024682,0.3567999,0.9716143011917661,0.7705946123742204,0.9768765693141271,0.5797101449275363,0.9559270516717325,2,2,2
0.8485237483953787,0.34100777,0.30697253,0.83724123,0.839808,0.8164663858539234,0.6796251557154321,0.7759630747381501,0.41059988351776355,0,2,2
0.858793324775353,0.31800732,0.32344568,0.2646055,0.9626944837340878,0.857442697228145,0.9744740532959326,0.7633928571428572,0.9634408602150537,0,0,0
