ACC,Loss,LossPrivileged,LossUnprivileged,BalancedACC,drift-id,gm-id,gm-name
0.8228571428571428,0.45566815,0.43142182,0.47991443,0.9793814432989691,0,0,0
0.8571428571428571,0.43635863,0.40087682,0.47184056,0.9801980198019801,0,0,0
0.8757142857142857,0.40770084,0.3612241,0.45417756,0.9838187702265372,0,0,0
0.9014285714285715,0.47761083,0.59117895,0.3640427,0.9596273291925466,0,0,0
0.8957142857142857,0.58026403,0.46071568,0.69981223,0.959375,0,0,0
0.8642857142857143,0.685218,0.7846944,0.5857415,0.9642857142857143,0,0,0
0.88,0.71290284,0.7768739,0.6489319,0.9870967741935485,0,0,0
0.8685714285714285,0.70185953,0.66039133,0.7433278,0.9363057324840764,0,0,0
0.8957142857142857,0.51196504,0.4150025,0.60892755,0.9841772151898734,0,0,0
