ACC,Loss,LossPrivileged,LossUnprivileged,AEQ,OEQ,OPP,MEQ,MPP,drift-id,gm-id,gm-name
0.9442857142857143,0.16987993,0.15721668,0.28384897,0.9481605351170569,0.8644551567028648,0.8703050135382112,0.5377358490566038,0.5094339622641509,0,0,0
0.9328571428571428,0.35608354,0.15939865,2.1262474,0.8113522537562605,0.7336273478900807,0.7467342738549132,0.0,0.0,1,0,0
0.8728571428571429,0.50022894,0.4303221,1.1293901,0.6304728546409807,0.613562994161747,0.6939452960414842,0.27419354838709675,0.4131944444444445,1,4,4
0.8471428571428572,0.6766602,0.6563913,0.8590792,0.8287292817679558,0.756019969587087,0.7356346626431468,0.0,0.0,1,10,10
0.8685714285714285,0.83225447,0.4576041,4.2041078,0.5331010452961672,0.5473642693642693,0.5242579929692932,0.0,0.0,2,10,10
0.8842857142857142,0.5318856,0.4959242,0.85553837,0.8601769911504424,0.7714721906991644,0.7654312354312356,0.0,0.0,2,6,6
0.96,0.18694027,0.15188059,0.5024773,0.866231647634584,0.8063576937007649,0.797344985670362,0.20689655172413793,0.16666666666666666,2,0,0
0.9742857142857143,0.08882883,0.021129664,0.6981214,0.8365384615384616,0.8299273870090715,0.8302563951663527,0.375,0.375,2,0,0
0.9642857142857143,0.14489563,0.06856629,0.83185977,0.8300970873786409,0.7976782501563803,0.8085542575674767,0.14725274725274723,0.16666666666666666,2,0,0
