ACC,Loss,LossPrivileged,LossUnprivileged,BalancedACC,drift-id,gm-id,gm-name
0.86,0.38908538,0.39102536,0.3522254,0.9694397283531411,0,0,0
0.8528571428571429,0.5094791,0.37047222,3.1506102,0.6245674740484429,1,0,0
0.7842857142857143,0.7794069,0.7724959,0.91071534,0.793168880455408,1,1,1
0.8457142857142858,0.6089029,0.5412616,1.8940861,0.6300174520069808,1,1,1
0.7942857142857143,0.82818604,0.6922648,3.4106908,0.5992578849721707,1,9,9
0.7771428571428571,0.9210886,0.8770924,1.7570153,0.876923076923077,1,15,15
0.84,0.74842757,0.7224238,1.2425011,0.8436944937833037,1,5,5
0.8714285714285714,0.6210402,0.50495833,2.8265975,0.7444633730834753,0,5,5
0.89,0.67620826,0.6343413,1.4716817,0.860738255033557,0,0,0
