ACC,Loss,LossPrivileged,LossUnprivileged,BalancedACC,drift-id,gm-id
0.9514285714285714,0.16356935,0.14666024,0.48484275,0.8962264150943395,0,<federated.algorithms.fair_fed_drift.ClientIdentity.ClientIdentity object at 0x7efe173a0d30>
0.9442857142857143,0.19051069,0.17618236,0.462749,0.9033280507131536,0,<federated.algorithms.fair_fed_drift.ClientIdentity.ClientIdentity object at 0x7efd6c37f1c0>
0.9528571428571428,0.2055039,0.17652032,0.7561918,0.8948194662480377,0,<federated.algorithms.fair_fed_drift.ClientIdentity.ClientIdentity object at 0x7efd1c44c130>
0.9385714285714286,0.25614008,0.25151446,0.34402722,0.9090909090909091,0,<federated.algorithms.fair_fed_drift.ClientIdentity.ClientIdentity object at 0x7efd6c4c8a90>
0.9528571428571428,0.26111087,0.1280251,2.7897403,0.7398753894080997,2,<federated.algorithms.fair_fed_drift.ClientIdentity.ClientIdentity object at 0x7efd04613100>
0.8542857142857143,0.75588834,0.73149824,1.2193,0.76,2,<federated.algorithms.fair_fed_drift.ClientIdentity.ClientIdentity object at 0x7efcdc26e890>
0.9414285714285714,0.24420962,0.24852453,0.16222608,0.9984051036682616,2,<federated.algorithms.fair_fed_drift.ClientIdentity.ClientIdentity object at 0x7efd1c217370>
0.9671428571428572,0.14240544,0.073698305,1.4478407,0.7588325652841782,0,<federated.algorithms.fair_fed_drift.ClientIdentity.ClientIdentity object at 0x7efcbc2fb490>
0.9042857142857142,0.43778613,0.37734064,1.5862505,0.748768472906404,0,<federated.algorithms.fair_fed_drift.ClientIdentity.ClientIdentity object at 0x7efd1c7a9e10>
0.9728571428571429,0.1319515,0.107447244,0.5975326,0.9061538461538462,0,<federated.algorithms.fair_fed_drift.ClientIdentity.ClientIdentity object at 0x7efdf77b8c40>
