ACC,Loss,LossPrivileged,LossUnprivileged,BalancedACC,drift-id,gm-id
0.8771428571428571,0.3855300843715668,0.3577722907066345,0.6353505849838257,0.9388489208633094,0,<federated.algorithms.fair_fed_drift.ClientIdentity.ClientIdentity object at 0x13baa58d0>
0.8371428571428572,0.7105417847633362,0.42537036538124084,3.2770843505859375,0.6948529411764706,1,<federated.algorithms.fair_fed_drift.ClientIdentity.ClientIdentity object at 0x164b47630>
0.79,0.8410124778747559,0.7845677733421326,1.3490148782730103,0.797244094488189,1,<federated.algorithms.fair_fed_drift.ClientIdentity.ClientIdentity object at 0x163b073c8>
0.8528571428571429,0.5969723463058472,0.5727700591087341,0.8147937655448914,0.8950276243093923,1,<federated.algorithms.fair_fed_drift.ClientIdentity.ClientIdentity object at 0x164ec7e48>
0.8671428571428571,0.5255230069160461,0.4857465326786041,0.8835115432739258,0.8967391304347826,1,<federated.algorithms.fair_fed_drift.ClientIdentity.ClientIdentity object at 0x1641f9320>
0.8485714285714285,0.6283501386642456,0.5943742394447327,0.9341330528259277,0.9368029739776953,1,<federated.algorithms.fair_fed_drift.ClientIdentity.ClientIdentity object at 0x16839b518>
0.8571428571428571,0.6818496584892273,0.6431225538253784,1.0303932428359985,0.8181818181818182,1,<federated.algorithms.fair_fed_drift.ClientIdentity.ClientIdentity object at 0x1636edeb8>
0.8642857142857143,0.749652624130249,0.5118526816368103,2.889853000640869,0.7406082289803221,0,<federated.algorithms.fair_fed_drift.ClientIdentity.ClientIdentity object at 0x1638752e8>
0.8871428571428571,0.5002726316452026,0.4774744510650635,0.7054561972618103,0.9448398576512455,0,<federated.algorithms.fair_fed_drift.ClientIdentity.ClientIdentity object at 0x166108668>
0.8885714285714286,0.41770273447036743,0.3910347819328308,0.6577144265174866,0.8904593639575972,0,<federated.algorithms.fair_fed_drift.ClientIdentity.ClientIdentity object at 0x163cad748>
