ACC,Loss,LossPrivileged,LossUnprivileged,AEQ,OEQ,OPP,drift-id,gm-id,gm-name
0.8133333333333334,0.7151332,0.40936843,1.3266625,0.7518796992481203,0.7526753274704846,0.8963593856689837,0,0,0
0.7822222222222223,1.1599388,0.7333635,2.01309,0.7181467181467182,0.7154966823337995,0.8743756308626486,0,0,0
0.7844444444444445,1.7701663,0.4324882,4.4455223,0.539568345323741,0.5344551284485364,0.5039331793941879,3,0,0
0.7222222222222222,1.893802,0.46857446,4.7442575,0.41635687732342014,0.389749202300133,0.5569662223606483,2,0,0
0.7111111111111111,1.8316708,0.38365212,4.7277074,0.32727272727272727,0.3849162964454705,0.40574587115031663,2,0,0
0.7688888888888888,0.91788906,0.15658464,2.4404979,0.4539007092198582,0.44375720704835075,0.4853818540817447,3,0,0
0.7911111111111111,0.79509366,0.35464153,1.6759979,0.5985401459854014,0.5758890554166848,0.5007393839413358,3,0,0
0.72,1.0396857,0.47004887,2.1789591,0.48275862068965514,0.46720895652840094,0.5025978042262581,2,0,0
0.7422222222222222,0.9861565,0.24921378,2.460042,0.4290909090909091,0.44600651329914526,0.528585975319757,2,0,0
