ACC,Loss,LossPrivileged,LossUnprivileged,BalancedACC,drift-id,gm-id,gm-name
0.8457142857142858,0.45523036,0.42576662,1.0150429,0.7680140597539543,0,0,0
0.8728571428571429,0.36676592,0.35341343,0.6204639,0.8784246575342466,0,0,0
0.8728571428571429,0.49185067,0.38671407,2.4894466,0.676271186440678,1,0,0
0.8557142857142858,0.41078874,0.36110935,1.3546993,0.5886402753872633,1,0,0
0.9028571428571428,0.3714232,0.346329,0.84821284,0.8479338842975207,1,0,0
0.8642857142857143,0.4975838,0.43389714,1.7076299,0.7169811320754716,1,0,0
0.8914285714285715,0.35536852,0.33295918,0.78114605,0.8260869565217391,1,0,0
0.8942857142857142,0.3530271,0.3301653,0.78740036,0.8233333333333334,0,0,0
0.8971428571428571,0.36902216,0.32174286,1.2673287,0.7549668874172185,0,0,0
