ACC,Loss,LossPrivileged,LossUnprivileged,BalancedACC,drift-id,gm-id,gm-name
0.8271428571428572,0.4887504,0.4690414,0.5084593,0.982876712328767,0,0,0
0.7585714285714286,1.901424,0.39916945,3.403679,0.7524752475247525,1,0,0
0.7585714285714286,0.8941101,0.8574014,0.9308189,0.9450549450549449,1,3,3
0.7828571428571428,1.9216489,0.58427435,3.2590234,0.773462783171521,1,0,0
0.7314285714285714,0.82856524,0.79702085,0.86010927,0.924812030075188,1,16,16
0.8285714285714286,0.7807584,0.745675,0.81584173,0.9727891156462586,1,11,11
0.8471428571428572,0.72838575,0.6526278,0.80414367,0.9315960912052118,1,11,11
0.7671428571428571,1.9372365,0.59972715,3.2747462,0.7781456953642383,0,11,11
0.7914285714285715,0.8029143,0.7262573,0.87957156,0.9785714285714284,0,28,28
