ACC,Loss,LossPrivileged,LossUnprivileged,BalancedACC,drift-id,gm-id,gm-name
0.8042857142857143,0.53688836,0.5922062,0.4815707,0.954861111111111,0,0,0
0.8957142857142857,0.34479445,0.36473325,0.32485566,0.9904761904761905,0,0,0
0.8028571428571428,1.4916351,0.39142767,2.591842,0.8012820512820513,1,0,0
0.7957142857142857,1.3055067,0.4118609,2.1991525,0.7738853503184714,1,0,0
0.8328571428571429,0.54687214,0.5269443,0.5668001,0.9762711864406779,1,1,1
0.7285714285714285,2.390439,0.47151124,4.309367,0.6887417218543046,2,1,1
0.8242857142857143,0.7454056,0.5084799,0.98233145,0.8673139158576051,2,0,0
0.8471428571428572,0.67410785,0.51328135,0.83493423,0.9006410256410255,0,0,0
0.8714285714285714,0.5677132,0.43230206,0.7031244,0.9365079365079365,0,0,0
