ACC,Loss,LossPrivileged,LossUnprivileged,BalancedACC,drift-id,gm-id,gm-name
0.7827763496143959,0.444611,0.45347068,0.35773727,0.9876248695392875,0,0,0
0.8226221079691517,0.39630574,0.40878534,0.24422301,0.947694237639423,0,0,0
0.8071979434447301,0.40533382,0.40228114,0.43939114,0.9860810225303293,0,0,0
0.7982005141388174,0.46061844,0.46709958,0.40777785,0.9352453102453103,0,6,6
0.8470437017994858,0.35776427,0.36055788,0.32659847,0.9843646549528903,0,0,0
0.8380462724935732,0.32875806,0.3289785,0.3264928,0.9654702849917324,0,0,0
0.8264781491002571,0.3750316,0.3922495,0.23648758,0.8622707485905945,0,0,0
0.7930591259640103,0.47724068,0.38245046,1.7481321,0.6373640193674149,1,0,0
0.8367609254498715,0.34745282,0.36902428,0.04628176,0.8426511100307892,1,15,3-1-2-4
