ACC,Loss,LossPrivileged,LossUnprivileged,AEQ,OEQ,OPP,MEQ,MPP,drift-id,gm-id,gm-name
0.8483290488431876,0.35221043,0.3506903,0.3671162,0.9836425111943707,0.762208961064371,0.8524918228858764,0.5894736842105263,0.7307692307692307,0,0,0
0.8508997429305912,0.32274505,0.33353144,0.19129717,0.9830919850554964,0.7715374517525813,0.7054954391402989,0.5451713395638629,0.4579439252336448,0,0,0
0.8316195372750642,0.3727617,0.360046,0.5146216,0.9954229797979798,0.807546041921042,0.9651366069494725,0.6415343915343915,0.9391534391534392,0,0,0
0.8071979434447301,0.4029984,0.41260466,0.32467872,0.9471701138367805,0.7382158395916354,0.9805950874973645,0.5393258426966292,0.9723012861058401,0,4,4
0.8650385604113111,0.3279729,0.3312439,0.29148093,0.9686962504299966,0.8652827166532271,0.9797489039457952,0.7575757575757576,0.9728311412249236,0,0,0
0.8586118251928021,0.3045611,0.30293888,0.32122996,0.9770016631028747,0.904001971625734,0.9109774770580505,0.8238095238095239,0.8242424242424242,0,0,0
0.8380462724935732,0.34397477,0.35598606,0.24732588,0.8885838150289016,0.9299966110310938,0.8898280511544163,0.9263322884012539,0.8731182795698925,0,0,0
0.8316195372750642,0.366165,0.36367992,0.39948386,0.9977900552486189,0.755406746031746,0.8891283939919122,0.5330357142857143,0.7875,1,0,0
0.718508997429306,0.5117626,0.51014817,0.5343015,0.9293388429752065,0.861230351619216,0.8308773006217787,0.859447004608295,0.7351460221550856,1,10,10
