ACC,Loss,LossPrivileged,LossUnprivileged,AEQ,OEQ,OPP,MEQ,MPP,drift-id,gm-id,gm-name
0.9085714285714286,0.3839667,0.34877703,0.70067406,0.8860103626943006,0.816684918093638,0.8616792449674971,0.5,0.6281249999999999,0,0,0
0.9485714285714286,0.19713944,0.16992168,0.44209918,0.976627712854758,0.920066116886019,0.9147471011748121,0.7261904761904762,0.728395061728395,0,0,0
0.9514285714285714,0.21345206,0.20038183,0.33108425,0.923841059602649,0.8918197810537842,0.884210758356029,0.75,0.5526315789473684,0,0,0
0.9685714285714285,0.14200619,0.118232764,0.35596684,0.9705882352941176,0.9335260642834659,0.9388559167626122,0.78125,0.8166666666666668,0,0,0
0.95,0.38307917,0.12381084,2.7164938,0.7634584013050572,0.7420755838814478,0.6984815549134591,0.0,0.0,2,0,0
0.8457142857142858,0.7269739,0.6849397,1.1052823,0.7582417582417582,0.7023793445111777,0.6515021458861352,0.0,0.0,2,10,10
0.9157142857142857,0.39188397,0.30052772,1.2140905,0.7945670628183362,0.7599503511765036,0.7668960498422688,0.3502824858757062,0.516949152542373,2,12,12
0.95,0.20573375,0.21009177,0.16651154,0.9917081260364842,0.9388844516363868,0.943995823321335,0.9047619047619048,0.8597560975609756,2,12,12
0.9471428571428572,0.266176,0.24296702,0.4750565,0.8791390728476821,0.8759966148438186,0.8625888968284106,0.7457983193277311,0.6341911764705882,2,12,12
