ACC,Loss,LossPrivileged,LossUnprivileged,BalancedACC,drift-id,gm-id,gm-name
0.9314285714285714,0.22126822,0.20427524,0.5441346,0.8844301765650081,0,0,0
0.9542857142857143,0.24808162,0.11607374,2.7562318,0.6775193798449612,1,0,0
0.9657142857142857,0.16100402,0.09097935,1.4914724,0.7600000000000001,1,0,0
0.9657142857142857,0.128086,0.06376372,1.3502094,0.6993865030674846,1,0,0
0.9671428571428572,0.19684619,0.15145603,1.0592589,0.7892307692307693,2,0,0
0.9757142857142858,0.13225958,0.088217296,0.9690629,0.8122137404580153,2,0,0
0.96,0.14949411,0.10271399,1.0383167,0.6733436055469953,2,0,0
0.9914285714285714,0.036072765,0.011276972,0.50719285,0.9184290030211479,2,0,0
0.99,0.0437462,0.014698441,0.59565353,0.8897280966767371,2,0,0
