ACC,BalancedACC,drift-id,gm-id
0.06761006289308176,0.5781925791031186,0,0
0.8647798742138365,0.9750193693799452,0,0
0.8537735849056604,0.7964511478318731,1,0
0.85062893081761,0.7879782632804703,1,0
0.8710691823899371,0.8563494010840714,1,0
0.8915094339622641,0.825932619078353,1,0
0.910377358490566,0.9216327067751628,1,0
0.8805031446540881,0.8098122350090854,1,0
0.9166666666666666,0.8404353867531265,1,0
0.8773584905660378,0.7952324452594111,1,0
0.8647798742138365,0.859392575928009,1,0
