ACC,Loss,LossPrivileged,LossUnprivileged,BalancedACC,drift-id,gm-id,gm-name
0.8271428571428572,0.49222255,0.4875794,0.5340111,0.9827586206896551,0,0,0
0.8628571428571429,0.6451174,0.32728395,3.5056186,0.6212389380530974,1,0,0
0.8842857142857142,0.3974486,0.29596484,1.3108019,0.7565674255691769,1,0,0
0.8957142857142857,0.4071057,0.34231612,0.99021214,0.7798960138648181,1,0,0
0.8814285714285715,0.4648015,0.3388123,1.5987043,0.7250437828371279,1,0,0
0.8814285714285715,0.4778042,0.41368964,1.0548351,0.7250437828371279,1,0,0
0.8842857142857142,0.5334831,0.45081428,1.2775022,0.7908611599297012,1,0,0
0.8542857142857143,0.7701414,0.7104134,1.3076941,0.7854545454545454,1,0,0
0.8942857142857142,0.5499531,0.45941186,1.3648235,0.7474048442906575,1,0,0
