ACC,Loss,LossPrivileged,LossUnprivileged,AEQ,OEQ,OPP,MEQ,MPP,drift-id,gm-id,gm-name
0.8371428571428572,0.476648,0.4676252,0.557853,0.992467043314501,0.7990711273638234,0.8912021474695568,0.0,0.5089285714285715,0,0,0
0.8857142857142857,0.39342242,0.34655973,0.81518626,0.8586572438162544,0.8243652021583238,0.8324090978205465,0.6666666666666666,0.5967078189300412,0,0,0
0.8685714285714285,0.61628985,0.35450646,2.97234,0.7540106951871658,0.7033771076568065,0.7049924118388232,0.0,0.0,3,0,0
0.8185714285714286,0.938415,0.6704613,3.3499987,0.6754221388367729,0.712330581032472,0.652961483041073,0.0,0.0,2,8,8
0.8385714285714285,0.57562226,0.51641345,1.1085014,0.8932584269662921,0.8324744309673555,0.7493159437494956,0.65625,0.4114583333333333,2,6,6
0.8328571428571429,0.95812935,0.6669752,3.5785174,0.6808118081180812,0.6216465365202135,0.6294691116394868,0.0,0.0,3,5,5
0.8671428571428571,0.6192749,0.58054936,0.967805,0.9327272727272727,0.8788499425122807,0.8607209634359702,0.6823529411764707,0.7264957264957266,3,8,8
0.8114285714285714,1.086212,0.7698122,3.9338086,0.6818181818181818,0.6056848153014119,0.6136133902094759,0.0,0.0,2,8,8
0.8885714285714286,0.6224701,0.57002807,1.0944479,0.873015873015873,0.8004972644400355,0.8523167848197307,0.31875,0.5625,2,5,5
