ACC,Loss,LossPrivileged,LossUnprivileged,AEQ,OEQ,OPP,MEQ,MPP,drift-id,gm-id,gm-name
0.816408876933423,0.4156706,0.41623673,0.4014678,0.9476951619808763,0.964667779271924,0.8530744890548811,0.9401114206128135,0.7847619047619047,0,0,0
0.8063214525891056,0.4130605,0.42208508,0.23570289,0.8877194889915738,0.7557654954151769,0.95273525771488,0.571656050955414,0.9075891594975566,0,0,0
0.8137188971082717,0.371408,0.37612116,0.287406,0.9137581168831169,0.8982902799225547,0.8834995892186308,0.8242705570291776,0.8672566371681415,0,0,0
0.8197713517148622,0.36107537,0.36122322,0.35767633,0.9764372469635627,0.7819159146254118,0.9576738827926938,0.6435754189944133,0.9237984698107397,0,0,0
0.8130464021519839,0.44042522,0.35053796,2.345498,0.24829825766564664,0.3614227093209127,0.40433733828029667,0.21062665782493367,0.1529275501238118,2,0,0
0.8036314727639543,0.43450615,0.42892066,0.56075734,0.9870381922783669,0.1868032786885246,0.45263157894736844,0.0,0.0,2,3,3
0.8197713517148622,0.405564,0.39782923,0.5300303,0.9952340902719372,0.27153425001044845,0.39317083311678186,0.0,0.0,2,9,1-3-4-2-5
0.8238063214525891,0.36927107,0.37166524,0.31330347,0.9459366482309667,0.2619311875693674,0.38585281515447645,0.0,0.0,2,9,1-3-4-2-5
0.8312037659717552,0.36045328,0.3586984,0.3965181,0.9752886268730042,0.40164806900918015,0.7028338283251805,0.16955128205128206,0.5729166666666667,2,9,1-3-4-2-5
