ACC,Loss,LossPrivileged,LossUnprivileged,AEQ,OEQ,OPP,MEQ,MPP,drift-id,gm-id,gm-name
0.84,0.42794132,0.4228764,0.5241748,0.9856887298747765,0.8860012531177486,0.7666242658502478,0.7974683544303798,0.3915343915343915,0,0,0
0.8642857142857143,0.39923155,0.36067507,1.1318045,0.7848537005163511,0.6728603562486655,0.6453292431891503,0.0,0.0,0,0,0
0.8885714285714286,0.39152583,0.36023134,0.9861219,0.8621848739495799,0.7538793185618844,0.6997144027477165,0.3386243386243386,0.0,0,0,0
0.9,0.47238243,0.47401026,0.44145283,0.95,0.8163281168800486,0.8566328502895668,0.5166666666666666,0.5083333333333333,0,0,0
0.9014285714285715,0.4996332,0.4930833,0.6240814,0.9152823920265781,0.7482760144178869,0.8419913031910566,0.0,0.5746268656716418,0,0,0
0.8685714285714285,0.61611944,0.5369538,2.1202667,0.7133105802047781,0.6751560646746582,0.6473442737429085,0.0,0.0,0,0,0
0.8785714285714286,0.5518768,0.521013,1.1382885,0.8050847457627119,0.7658012389217438,0.7336688586388131,0.0,0.0,0,0,0
0.9014285714285715,0.45915145,0.43080476,0.99773884,0.9152823920265781,0.8393426136704825,0.8297849654016416,0.0,0.0,0,0,0
0.92,0.3425196,0.3228265,0.7166889,0.8959349593495936,0.8374866599603006,0.803920140017038,0.3686868686868687,0.41509433962264153,0,0,0
