ACC,Loss,LossPrivileged,LossUnprivileged,BalancedACC,drift-id,gm-id,gm-name
0.7962340282447882,0.42812455,0.43447587,0.28690737,0.8575818573793729,0,0,0
0.8029589778076665,0.39759898,0.4035147,0.26818162,0.895290751248848,0,0,0
0.8386012104909213,0.34143487,0.34865743,0.19071724,0.8574967433318386,0,0,0
0.8332212508406187,0.35093313,0.3549219,0.28169617,0.9477290485444674,0,0,0
0.8002689979825152,0.44744503,0.35324168,2.2721524,0.31428471158008026,2,0,0
0.8190988567585743,0.3950412,0.3292797,1.9866941,0.2814347654710288,2,0,0
0.8090114324142569,0.4037051,0.34948838,1.5710073,0.32704257767548905,2,0,0
0.8305312710154674,0.34742948,0.34382677,0.41163945,0.942039776835335,0,0,0
0.8412911903160726,0.33554658,0.33258018,0.39218912,0.9956811310890369,0,0,0
