ACC,Loss,LossPrivileged,LossUnprivileged,BalancedACC,drift-id,gm-id,gm-name
0.7955615332885003,0.4312858,0.441166,0.2282399,0.8507911671368124,0,0,0
0.8029589778076665,0.40843457,0.4160262,0.23096506,0.8692897214986977,0,0,0
0.8197713517148622,0.3586635,0.36289456,0.27301398,0.9712570123081709,0,0,0
0.8312037659717552,0.3555032,0.36555645,0.16354094,0.9137539478826674,0,0,0
0.8110289172831204,0.5203431,0.3352516,3.9096806,0.15310776180341396,2,0,0
0.8076664425016813,0.42209756,0.40911913,0.65975434,0.9864460204885737,2,14,14
0.8036314727639543,0.42694715,0.42062688,0.5698068,0.9459044297753976,2,18,10-12-13-11-14
0.7646267652992602,0.49358284,0.37481576,2.6684086,0.09714423507526955,0,18,10-12-13-11-14
0.8453261600537996,0.31947368,0.32793808,0.17444274,0.9465997172524739,0,0,0
