ACC,Loss,LossPrivileged,LossUnprivileged,BalancedACC,drift-id,gm-id,gm-name
0.8328571428571429,0.48397514,0.46279162,0.67462677,0.8999999999999999,0,0,0
0.87,0.5117045,0.31189936,2.3099508,0.7526690391459073,1,0,0
0.8614285714285714,0.5130875,0.3845835,1.6696234,0.7432675044883303,1,0,0
0.8871428571428571,0.48955768,0.39964432,1.2987782,0.8052631578947368,1,0,0
0.8857142857142857,0.48338565,0.3989848,1.2429931,0.8066783831282952,1,0,0
0.8957142857142857,0.43623888,0.32363802,1.4496465,0.7461139896373058,1,0,0
0.8971428571428571,0.50281286,0.34117275,1.9575734,0.6615384615384615,1,0,0
0.8971428571428571,0.45538643,0.40786374,0.883091,0.8811188811188811,0,0,0
0.9228571428571428,0.34193578,0.2836859,0.8661852,0.8709677419354839,0,0,0
