ACC,Loss,LossPrivileged,LossUnprivileged,AEQ,OEQ,OPP,drift-id,gm-id,gm-name
0.8177777777777778,0.7275222,0.4928658,1.1968349,0.787878787878788,0.7886244036327796,0.9079306700375633,0,0,0
0.8444444444444444,0.6765879,0.32928744,1.3711888,0.7941176470588236,0.8088293109020399,0.9522371744129068,0,0,0
0.8066666666666666,1.2012961,0.83020693,1.9434745,0.8249027237354085,0.8133260938805923,0.9745441449752019,0,0,0
0.8311111111111111,0.93596786,0.2530671,2.3017695,0.6810035842293907,0.6646946284666623,0.8607196040971005,0,0,0
0.7177777777777777,2.4284134,0.6264307,6.032379,0.48461538461538456,0.47593521426213364,0.5932649003353703,2,0,0
0.7666666666666667,1.3923116,0.55103374,3.0748677,0.6037735849056604,0.5805631953102235,0.5530319483205726,2,0,0
0.7311111111111112,1.0211762,0.49840495,2.066719,0.5019011406844106,0.4971179206501407,0.40193867147674694,2,0,0
0.8377777777777777,0.6417447,0.36604872,1.1931367,0.7925925925925926,0.7973006377027475,0.9197649265402422,0,0,0
0.8511111111111112,0.5595467,0.4079699,0.8627004,0.9575289575289576,0.9426455875054118,0.7818221116863076,0,0,0
