ACC,Loss,LossPrivileged,LossUnprivileged,AEQ,OEQ,OPP,MEQ,MPP,drift-id,gm-id,gm-name
0.8571428571428571,0.44704267,0.41744602,1.0093796,0.75736568457539,0.6514536222410349,0.6216167938016905,0.0,0.0,0,0,0
0.8585714285714285,0.34900433,0.3316398,0.6789301,0.8591304347826088,0.7493024451675482,0.7909813269435362,0.0,0.0,0,0,0
0.8871428571428571,0.39689937,0.3891683,0.5437901,0.964467005076142,0.8045395796586124,0.8365405086006914,0.36666666666666664,0.5666666666666667,0,0,0
0.8842857142857142,0.43293878,0.4212729,0.654591,0.9001692047377327,0.850829208136639,0.8816854133596564,0.3978494623655914,0.5270270270270271,0,0,0
0.8942857142857142,0.64558905,0.4861587,3.6747632,0.6595041322314049,0.5190190031036696,0.5163755184086813,0.0,0.0,2,0,0
0.7671428571428571,0.90253574,0.78130674,3.2058864,0.5459770114942528,0.5426001209921355,0.4155567268817599,0.0,0.0,2,14,14
0.85,0.5131611,0.4935467,0.8858348,0.8681898066783832,0.7578509191235443,0.698594826614318,0.0,0.0,2,11,11
0.8757142857142857,0.521409,0.48063624,1.2960916,0.9094017094017094,0.7019134828318111,0.6642795417472441,0.0,0.0,0,11,11
0.8757142857142857,0.6294659,0.4962835,3.159931,0.6739864864864864,0.6304369044305694,0.6792786171804597,0.0,0.0,0,11,11
