ACC,Loss,LossPrivileged,LossUnprivileged,BalancedACC,drift-id,gm-id,gm-name
0.8733333333333333,0.29268932,0.2708048,0.54436105,0.8483606557377049,0,0,0
0.8566666666666667,0.34630775,0.2660649,1.1107266,0.6324525005459707,2,0,0
0.86,0.3325342,0.23703346,1.224972,0.6178398404103733,2,0,0
0.8533333333333334,0.334401,0.27901444,0.9060321,0.6651629859177028,2,0,0
0.8916666666666667,0.24923739,0.22348118,0.63015836,0.7249742002063985,1,0,0
0.8566666666666667,0.32516432,0.24050802,1.14754,0.4966403739409874,1,0,0
0.8816666666666667,0.28882208,0.29129007,0.26436612,0.9888489888489889,1,1,1
0.8733333333333333,0.30935144,0.28840154,0.48480704,0.8059623430962344,1,1,1
0.89,0.27812362,0.26784837,0.37060088,0.9503105590062111,1,1,1
