ACC,Loss,LossPrivileged,LossUnprivileged,AEQ,OEQ,OPP,MEQ,MPP,drift-id,gm-id,gm-name
0.9428571428571428,0.19272716,0.18903492,0.20749605,0.9906015037593985,0.9287535242279346,0.9371796495371185,0.7872340425531915,0.8043478260869565,0,0,0
0.9085714285714286,0.6008866,0.13447027,2.4665515,0.7729831144465292,0.766204629053769,0.7567933570180349,0.0,0.0,1,0,0
0.9342857142857143,0.3125258,0.073007345,1.2705996,0.7477313974591653,0.7727584815984837,0.7498553268346446,0.0,0.0,1,0,0
0.9171428571428571,0.4248906,0.1868481,1.3770608,0.764378478664193,0.7810164509229998,0.7584934983183963,0.0,0.0,1,0,0
0.94,0.6490872,0.06978181,2.9663086,0.7854545454545455,0.7617904704944178,0.7635484176226172,0.0,0.0,2,0,0
0.9542857142857143,0.226166,0.07626528,0.8257689,0.8670309653916212,0.7820213904142022,0.7909642819253337,0.0,0.0,2,0,0
0.94,0.28868318,0.12462164,0.9449294,0.8293577981651377,0.7745907496044858,0.7691629394313305,0.0,0.0,2,0,0
0.9485714285714286,0.2427071,0.0040446254,1.197357,0.7513416815742398,0.7645173453996984,0.7660227272727272,0.0,0.0,1,0,0
0.9442857142857143,0.19371471,0.04925941,0.771536,0.7725631768953067,0.7855170282917231,0.7760027946978073,0.0,0.0,1,0,0
