ACC,Loss,LossPrivileged,LossUnprivileged,BalancedACC,drift-id,gm-id,gm-name
0.9257142857142857,0.268815,0.26211262,0.3291367,0.9522184300341296,0,0,0
0.9428571428571428,0.38777548,0.15544797,2.478723,0.7697368421052632,2,0,0
0.9457142857142857,0.19214883,0.13867895,0.67337745,0.7672131147540984,2,0,0
0.9642857142857143,0.18670861,0.08024922,1.1448433,0.8460291734197731,1,0,0
0.9557142857142857,0.20126612,0.07758171,1.3144261,0.6956521739130435,1,0,0
0.9642857142857143,0.15031397,0.101972565,0.5853866,0.8300970873786409,2,0,0
0.9657142857142857,0.20954053,0.07108745,1.4556183,0.7656500802568218,2,0,0
0.9514285714285714,0.22425474,0.1510081,0.8834744,0.8101472995090017,0,0,0
0.9785714285714285,0.07219321,0.025708372,0.49055672,0.8482428115015974,0,0,0
