ACC,Loss,LossPrivileged,LossUnprivileged,AEQ,OEQ,OPP,MEQ,MPP,drift-id,gm-id,gm-name
0.9257142857142857,0.25847042,0.21299535,0.6677463,0.8847457627118644,0.7771326461923023,0.8747524423830842,0.23076923076923078,0.7619047619047619,0,0,0
0.9485714285714286,0.16291012,0.14378487,0.33503723,0.9269102990033222,0.9005710864968777,0.895597391741004,0.6210526315789474,0.7846153846153846,0,0,0
0.96,0.14151882,0.092386626,0.58370847,0.8823529411764706,0.8734054703718275,0.8679035270914126,0.6775956284153005,0.6107142857142858,0,0,0
0.9585714285714285,0.16051269,0.16650769,0.106557794,0.9852941176470588,0.9284735730445217,0.9488333170802437,0.7741935483870968,0.8947368421052632,0,0,0
0.9428571428571428,0.51239806,0.17108312,3.5842323,0.7536945812807881,0.7555752788620428,0.7048471383075121,0.0,0.0,2,0,0
0.8714285714285714,0.6808965,0.63849396,1.0625197,0.9097472924187726,0.7832820087765002,0.8541456394484787,0.3,0.5769230769230769,2,9,9
0.8985714285714286,0.47519976,0.37520552,1.3751479,0.8110918544194108,0.7890725807862615,0.7528932582214523,0.0,0.0,2,13,13
0.8771428571428571,0.64466494,0.5310436,1.6672568,0.7460317460317459,0.6906349778714477,0.6863333844353677,0.18095238095238095,0.32264150943396225,2,14,14
0.9471428571428572,0.20001613,0.18745011,0.31311062,0.9450000000000001,0.9194488757288586,0.9178909424787065,0.7555555555555554,0.7990867579908676,2,13,13
