ACC,Loss,LossPrivileged,LossUnprivileged,BalancedACC,drift-id,gm-id,gm-name
0.8357142857142857,0.4597689,0.44600847,0.7212176,0.9736842105263158,0,0,0
0.8942857142857142,0.3930042,0.3495072,1.2194465,0.6920529801324503,0,0,0
0.9114285714285715,0.32256487,0.32079527,0.35618687,0.9047619047619049,0,0,0
0.9042857142857142,0.42846462,0.3991461,0.98551714,0.8465346534653466,0,0,0
0.7928571428571428,0.74306786,0.6208362,3.0654693,0.5277777777777778,0,3,3
0.9142857142857143,0.37553084,0.35962996,0.6776472,0.9018003273322422,0,0,0
0.8942857142857142,0.5234418,0.4934608,1.0930818,0.8564273789649417,0,0,0
0.7614285714285715,0.8738481,0.7672911,2.8984313,0.625968992248062,1,8,8
0.82,0.6490527,0.5960902,1.655341,0.8290909090909091,1,9,9
