ACC,Loss,LossPrivileged,LossUnprivileged,BalancedACC,drift-id,gm-id
0.8442857142857143,0.47950226068496704,0.44728943705558777,0.5117151141166687,0.9966216216216217,0,0
0.8628571428571429,0.397163987159729,0.3489072322845459,0.4454207420349121,0.9868421052631579,0,0
0.8714285714285714,0.4015926122665405,0.3244795501232147,0.4787057042121887,0.9614147909967846,0,0
0.8614285714285714,0.4651089608669281,0.38315609097480774,0.5470616817474365,0.964169381107492,0,0
0.7742857142857142,1.565507411956787,0.44384118914604187,2.68717360496521,0.7206349206349206,2,0
0.8714285714285714,0.3871208727359772,0.3042861819267273,0.469955712556839,0.9003115264797508,2,0
0.8571428571428571,0.49390506744384766,0.4164416491985321,0.5713685154914856,0.948051948051948,2,0
0.8271428571428572,0.5956364870071411,0.435188889503479,0.7560839653015137,0.8617363344051446,0,0
0.8642857142857143,0.5465406775474548,0.47291073203086853,0.6201706528663635,0.9836065573770492,0,0
0.8942857142857142,0.3303365409374237,0.2877841591835022,0.3728889226913452,0.9685534591194969,0,0
