ACC,Loss,LossPrivileged,LossUnprivileged,BalancedACC,drift-id,gm-id,gm-name
0.7886944818304172,0.44160596,0.44520563,0.3665432,0.9556719725972195,0,0,0
0.7799461641991925,0.4908556,0.42329994,1.7984747,0.33987997161653455,1,0,0
0.8034993270524899,0.4309731,0.42963493,0.45614862,0.987266326637311,1,5,5
0.7920592193808883,0.41759983,0.41661304,0.4375618,0.9915966386554622,1,9,1-2-3
0.7940780619111709,0.39100426,0.3889433,0.4383403,0.9638411544393038,1,8,4-5
0.819650067294751,0.366324,0.36524653,0.38950634,0.9828169014084508,1,18,4-5-11
0.8216689098250336,0.36677104,0.37024185,0.29860833,0.8770292807532352,1,18,4-5-11
0.8337819650067295,0.34398162,0.34916663,0.23062915,0.8988388458831809,1,18,4-5-11
0.8358008075370121,0.35531443,0.34045297,0.6033596,0.9217340292106647,1,18,4-5-11
