ACC,Loss,LossPrivileged,LossUnprivileged,AEQ,OEQ,OPP,MEQ,MPP,drift-id,gm-id,gm-name
0.8714285714285714,0.3968504,0.39003175,0.4582185,0.9818181818181817,0.8173314401665008,0.7874996191315707,0.0,0.0,0,0,0
0.8342857142857143,0.7070961,0.41408712,3.3441768,0.7513914656771801,0.6130399318389961,0.6175496176246018,0.0,0.0,4,0,0
0.78,0.77448887,0.7179683,1.2831739,0.7499999999999999,0.6425972436110798,0.6946315932156889,0.0,0.0,4,6,6
0.83,0.68872756,0.57802236,1.6850747,0.8105065666041276,0.7652661953258733,0.838896174938834,0.3081081081081081,0.45194805194805193,4,5,5
0.8371428571428572,1.0674257,0.58806974,5.38163,0.5543478260869565,0.5076039426095783,0.5088782655434454,0.0,0.0,1,5,5
0.84,0.67638975,0.66013855,0.8226504,0.9849056603773585,0.8171488552544528,0.7874690382719177,0.43609022556390975,0.3197831978319783,1,9,9
0.8214285714285714,1.0896621,0.707004,4.5335846,0.6368715083798883,0.5093561070074125,0.5441436968688882,0.0,0.0,3,9,9
0.7457142857142857,0.8944269,0.81250674,1.6317072,0.849056603773585,0.7726052894152454,0.7327755605314573,0.4878048780487805,0.48,3,11,11
0.8585714285714285,0.64550537,0.61499935,0.9200592,0.8704379562043795,0.8078259979171124,0.8221493452297439,0.38505747126436785,0.5258620689655172,3,1,1
