ACC,BalancedACC,drift-id,gm-id
0.015723270440251572,0,0,0
0.7861635220125787,0,0,0
0.8647798742138365,0,0,0
0.8632075471698113,0,0,0
0.889937106918239,0,0,0
0.009433962264150943,0,2,0
0.7452830188679245,0,2,0
0.8553459119496856,0,2,0
0.8647798742138365,0,0,0
0.8962264150943396,0,0,0
0.8742138364779874,0,0,0
