ACC,Loss,LossPrivileged,LossUnprivileged,BalancedACC,drift-id,gm-id
0.9157142857142857,0.3096573,0.2773459,0.92357385,0.8032520325203252,0,<federated.algorithms.fair_fed_drift.ClientIdentity.ClientIdentity object at 0x7fce5afa2c50>
0.9414285714285714,0.24162216,0.18111038,1.3913463,0.7181102362204724,2,<federated.algorithms.fair_fed_drift.ClientIdentity.ClientIdentity object at 0x7fce40657760>
0.9471428571428572,0.24228522,0.2206587,0.6531894,0.9004739336492891,2,<federated.algorithms.fair_fed_drift.ClientIdentity.ClientIdentity object at 0x7fce405c71c0>
0.9657142857142857,0.1226449,0.082396254,0.8873692,0.7600000000000001,2,<federated.algorithms.fair_fed_drift.ClientIdentity.ClientIdentity object at 0x7fcda423a500>
0.9542857142857143,0.13282755,0.11869174,0.40140808,0.862284820031299,1,<federated.algorithms.fair_fed_drift.ClientIdentity.ClientIdentity object at 0x7fce542781f0>
0.9428571428571428,0.1999212,0.14525034,1.2386674,0.6860282574568289,1,<federated.algorithms.fair_fed_drift.ClientIdentity.ClientIdentity object at 0x7fcddc2c9600>
0.9614285714285714,0.10458456,0.07317275,0.70140904,0.7635239567233385,1,<federated.algorithms.fair_fed_drift.ClientIdentity.ClientIdentity object at 0x7fce405754b0>
0.9342857142857143,0.25605318,0.2099144,1.1326908,0.6303317535545023,1,<federated.algorithms.fair_fed_drift.ClientIdentity.ClientIdentity object at 0x7fce5458ae60>
0.9814285714285714,0.0716027,0.04472977,0.5821885,0.7772727272727273,1,<federated.algorithms.fair_fed_drift.ClientIdentity.ClientIdentity object at 0x7fcda44fd420>
0.9728571428571429,0.0961068,0.07124042,0.5685677,0.8450920245398773,0,<federated.algorithms.fair_fed_drift.ClientIdentity.ClientIdentity object at 0x7fce404df9a0>
