ACC,Loss,LossPrivileged,LossUnprivileged,BalancedACC,drift-id,gm-id,gm-name
0.8185714285714286,0.44995344,0.43391523,0.75467944,0.8306010928961749,0,0,0
0.89,0.3687786,0.332336,1.0611881,0.7612687813021703,0,0,0
0.8971428571428571,0.36215484,0.3731072,0.15406135,0.9195046439628483,0,0,0
0.8971428571428571,0.3989243,0.36499956,1.0434941,0.9198664440734559,0,0,0
0.8885714285714286,0.42775813,0.34178057,2.0613315,0.6966666666666667,2,0,0
0.9071428571428571,0.43774706,0.34775603,2.1475766,0.586038961038961,2,0,0
0.9028571428571428,0.4409623,0.3594955,1.9888312,0.75,2,0,0
0.9242857142857143,0.37164685,0.3279553,1.2017863,0.7319422150882825,2,0,0
0.8857142857142857,0.6241282,0.55250484,1.984972,0.6989966555183946,2,0,0
