ACC,Loss,LossPrivileged,LossUnprivileged,BalancedACC,drift-id,gm-id,gm-name
0.7926634768740032,0.42240956,0.44214988,0.38057193,0.8995140433242732,0,0,0
0.6124401913875598,0.94858426,0.47387043,1.802645,0.4585959383753502,1,0,0
0.645933014354067,0.73375076,0.3901405,1.4209716,0.41791044776119407,1,0,0
0.6555023923444976,0.7270751,0.407219,1.395149,0.42139832339469363,1,0,0
0.5055821371610846,1.2801416,1.6749191,0.33694294,0.4004664543880229,2,0,0
0.5390749601275917,1.0430926,1.3498693,0.35837922,0.48102126694909253,2,0,0
0.5199362041467305,1.0225435,1.3588314,0.29391965,0.4132379248658318,2,0,0
0.6650717703349283,0.72937477,0.42425653,1.3953687,0.3957377662098618,1,0,0
0.6666666666666666,0.66304255,0.3867807,1.2038382,0.38032345013477087,1,0,0
