ACC,Loss,LossPrivileged,LossUnprivileged,BalancedACC,drift-id,gm-id,gm-name
0.7984595635430038,0.47369227,0.49331856,0.2838816,0.8565176948120587,0,0,0
0.3465982028241335,1.4534348,1.5648521,0.35937798,0.3489229485009391,2,0,0
0.7355584082156611,0.5616634,0.57886285,0.40021783,0.8780471041055719,2,0,0
0.3979460847240051,0.8697953,0.92319906,0.4337703,0.43587896253602304,0,0,0
0.3581514762516046,1.4580742,1.5437723,0.5473715,0.4416991515707407,2,0,0
0.33889602053915274,1.2860825,1.3443607,0.71382195,0.48262714470204787,2,0,0
0.42233632862644416,0.81119514,0.7847518,1.045503,0.8242566970856638,1,0,0
0.40821566110397944,0.8008786,0.791403,0.88483924,0.9229957805907174,1,0,0
0.7753530166880617,0.48900554,0.45137715,0.99420136,0.4360557138334917,1,0,0
