ACC,Loss,LossPrivileged,LossUnprivileged,AEQ,OEQ,OPP,MEQ,MPP,drift-id,gm-id,gm-name
0.8614285714285714,0.4069679,0.40724865,0.40163437,0.9947643979057591,0.7584185818758435,0.8201791397440332,0.0,0.3465045592705167,0,0,0
0.85,0.52241325,0.4040863,2.7706246,0.6608695652173913,0.5737430290228724,0.5745472069951039,0.0,0.0,2,0,0
0.8771428571428571,0.45128837,0.3929803,1.5591418,0.706081081081081,0.656294743608839,0.6491512736390983,0.0,0.0,2,0,0
0.8928571428571429,0.50457126,0.36697933,3.118818,0.5957095709570956,0.6042120543359112,0.6619095400984596,0.0,0.0,4,0,0
0.8985714285714286,0.5400718,0.41924837,2.8357182,0.65625,0.6218868484532116,0.6300063886226775,0.0,0.0,4,0,0
0.8928571428571429,0.43420064,0.40418407,1.0045168,0.7916666666666667,0.7555868420607674,0.6483197345837641,0.0,0.0,2,0,0
0.8928571428571429,0.53690004,0.47750488,1.6654085,0.693200663349917,0.6020525910584309,0.6682935035771953,0.0,0.0,2,0,0
0.91,0.46071684,0.40677983,1.4855213,0.7117263843648208,0.6379076407165358,0.6772784362542297,0.0,0.0,2,0,0
0.8985714285714286,0.5940142,0.5354294,1.7071255,0.6886326194398682,0.6652110621761012,0.6478324992867563,0.0,0.0,2,0,0
