ACC,Loss,LossPrivileged,LossUnprivileged,BalancedACC,drift-id,gm-id,gm-name
0.7990430622009569,0.42710698,0.47064796,0.3393971,0.8776487031738288,0,0,0
0.8086124401913876,0.4186563,0.45948198,0.3431287,0.9652509652509652,0,0,0
0.8293460925039873,0.35921466,0.39472944,0.29487392,0.9666954790717167,0,0,0
0.8548644338118022,0.32331312,0.36254305,0.24919213,0.9330399798843348,0,0,0
0.6602870813397129,0.89725786,0.3667779,1.98927,0.4480344332855093,2,0,0
0.759170653907496,0.5227855,0.41524503,0.7457738,0.9083437000177714,2,1,1
0.7687400318979266,0.49304414,0.40364704,0.66314685,0.8933773712737126,2,1,1
0.759170653907496,0.52645576,0.41688508,0.74717766,0.9089469981238274,2,1,1
0.7783094098883573,0.51642686,0.43405846,0.6677461,0.9644796380090497,2,1,1
