ACC,Loss,LossPrivileged,LossUnprivileged,BalancedACC,drift-id,gm-id,gm-name
0.9557142857142857,0.17379366,0.16331975,0.37279785,0.9231974921630094,0,0,0
0.9557142857142857,0.22083427,0.12779398,1.9885995,0.7682737169517885,1,0,0
0.9685714285714285,0.17474546,0.10966985,1.411182,0.7576687116564417,1,0,0
0.9528571428571428,0.19173758,0.15331475,0.92177176,0.7091757387247278,1,0,0
0.9657142857142857,0.16161059,0.09476682,1.4316423,0.6391437308868502,1,0,0
0.9585714285714285,0.15428585,0.10071691,1.1720957,0.7352941176470589,1,0,0
0.9628571428571429,0.15485315,0.13976654,0.4414989,0.8542635658914729,1,0,0
0.9828571428571429,0.13777587,0.14062528,0.08363671,0.9877675840978593,0,0,0
0.9771428571428571,0.098607145,0.07560643,0.535621,0.8715596330275229,0,0,0
