ACC,Loss,LossPrivileged,LossUnprivileged,BalancedACC,drift-id,gm-id,gm-name
0.7827476038338658,0.4350677,0.45494086,0.39114308,0.9418640283675523,0,0,0
0.8370607028753994,0.3913995,0.43397582,0.3100094,0.9349277838173629,0,0,0
0.8226837060702875,0.38899365,0.41748813,0.3278522,0.9457914313266289,0,0,0
0.829073482428115,0.3699923,0.38737985,0.33295673,0.9308725918730776,0,0,0
0.8274760383386581,0.36907774,0.37824354,0.34926477,0.9637850467289719,0,0,0
0.8083067092651757,0.41503155,0.41015655,0.42461985,0.9701149425287356,0,0,0
0.829073482428115,0.36072898,0.3047801,0.46470702,0.9454311351810556,0,0,0
0.707667731629393,0.50464845,0.35239315,0.8150717,0.541747572815534,1,0,0
0.6853035143769968,0.5133286,0.35537347,0.78158,0.5297374248655489,1,0,0
