ACC,Loss,LossPrivileged,LossUnprivileged,BalancedACC,drift-id,gm-id
0.8442857142857143,0.46368557,0.4377328,0.48963833,0.9634551495016612,0,<federated.algorithms.fair_fed_drift.ClientIdentity.ClientIdentity object at 0x17845f400>
0.7985714285714286,1.567182,0.42590934,2.7084546,0.8448844884488448,1,<federated.algorithms.fair_fed_drift.ClientIdentity.ClientIdentity object at 0x299d164f0>
0.7928571428571428,0.8464022,0.76638603,0.9264184,0.9473684210526316,1,<federated.algorithms.fair_fed_drift.ClientIdentity.ClientIdentity object at 0x1768a3490>
0.7928571428571428,1.1049448,0.4213694,1.7885201,0.7731629392971247,1,<federated.algorithms.fair_fed_drift.ClientIdentity.ClientIdentity object at 0x29a0094f0>
0.7942857142857143,0.9861061,0.48730227,1.48491,0.834983498349835,1,<federated.algorithms.fair_fed_drift.ClientIdentity.ClientIdentity object at 0x17685ca90>
0.86,0.58127624,0.6804094,0.48214316,0.9933774834437085,1,<federated.algorithms.fair_fed_drift.ClientIdentity.ClientIdentity object at 0x3065bc610>
0.8542857142857143,0.5737037,0.5183505,0.62905693,0.9735973597359735,1,<federated.algorithms.fair_fed_drift.ClientIdentity.ClientIdentity object at 0x29a030490>
0.84,0.6202588,0.6359703,0.60454726,0.9932203389830508,1,<federated.algorithms.fair_fed_drift.ClientIdentity.ClientIdentity object at 0x17ea40070>
0.86,0.5467092,0.5679359,0.5254824,0.9867986798679867,1,<federated.algorithms.fair_fed_drift.ClientIdentity.ClientIdentity object at 0x177d27c70>
0.7557142857142857,2.0402122,0.67380774,3.406617,0.7574750830564785,0,<federated.algorithms.fair_fed_drift.ClientIdentity.ClientIdentity object at 0x2d54d6430>
