ACC,Loss,LossPrivileged,LossUnprivileged,AEQ,OEQ,OPP,MEQ,MPP,drift-id,gm-id,gm-name
0.8257142857142857,0.4694957,0.4445887,0.69365895,0.9274809160305344,0.8015132168534317,0.8192610332835504,0.3383838383838384,0.3712121212121212,0,0,0
0.89,0.36138898,0.32943407,0.64898354,0.9063604240282686,0.8191687804709865,0.8515054090607505,0.6018518518518519,0.6052631578947368,0,0,0
0.8971428571428571,0.40043044,0.40976596,0.31641045,0.9682539682539683,0.8818939912272514,0.8974076563511051,0.5865384615384616,0.7418181818181818,0,0,0
0.8771428571428571,0.4440636,0.39333436,0.90062666,0.8855098389982111,0.8565361815014129,0.8026566072142781,0.6777777777777778,0.3492063492063492,0,0,0
0.8842857142857142,0.52768546,0.3055978,2.526474,0.7395104895104895,0.6627829867672491,0.6915253610181751,0.0,0.0,2,0,0
0.9085714285714286,0.4751627,0.36888787,1.4316361,0.7846153846153846,0.7400184856500608,0.7425672259284306,0.0,0.0,2,0,0
0.8828571428571429,0.50490224,0.3669408,1.7465557,0.7750439367311072,0.736493532894315,0.7415806700190813,0.09502923976608187,0.11176470588235295,2,0,0
0.9042857142857142,0.4234749,0.3249084,1.3105733,0.7551369863013698,0.645686274509804,0.6894872210396403,0.0,0.0,2,0,0
0.88,0.64058423,0.59464645,1.0540241,0.9000000000000001,0.7808943881078897,0.8087865743087175,0.30729166666666663,0.15991471215351813,2,0,0
