ACC,Loss,LossPrivileged,LossUnprivileged,AEQ,OEQ,OPP,MEQ,MPP,drift-id,gm-id,gm-name
0.9385714285714286,0.23568985,0.20075436,0.5501094,0.9211409395973155,0.8683577601449551,0.8649687515897382,0.7446808510638298,0.6272727272727272,0,0,0
0.9471428571428572,0.32329258,0.13851307,1.9863083,0.8141447368421052,0.74661130018031,0.7282151452059291,0.0,0.0,2,0,0
0.9571428571428572,0.19712873,0.08871117,1.172887,0.836867862969005,0.7815890147461106,0.7618548838580618,0.0,0.0,2,0,0
0.9528571428571428,0.21682465,0.051800784,1.7020397,0.6511254019292605,0.6789312897130755,0.6810982172790631,0.0,0.0,1,0,0
0.9514285714285714,0.21550223,0.114107236,1.128057,0.7147487844408428,0.7168544805309511,0.715569477338625,0.0,0.0,1,0,0
0.9657142857142857,0.16816896,0.08113774,0.95144993,0.7813504823151125,0.7750089674168893,0.7727022037102682,0.0,0.0,1,0,0
0.9557142857142857,0.22598864,0.112922065,1.243588,0.7743506493506493,0.7395602474569722,0.7195425729370745,0.0,0.0,2,0,0
0.9771428571428571,0.07211258,0.011594547,0.6167749,0.8181818181818181,0.7381417865288833,0.7467755003948227,0.0,0.0,3,0,0
0.9742857142857143,0.12184378,0.019080883,1.0467098,0.7894736842105263,0.7761805555555557,0.754908274785324,0.0,0.0,3,0,0
