ACC,Loss,LossPrivileged,LossUnprivileged,AEQ,OEQ,OPP,MEQ,MPP,drift-id,gm-id,gm-name
0.8314285714285714,0.46214363,0.44899482,0.71197164,0.7817531305903399,0.7396261097878175,0.6951044288616068,0.0,0.0,0,0,0
0.8757142857142857,0.35895166,0.33006102,0.90787363,0.7741935483870969,0.6680088970323602,0.6255356194485506,0.0,0.0,0,0,0
0.8942857142857142,0.36325452,0.33677244,0.86641455,0.8233333333333334,0.6400766264985185,0.661590532963932,0.0,0.0,0,0,0
0.8971428571428571,0.38519907,0.342784,1.191085,0.7877280265339967,0.771322909493513,0.8087334646432879,0.3641975308641975,0.5058823529411766,0,0,0
0.8871428571428571,0.5244489,0.4662349,1.6305152,0.6322795341098169,0.5989990818222759,0.5345376952920617,0.0,0.0,1,0,0
0.7514285714285714,0.84343934,0.77751493,2.0960033,0.6345776031434185,0.4588702505788981,0.5059304056385321,0.0,0.0,1,3,3
0.8985714285714286,0.43107155,0.410392,0.82398415,0.7537190082644628,0.6939601784395423,0.6664460669894566,0.0,0.0,1,0,0
0.9,0.51478046,0.45974508,1.5604529,0.7524752475247525,0.6957697744707798,0.6240962254060968,0.0,0.0,0,0,0
0.8814285714285715,0.7287315,0.6532895,2.1621292,0.8023648648648648,0.7460061247262638,0.6889118900263431,0.0,0.0,0,0,0
