ACC,Loss,LossPrivileged,LossUnprivileged,AEQ,OEQ,OPP,MEQ,MPP,drift-id,gm-id,gm-name
0.8267008985879333,0.35967907,0.36947903,0.2619556,0.9248273697426238,0.8968523401911078,0.9470738222438077,0.8468899521531099,0.9441476444876152,0,0,0
0.810012836970475,0.43075994,0.3706271,1.1261672,0.888060112297699,0.6416504960170987,0.8512420834243284,0.31410256410256404,0.825,2,0,0
0.8023106546854942,0.40722322,0.40463024,0.43230078,0.9705286513602162,0.881748148529969,0.8785795376358881,0.7878959276018098,0.7610946745562129,2,5,5
0.7958921694480102,0.4360288,0.4277441,0.5126619,0.9728163992869874,0.8475139689229976,0.8466551169494969,0.7220077220077219,0.7140825035561877,2,5,5
0.8356867779204108,0.36356527,0.36106655,0.39923394,0.9664398101898102,0.9515653081111348,0.9804324186585363,0.9296442687747034,0.9716175254891155,1,0,0
0.865211810012837,0.30891085,0.31902853,0.21393926,0.9494067513368984,0.9077426096335997,0.9576965627827395,0.8484848484848484,0.9538546640270176,1,1,1
0.8498074454428755,0.3268004,0.31534293,0.47472474,0.9416242185691133,0.752295173181249,0.8012865497076023,0.5769230769230769,0.7222222222222222,1,0,0
0.7984595635430038,0.43990898,0.45485482,0.2953644,0.9174648140653806,0.8152716889291225,0.8847323114813301,0.6433566433566434,0.8589743589743589,1,18,18
0.8485237483953787,0.34205133,0.34287912,0.33450472,0.9942909439553733,0.9547648397479117,0.8910290542725559,0.9342391304347826,0.8105590062111802,1,0,0
