ACC,Loss,LossPrivileged,LossUnprivileged,BalancedACC,drift-id,gm-id,gm-name
0.7971758664955071,0.43143845,0.4368827,0.37714955,0.920626099842549,0,0,0
0.8331193838254172,0.3804026,0.39683607,0.21395499,0.9024594499294781,0,0,0
0.8164313222079589,0.41224143,0.4284523,0.2705985,0.882669959041292,0,0,0
0.8087291399229781,0.4292377,0.43986508,0.31442964,0.8958566096940594,0,0,0
0.7753530166880617,0.48391545,0.42338225,1.0521202,0.4734144927536232,1,0,0
0.7278562259306803,0.55255514,0.52179635,0.8741652,0.4822823963533753,1,0,0
0.7881899871630296,0.52274054,0.46876928,1.1257006,0.3761574074074074,1,0,0
0.8382541720154044,0.41449842,0.42706162,0.28313875,0.8956756636081531,0,0,0
0.8498074454428755,0.4180094,0.4335797,0.2908829,0.9038594827271731,0,0,0
