ACC,Loss,LossPrivileged,LossUnprivileged,BalancedACC,drift-id,gm-id,gm-name
0.8457142857142858,0.42434704,0.42834678,0.42034733,0.9733333333333334,0,0,0
0.76,1.7411726,0.4635859,3.018759,0.8095238095238096,1,0,0
0.7185714285714285,0.97196996,0.6855957,1.2583442,0.8629629629629629,1,3,3
0.83,0.5390276,0.51842636,0.5596289,0.9897260273972602,1,7,2-3-1-4
0.8771428571428571,0.58975923,0.50677836,0.6727402,0.9616613418530352,1,7,2-3-1-4
0.86,0.69913006,0.65116507,0.7470948,0.9609120521172638,1,7,2-3-1-4
0.8614285714285714,0.86968726,0.84013236,0.8992422,0.99009900990099,1,7,2-3-1-4
0.7928571428571428,2.1547627,0.6527523,3.6567738,0.8078175895765471,0,7,2-3-1-4
0.8828571428571429,0.60807985,0.6528897,0.5632699,0.9807692307692308,0,0,0
