ACC,Loss,LossPrivileged,LossUnprivileged,BalancedACC,drift-id,gm-id
0.6686666666666666,1.2201839685440063,1.1957383155822754,1.2446293830871582,0.990079365079365,0,<federated.algorithms.fair_fed_drift.ClientIdentity.ClientIdentity object at 0x7f2d707eb1c0>
0.6465,2.42056941986084,1.1385903358459473,3.7025482654571533,0.78099173553719,1,<federated.algorithms.fair_fed_drift.ClientIdentity.ClientIdentity object at 0x7f2c4e773790>
0.3645,4.6005659103393555,5.0259881019592285,4.175144672393799,0.8644501278772379,1,<federated.algorithms.fair_fed_drift.ClientIdentity.ClientIdentity object at 0x7f2c4c1bfac0>
0.681,1.470484972000122,1.088536024093628,1.8524339199066162,0.8505434782608696,1,<federated.algorithms.fair_fed_drift.ClientIdentity.ClientIdentity object at 0x7f2d143ed9d0>
0.7245,1.167413592338562,0.8497833609580994,1.4850436449050903,0.8497872340425532,1,<federated.algorithms.fair_fed_drift.ClientIdentity.ClientIdentity object at 0x7f2c36297940>
0.7598333333333334,1.358147144317627,1.3617579936981201,1.354536533355713,0.983899042645779,1,<federated.algorithms.fair_fed_drift.ClientIdentity.ClientIdentity object at 0x7f2d143c5460>
0.7558333333333334,1.4126684665679932,1.3782321214675903,1.447104811668396,0.980349344978166,1,<federated.algorithms.fair_fed_drift.ClientIdentity.ClientIdentity object at 0x7f2c4e475fa0>
0.7726666666666666,1.201279640197754,1.1927907466888428,1.209768533706665,0.9948364888123926,1,<federated.algorithms.fair_fed_drift.ClientIdentity.ClientIdentity object at 0x7f2d14062e50>
0.6821666666666667,1.8809573650360107,1.8340013027191162,1.9279134273529053,0.9640115163147792,1,<federated.algorithms.fair_fed_drift.ClientIdentity.ClientIdentity object at 0x7f2c4e7e50a0>
0.58,2.5204527378082275,1.8470035791397095,3.193901777267456,0.8172323759791122,0,<federated.algorithms.fair_fed_drift.ClientIdentity.ClientIdentity object at 0x7f2d0c1f9310>
