ACC,Loss,LossPrivileged,LossUnprivileged,BalancedACC,drift-id,gm-id,gm-name
0.9157142857142857,0.2673616,0.2276351,0.62490016,0.8615384615384616,0,0,0
0.9528571428571428,0.15607053,0.13395198,0.3551374,0.9387417218543046,0,0,0
0.9585714285714285,0.13877934,0.08997539,0.57801485,0.9,0,0,0
0.9728571428571429,0.0886275,0.078678824,0.17816536,0.9496753246753248,0,0,0
0.9557142857142857,0.1890201,0.12044118,0.8062304,0.7743506493506493,1,0,0
0.9442857142857143,0.21107031,0.13422073,0.90271676,0.6889250814332247,1,0,0
0.95,0.19334328,0.12667125,0.7933918,0.7794117647058824,1,0,0
0.9714285714285714,0.104469605,0.0595094,0.50911146,0.8869143780290792,0,0,0
0.9714285714285714,0.13310304,0.08758554,0.5427607,0.8709677419354839,0,0,0
