ACC,Loss,LossPrivileged,LossUnprivileged,BalancedACC,drift-id,gm-id,gm-name
0.8385714285714285,0.44865182,0.44172376,0.45557985,0.9898305084745763,0,0,0
0.7785714285714286,1.83737,0.3988815,3.2758586,0.7986798679867986,1,0,0
0.7771428571428571,0.8441462,0.8277982,0.8604942,0.9568345323741009,1,7,7
0.7542857142857143,2.016015,0.7840203,3.24801,0.8657243816254416,0,8,8
0.8857142857142857,0.53106827,0.47685716,0.58527917,0.9871794871794871,0,0,0
0.89,0.4773719,0.54132605,0.4134176,0.9529780564263323,0,0,0
0.7957142857142857,1.999722,0.732119,3.267325,0.8691275167785235,1,0,0
0.8757142857142857,0.5419563,0.6335009,0.45041183,0.9902597402597402,1,8,8
0.8328571428571429,0.8627057,0.78036255,0.9450488,0.9695945945945945,1,8,8
