ACC,Loss,LossPrivileged,LossUnprivileged,BalancedACC,drift-id,gm-id,gm-name
0.9328571428571428,0.286951,0.25899816,0.5385267,0.8939393939393939,0,0,0
0.9328571428571428,0.50126475,0.11827221,3.9481976,0.6661184210526316,1,0,0
0.8757142857142857,0.54154295,0.49203917,0.9870767,0.7992895204262878,1,2,2
0.8857142857142857,0.57649827,0.55266124,0.79103136,0.823943661971831,1,1,1
0.93,0.30162197,0.30304033,0.28885695,0.9982935153583617,1,1,1
0.95,0.25111872,0.20045927,0.7070539,0.9418604651162791,1,1,1
0.9657142857142857,0.1641623,0.15184133,0.27505112,0.9934640522875817,1,1,1
0.9328571428571428,0.47756645,0.10080184,3.8684475,0.6661184210526316,0,1,1
0.9914285714285714,0.027128955,0.020192567,0.08955644,0.9776357827476038,0,0,0
