ACC,Loss,LossPrivileged,LossUnprivileged,BalancedACC,drift-id,gm-id,gm-name
0.94,0.25447583,0.23384176,0.64652306,0.8759936406995231,0,0,0
0.9542857142857143,0.31146666,0.11844579,3.978863,0.6470588235294118,1,0,0
0.8842857142857142,0.55109036,0.5149137,1.2384474,0.7332214765100671,1,3,3
0.8985714285714286,0.49198812,0.4419566,1.4425873,0.7537190082644628,1,4,1-2
0.9485714285714286,0.24511258,0.1744848,1.5870403,0.805337519623234,1,0,0
0.9471428571428572,0.26001418,0.2663138,0.14032076,0.9635499207606972,1,5,3-1-2
0.9614285714285714,0.19366503,0.16273522,0.78133136,0.9174454828660435,1,5,3-1-2
0.9371428571428572,0.3718421,0.20963438,3.4537888,0.6903633491311216,0,5,3-1-2
0.9985714285714286,0.009119862,0.0014424874,0.15498996,0.9714285714285714,0,0,0
