ACC,Loss,LossPrivileged,LossUnprivileged,AEQ,OEQ,OPP,MEQ,MPP,drift-id,gm-id,gm-name
0.8985714285714286,0.37369925,0.36106917,0.6136704,0.8851913477537438,0.7973103144035869,0.8450071128930041,0.5483870967741935,0.7448979591836735,0,0,0
0.9671428571428572,0.15192297,0.11903381,0.77681637,0.8503086419753088,0.8520656248798992,0.8623949122770884,0.6290322580645161,0.5258620689655172,0,0,0
0.9528571428571428,0.18488955,0.18231842,0.23374143,0.9574803149606299,0.9099102796849545,0.904144632235309,0.6193548387096774,0.5603448275862069,0,0,0
0.8371428571428572,0.7047473,0.69228286,0.9415738,0.9177101967799643,0.7438206699346405,0.8005678438252224,0.0,0.49565217391304356,0,7,7
0.9557142857142857,0.2864791,0.13201335,3.2213278,0.7375776397515528,0.716151066243392,0.6831234991209415,0.0,0.0,2,0,0
0.8642857142857143,0.703799,0.6530685,1.6676799,0.5826235093696762,0.5593865811607747,0.5560116405153719,0.0,0.0,2,15,15
0.9757142857142858,0.15018852,0.05753271,1.9106493,0.7519025875190259,0.6392758430071863,0.646094463005215,0.0,0.0,2,0,0
0.98,0.09749175,0.09293755,0.1840213,0.9907975460122699,0.9327799369076708,0.9715081729989359,0.5125000000000001,0.8796296296296298,0,0,0
0.9757142857142858,0.11536025,0.0903022,0.5914631,0.8728943338437978,0.8829637540491765,0.8557274218588156,0.4056338028169014,0.6666666666666666,0,0,0
