ACC,Loss,LossPrivileged,LossUnprivileged,AEQ,OEQ,OPP,MEQ,MPP,drift-id,gm-id,gm-name
0.9342857142857143,0.23674826,0.20416783,0.5299724,0.9762711864406779,0.8990005399655712,0.8894399641337122,0.7720588235294118,0.6441176470588236,0,0,0
0.9614285714285714,0.17747663,0.17138137,0.23233414,0.962171052631579,0.9108050581150018,0.9000909980359992,0.5491803278688525,0.6666666666666666,0,0,0
0.97,0.11086572,0.09560592,0.24820387,0.9690048939641109,0.927238759211017,0.9351234571641758,0.8137931034482758,0.8041431261770245,0,0,0
0.9785714285714285,0.0779273,0.05448233,0.28893185,0.9275362318840579,0.9316261463144219,0.9137068083693652,0.8181818181818182,0.7261904761904763,0,0,0
0.9414285714285714,0.47092807,0.16289327,3.2432415,0.707037643207856,0.736808592484613,0.7195549611647692,0.0,0.0,2,0,0
0.9542857142857143,0.21585007,0.0995747,1.2623283,0.7597402597402598,0.7387723909520709,0.7034059504661161,0.0,0.0,2,0,0
0.9514285714285714,0.1856352,0.09002286,1.0461463,0.7781402936378466,0.744592798735124,0.7349493628714618,0.0,0.0,2,0,0
0.9857142857142858,0.047285683,0.016819812,0.32147855,0.9043062200956938,0.8870306754177723,0.9065717070453914,0.5714285714285714,0.6759259259259259,0,0,0
0.9842857142857143,0.051133707,0.020015057,0.33120155,0.9057507987220448,0.9056450503698746,0.897440801457195,0.625,0.7259953161592506,0,0,0
