ACC,Loss,LossPrivileged,LossUnprivileged,BalancedACC,drift-id,gm-id,gm-name
0.89,0.2777122,0.25772566,0.53660774,0.9085613086638393,0,0,0
0.8483333333333334,0.37617397,0.28805247,1.1692673,0.6645569620253166,1,0,0
0.8683333333333333,0.3232501,0.25973183,1.0537096,0.6778455284552846,1,0,0
0.8666666666666667,0.31476972,0.26782644,0.761966,0.793859649122807,1,0,0
0.875,0.312671,0.2681064,0.68589973,0.7661122661122661,1,0,0
0.8866666666666667,0.28163818,0.23865719,0.69916767,0.7261183261183262,1,0,0
0.8716666666666667,0.29871628,0.2656555,0.70646566,0.7240215924426451,1,0,0
0.8916666666666667,0.260109,0.24744461,0.40911752,0.9251458476321208,0,0,0
0.8966666666666666,0.25918987,0.23863065,0.44085243,0.9655906709481156,0,0,0
