ACC,Loss,LossPrivileged,LossUnprivileged,BalancedACC,drift-id,gm-id,gm-name
0.9016666666666666,0.25978816,0.24523295,0.58112216,0.8035661656351312,0,0,0
0.8783333333333333,0.3057733,0.27598533,0.9908968,0.7666666666666667,2,0,0
0.8666666666666667,0.32550108,0.26068336,1.5152197,0.4706368899917287,2,0,0
0.8716666666666667,0.3876822,0.27338886,2.4163885,0.5241141732283464,1,6,3-1-2
0.88,0.27452633,0.2708451,0.36287665,0.9940828402366864,1,4,4
0.8983333333333333,0.25152797,0.23400982,0.5035193,0.8478162309203566,1,4,4
0.8566666666666667,0.38569555,0.31509426,2.332274,0.5470521541950113,2,4,4
0.89,0.2702357,0.24123666,1.0697813,0.5798962032231632,2,7,7
0.8879598662207357,0.2746611,0.2623455,0.556934,0.8970645792563601,2,6,3-1-2
