ACC,Loss,LossPrivileged,LossUnprivileged,BalancedACC,drift-id,gm-id,gm-name
0.9257142857142857,0.28400755,0.2698519,1.6854194,0.4604651162790697,0,0,0
0.9671428571428572,0.14054357,0.1384965,0.34320238,0.9668109668109668,0,0,0
0.9528571428571428,0.23753466,0.23156378,0.8286528,0.8986384266263238,0,0,0
0.99,0.055495154,0.054695923,0.13461873,0.98989898989899,0,0,0
0.98,0.089704424,0.08632602,0.4241662,0.8735294117647058,0,0,0
0.9757142857142858,0.11079304,0.08422051,2.741472,0.7300884955752213,0,0,0
0.9885714285714285,0.028162573,0.025921328,0.25004607,0.8658892128279883,0,0,0
0.9714285714285714,0.10398262,0.06843791,3.622909,0.4387001477104874,1,0,0
0.9885714285714285,0.060843654,0.031436566,2.9721448,0.4310595065312046,1,0,0
