ACC,Loss,LossPrivileged,LossUnprivileged,BalancedACC,drift-id,gm-id,gm-name
0.7804878048780488,0.45266712,0.46504226,0.334769,0.8921985815602836,0,0,0
0.8177150192554558,0.40359697,0.40907452,0.34538817,0.9762991573033708,0,0,0
0.8215661103979461,0.37917647,0.38089508,0.36350873,0.9954309122420042,0,0,0
0.8189987163029525,0.37569416,0.3878132,0.24897853,0.9213314580403188,0,0,0
0.7560975609756098,0.6086288,0.3697228,2.7867076,0.25457265247841165,2,0,0
0.7804878048780488,0.46424073,0.4557626,0.5677027,0.9348356009070294,2,15,15
0.8023106546854942,0.390802,0.39841276,0.30121908,0.9986925132169859,2,5,5
0.748395378690629,0.7301696,0.38574505,3.825575,0.17283037475345167,0,5,5
0.8690629011553274,0.28643188,0.30045015,0.16563201,0.8911725810006613,0,0,0
