ACC,Loss,LossPrivileged,LossUnprivileged,AEQ,OEQ,OPP,MEQ,MPP,drift-id,gm-id,gm-name
0.8352387357094821,0.35289556,0.35700852,0.27758002,0.9428243637880683,0.7524562226872653,0.9770515340733887,0.5762987012987013,0.9749364014801108,0,0,0
0.8298587760591796,0.3439338,0.34218332,0.3788452,0.9810969868173259,0.973587570621469,0.9788770963549724,0.9556497175141243,0.974125874125874,1,0,0
0.8379287155346334,0.3420508,0.33735004,0.43180922,0.9829284981183715,0.790452344944027,0.8871365005253925,0.6304761904761904,0.8265856950067477,1,0,0
0.8520511096166778,0.32505956,0.3268953,0.2936064,0.9686635033610123,0.9245864303657332,0.8900186500805696,0.9074818986323411,0.7902097902097902,1,0,0
0.8587760591795561,0.3262293,0.31075588,0.6259475,0.9549644871174344,0.8210814101274815,0.875161623082702,0.697211155378486,0.8499609273248241,2,0,0
0.8392737054472091,0.34688106,0.34690443,0.34640044,0.980624417298176,0.986040184925737,0.9488266766206295,0.9737305348679756,0.8977777777777777,2,7,4-3-1-2
0.8507061197041023,0.32912332,0.32905632,0.33040234,0.9668463171647885,0.887409018413803,0.9726858534824974,0.7894736842105263,0.9527246481414652,2,7,4-3-1-2
0.8386012104909213,0.3313605,0.33461338,0.27096772,0.8662271972660991,0.7961977033971785,0.7975913247668198,0.6780755569906362,0.6769334912844813,2,7,4-3-1-2
0.8453261600537996,0.33087572,0.33380786,0.27239832,0.983097156617579,0.8030893119518712,0.9711984643177303,0.6611721611721612,0.9541284403669724,2,7,4-3-1-2
