ACC,Loss,LossPrivileged,LossUnprivileged,AEQ,OEQ,OPP,MEQ,MPP,drift-id,gm-id,gm-name
0.8049764626765299,0.42022792,0.42620793,0.3107231,0.8927536231884058,0.8749244042453774,0.9405850202429149,0.7684507042253521,0.8891700404858299,0,0,0
0.7861466039004708,0.4407179,0.39036253,1.4449884,0.6155451225873761,0.7771947750130224,0.5847529347529348,0.6137115839243499,0.48768768768768767,1,0,0
0.7908540685944856,0.4371453,0.43876818,0.40615645,0.9726469096442286,0.6003907129260198,0.8289928671133214,0.5650357515867277,0.7274000509294628,1,2,2
0.8231338264963013,0.3788146,0.38813868,0.2190545,0.8345907473309608,0.7141538986415235,0.8115905511242125,0.4875886524822695,0.7426160337552743,1,12,1-4-2-3
0.8238063214525891,0.38370246,0.34690532,1.0964583,0.5362462075940057,0.4993946731234866,0.47286148501953973,0.0,0.0,2,12,1-4-2-3
0.8285137861466039,0.36026508,0.3654138,0.2544544,0.9849472301930841,0.30991735537190085,0.4043389936451714,0.0,0.0,2,14,6-7-5-8
0.8372562205783457,0.34282666,0.34973344,0.21094489,0.9825767532773904,0.4405545597740481,0.7595873253284244,0.2714138286893705,0.691640866873065,2,14,6-7-5-8
0.8251513113651647,0.33823743,0.34824297,0.152477,0.8902703249974689,0.6339286140179645,0.8085303101503758,0.6229665071770335,0.652549342105263,2,14,6-7-5-8
0.839946200403497,0.33594176,0.34357494,0.18370715,0.9599621833424458,0.6726341967103444,0.7080039337352433,0.6121856866537717,0.6727659574468084,2,14,6-7-5-8
