ACC,Loss,LossPrivileged,LossUnprivileged,BalancedACC,drift-id,gm-id,gm-name
0.8229665071770335,0.4211379,0.4592134,0.35404447,0.926530612244898,0,0,0
0.4864433811802233,1.1444606,1.5138338,0.40038675,0.3890075227846864,2,0,0
0.5311004784688995,0.78020066,1.0449241,0.26930916,0.39478842384411383,2,0,0
0.8405103668261563,0.41002312,0.4893183,0.26332703,0.9278350515463918,0,0,0
0.5279106858054227,0.7511377,0.96093047,0.3223864,0.39572706151110415,2,0,0
0.5358851674641149,0.7668693,0.9441562,0.36820364,0.4447004608294931,2,0,0
0.7161084529505582,0.607746,0.43417758,0.95991385,0.4738015607580825,1,0,0
0.6443381180223285,0.6669027,0.5281397,0.9812879,0.4666511194029851,1,0,0
0.6507177033492823,0.6565499,0.5135967,0.93243617,0.448951068695824,1,0,0
