ACC,Loss,LossPrivileged,LossUnprivileged,BalancedACC,drift-id,gm-id
0.8785714285714286,0.35046408,0.33106148,0.52508664,0.9729729729729729,0,<federated.algorithms.fair_fed_drift.ClientIdentity.ClientIdentity object at 0x7f2fd044ad10>
0.8271428571428572,0.67676437,0.41277346,3.0526826,0.6679035250463822,1,<federated.algorithms.fair_fed_drift.ClientIdentity.ClientIdentity object at 0x7f2fc8245f60>
0.8714285714285714,0.41485387,0.37866938,0.7405147,0.8035714285714286,1,<federated.algorithms.fair_fed_drift.ClientIdentity.ClientIdentity object at 0x7f2f4c26dff0>
0.8771428571428571,0.4383169,0.35386798,1.1983572,0.6947368421052631,1,<federated.algorithms.fair_fed_drift.ClientIdentity.ClientIdentity object at 0x7f2fb0148970>
0.8757142857142857,0.48949537,0.39800894,1.3128731,0.6959578207381371,2,<federated.algorithms.fair_fed_drift.ClientIdentity.ClientIdentity object at 0x7f2f6c16c2b0>
0.8757142857142857,0.4002792,0.36067852,0.75668514,0.8870967741935484,2,<federated.algorithms.fair_fed_drift.ClientIdentity.ClientIdentity object at 0x7f2f002b0370>
0.8857142857142857,0.41455266,0.3882853,0.6509586,0.8412698412698412,2,<federated.algorithms.fair_fed_drift.ClientIdentity.ClientIdentity object at 0x7f2fc82ad570>
0.8885714285714286,0.3599818,0.3207989,0.71262807,0.8556338028169014,2,<federated.algorithms.fair_fed_drift.ClientIdentity.ClientIdentity object at 0x7f2f34592ec0>
0.8742857142857143,0.47389844,0.40549502,1.089529,0.7833037300177619,2,<federated.algorithms.fair_fed_drift.ClientIdentity.ClientIdentity object at 0x7f2fcb9e4c10>
0.8828571428571429,0.44012696,0.34427553,1.30279,0.7068062827225131,0,<federated.algorithms.fair_fed_drift.ClientIdentity.ClientIdentity object at 0x7f2fb046c790>
