ACC,Loss,LossPrivileged,LossUnprivileged,BalancedACC,drift-id,gm-id,gm-name
0.9128571428571428,0.35690606,0.35155326,0.4586096,0.9359605911330049,0,0,0
0.95,0.24199456,0.14503008,2.0843196,0.8040752351097179,1,0,0
0.9514285714285714,0.21666728,0.16273482,1.2413843,0.7718750000000001,1,0,0
0.9742857142857143,0.10952551,0.06417764,0.97113496,0.7832061068702291,1,0,0
0.9628571428571429,0.19207443,0.114953645,1.6573696,0.7015384615384616,2,0,0
0.9757142857142858,0.1163533,0.09441009,0.53327405,0.8728943338437978,2,0,0
0.9757142857142858,0.12880892,0.06538237,1.3339128,0.7820121951219513,2,0,0
0.9871428571428571,0.06704535,0.060741976,0.18680961,0.952887537993921,0,0,0
0.9728571428571429,0.088244125,0.06466171,0.5363099,0.8755760368663593,0,0,0
