ACC,Loss,LossPrivileged,LossUnprivileged,BalancedACC,drift-id,gm-id
0.8471428571428572,0.43538544,0.4186689,0.45210195,0.9766666666666668,0,<federated.algorithms.fair_fed_drift.ClientIdentity.ClientIdentity object at 0x165f23af0>
0.7785714285714286,1.356337,0.45507812,2.2575955,0.8106312292358805,2,<federated.algorithms.fair_fed_drift.ClientIdentity.ClientIdentity object at 0x2a0a798b0>
0.8085714285714286,0.7943968,0.68726337,0.9015304,0.9721254355400698,2,<federated.algorithms.fair_fed_drift.ClientIdentity.ClientIdentity object at 0x2b1fb5970>
0.8428571428571429,0.61132586,0.7780983,0.44455332,0.9281045751633986,2,<federated.algorithms.fair_fed_drift.ClientIdentity.ClientIdentity object at 0x1709ba9d0>
0.7328571428571429,2.4115388,0.49471366,4.3283644,0.7157190635451505,1,<federated.algorithms.fair_fed_drift.ClientIdentity.ClientIdentity object at 0x2b62b4bb0>
0.8385714285714285,0.75668144,0.7077185,0.80564415,0.9566666666666667,1,<federated.algorithms.fair_fed_drift.ClientIdentity.ClientIdentity object at 0x2e4bc3df0>
0.8285714285714286,0.71211946,0.6189804,0.8052585,0.9661016949152542,1,<federated.algorithms.fair_fed_drift.ClientIdentity.ClientIdentity object at 0x3adad2040>
0.8685714285714285,0.5241435,0.51899433,0.5292926,0.974025974025974,1,<federated.algorithms.fair_fed_drift.ClientIdentity.ClientIdentity object at 0x1706ca8b0>
0.8657142857142858,0.54635644,0.46492785,0.6277851,0.9548387096774195,1,<federated.algorithms.fair_fed_drift.ClientIdentity.ClientIdentity object at 0x4e68847c0>
0.74,2.336563,0.77058595,3.9025404,0.7679180887372014,0,<federated.algorithms.fair_fed_drift.ClientIdentity.ClientIdentity object at 0x2dcad9760>
