ACC,Loss,LossPrivileged,LossUnprivileged,AEQ,OEQ,OPP,drift-id,gm-id,gm-name
0.8155555555555556,0.6047442,0.35530823,1.1036162,0.749063670411985,0.7532884895716898,0.8210121524581734,0,0,0
0.8377777777777777,0.70636433,0.5234877,1.0721176,0.856060606060606,0.8648912740713018,0.8856562087334366,0,0,0
0.8088888888888889,0.99780566,0.4520861,2.089245,0.7164179104477613,0.7128393063755694,0.8048334966538617,0,0,0
0.6,2.4679928,2.1008039,3.202372,0.7411167512690356,0.7339338415586567,0.9519324699742591,0,6,6
0.7755555555555556,2.2592702,0.47429267,5.8292255,0.5851851851851851,0.5200812684189012,0.5362088883164268,2,0,0
0.6844444444444444,2.7102807,2.1304064,3.8700302,0.75,0.7367758776348101,0.8208381493589427,2,12,12
0.7666666666666667,1.6749417,0.2229045,4.579016,0.4555160142348755,0.47636119126940774,0.4611745532312166,2,0,0
0.8644444444444445,0.5102173,0.15579934,1.2190534,0.7202797202797202,0.7305069855437744,0.7064220663305396,0,0,0
0.8311111111111111,0.7802436,0.27448812,1.7917547,0.6714285714285715,0.6505453952758041,0.8133389837867893,0,0,0
