ACC,Loss,LossPrivileged,LossUnprivileged,BalancedACC,drift-id,gm-id
0.6073333333333333,2.8412774,2.7828536,2.8997016,0.9890829694323143,0,0
0.5928333333333333,3.6572304,2.3749535,4.939507,0.8037525354969574,1,0
0.5211666666666667,3.8748949,3.8445241,3.9052653,0.9968071519795656,1,1
0.5723333333333334,3.442934,3.4432883,3.442579,0.9838243789716927,1,1
0.6173333333333333,2.9832032,2.991326,2.97508,0.9765208110992528,1,1
0.6368333333333334,2.7723873,2.8349915,2.7097828,0.9942588726513569,1,1
0.6546666666666666,2.6740155,2.6287315,2.7192998,0.9718875502008031,1,1
0.6111666666666666,3.604028,2.5049298,4.7031255,0.8207547169811321,0,1
0.7203333333333334,2.0793808,2.0385563,2.1202052,0.9889553612517258,0,0
0.7498333333333334,1.8708938,1.8318864,1.909901,0.9741114523913996,0,0
