ACC,Loss,LossPrivileged,LossUnprivileged,BalancedACC,drift-id,gm-id,gm-name
0.9457142857142857,0.17726007,0.15882418,0.5275425,0.8704581358609795,0,0,0
0.9471428571428572,0.24138652,0.1555528,1.8722273,0.8066037735849058,1,0,0
0.9685714285714285,0.14499721,0.08624111,1.2613631,0.7880184331797235,1,0,0
0.9528571428571428,0.24947333,0.16736113,1.8096056,0.7091757387247278,1,0,0
0.9671428571428572,0.12826955,0.061188817,1.4028037,0.7588325652841782,2,0,0
0.9771428571428571,0.07230526,0.06278149,0.2532568,0.9019908116385911,2,0,0
0.9671428571428572,0.113570035,0.100968644,0.35299626,0.8503086419753088,2,0,0
0.9857142857142858,0.0864235,0.0033475542,1.6648666,0.7439759036144579,2,0,0
0.9842857142857143,0.080579706,0.04322174,0.790381,0.8649468892261002,2,0,0
