ACC,Loss,LossPrivileged,LossUnprivileged,BalancedACC,drift-id,gm-id,gm-name
0.835,0.3474082,0.30805054,0.4356971,0.922573277502855,0,0,0
0.7733333333333333,0.5531174,0.3009481,1.088977,0.684116809116809,1,0,0
0.8033333333333333,0.4993543,0.26102164,1.0058111,0.6888736263736264,1,1,1
0.7933333333333333,0.4657666,0.26468074,0.88340634,0.6540586485337867,1,0,0
0.8166666666666667,0.4861664,0.20531215,1.0039499,0.6518813332984211,2,0,0
0.8433333333333334,0.32480735,0.24873166,0.5009162,0.8003702832961092,2,1,1
0.85,0.3421793,0.24186993,0.52311116,0.82456608811749,2,1,1
0.83,0.37209484,0.30026108,0.5115369,0.8527711662699763,2,1,1
0.86,0.31631267,0.26052377,0.41549295,0.9123492994460737,2,1,1
