ACC,Loss,LossPrivileged,LossUnprivileged,AEQ,OEQ,OPP,drift-id,gm-id,gm-name
0.8133333333333334,0.57757264,0.2350087,1.2627006,0.6236559139784945,0.6158522460314863,0.6951269323077381,0,0,0
0.7488888888888889,2.2467291,0.31817296,6.1038413,0.4509090909090909,0.4577880084175652,0.5081017558543477,2,0,0
0.7666666666666667,1.665915,1.118379,2.760987,0.749003984063745,0.7494281755860384,0.937157431495696,2,2,2
0.6555555555555556,3.5124598,0.5623872,9.412604,0.20973782771535582,0.26210253322635363,0.4123504030069057,1,2,2
0.8022222222222222,1.245559,0.93562263,1.8654313,0.9112903225806451,0.9314887326840725,0.9835219094989042,1,1,1
0.7755555555555556,1.1669197,0.59538925,2.3099809,0.715953307392996,0.6931813255247445,0.9181337728391388,1,1,1
0.6622222222222223,3.431505,0.79171497,8.711084,0.2923076923076923,0.33196632425614264,0.3277744798375483,2,1,1
0.7222222222222222,2.9451096,0.34620553,8.142918,0.31316725978647686,0.32393954174739575,0.3023640915409076,3,2,2
0.8444444444444444,0.80147004,0.5691413,1.2661275,0.846441947565543,0.8447348322266806,0.9835054205430271,3,3,3
