ACC,Loss,LossPrivileged,LossUnprivileged,BalancedACC,drift-id,gm-id,gm-name
0.8328571428571429,0.40986577,0.40269718,0.47438294,0.9375,0,0,0
0.88,0.38357174,0.35387975,0.65079945,0.9000000000000001,0,0,0
0.8871428571428571,0.44497123,0.43339273,0.5491781,0.8920353982300885,0,0,0
0.8885714285714286,0.44132918,0.4269107,0.57109565,0.9431616341030195,0,0,0
0.8857142857142857,0.5594329,0.4528827,1.5183854,0.7552447552447552,2,0,0
0.9028571428571428,0.4802314,0.38816693,1.3088118,0.806896551724138,2,0,0
0.8771428571428571,0.6043944,0.5068461,1.4823296,0.7288732394366197,2,0,0
0.8757142857142857,0.6073166,0.51574266,1.4314826,0.8167259786476867,0,0,0
0.8828571428571429,0.64694905,0.5742731,1.3010336,0.8792184724689165,0,0,0
