ACC,Loss,LossPrivileged,LossUnprivileged,AEQ,OEQ,OPP,MEQ,MPP,drift-id,gm-id,gm-name
0.9228571428571428,0.26708624,0.22474588,0.6481496,0.8709677419354839,0.759056711581923,0.8581124955744984,0.22641509433962267,0.6875,0,0,0
0.9342857142857143,0.40308523,0.12892708,2.8705091,0.7128712871287128,0.708906764139815,0.739079976779547,0.0,0.0,3,0,0
0.9371428571428572,0.30192086,0.2357286,0.89765084,0.8729096989966556,0.8509755341560352,0.8567342346132252,0.6491803278688525,0.43665768194070076,3,3,3
0.9328571428571428,0.31474838,0.3113619,0.3452264,0.9948979591836735,0.9134896222302624,0.923886732669493,0.7741935483870968,0.7482993197278911,3,3,3
0.9285714285714286,0.6012035,0.22981945,3.9436598,0.7014925373134328,0.6374406297074809,0.6496087144675142,0.0,0.0,2,3,3
0.9357142857142857,0.341873,0.29948267,0.723386,0.9409780775716694,0.8517626123762556,0.900039546025788,0.5510204081632653,0.7780612244897959,2,2,2
0.9085714285714286,0.6820069,0.2185339,4.853264,0.5559265442404007,0.5213723649713271,0.5044987614532194,0.0,0.0,4,2,2
0.9542857142857143,0.19472669,0.16344859,0.47622976,0.9536423841059603,0.9187380653828929,0.9235341830941849,0.7512315270935961,0.7204301075268816,4,4,4
0.97,0.16497087,0.14761405,0.32118243,0.9852941176470589,0.9473448167951644,0.9499435717033957,0.7840909090909091,0.8871527777777778,4,4,4
