ACC,Loss,LossPrivileged,LossUnprivileged,BalancedACC,drift-id,gm-id,gm-name
0.8514285714285714,0.4054233,0.38883662,0.7205707,0.8318739054290718,0,0,0
0.8771428571428571,0.44706434,0.3604174,2.0933573,0.8401360544217688,1,0,0
0.8928571428571429,0.3996142,0.34498578,1.4375547,0.8247078464106845,1,0,0
0.8871428571428571,0.44807762,0.39162588,1.520661,0.7969798657718121,1,0,0
0.8942857142857142,0.4127412,0.3741707,1.1455824,0.6920529801324503,1,0,0
0.9114285714285715,0.41831675,0.38059798,1.1349729,0.8071895424836601,1,0,0
0.8914285714285715,0.52092826,0.4724704,1.4416264,0.7271214642262894,1,0,0
0.7685714285714286,0.8313942,0.7798348,1.8110242,0.7335907335907336,1,10,10
0.8714285714285714,0.6948923,0.6419095,1.7015646,0.7781569965870307,1,0,0
