ACC,Loss,LossPrivileged,LossUnprivileged,BalancedACC,drift-id,gm-id,gm-name
0.7881899871630296,0.44526705,0.45195115,0.3851954,0.9238749837893918,0,0,0
0.7406931964056482,0.523977,0.44712934,1.1683859,0.5745649263721553,1,0,0
0.7650834403080873,0.48807126,0.44708475,0.8317654,0.8015591778880227,1,0,0
0.7779204107830552,0.43725958,0.4109964,0.7032676,0.8319897959183673,1,0,0
0.7753530166880617,0.45824635,0.3927264,1.0307271,0.8404491833030853,1,0,0
0.810012836970475,0.43301305,0.3806909,1.0715208,0.8259485502882217,1,0,0
0.7830551989730423,0.4398897,0.41583377,0.69552875,0.7857893630439353,1,9,2-5-3-1-4
0.7573812580231065,0.5290975,0.38639152,2.0212135,0.14372346876895087,0,9,2-5-3-1-4
0.8421052631578947,0.34921175,0.35023987,0.3398384,0.9685727426030969,0,0,0
