ACC,Loss,LossPrivileged,LossUnprivileged,BalancedACC,drift-id,gm-id,gm-name
0.9457142857142857,0.17797342,0.15946035,0.5297216,0.8704581358609795,0,0,0
0.9457142857142857,0.24102148,0.1552315,1.8710308,0.8078740157480315,1,0,0
0.9685714285714285,0.1469485,0.08698353,1.2862829,0.7880184331797235,1,0,0
0.9557142857142857,0.25260052,0.1669894,1.879212,0.7375776397515528,1,0,0
0.97,0.12819953,0.06686271,1.2935994,0.7868098159509203,2,0,0
0.9757142857142858,0.07602741,0.0642,0.3007481,0.8728943338437978,2,0,0
0.9685714285714285,0.11028049,0.099945955,0.3066365,0.910355486862442,2,0,0
0.9857142857142858,0.09770408,0.004122587,1.8757524,0.7439759036144579,2,0,0
0.9857142857142858,0.06354207,0.03044588,0.69236964,0.8636363636363636,2,0,0
