ACC,Loss,LossPrivileged,LossUnprivileged,BalancedACC,drift-id,gm-id,gm-name
0.94,0.23798059,0.24067411,0.18680346,0.9968102073365233,0,0,0
0.9442857142857143,0.23894791,0.15666565,1.802311,0.7779527559055118,1,0,0
0.9371428571428572,0.27570367,0.26804692,0.42118183,0.9105431309904153,1,1,1
0.9485714285714286,0.19666784,0.17703338,0.56972194,0.9304897314375987,1,1,1
0.9571428571428572,0.17805354,0.14836127,0.7422069,0.8286604361370716,1,1,1
0.9642857142857143,0.18179618,0.18017295,0.2126373,0.9455676516329704,1,1,1
0.9728571428571429,0.13870217,0.117809184,0.53566843,0.9061538461538462,1,1,1
0.9371428571428572,0.46463022,0.2306578,4.9101067,0.6903633491311216,0,1,1
0.9842857142857143,0.05842385,0.032264583,0.5554499,0.8951367781155015,0,0,0
