ACC,Loss,LossPrivileged,LossUnprivileged,BalancedACC,drift-id,gm-id
0.1234991423670669,2.3872135,2.384327,2.413341,0.6755018013381369,0,0
0.8782161234991424,0.5217301,0.49867412,0.73042667,0.936385255648038,0,0
0.9210977701543739,0.27181923,0.27074203,0.28156945,0.9881481481481483,0,0
0.9554030874785592,0.20389244,0.18316205,0.39153782,0.9717556728593953,0,0
0.9468267581475128,0.15542784,0.113245875,0.5372473,0.8620689655172414,0,0
0.9468267581475128,0.22855741,0.21411867,0.35925254,0.9214329960768118,0,0
0.9331046312178388,0.42848524,0.22315897,2.2870417,0.6605794735768211,2,0
0.9571183533447685,0.18468697,0.08790928,1.0606918,0.6989748369058714,2,0
0.9245283018867925,0.2716692,0.16284382,1.2567263,0.7255891092529888,2,0
0.9416809605488851,0.23118943,0.07694245,1.6273905,0.6163625385750704,0,0
0.9588336192109777,0.18770967,0.15605617,0.47422844,0.9283819628647215,0,0
0.9708404802744426,0.11408595,0.07012739,0.5119866,0.8771050521251001,0,0
