ACC,Loss,LossPrivileged,LossUnprivileged,BalancedACC,drift-id,gm-id,gm-name
0.7767145135566188,0.44899935,0.5084647,0.33423665,0.8760049763889073,0,0,0
0.7942583732057417,0.43815738,0.47576058,0.3584608,0.9185348779064924,0,0,0
0.8261562998405104,0.38765126,0.40940857,0.34475532,0.9524305555555554,0,0,0
0.8341307814992025,0.36247057,0.35830304,0.37007344,0.9985207100591716,0,0,0
0.6586921850079744,0.65578806,0.40506047,1.1950414,0.46177948566361215,2,0,0
0.6985645933014354,0.55415016,0.38313973,0.9192574,0.5140934844192634,2,0,0
0.7272727272727273,0.52072674,0.39478302,0.7553616,0.6429870287307552,2,0,0
0.7256778309409888,0.4750592,0.30284387,0.8074188,0.4891223191987848,2,0,0
0.7767145135566188,0.4346787,0.32405406,0.6422268,0.7722111421353544,2,0,0
