ACC,Loss,LossPrivileged,LossUnprivileged,AEQ,OEQ,OPP,MEQ,MPP,drift-id,gm-id,gm-name
0.8215661103979461,0.36474198,0.37787065,0.23777188,0.9146872957071257,0.9525629406177678,0.8862666386804499,0.9348877859974405,0.823529411764706,0,0,0
0.82798459563543,0.35201922,0.34792012,0.39107168,0.9771309771309772,0.9052785768451037,0.9795986905961331,0.8192219679633866,0.9710550887021475,1,0,0
0.7946084724005135,0.41925395,0.42424807,0.37021387,0.9487977369165487,0.9336722356663326,0.8280172676795411,0.8974358974358976,0.7499999999999999,1,2,2
0.8472400513478819,0.3423184,0.3288587,0.4952884,0.9874301675977655,0.8121183754695517,0.8465267769787297,0.7204776647501105,0.7578347578347578,1,0,0
0.8613607188703466,0.32106465,0.3229876,0.3009587,0.9563994374120955,0.8932103935933507,0.9561545076568978,0.7889987107864204,0.9490983129726585,1,7,3-1-2
0.8395378690629012,0.3363512,0.33950165,0.31192625,0.9525083612040133,0.94507059580589,0.8757759269715791,0.900900900900901,0.8292857142857143,1,7,3-1-2
0.8395378690629012,0.35951138,0.34222507,0.54321086,0.9757556125881445,0.9266895141895142,0.9277497398474301,0.8761904761904762,0.9064748201438848,1,0,0
0.8498074454428755,0.3275997,0.32402802,0.3596995,0.9618386073235571,0.9086369770580296,0.868108686645491,0.8564102564102564,0.7384615384615385,0,7,3-1-2
0.8459563543003851,0.33260888,0.33701867,0.29884955,0.959012327533942,0.9734422421843496,0.9320477130869955,0.960495283018868,0.9143686502177069,0,0,0
