ACC,Loss,LossPrivileged,LossUnprivileged,BalancedACC,drift-id,gm-id,gm-name
0.8916666666666667,0.25068843,0.22879395,0.5744963,0.816775666978096,0,0,0
0.87,0.33678237,0.27786446,1.637509,0.6084191399152029,2,0,0
0.8433333333333334,0.360861,0.32362244,1.0006869,0.7070707070707072,2,1,1
0.8716666666666667,0.30588186,0.27670214,1.44389,0.5290697674418605,1,3,1-2
0.8683333333333333,0.33299628,0.29375693,1.4709363,0.3378640776699029,1,0,0
0.875,0.30665326,0.26604372,0.92457664,0.6026224244046027,1,0,0
0.8883333333333333,0.2543182,0.23567347,0.79501617,0.7822736030828517,2,0,0
0.8766666666666667,0.27418274,0.25603664,0.5859652,0.9296775368919658,2,3,1-2
0.8833333333333333,0.25805056,0.23282649,0.6652393,0.7323189630881939,2,4,0-1-2
