ACC,Loss,LossPrivileged,LossUnprivileged,BalancedACC,drift-id,gm-id,gm-name
0.9071428571428571,0.38546556,0.35002583,0.7044234,0.8875432525951558,0,0,0
0.9528571428571428,0.1954327,0.16795616,0.4427215,0.9717607973421927,0,0,0
0.9528571428571428,0.20806222,0.19679523,0.30946532,0.9387417218543046,0,0,0
0.9714285714285714,0.14401142,0.11990479,0.36097103,0.9674267100977199,0,0,0
0.9514285714285714,0.3887214,0.13100561,2.7081635,0.7781402936378466,2,0,0
0.8471428571428572,0.7243978,0.6824333,1.1020777,0.7568555758683729,2,8,8
0.9085714285714286,0.41300067,0.3244426,1.2100228,0.8013698630136986,2,10,10
0.9442857142857143,0.20333165,0.20441557,0.19357638,0.9983193277310924,2,10,10
0.9371428571428572,0.35566083,0.3358536,0.53392583,0.9393939393939393,2,10,10
