ACC,Loss,LossPrivileged,LossUnprivileged,BalancedACC,drift-id,gm-id,gm-name
0.816408876933423,0.4156706,0.41623673,0.40146783,0.9476951619808763,0,0,0
0.8063214525891056,0.4130605,0.42208508,0.23570292,0.8877194889915738,0,0,0
0.8150638870208473,0.37029907,0.37639284,0.2616916,0.9153612012987012,0,0,0
0.8184263618022865,0.3595459,0.36076,0.33164087,0.9947299621603027,0,0,0
0.8056489576328177,0.4621755,0.35266393,2.7831657,0.28689042099148926,2,0,0
0.8036314727639543,0.43450624,0.42892066,0.56075734,0.9870381922783669,2,6,6
0.8157363819771352,0.41078696,0.40613365,0.48566744,0.9704500978473581,2,12,4-6-7-5-8
0.8258238063214526,0.35632,0.36401433,0.17645,0.895261470647165,2,12,4-6-7-5-8
0.8426361802286483,0.34537914,0.3503877,0.24245003,0.9974410284397549,2,12,4-6-7-5-8
