ACC,Loss,LossPrivileged,LossUnprivileged,AEQ,OEQ,OPP,MEQ,MPP,drift-id,gm-id,gm-name
0.9157142857142857,0.36680934,0.3390057,0.6170419,0.895368782161235,0.8422413560735269,0.8658309530156473,0.42142857142857143,0.7407407407407407,0,0,0
0.9628571428571429,0.12995142,0.12734859,0.15337688,0.9769736842105263,0.9264263378242648,0.9237295526429472,0.6783625730994152,0.625,0,0,0
0.9485714285714286,0.38052848,0.13699052,2.57237,0.7487765089722676,0.7730461386115994,0.7508692502380405,0.0,0.0,2,0,0
0.9457142857142857,0.30581713,0.18140931,1.4254874,0.7352941176470589,0.6912998133276933,0.76008979403365,0.0,0.0,2,0,0
0.9385714285714286,0.30112118,0.15605882,1.6066823,0.7897350993377483,0.7156380600130847,0.717957326126955,0.0,0.0,2,0,0
0.9628571428571429,0.15284172,0.0978385,0.6478707,0.8794788273615635,0.8751039767466853,0.8526429640282492,0.47358834244080145,0.5072463768115941,0,0,0
0.9757142857142858,0.09167645,0.063996375,0.3407971,0.9145161290322581,0.9038566183249171,0.9064082247015603,0.625,0.625,0,0,0
0.9442857142857143,0.2371692,0.07779032,1.6715792,0.6731707317073171,0.7033569467384769,0.7172555019095099,0.0,0.0,1,0,0
0.9728571428571429,0.12592329,0.001060945,1.2496843,0.7285714285714285,0.7391666666666666,0.7655555555555555,0.0,0.0,1,0,0
