ACC,Loss,LossPrivileged,LossUnprivileged,BalancedACC,drift-id,gm-id,gm-name
0.7767145135566188,0.44899935,0.5084647,0.33423662,0.8760049763889073,0,0,0
0.7942583732057417,0.43815738,0.47576067,0.35846084,0.9185348779064924,0,0,0
0.8325358851674641,0.38601133,0.41100183,0.33674094,0.9317255434782609,0,0,0
0.8389154704944178,0.35848144,0.3572667,0.36069754,0.9937017231134878,0,0,0
0.5023923444976076,1.2311484,1.6309993,0.37116763,0.3915395966551894,2,0,0
0.5486443381180224,1.006973,1.323383,0.33143756,0.43680762045101695,2,0,0
0.6140350877192983,0.7628449,0.99379396,0.33258364,0.5339835416031697,2,0,0
0.5231259968102073,0.984855,1.3294679,0.31978455,0.3763476487829744,2,0,0
0.5422647527910686,0.91417706,1.1987917,0.38019824,0.4360969104245388,2,0,0
