ACC,Loss,LossPrivileged,LossUnprivileged,AEQ,OEQ,OPP,drift-id,gm-id,gm-name
0.8066666666666666,0.5686985,0.36536163,0.9753722,0.7816091954022989,0.7801287300321981,0.8275006592302943,0,0,0
0.7155555555555555,2.7799864,0.43657857,7.4668026,0.30824372759856633,0.2918636513608762,0.45504755465202507,1,0,0
0.46,3.8465443,4.136104,3.2674239,0.9577464788732394,0.9771216001894714,0.9625995400033049,1,4,4
0.7288888888888889,2.3623114,0.2912243,6.504486,0.30175438596491233,0.3663960945607883,0.42657629258366647,1,0,0
0.7044444444444444,2.4753044,0.40527892,6.615355,0.31386861313868614,0.36916912245705047,0.47968386938985197,2,0,0
0.7511111111111111,1.5874656,0.34210262,4.0781927,0.42293906810035836,0.39566847214112955,0.5732411639900836,2,0,0
0.7377777777777778,1.5602921,0.26781228,4.145252,0.37992831541218636,0.42477611094446055,0.43220888853852873,2,0,0
0.7844444444444445,0.9120341,0.26113293,2.2138364,0.5124555160142349,0.5305805123025173,0.4108941940078723,2,0,0
0.7888888888888889,0.8554214,0.3752834,1.8156977,0.5724637681159419,0.540767422746015,0.46124697533391834,2,0,0
