ACC,Loss,LossPrivileged,LossUnprivileged,AEQ,OEQ,OPP,drift-id,gm-id,gm-name
0.8066666666666666,0.7229365,0.5517066,1.0653963,0.8249027237354085,0.8470043129318268,0.8327337681020244,0,0,0
0.8711111111111111,0.6780041,0.4288649,1.1762823,0.8929889298892989,0.8807663163530742,0.9901653183317777,0,0,0
0.8422222222222222,0.7443699,0.44075683,1.3515961,0.8074074074074074,0.8114864002302155,0.9239744669397957,0,0,0
0.8355555555555556,1.0450476,0.42923793,2.276667,0.7148014440433214,0.703121676301651,0.8753606616456688,0,0,0
0.8577777777777778,0.74301773,0.38066435,1.4677247,0.7971014492753622,0.8038089293177045,0.9767838900407062,0,0,0
0.8555555555555555,0.6547819,0.32374588,1.316854,0.8205128205128205,0.8469092077683515,0.9737312052929651,0,0,0
0.8422222222222222,0.6756035,0.40534565,1.2161195,0.7765567765567766,0.7671387818412406,0.9643730903547015,0,0,0
0.7577777777777778,2.0401194,0.450245,5.219868,0.5259259259259259,0.539842212807334,0.48053393692452434,1,0,0
0.7822222222222223,1.1131035,0.81125945,1.7167916,0.782608695652174,0.7862107951836883,0.8956142266104434,1,4,4
