ACC,Loss,LossPrivileged,LossUnprivileged,AEQ,OEQ,OPP,MEQ,MPP,drift-id,gm-id,gm-name
0.8112965340179717,0.39868987,0.4036182,0.3556283,0.9651314244229496,0.7952513604687518,0.7290770223752152,0.5974025974025974,0.5267857142857143,0,0,0
0.8498074454428755,0.31732163,0.31682953,0.3218736,0.9600645421540945,0.8999981360902629,0.931907498102029,0.8143939393939394,0.9090909090909092,0,0,0
0.8369704749679076,0.3278557,0.33000335,0.30708507,0.9499822946175638,0.9303629429582863,0.9492350568737127,0.8795938104448742,0.9457070707070707,0,0,0
0.8369704749679076,0.34120113,0.3510044,0.24344487,0.9894538606403014,0.8247043433510253,0.8444056268070279,0.6576402321083172,0.7127659574468085,0,0,0
0.8318356867779204,0.3456117,0.35867992,0.20673747,0.9055304844354393,0.9743444012872401,0.9443951930654059,0.955890448665015,0.9099544072948329,0,0,0
0.8459563543003851,0.3724639,0.38225448,0.26119348,0.9474511173184359,0.8856299864382486,0.9507433864964616,0.8080808080808081,0.9459854014598541,0,0,0
0.8472400513478819,0.31596428,0.31683233,0.30642855,0.9986013986013986,0.6622931092378507,0.7856671272838938,0.3568376068376068,0.576923076923077,0,0,0
0.8369704749679076,0.34218723,0.34711218,0.29230422,0.9230528130387088,0.7474011768895521,0.9502646763459345,0.5779816513761468,0.9357798165137614,0,0,0
0.8369704749679076,0.34141886,0.3455325,0.3049688,0.9853944562899787,0.9564824891175308,0.9208027146577248,0.9375,0.8505154639175257,0,0,0
