ACC,Loss,LossPrivileged,LossUnprivileged,AEQ,OEQ,OPP,drift-id,gm-id,gm-name
0.8266666666666667,0.7429228,0.4469552,1.926793,0.714828897338403,0.7158472231097774,0.7026518508817792,0,0,0
0.7813333333333333,1.7266281,0.5547043,6.414323,0.3088235294117648,0.2936758133533921,0.496500604607581,1,0,0
0.4666666666666667,3.8032389,3.6857293,4.2732763,0.6357615894039735,0.6347030745730914,0.6800269312403923,1,6,6
0.7253333333333334,2.3568728,1.1383855,7.230821,0.30039525691699603,0.2704285687056851,0.5755288038898774,1,0,0
0.784,1.7004195,0.99289846,4.5305047,0.611764705882353,0.5954238972974767,0.8891226701186102,1,4,4
0.776,1.5787408,0.8262192,4.588827,0.6374501992031872,0.6553982850878591,0.939220857407661,1,4,4
0.752,1.5616413,0.80145836,4.602373,0.5483870967741935,0.56924452142983,0.909737482892637,1,4,4
0.704,2.4644678,0.84639496,8.936759,0.17391304347826086,0.22201876146395277,0.3524769315814092,0,4,4
0.8666666666666667,0.9058796,0.52895355,2.413584,0.6931407942238267,0.6994113706477948,0.8878385520988559,0,0,0
