ACC,Loss,LossPrivileged,LossUnprivileged,AEQ,OEQ,OPP,MEQ,MPP,drift-id,gm-id,gm-name
0.8171428571428572,0.49392673,0.4650411,0.7538971,0.8809980806142035,0.798143767685309,0.7811600843998467,0.22539682539682537,0.45736434108527135,0,0,0
0.8757142857142857,0.44002643,0.30698517,1.6373973,0.7646017699115044,0.6717678246350361,0.6932855663504567,0.0,0.0,2,0,0
0.8671428571428571,0.4694159,0.37376705,1.3302549,0.8255395683453237,0.7092811334055368,0.7009093126968435,0.0,0.0,2,0,0
0.8785714285714286,0.5944481,0.43611538,2.0194428,0.6765734265734267,0.6640915737236796,0.6840038190714883,0.0,0.0,2,0,0
0.8771428571428571,0.51907176,0.4290368,1.3293866,0.7978723404255319,0.7003193880942538,0.7225571417182566,0.17307692307692307,0.14505494505494504,1,0,0
0.9028571428571428,0.42592356,0.35212156,1.0901413,0.7564322469982846,0.6971954505234446,0.7391436650405729,0.0,0.0,1,0,0
0.8871428571428571,0.5184448,0.37639236,1.7969164,0.6528497409326425,0.5968287032573321,0.5924180363998699,0.14498933901918976,0.125,1,0,0
0.8971428571428571,0.5025391,0.4234696,1.2141645,0.7954939341421143,0.7350593609823771,0.7135257324801733,0.0,0.0,2,0,0
0.9142857142857143,0.34180665,0.23064575,1.3422548,0.7133220910623945,0.6910598007518979,0.7358508983358607,0.15213358070500926,0.14656771799628943,2,0,0
