ACC,Loss,LossPrivileged,LossUnprivileged,AEQ,OEQ,OPP,MEQ,MPP,drift-id,gm-id,gm-name
0.9328571428571428,0.2409312,0.21006462,0.51873046,0.9441624365482233,0.8752017672584153,0.8929227559524874,0.6666666666666666,0.6264705882352941,0,0,0
0.9614285714285714,0.1754917,0.17135315,0.21273859,0.9785831960461284,0.9207055157704275,0.9309080095440784,0.5491803278688525,0.7644230769230769,0,0,0
0.9714285714285714,0.1114108,0.09520128,0.2572965,0.9836867862969005,0.9225596363815483,0.9395732045981215,0.6103448275862069,0.875,0,0,0
0.9628571428571429,0.11727987,0.09087425,0.35493058,0.8955954323001631,0.8653210617672922,0.8552550244579326,0.6814814814814815,0.6962962962962962,0,0,0
0.9314285714285714,0.5676181,0.21268187,3.7620435,0.6991735537190081,0.7339897321221633,0.6892061168969967,0.0,0.0,2,0,0
0.8671428571428571,0.6121415,0.5192896,1.4478074,0.7206405693950179,0.7070031411755551,0.690628180541893,0.28703703703703703,0.3834710743801653,2,10,10
0.92,0.3440709,0.30130517,0.72896224,0.8404074702886247,0.8168255877483507,0.8102523817636523,0.36363636363636365,0.5876068376068376,2,11,11
0.9685714285714285,0.2725556,0.05122611,2.2645206,0.8102893890675241,0.7390858132623837,0.7565838545870326,0.0,0.0,0,11,11
0.9728571428571429,0.11758939,0.08520416,0.4090564,0.901453957996769,0.8791842592175584,0.8993594208211144,0.6770833333333333,0.6666666666666666,0,14,0-8
