ACC,Loss,LossPrivileged,LossUnprivileged,AEQ,OEQ,OPP,MEQ,MPP,drift-id,gm-id,gm-name
0.8285137861466039,0.35550725,0.3654271,0.1605545,0.8576432631740668,0.867330600573985,0.7921108079934349,0.818941504178273,0.6877192982456141,0,0,0
0.839946200403497,0.32784042,0.33240163,0.23687282,0.9439287956237109,0.610648442399683,0.6885439404964023,0.25442176870748295,0.43809523809523804,0,0,0
0.8271687962340283,0.36815587,0.36871082,0.3551831,0.9889035558122268,0.7478338993460736,0.947875212143088,0.551523947750363,0.9106529209621992,0,0,0
0.8244788164088769,0.3474503,0.35459688,0.21476914,0.9620672736193643,0.7097561590950563,0.8383799534170384,0.46560196560196554,0.7094594594594594,0,0,0
0.8547410894418291,0.33503854,0.32467237,0.52229446,0.9947988941029416,0.9269273625565017,0.9185966876182001,0.893968253968254,0.8663366336633664,2,0,0
0.8352387357094821,0.3525096,0.34381038,0.53688115,0.9261256741502571,0.7392193620260473,0.8292152338518254,0.49115646258503404,0.7326530612244898,2,0,0
0.8372562205783457,0.34433198,0.34084448,0.4182459,0.9609383811421482,0.8829497467775038,0.9329164871754407,0.7914893617021277,0.9315822098248876,2,0,0
0.8446536650975117,0.32443842,0.32056513,0.40403745,0.9590338164251209,0.9492945190402817,0.7420785013380911,0.914043583535109,0.54,0,0,0
0.8466711499663753,0.32516497,0.32166302,0.4005622,0.9648434552998869,0.7405823977883731,0.740510116573273,0.5088785046728972,0.49240654205607476,0,0,0
