ACC,Loss,LossPrivileged,LossUnprivileged,BalancedACC,drift-id,gm-id,gm-name
0.7817715019255456,0.44374493,0.45077193,0.36783174,0.9140953716690042,0,0,0
0.7368421052631579,0.61569434,0.4248448,2.283242,0.15492021276595744,2,0,0
0.810012836970475,0.4524514,0.434387,0.61479956,0.9792708755801901,2,4,4
0.7894736842105263,0.45489353,0.419661,0.7761042,0.859777233442714,1,7,4-2-1-3
0.8485237483953787,0.35357004,0.33221582,0.6583912,0.8464052287581699,1,0,0
0.7946084724005135,0.39105743,0.37075818,0.648181,0.8750719631548647,1,0,0
0.834403080872914,0.37077722,0.3462773,0.5631573,0.8874143835616438,1,0,0
0.8331193838254172,0.341735,0.33751798,0.37807426,0.9427455945974464,0,0,0
0.810012836970475,0.39252427,0.3848249,0.46074632,0.9654957620520122,0,0,0
