ACC,Loss,LossPrivileged,LossUnprivileged,BalancedACC,drift-id,gm-id,gm-name
0.7740693196405648,0.47448328,0.48705748,0.34712398,0.8935119887165022,0,0,0
0.7753530166880617,0.50960976,0.40762767,1.3884186,0.5785455655891462,1,0,0
0.7830551989730423,0.45063964,0.3987336,0.9526352,0.7334444686042859,1,0,0
0.8023106546854942,0.41774207,0.3761183,0.8529558,0.7149321266968326,1,0,0
0.7997432605905006,0.4148045,0.3402584,1.19425,0.4008088235294118,2,0,0
0.7817715019255456,0.3972167,0.34704548,0.9053797,0.43358610567514677,2,0,0
0.803594351732991,0.38100192,0.33658794,0.8105399,0.5381967705421701,2,0,0
0.785622593068036,0.40378445,0.35691634,0.86400294,0.5417624521072797,2,0,0
0.8074454428754814,0.3915272,0.36489013,0.7226537,0.6444181755276208,2,0,0
