ACC,Loss,LossPrivileged,LossUnprivileged,BalancedACC,drift-id,gm-id,gm-name
0.7881899871630296,0.44526705,0.45195115,0.3851954,0.9238749837893918,0,0,0
0.7406931964056482,0.523977,0.44712934,1.1683859,0.5745649263721553,1,0,0
0.7650834403080873,0.46971488,0.48069385,0.37765008,0.8412162162162163,1,3,3
0.8061617458279846,0.40956932,0.42890894,0.21368672,0.813075582842446,1,9,1-2-3-4-5
0.8177150192554558,0.3869726,0.41234827,0.16525233,0.8323579139029783,1,9,1-2-3-4-5
0.8112965340179717,0.38890788,0.40661523,0.17281792,0.8596717171717173,1,9,1-2-3-4-5
0.8395378690629012,0.346515,0.36493015,0.15081994,0.8827581594435526,1,9,1-2-3-4-5
0.8087291399229781,0.5327931,0.35715967,2.369196,0.6523906358496181,0,9,1-2-3-4-5
0.858793324775353,0.32257417,0.33542135,0.20544755,0.9694360650243002,0,0,0
