ACC,Loss,LossPrivileged,LossUnprivileged,BalancedACC,drift-id,gm-id,gm-name
0.8428571428571429,0.43345153,0.4515992,0.41530392,1.0,0,0,0
0.8785714285714286,0.39392024,0.40442994,0.38341048,0.9585987261146497,0,0,0
0.89,0.38805345,0.35891896,0.41718793,0.9904153354632587,0,0,0
0.8771428571428571,0.52943015,0.5687335,0.4901268,0.967948717948718,0,0,0
0.8985714285714286,0.54068696,0.41171744,0.6696564,0.9842271293375395,0,0,0
0.8885714285714286,0.56080073,0.62063754,0.500964,0.9746031746031746,0,0,0
0.8785714285714286,0.5336998,0.5865194,0.48088017,0.9585987261146497,0,0,0
0.8,2.0145333,0.6170608,3.412006,0.8181818181818181,1,0,0
0.8442857142857143,0.8653491,0.764718,0.9659801,0.9832214765100672,1,5,2-3
