ACC,Loss,LossPrivileged,LossUnprivileged,BalancedACC,drift-id,gm-id,gm-name
0.803594351732991,0.4230399,0.43500564,0.29377392,0.9240422233704879,0,0,0
0.8074454428754814,0.40855488,0.42115864,0.27886388,0.9049180327868852,0,0,0
0.810012836970475,0.41581672,0.43160176,0.25593665,0.8451938282685815,0,0,0
0.8356867779204108,0.37104073,0.37914473,0.27732182,0.9756585353017024,0,0,0
0.4069319640564827,1.7187599,1.863583,0.31813952,0.40087164959686206,2,0,0
0.7946084724005135,0.4924057,0.4939798,0.47451547,0.9396542637293138,2,11,11
0.8215661103979461,0.49160814,0.49454796,0.46360022,0.9613418890014636,2,15,15
0.34146341463414637,1.336541,1.4151007,0.37784797,0.34545206971677556,0,19,9-10
0.8331193838254172,0.3563242,0.3597736,0.31966737,0.9644550357456415,0,0,0
