ACC,Loss,LossPrivileged,LossUnprivileged,AEQ,OEQ,OPP,drift-id,gm-id,gm-name
0.8222222222222222,0.5804663,0.39866543,0.9440678,0.7819548872180451,0.7734746424879717,0.7923923935476966,0,0,0
0.7511111111111111,2.3468223,0.39878148,6.242904,0.4492753623188406,0.4234029104972646,0.5391344308666578,1,0,0
0.5822222222222222,2.6958158,2.0511053,3.985236,0.4834123222748815,0.471447638550063,0.9296234169355835,1,1,1
0.7666666666666667,1.3391857,0.7913495,2.4348583,0.6744186046511628,0.6576901272959235,0.8642703674137693,1,4,4
0.6044444444444445,3.5409365,1.0680861,8.486637,0.26666666666666666,0.33171513037711936,0.337656163153447,2,4,4
0.6355555555555555,2.5569751,1.4123867,4.8461514,0.5198237885462554,0.5219146309346847,0.9680742165128291,2,8,8
0.7111111111111111,2.310775,0.51858896,5.8951464,0.36162361623616235,0.41562148997369,0.4974910771445147,2,0,0
0.6333333333333333,3.7433946,0.6957695,9.838645,0.22656249999999997,0.23103593582105889,0.3795172172097271,1,8,8
0.8155555555555556,1.0261892,0.5888601,1.9008478,0.7803030303030303,0.7775023833185735,0.8106832939428025,1,4,4
