ACC,Loss,LossPrivileged,LossUnprivileged,BalancedACC,drift-id,gm-id,gm-name
0.8571428571428571,0.40404508,0.39436167,0.49119556,0.9447513812154695,0,0,0
0.84,0.6295031,0.37071127,2.9586291,0.7279411764705882,1,0,0
0.8471428571428572,0.44405353,0.4127,0.72623533,0.8468634686346862,1,1,1
0.8657142857142858,0.42628562,0.35457397,1.0716909,0.7741935483870969,1,1,1
0.8757142857142857,0.53845125,0.45100582,1.3254608,0.8517857142857143,1,1,1
0.88,0.5726236,0.5402597,0.86389816,0.9533213644524238,1,1,1
0.8728571428571429,0.592336,0.5681503,0.8100066,0.9439421338155516,1,1,1
0.8957142857142857,0.72003496,0.45368356,3.1171973,0.8139130434782609,0,1,1
0.8914285714285715,0.6288065,0.5993946,0.893513,0.9574468085106382,0,0,0
