ACC,Loss,LossPrivileged,LossUnprivileged,BalancedACC,drift-id,gm-id,gm-name
0.8342857142857143,0.45134696,0.45022318,0.46146104,0.9923954372623575,0,0,0
0.8557142857142858,0.6151553,0.3698169,2.8232007,0.7486437613019892,2,0,0
0.7342857142857143,1.0286688,0.9087771,2.1076927,0.8425531914893617,2,5,5
0.88,0.5202684,0.43679824,1.271499,0.7777777777777777,2,0,0
0.8414285714285714,0.8449409,0.5783684,3.2440932,0.7087912087912088,1,5,5
0.8585714285714285,0.60009235,0.54989886,1.0518335,0.8524590163934427,1,6,3-4
0.8685714285714285,0.5982485,0.5950433,0.6270949,0.9672131147540983,1,6,3-4
0.8671428571428571,0.6034842,0.54039866,1.1712532,0.8788426763110307,1,6,3-4
0.8728571428571429,0.5518685,0.46720034,1.3138819,0.8548387096774194,1,6,3-4
