ACC,Loss,LossPrivileged,LossUnprivileged,AEQ,OEQ,OPP,MEQ,MPP,drift-id,gm-id,gm-name
0.8371428571428572,0.43933848,0.4374365,0.47547498,0.9422750424448217,0.8625361037349537,0.7681040259211553,0.7636363636363637,0.39999999999999997,0,0,0
0.8685714285714285,0.525859,0.36022863,3.6728354,0.6462585034013605,0.5841986798353662,0.6426188815077704,0.0,0.0,3,0,0
0.7528571428571429,0.93222624,0.7985807,3.4714894,0.5566406249999999,0.5320600403650021,0.5662900135363178,0.0,0.0,3,7,7
0.8885714285714286,0.5810945,0.4477362,3.1149025,0.6966666666666667,0.662784225269055,0.682031162568068,0.0,0.0,1,0,0
0.8642857142857143,0.5910598,0.58180773,0.76684994,0.7848537005163511,0.5878852733531367,0.7421468292594996,0.0,0.0,1,2,2
0.8228571428571428,0.96653205,0.6620879,6.750969,0.40425531914893614,0.3827744787509173,0.33621503357794486,0.0,0.0,3,2,2
0.7442857142857143,1.0229455,0.8888045,3.5716221,0.601980198019802,0.6515024056295287,0.5721287007992342,0.0,0.0,3,11,11
0.84,0.9079565,0.6293482,6.201514,0.49738219895287955,0.44742117096291273,0.4490223825290801,0.0,0.0,1,7,7
0.8771428571428571,0.5606922,0.496639,1.7777021,0.8064516129032259,0.7009138309343333,0.6675882425283526,0.0,0.3333333333333333,1,2,2
