ACC,Loss,LossPrivileged,LossUnprivileged,AEQ,OEQ,OPP,MEQ,MPP,drift-id,gm-id,gm-name
0.9514285714285714,0.1740848,0.17475955,0.16801208,0.9568106312292358,0.906688941969462,0.9198136403625273,0.8041431261770245,0.7482993197278911,0,0,0
0.9385714285714286,0.37565568,0.124724895,2.6340332,0.7093596059113301,0.6771483553612911,0.681973683611208,0.0,0.0,1,0,0
0.8271428571428572,0.8685747,0.80582684,1.4333049,0.7039106145251397,0.6501319325242262,0.5888073485925288,0.0,0.0,1,2,2
0.8414285714285714,0.7720945,0.7101144,1.3299147,0.8166666666666667,0.6715761377055479,0.763582314998166,0.21241830065359477,0.5076923076923078,1,7,7
0.9457142857142857,0.26562577,0.20191956,0.83898175,0.8805970149253731,0.8510990510493134,0.8610336082499673,0.6818181818181819,0.6274509803921569,1,2,2
0.9414285714285714,0.31078246,0.27222112,0.6578347,0.9346733668341709,0.8936151598532607,0.8800325202983321,0.711864406779661,0.6763636363636364,1,2,2
0.9557142857142857,0.19664417,0.20145562,0.15334126,0.9983416252072967,0.9271570568503924,0.9391174267468585,0.8561643835616438,0.8561643835616438,1,2,2
0.9642857142857143,0.3699153,0.1691586,2.1767256,0.8142164781906301,0.758918451674923,0.7599986275748147,0.0,0.0,0,2,2
0.9742857142857143,0.12178186,0.073534355,0.55600953,0.9,0.8843849934279888,0.8971983036190686,0.6772486772486772,0.75,0,0,0
