ACC,Loss,LossPrivileged,LossUnprivileged,BalancedACC,drift-id,gm-id
0.9414285714285714,0.20480122,0.23671162,0.17289083,0.9671641791044775,0,<federated.algorithms.fair_fed_drift.ClientIdentity.ClientIdentity object at 0x7f2430192ce0>
0.85,1.4005669,0.15892114,2.642213,0.7761194029850746,1,<federated.algorithms.fair_fed_drift.ClientIdentity.ClientIdentity object at 0x7f23a178fa60>
0.8657142857142858,0.5316994,0.5040245,0.55937415,0.9611650485436892,1,<federated.algorithms.fair_fed_drift.ClientIdentity.ClientIdentity object at 0x7f239c124970>
0.8371428571428572,0.6509005,0.6196383,0.6821626,0.9730639730639731,1,<federated.algorithms.fair_fed_drift.ClientIdentity.ClientIdentity object at 0x7f23cc126050>
0.7314285714285714,2.1350741,0.49449036,3.775658,0.6516129032258066,2,<federated.algorithms.fair_fed_drift.ClientIdentity.ClientIdentity object at 0x7f237c3bc370>
0.9457142857142857,0.19700402,0.12292165,0.2710864,0.9470588235294118,2,<federated.algorithms.fair_fed_drift.ClientIdentity.ClientIdentity object at 0x7f23cc24a7d0>
0.9685714285714285,0.14021981,0.108374506,0.17206508,0.9824561403508772,2,<federated.algorithms.fair_fed_drift.ClientIdentity.ClientIdentity object at 0x7f23a14253c0>
0.9785714285714285,0.07408841,0.06692501,0.0812518,0.9970845481049562,2,<federated.algorithms.fair_fed_drift.ClientIdentity.ClientIdentity object at 0x7f2394160340>
0.9742857142857143,0.09363277,0.027637364,0.15962818,0.9654178674351586,2,<federated.algorithms.fair_fed_drift.ClientIdentity.ClientIdentity object at 0x7f236c4b8250>
0.8885714285714286,1.29763,0.03922013,2.5560398,0.7976878612716763,0,<federated.algorithms.fair_fed_drift.ClientIdentity.ClientIdentity object at 0x7f239c6ba410>
