ACC,Loss,LossPrivileged,LossUnprivileged,BalancedACC,drift-id,gm-id,gm-name
0.95,0.18942834,0.17301123,0.5013534,0.9290220820189274,0,0,0
0.9485714285714286,0.20357099,0.17856959,0.6785974,0.8990536277602523,0,0,0
0.9542857142857143,0.19543204,0.11834422,1.6601003,0.7387247278382582,1,0,0
0.9357142857142857,0.28432986,0.21110806,1.6755439,0.5676100628930817,1,0,0
0.9642857142857143,0.13512336,0.09518465,0.89395875,0.82225656877898,1,0,0
0.9671428571428572,0.13976696,0.1276678,0.3696511,0.9117647058823529,1,0,0
0.9557142857142857,0.13597284,0.11151308,0.6007085,0.8609375000000001,1,0,0
0.9814285714285714,0.11771331,0.040832203,1.5784541,0.7772727272727273,0,0,0
0.9771428571428571,0.0748424,0.06736881,0.21684057,0.9631336405529953,0,0,0
