ACC,Loss,LossPrivileged,LossUnprivileged,AEQ,OEQ,OPP,MEQ,MPP,drift-id,gm-id,gm-name
0.9314285714285714,0.23174484,0.22232175,0.31655273,0.9289340101522843,0.9099121795432026,0.9192887811724004,0.822857142857143,0.7103825136612022,0,0,0
0.9314285714285714,0.44970995,0.23851962,2.3504236,0.78,0.7210681400289561,0.7485178822997482,0.0,0.0,1,0,0
0.8414285714285714,0.7533747,0.66844296,1.5177608,0.7266055045871559,0.6066310808040637,0.7099291542405536,0.0,0.21333333333333332,1,4,4
0.9271428571428572,0.28825265,0.2941482,0.23519287,0.9651741293532338,0.9205607699434017,0.9147673110560687,0.835820895522388,0.8418367346938775,1,6,1-3-4
0.9342857142857143,0.29425856,0.23403095,0.83630675,0.8758389261744968,0.8703358074624402,0.8388379965091725,0.7547169811320754,0.5416666666666666,1,6,1-3-4
0.9614285714285714,0.19611219,0.15814072,0.5378552,0.9132569558101472,0.8792309882301226,0.8871661135178563,0.5714285714285714,0.7,1,11,2-1-3-4
0.9742857142857143,0.12391599,0.08415305,0.4817826,0.9320388349514563,0.8963026262774413,0.905715622823832,0.6,0.7625000000000001,1,11,2-1-3-4
0.9685714285714285,0.16383894,0.16045888,0.19425957,0.9543230016313214,0.9059304881147716,0.8981740365260104,0.6666666666666666,0.7611940298507462,1,11,2-1-3-4
0.9671428571428572,0.14211477,0.15408301,0.034400526,0.9790660225442834,0.9515776249024199,0.9584621295325773,0.8597883597883599,0.912,1,11,2-1-3-4
