ACC,Loss,LossPrivileged,LossUnprivileged,BalancedACC,drift-id,gm-id,gm-name
0.8176312247644684,0.4100672,0.41694033,0.23775767,0.8921112127900092,0,0,0
0.7833109017496636,0.45534727,0.3856418,2.0298061,0.41498979294254884,2,0,0
0.7954239569313594,0.4296636,0.3781606,1.412395,0.4291592630692977,2,0,0
0.797442799461642,0.3933957,0.36368406,1.0129719,0.6533558593150054,2,0,0
0.8135935397039031,0.37123322,0.3558807,0.6560636,0.7504076456200743,1,0,0
0.8425302826379543,0.3454672,0.3354261,0.5883271,0.8602290729136,1,0,0
0.8223418573351279,0.34806094,0.3397703,0.5353241,0.8835168988230212,1,0,0
0.8391655450874832,0.35041335,0.34008312,0.56255704,0.9836682499086591,1,0,0
0.8344549125168237,0.3592085,0.3499067,0.52487427,0.9214738944181402,1,0,0
