ACC,Loss,LossPrivileged,LossUnprivileged,BalancedACC,drift-id,gm-id,gm-name
0.89,0.25582466,0.24831538,0.39850032,0.8941176470588236,0,0,0
0.8616666666666667,0.32683173,0.33673102,0.15674308,0.912442396313364,0,0,0
0.8866666666666667,0.24996355,0.24313743,0.45869878,0.8264580369843527,0,0,0
0.8683333333333333,0.28576496,0.26514047,0.6518497,0.7454999999999999,0,0,0
0.9083333333333333,0.22846402,0.2249707,0.3088111,0.9674952198852772,0,0,0
0.8866666666666667,0.29117873,0.27093896,0.776933,0.8404669260700388,0,0,0
0.89,0.28082106,0.2783718,0.3290456,0.9923211639498853,0,2,0-1
0.8616666666666667,0.32669526,0.27823982,1.3165709,0.6104154809334092,1,2,0-1
0.8733333333333333,0.28135043,0.2621587,0.6336127,0.766305393445777,1,2,0-1
