ACC,Loss,LossPrivileged,LossUnprivileged,BalancedACC,drift-id,gm-id,gm-name
0.8657142857142858,0.3943832,0.39859876,0.3142871,0.9762308998302207,0,0,0
0.84,0.549486,0.41698614,3.0669844,0.7037037037037037,1,0,0
0.8585714285714285,0.42618203,0.38893566,1.1338621,0.6879310344827586,1,0,0
0.8814285714285715,0.41349936,0.35479134,1.5289516,0.6036789297658862,1,0,0
0.88,0.4413501,0.3872242,1.4697412,0.7037037037037037,2,0,0
0.8814285714285715,0.37582052,0.34912753,0.8829876,0.8358714043993232,2,0,0
0.8957142857142857,0.3952534,0.3820504,0.64611024,0.9214046822742475,2,0,0
0.8985714285714286,0.3718471,0.3523544,0.7422088,0.8851913477537438,2,0,0
0.8742857142857143,0.4349451,0.41409183,0.8311574,0.8430034129692833,2,0,0
