ACC,Loss,LossPrivileged,LossUnprivileged,AEQ,OEQ,OPP,MEQ,MPP,drift-id,gm-id,gm-name
0.9314285714285714,0.23426263,0.22529858,0.3149392,0.9289340101522843,0.9097624292295572,0.9163170745989989,0.822857142857143,0.7103825136612022,0,0,0
0.9257142857142857,0.45709088,0.24787512,2.3400333,0.7852348993288591,0.7188923231928134,0.7477924340386626,0.0,0.0,1,0,0
0.8414285714285714,0.7553636,0.6701245,1.5225159,0.7266055045871559,0.606885049058032,0.7104194279223935,0.0,0.21,1,6,6
0.9471428571428572,0.25276512,0.13971223,1.2702411,0.8303130148270181,0.7305179555851499,0.7354881363730201,0.0,0.0,1,0,0
0.9428571428571428,0.24020702,0.12138022,1.3096484,0.7697368421052632,0.7087053318306494,0.7069214332355678,0.0,0.0,1,0,0
0.9471428571428572,0.24099165,0.09273441,1.5753068,0.7340946166394781,0.723821774182696,0.7305567141323783,0.0,0.0,1,0,0
0.9642857142857143,0.1702571,0.096035354,0.83825296,0.7668810289389066,0.7528997164212669,0.7724704552693683,0.0,0.0,1,0,0
0.9514285714285714,0.19520922,0.13413015,0.7449207,0.7781402936378466,0.7647719123487156,0.7804831018031597,0.2589285714285714,0.17195767195767195,1,0,0
0.8042857142857143,1.1260592,1.2254988,0.23110396,0.8818342151675485,0.8311265631282818,0.8190500526870391,0.6229508196721312,0.6285714285714286,1,25,25
