ACC,Loss,LossPrivileged,LossUnprivileged,BalancedACC,drift-id,gm-id,gm-name
0.7342747111681643,0.50294656,0.52163625,0.32219374,0.7927289896128423,0,0,0
0.7689345314505777,0.53991634,0.3822637,2.0646122,0.33406676603496815,2,0,0
0.7804878048780488,0.48346722,0.45442334,0.73723876,0.8864130434782609,2,1,1
0.7792041078305519,0.49017274,0.44599217,0.90488076,0.769673202614379,1,12,3-2-1-4
0.8138639281129654,0.39230955,0.407178,0.24404389,0.8630371511727445,1,13,7-6-8
0.8215661103979461,0.38084614,0.4087742,0.12251151,0.8144144144144143,1,13,7-6-8
0.7997432605905006,0.46412426,0.35475466,1.6076794,0.49204152249134947,2,13,7-6-8
0.8125802310654685,0.38896114,0.4011674,0.26532945,0.9605316631206521,2,14,5-3-2-1-4
0.8382541720154044,0.33210412,0.34735048,0.17268993,0.9116646250170137,2,14,5-3-2-1-4
