ACC,Loss,LossPrivileged,LossUnprivileged,BalancedACC,drift-id,gm-id,gm-name
0.8110289172831204,0.41642362,0.4218122,0.29661077,0.8743523470347917,0,0,0
0.7787491593813046,0.5036854,0.39341798,2.6395497,0.20282579071935736,2,0,0
0.8231338264963013,0.4156509,0.41262585,0.46885484,0.9517629245078952,2,2,2
0.7666442501681238,0.45015284,0.4231713,0.9246909,0.7899060494958754,1,2,2
0.8372562205783457,0.36346602,0.36597794,0.29550132,0.9021148208237268,1,1,1
0.8386012104909213,0.3478435,0.35331544,0.2387136,0.8972243622667352,1,1,1
0.8197713517148622,0.40088785,0.34694824,1.4927794,0.4585210930009588,2,1,1
0.8258238063214526,0.35265946,0.35965607,0.22960672,0.899611531384175,2,2,2
0.8298587760591796,0.34653816,0.3590089,0.15065002,0.8715682267184414,2,2,2
