ACC,Loss,LossPrivileged,LossUnprivileged,BalancedACC,drift-id,gm-id,gm-name
0.9285714285714286,0.25417346,0.2199171,0.28842983,0.9696969696969697,0,0,0
0.9514285714285714,0.21180183,0.28412732,0.1394763,0.9821428571428572,0,0,0
0.9642857142857143,0.12939191,0.15564932,0.10313448,0.9911504424778761,0,0,0
0.9571428571428572,0.124274485,0.15100755,0.09754139,0.9822485207100592,0,0,0
0.8571428571428571,1.7797123,0.14487906,3.4145448,0.7857142857142858,2,0,0
0.8585714285714285,0.6917992,0.5295794,0.85401917,0.9262820512820513,2,9,9
0.9371428571428572,0.34609953,0.36649972,0.3256993,0.96996996996997,2,11,8-10
0.8842857142857142,1.3909973,0.05901758,2.7229767,0.80466472303207,0,11,8-10
0.9871428571428571,0.07181586,0.07851336,0.065118365,0.9913544668587896,0,0,0
