ACC,Loss,LossPrivileged,LossUnprivileged,AEQ,OEQ,OPP,MEQ,MPP,drift-id,gm-id,gm-name
0.812373907195696,0.40827763,0.41499388,0.27433056,0.8962747175141244,0.8438947245050552,0.8338048627199313,0.6970822281167108,0.800513698630137,0,0,0
0.7908540685944856,0.45920107,0.40486118,1.4542562,0.5451816134828394,0.6195943064420294,0.6210533553355335,0.2809343434343434,0.4921067106710671,1,0,0
0.8197713517148622,0.39218634,0.35519883,1.119093,0.6667609084911884,0.8258074007381306,0.5932644156237002,0.7162820929476764,0.46252883124740046,1,0,0
0.808338937457969,0.3815324,0.3665762,0.6936328,0.6997749228668251,0.8284853062769977,0.7468466542919785,0.7663157894736842,0.5768734556427806,1,0,0
0.8103564223268326,0.36876863,0.32852736,1.0243275,0.38754420975677223,0.4418285691717559,0.4799717907663113,0.36389181594661046,0.0624197720088131,2,0,0
0.8197713517148622,0.37612474,0.34679604,0.9131823,0.4778302505575233,0.45861022078547353,0.515461706909468,0.21812366737739874,0.09292341381893622,2,0,0
0.812373907195696,0.37272146,0.34371617,0.8229476,0.5315829528158296,0.4897704466605473,0.46572119941592033,0.10743034055727554,0.0276672072337707,2,0,0
0.8258238063214526,0.35695332,0.33823833,0.7194612,0.6690517131943082,0.7150925407563999,0.5434809994162512,0.447499143542309,0.1932168550873587,2,0,0
0.8258238063214526,0.35944173,0.33873048,0.8053624,0.5760616195398804,0.7030947587429598,0.6256184864518197,0.5678114478114478,0.2657431457431457,2,0,0
