ACC,Loss,LossPrivileged,LossUnprivileged,BalancedACC,drift-id,gm-id,gm-name
0.800941492938803,0.43596065,0.44180512,0.315853,0.9014081250433535,0,0,0
0.7874915938130465,0.48256883,0.39701232,2.4489875,0.29823361982364105,2,0,0
0.7935440484196369,0.45451567,0.43245882,0.8183235,0.9302859550265944,2,5,5
0.8049764626765299,0.42741123,0.3987832,1.053705,0.6783542039355993,1,13,1-6-3-4-2-5-7
0.7995965030262273,0.40424517,0.3905013,0.69104654,0.8969427244582043,1,13,1-6-3-4-2-5-7
0.8110289172831204,0.39150894,0.3858997,0.5182949,0.9369191545357348,2,13,1-6-3-4-2-5-7
0.8305312710154674,0.3628123,0.36028016,0.40306768,0.9868825222649383,2,13,1-6-3-4-2-5-7
0.7841291190316073,0.43742472,0.36935195,1.6190336,0.25682020866239025,0,13,1-6-3-4-2-5-7
0.8533960995292535,0.33463976,0.34088475,0.19801897,0.9210618846694797,0,0,0
