ACC,Loss,LossPrivileged,LossUnprivileged,BalancedACC,drift-id,gm-id
0.8585714285714285,0.45274999737739563,0.39856988191604614,0.940371036529541,0.8345454545454545,0,0
0.86,0.6888561248779297,0.36121344566345215,3.6376399993896484,0.6923076923076924,1,0
0.8642857142857143,0.3953627347946167,0.37480229139328003,0.580406665802002,0.8108108108108109,1,0
0.87,0.4145702123641968,0.3776576817035675,0.7467831969261169,0.8402154398563735,1,0
0.8942857142857142,0.576503574848175,0.3547075092792511,2.5726678371429443,0.7474048442906575,2,0
0.8742857142857143,0.4287656545639038,0.3616691529750824,1.0326344966888428,0.7833037300177619,2,0
0.8871428571428571,0.3622974455356598,0.3283580541610718,0.6677518486976624,0.8571428571428572,2,0
0.8871428571428571,0.43647298216819763,0.31430330872535706,1.53600013256073,0.7031250000000001,1,0
0.8928571428571429,0.36542922258377075,0.29852956533432007,0.967526376247406,0.8167539267015708,1,0
0.8914285714285715,0.32673659920692444,0.2944166958332062,0.6176159381866455,0.9574468085106382,0,0
