ACC,Loss,LossPrivileged,LossUnprivileged,AEQ,OEQ,OPP,MEQ,MPP,drift-id,gm-id,gm-name
0.8185714285714286,0.47111258,0.44653353,0.6923242,0.9173076923076924,0.7916958419902999,0.8238467741935483,0.3602150537634408,0.3709677419354839,0,0,0
0.8885714285714286,0.36149997,0.33135724,0.63278425,0.9079646017699115,0.7844314396730423,0.8474140836993186,0.3315217391304348,0.7108013937282229,0,0,0
0.8871428571428571,0.40956476,0.424104,0.27871147,0.998211091234347,0.9062213325545926,0.9282934543734994,0.701923076923077,0.8666666666666666,0,0,0
0.8714285714285714,0.47102538,0.4205447,0.9253514,0.8741007194244605,0.8386942947943764,0.785775861752309,0.5214285714285715,0.42138364779874216,0,0,0
0.7357142857142858,0.95514673,0.731552,2.9674993,0.556701030927835,0.4510848481904839,0.436755848584493,0.0,0.0,2,8,8
0.7685714285714286,0.9111387,0.8120281,1.8031338,0.8215010141987831,0.7311959777746642,0.8576186828953608,0.27040816326530615,0.4721549636803874,2,13,13
0.87,0.6638947,0.41698134,2.8861146,0.7526690391459073,0.7351322280029746,0.7181725158833291,0.0,0.0,2,0,0
0.8714285714285714,0.5166268,0.47997466,0.8464962,0.9276672694394213,0.7829259488346239,0.8159254149981287,0.3352272727272727,0.5948275862068966,2,12,12
0.8614285714285714,0.6815392,0.70098686,0.5065098,0.9944751381215469,0.8792742114352295,0.8822201172365647,0.6779661016949152,0.7000000000000001,2,12,12
