ACC,Loss,LossPrivileged,LossUnprivileged,AEQ,OEQ,OPP,MEQ,MPP,drift-id,gm-id,gm-name
0.9128571428571428,0.33827123,0.28321797,0.83375055,0.8644939965694682,0.831204779818225,0.8555074131064437,0.5714285714285714,0.6772486772486772,0,0,0
0.9671428571428572,0.15621033,0.15420513,0.1742575,0.9885245901639345,0.9348245429702347,0.9413108280956134,0.8,0.8218029350104822,0,0,0
0.9414285714285714,0.46042192,0.20775522,2.7344222,0.7549342105263157,0.6877894235696165,0.7239269999862186,0.0,0.0,3,0,0
0.8857142857142857,0.56404006,0.4117877,1.934312,0.6373056994818653,0.5345263951892649,0.5613313362448129,0.0,0.0,2,9,9
0.9385714285714286,0.26152483,0.22531825,0.5873839,0.8714524207011687,0.8586186104911142,0.8664957359810146,0.5714285714285714,0.5559440559440559,2,4,4
0.9085714285714286,0.7690236,0.20684187,5.828659,0.5083056478405316,0.5450624982021995,0.5540420125235025,0.0,0.0,3,4,4
0.9185714285714286,0.27817044,0.27353093,0.3199259,0.9604130808950085,0.911562034272413,0.9025414551943409,0.8064516129032259,0.6666666666666666,3,7,7
0.8757142857142857,0.99611294,0.5193901,5.286619,0.6282722513089005,0.6341168280671323,0.5890702513992508,0.0,0.0,2,7,7
0.9957142857142857,0.019841522,0.014017344,0.07225912,0.9888535031847134,0.9827292110874201,0.9860655737704918,0.8571428571428571,0.8606557377049181,2,4,4
