ACC,Loss,LossPrivileged,LossUnprivileged,AEQ,OEQ,OPP,MEQ,MPP,drift-id,gm-id,gm-name
0.8110289172831204,0.42488238,0.43081996,0.3388497,0.9585430146177809,0.9629704603388815,0.79004158004158,0.9512820512820513,0.6634615384615384,0,0,0
0.8110289172831204,0.40164083,0.4077341,0.27829576,0.8962597035991531,0.91232165888951,0.9072737425451625,0.8680351906158358,0.9048034934497815,0,0,0
0.8231338264963013,0.36185506,0.3656008,0.28603125,0.9103740296400846,0.8378871217100761,0.938874052090571,0.7560137457044673,0.9267515923566879,0,0,0
0.8312037659717552,0.3705748,0.37560967,0.26550958,0.923069813653115,0.8503008242128539,0.9430038933812519,0.7044861144077854,0.9001587301587302,0,0,0
0.8002689979825152,0.45078197,0.34471115,2.2682157,0.1745413888773862,0.13710819009100103,0.3549767441860465,0.0,0.0,2,0,0
0.7962340282447882,0.44231424,0.43821886,0.51941735,0.9144149052081063,0.14947089947089948,0.46235679214402614,0.0,0.0,2,1,1
0.8117014122394082,0.41044697,0.4054302,0.50903964,0.9920462237694614,0.27427208585908774,0.3868797308662741,0.0,0.0,2,9,1-3-4-2-5
0.8190988567585743,0.36382014,0.36518493,0.34043562,0.9571530249110319,0.25862068965517243,0.3861003861003861,0.0,0.0,2,9,1-3-4-2-5
0.8298587760591796,0.3711996,0.3729834,0.33088052,0.9858358066567734,0.3630895777862305,0.840936808627001,0.10117915557246102,0.8056133056133055,2,9,1-3-4-2-5
