ACC,Loss,LossPrivileged,LossUnprivileged,BalancedACC,drift-id,gm-id,gm-name
0.7962340282447882,0.42812455,0.4344758,0.28690743,0.8575818573793729,0,0,0
0.8177538668459986,0.38361734,0.3892293,0.26084536,0.9126291284737378,0,0,0
0.8244788164088769,0.3560145,0.3579891,0.3148082,0.931266149870801,0,0,0
0.8022864828513786,0.397321,0.394198,0.45152947,0.9515451201274955,0,0,0
0.7861466039004708,0.45022494,0.3834181,1.7442652,0.302917058424479,2,0,0
0.8137188971082717,0.38058013,0.3617145,0.8371918,0.6785997148740693,2,0,0
0.8110289172831204,0.3952254,0.37773055,0.77189523,0.6435188779339078,2,0,0
0.7948890383322125,0.4103609,0.3757408,1.0273879,0.4641350210970464,0,0,0
0.8312037659717552,0.358279,0.35703796,0.38197675,0.991293847038528,0,0,0
