ACC,Loss,LossPrivileged,LossUnprivileged,BalancedACC,drift-id,gm-id,gm-name
0.8614285714285714,0.39012882,0.39189458,0.3565801,0.971137521222411,0,0,0
0.8414285714285714,0.5405654,0.4170434,2.8874836,0.6333333333333333,1,0,0
0.8742857142857143,0.40780848,0.36907068,1.1438265,0.7419354838709677,1,0,0
0.8842857142857142,0.41677648,0.38064566,1.1032627,0.8665540540540541,1,0,0
0.8685714285714285,0.44793355,0.39669576,1.421451,0.747008547008547,1,0,0
0.8757142857142857,0.38742864,0.36136767,0.88258654,0.8078231292517007,1,0,0
0.8957142857142857,0.38032022,0.366641,0.6402257,0.9547738693467336,1,0,0
0.8985714285714286,0.34480557,0.2998892,1.1982161,0.8192371475953566,0,0,0
0.8757142857142857,0.46683285,0.43881968,0.9990826,0.7741935483870969,0,0,0
