ACC,Loss,LossPrivileged,LossUnprivileged,BalancedACC,drift-id,gm-id,gm-name
0.8571428571428571,0.39029393,0.39248303,0.348701,0.966044142614601,0,0,0
0.8514285714285714,0.51113784,0.36848474,3.2215474,0.6256499133448873,1,0,0
0.7871428571428571,0.75387174,0.7443185,0.9353814,0.7528301886792453,1,1,1
0.8457142857142858,0.62778074,0.5548377,2.0136962,0.6300174520069808,1,1,1
0.8814285714285715,0.5269906,0.4834711,1.35386,0.8694915254237289,1,4,4
0.87,0.5210468,0.5143127,0.64899474,0.8814432989690721,1,4,4
0.8628571428571429,0.63291484,0.64268893,0.44720814,0.9582608695652175,1,4,4
0.89,0.63172954,0.46688572,3.763763,0.6955074875207986,0,4,4
0.8985714285714286,0.606518,0.5665004,1.3668509,0.8851913477537438,0,0,0
