ACC,Loss,LossPrivileged,LossUnprivileged,BalancedACC,drift-id,gm-id
0.9157142857142857,0.32779634,0.29277468,0.9932083,0.8032520325203252,0,<federated.algorithms.fair_fed_drift.ClientIdentity.ClientIdentity object at 0x7f0228cc0ee0>
0.9442857142857143,0.27726766,0.16763231,2.3603394,0.6541471048513302,1,<federated.algorithms.fair_fed_drift.ClientIdentity.ClientIdentity object at 0x7f02104baf80>
0.82,0.8483749,0.8141872,1.4979386,0.6504504504504504,1,<federated.algorithms.fair_fed_drift.ClientIdentity.ClientIdentity object at 0x7f0224436e90>
0.8857142857142857,0.4758167,0.40312886,1.856885,0.47107438016528924,1,<federated.algorithms.fair_fed_drift.ClientIdentity.ClientIdentity object at 0x7f01385fdf60>
0.8885714285714286,0.6062661,0.5657781,1.3755373,0.8288590604026846,1,<federated.algorithms.fair_fed_drift.ClientIdentity.ClientIdentity object at 0x7f016c5c53f0>
0.9442857142857143,0.2266516,0.15327245,1.6208556,0.7468553459119497,1,<federated.algorithms.fair_fed_drift.ClientIdentity.ClientIdentity object at 0x7f016c7071c0>
0.8371428571428572,0.7444584,0.7107349,1.3852034,0.7411347517730497,1,<federated.algorithms.fair_fed_drift.ClientIdentity.ClientIdentity object at 0x7f02242f24d0>
0.9171428571428571,0.41996834,0.37965196,1.1859801,0.801948051948052,1,<federated.algorithms.fair_fed_drift.ClientIdentity.ClientIdentity object at 0x7f016c7e7490>
0.9057142857142857,0.44823617,0.42173603,0.95173854,0.6830065359477123,1,<federated.algorithms.fair_fed_drift.ClientIdentity.ClientIdentity object at 0x7f016c502620>
0.9628571428571429,0.14635031,0.11883676,0.6691081,0.7928902627511593,0,<federated.algorithms.fair_fed_drift.ClientIdentity.ClientIdentity object at 0x7f008d97a3b0>
