ACC,Loss,LossPrivileged,LossUnprivileged,BalancedACC,drift-id,gm-id,gm-name
0.8049764626765299,0.42807695,0.4332742,0.32442477,0.9337779012688711,0,0,0
0.8258238063214526,0.37769708,0.38149595,0.2945893,0.9748753356348293,0,0,0
0.7908540685944856,0.45350495,0.37677824,2.2471495,0.32244205765969475,1,0,0
0.8150638870208473,0.43132737,0.35836732,1.7858875,0.4070071891364161,1,0,0
0.788836583725622,0.43052754,0.3885445,1.2437341,0.5083953546902528,1,0,0
0.4149293880295898,1.8147649,1.8821508,0.5461073,0.5119297645794667,2,0,0
0.9186281102891728,0.17658646,0.16882807,0.3268652,0.9054112213299743,2,13,2-5-1-4-6-3-7
0.44048419636852726,2.2820117,2.3873668,0.21149686,0.44655872580560096,0,13,2-5-1-4-6-3-7
0.8446536650975117,0.34063217,0.33614236,0.42636308,0.9442621544532372,0,0,0
