ACC,Loss,LossPrivileged,LossUnprivileged,BalancedACC,drift-id,gm-id,gm-name
0.8683333333333333,0.34256366,0.2999076,0.7336978,0.8040055199745232,0,0,0
0.9,0.26134118,0.23806901,0.45288926,0.8584237848041529,0,0,0
0.8733333333333333,0.28856704,0.2586005,0.6866938,0.75,0,0,0
0.8883333333333333,0.25979236,0.24634704,0.42172083,0.8984046283309959,0,0,0
0.8616666666666667,0.31569672,0.2672766,0.8259706,0.6722063944286166,2,0,0
0.835,0.37324408,0.31648856,0.8403854,0.5992422994564323,2,0,0
0.87,0.2850613,0.25459662,0.56974804,0.7129043725559902,2,0,0
0.8833333333333333,0.26529795,0.2318435,0.60355985,0.693100358422939,0,0,0
0.89,0.27209428,0.24210627,0.5470691,0.9056287926344424,0,0,0
