ACC,Loss,LossPrivileged,LossUnprivileged,BalancedACC,drift-id,gm-id,gm-name
0.7907573812580231,0.45402423,0.47185177,0.28911948,0.8570309439874657,0,0,0
0.8151476251604621,0.4132968,0.4230711,0.31582952,0.9105013003318088,0,0,0
0.7869062901155327,0.42822814,0.41529182,0.5444893,0.8505723443223444,0,0,0
0.8074454428754814,0.43740022,0.4422675,0.3954569,0.9931266964363891,0,0,0
0.785622593068036,0.48640972,0.3859383,1.6483129,0.2707411802783472,2,0,0
0.7740693196405648,0.4548326,0.42394114,0.8184409,0.703333429369904,2,0,0
0.7894736842105263,0.43875334,0.40730998,0.7961101,0.7906142167011732,2,0,0
0.7971758664955071,0.4300162,0.39590093,0.8245428,0.7961801121536839,2,0,0
0.7689345314505777,0.44550848,0.38777393,1.1131804,0.5036810160728336,2,0,0
