ACC,Loss,LossPrivileged,LossUnprivileged,AEQ,OEQ,OPP,MEQ,MPP,drift-id,gm-id,gm-name
0.94,0.23727007,0.20536138,0.52444845,0.9696969696969697,0.895236205465873,0.8938944557347572,0.7720588235294118,0.6352941176470588,0,0,0
0.9614285714285714,0.1796037,0.1748013,0.22282518,0.9785831960461284,0.9205485791728127,0.9339308483557837,0.5491803278688525,0.7647058823529412,0,0,0
0.9685714285714285,0.12810025,0.115936786,0.23757152,0.9543230016313214,0.9158960650267953,0.9246866857609571,0.8137931034482758,0.7914230019493178,0,0,0
0.9714285714285714,0.09696207,0.06766723,0.36061564,0.9029126213592233,0.8570058739045352,0.8919742560258765,0.2537878787878788,0.5217391304347826,0,0,0
0.94,0.526339,0.19392088,3.5181024,0.7241379310344828,0.7479993386243386,0.7363852589655638,0.0,0.0,2,0,0
0.8671428571428571,0.6552821,0.57278377,1.3977668,0.7553571428571428,0.6948007977424641,0.7418033702410983,0.29245283018867924,0.3710691823899371,2,8,8
0.94,0.26929617,0.19911039,0.9009681,0.8372093023255814,0.8285859113113666,0.8374896807504157,0.5925925925925927,0.6257575757575758,2,12,8-6-7-9
0.9642857142857143,0.28468588,0.054227173,2.358814,0.7983870967741936,0.727663577154527,0.743751915280207,0.0,0.0,0,12,8-6-7-9
0.9785714285714285,0.06663348,0.039310426,0.31254098,0.9115755627009646,0.9016817790588284,0.9156415686806941,0.5555555555555556,0.6355932203389831,0,0,0
