ACC,Loss,LossPrivileged,LossUnprivileged,BalancedACC,drift-id,gm-id,gm-name
0.7869062901155327,0.4486125,0.4579513,0.355488,0.8912201567340987,0,0,0
0.7471116816431322,0.5550132,0.44170773,1.8653357,0.3902767432533089,2,0,0
0.766367137355584,0.47744077,0.46874425,0.56154686,0.9989123836503441,2,1,1
0.7804878048780488,0.46695668,0.45213607,0.6040467,0.9754545454545455,2,1,1
0.7881899871630296,0.4248133,0.42003027,0.49308786,0.9947393591582975,1,1,1
0.8446726572528883,0.36901745,0.36909485,0.36829096,0.9938823529411764,1,1,1
0.8331193838254172,0.3551044,0.34908926,0.43276325,0.9848969438521676,1,1,1
0.8048780487804879,0.381403,0.37718728,0.42217433,0.9771246458923514,1,1,1
0.8395378690629012,0.36256045,0.36139807,0.37315768,0.9299516908212561,1,1,1
