ACC,Loss,LossPrivileged,LossUnprivileged,AEQ,OEQ,OPP,MEQ,MPP,drift-id,gm-id,gm-name
0.82798459563543,0.37541017,0.3939705,0.19590905,0.9070950296162761,0.9781133552355963,0.8717578753778228,0.967590346834829,0.8376623376623377,0,0,0
0.8125802310654685,0.47885507,0.3652579,1.5943155,0.7156544256120527,0.7625885347498893,0.8175741478530323,0.5555555555555556,0.6573705179282868,3,0,0
0.8061617458279846,0.41964874,0.39482957,0.65261847,0.8652057971014493,0.6164054054872417,0.8819658183820034,0.489156626506024,0.8116883116883117,3,1,1
0.8048780487804879,0.47542366,0.33502564,1.6217321,0.5861840120663651,0.5946269136312515,0.7617123119836999,0.21158392434988177,0.5371232541043861,3,0,0
0.8318356867779204,0.37033665,0.31575465,0.95037264,0.6805381957209029,0.7369937480660902,0.6459450784570177,0.6360995850622406,0.38121096931849036,2,9,1-2
0.8356867779204108,0.38790146,0.3397451,0.8607698,0.9604178377365562,0.7696854674118297,0.8924465464278111,0.5766990291262135,0.8442622950819673,2,0,0
0.8087291399229781,0.40966535,0.3726519,0.73763275,0.8644643408459401,0.6660757761873589,0.7962962962962963,0.35160680529300564,0.7391304347826086,4,10,10
0.8087291399229781,0.4012882,0.39529493,0.4543932,0.9845288326300984,0.9495707070707071,0.9107848182916117,0.9300505050505051,0.8645147123407992,4,8,3-4
0.7817715019255456,0.44552672,0.44618896,0.43663555,0.9945130315500686,0.9803339390811019,0.9356515106901572,0.9712140175219025,0.907520325203252,4,12,12
