ACC,Loss,LossPrivileged,LossUnprivileged,BalancedACC,drift-id,gm-id,gm-name
0.95,0.16539669,0.14855735,0.485344,0.8976377952755905,0,0,0
0.9457142857142857,0.162118,0.14767982,0.43644372,0.9334389857369254,0,0,0
0.9657142857142857,0.13445106,0.09843424,0.8187705,0.8209876543209877,0,0,0
0.9614285714285714,0.18878436,0.18111843,0.33443648,0.9485179407176286,0,0,0
0.9657142857142857,0.19988918,0.070186265,2.6642444,0.7296466973886329,2,0,0
0.9757142857142858,0.096909754,0.071943715,0.5712647,0.8728943338437978,2,0,0
0.9728571428571429,0.12591265,0.10122047,0.5950641,0.9061538461538462,2,0,0
0.9871428571428571,0.06473337,0.02330742,0.85182655,0.8623298033282903,0,0,0
0.9871428571428571,0.05948543,0.052029908,0.20114036,0.952887537993921,0,0,0
