ACC,Loss,LossPrivileged,LossUnprivileged,BalancedACC,drift-id,gm-id,gm-name
0.8185714285714286,0.46521997,0.4377121,0.49272785,0.9423728813559322,0,0,0
0.8628571428571429,0.41638118,0.42183715,0.4109252,0.9933993399339933,0,0,0
0.8885714285714286,0.45487928,0.5179068,0.39185184,0.9872204472843452,0,0,0
0.8828571428571429,0.46713382,0.4699404,0.4643273,0.9935483870967742,0,0,0
0.7942857142857143,1.6683146,0.5978058,2.738823,0.8229508196721312,2,0,0
0.8714285714285714,0.6061999,0.65526736,0.55713254,0.9934640522875816,2,11,6-5-7
0.8614285714285714,0.69673604,0.5786846,0.81478727,0.9966887417218543,2,11,6-5-7
0.7814285714285715,1.9226955,0.5450897,3.3003013,0.8052805280528053,0,11,6-5-7
0.8785714285714286,0.67221403,0.54960907,0.79481906,0.9902912621359223,0,0,0
