ACC,Loss,LossPrivileged,LossUnprivileged,BalancedACC,drift-id,gm-id,gm-name
0.7637997432605905,0.45218444,0.4581298,0.40095147,0.8993553008595989,0,0,0
0.7573812580231065,0.56658244,0.4193843,2.1308372,0.23942678289660882,2,0,0
0.7779204107830552,0.451987,0.3728269,1.4180094,0.28859367842418693,2,0,0
0.8125802310654685,0.41063833,0.35834065,0.88742936,0.6644508034338542,1,0,0
0.810012836970475,0.40457276,0.37920037,0.7321481,0.7581795302013423,1,0,0
0.8138639281129654,0.36800465,0.32192212,0.83475494,0.5918196994991652,1,0,0
0.7740693196405648,0.42360428,0.35015932,1.0836669,0.2923911134527573,2,0,0
0.7933247753530167,0.42183626,0.3584373,0.9916138,0.41058180398281924,2,0,0
0.7586649550706034,0.43222457,0.37725124,0.95595664,0.4738130670635111,2,0,0
