ACC,Loss,LossPrivileged,LossUnprivileged,BalancedACC,drift-id,gm-id
0.6796666666666666,1.1832716,1.1581898,1.4090089,0.8449570815450643,0,0
0.7286666666666667,1.2671795,1.0039634,3.6361256,0.6535819430814525,1,0
0.747,1.0866823,0.9340838,2.4600697,0.6571702178597079,1,0
0.7576666666666667,0.9795249,0.8574403,2.0782864,0.7136752136752136,1,0
0.7943333333333333,0.81952053,0.7231583,1.686781,0.726530612244898,2,0
0.7951666666666667,0.8352609,0.7213311,1.8606291,0.6840324763193505,2,0
0.8238333333333333,0.7497215,0.65193886,1.6297657,0.7324436665937432,2,0
0.825,0.69626415,0.6285712,1.3055003,0.7804610318331503,0,0
0.834,0.70050406,0.62488073,1.3811141,0.7649609713790112,0,0
0.8405,0.6577061,0.58847195,1.2808136,0.7943461372464393,0,0
