ACC,Loss,LossPrivileged,LossUnprivileged,BalancedACC,drift-id,gm-id,gm-name
0.8133971291866029,0.4152005,0.47213617,0.3175965,0.9116415410385259,0,0,0
0.8118022328548644,0.41015396,0.4696417,0.2868045,0.8968045262570723,0,0,0
0.8373205741626795,0.33256662,0.3802701,0.22920911,0.8997407087294728,0,0,0
0.8149920255183413,0.39430252,0.44794798,0.28777805,0.8949796684391618,0,0,0
0.5039872408293461,1.4205194,1.9336787,0.24911912,0.37622773880194277,2,0,0
0.84688995215311,0.37878105,0.40432447,0.3298327,0.9679376761666145,2,2,2
0.8373205741626795,0.35705268,0.34991527,0.3728649,0.9848484848484849,2,2,2
0.5263157894736842,1.2193494,1.7049841,0.27543983,0.36979166666666663,0,2,2
0.8437001594896332,0.3360451,0.36438775,0.2737201,0.9120966040919637,0,0,0
