ACC,Loss,LossPrivileged,LossUnprivileged,BalancedACC,drift-id,gm-id,gm-name
0.875,0.29802474,0.28580675,0.42954814,0.9360613810741688,0,0,0
0.8533333333333334,0.36035475,0.27089575,1.2125695,0.6563015053290847,2,0,0
0.84,0.33925,0.27875727,0.78996336,0.6423020883924235,2,2,2
0.8716666666666667,0.30284303,0.26150274,0.78925073,0.7924012158054712,0,2,2
0.8616666666666667,0.3198446,0.28978166,0.64346296,0.7816695142787405,2,0,0
0.8983333333333333,0.2571199,0.22849226,0.5352167,0.8209255533199196,2,2,2
0.8833333333333333,0.3840371,0.2258851,1.7563888,0.6892451218710991,1,2,2
0.87,0.30968395,0.29915398,0.41197485,0.9387755102040816,1,1,1
0.8833333333333333,0.27158362,0.25886658,0.38819227,0.976292417111921,1,1,1
