ACC,Loss,LossPrivileged,LossUnprivileged,BalancedACC,drift-id,gm-id,gm-name
0.9314285714285714,0.23162556,0.22770599,0.26690146,0.9289340101522843,0,0,0
0.9571428571428572,0.23002063,0.22903273,0.2389116,0.9834437086092714,0,0,0
0.9714285714285714,0.10120644,0.10069434,0.10581528,1.0,0,0,0
0.9671428571428572,0.12919669,0.1260994,0.1570722,0.9885245901639345,0,0,0
0.9728571428571429,0.13265666,0.094940804,0.47209936,0.93354943273906,0,0,0
0.9757142857142858,0.11917941,0.0774624,0.4946326,0.9145161290322581,0,0,0
0.9828571428571429,0.11139853,0.076175585,0.4284051,0.9390048154093098,0,0,0
0.9471428571428572,0.50165147,0.12345839,3.905389,0.7182410423452769,1,0,0
0.9514285714285714,0.21065798,0.23046914,0.03235736,0.9613526570048307,1,1,1
