ACC,Loss,LossPrivileged,LossUnprivileged,BalancedACC,drift-id,gm-id,gm-name
0.9428571428571428,0.26459283,0.26685044,0.22169836,0.9681528662420382,0,0,0
0.9542857142857143,0.20894608,0.118350394,1.9302641,0.7080745341614907,2,0,0
0.9457142857142857,0.18777913,0.13587782,1.1739038,0.6531250000000001,2,0,0
0.9671428571428572,0.1245525,0.06229375,1.307469,0.7588325652841782,2,0,0
0.9714285714285714,0.108136654,0.06696837,0.8903341,0.7251908396946565,1,0,0
0.9514285714285714,0.19249852,0.13994537,1.191008,0.5882352941176471,1,0,0
0.9742857142857143,0.10537564,0.060129743,0.96504766,0.7832061068702291,1,0,0
0.96,0.18995412,0.14638647,1.017739,0.8569206842923796,1,0,0
0.98,0.07458518,0.027106518,0.97667956,0.7484848484848485,1,0,0
