ACC,Loss,LossPrivileged,LossUnprivileged,BalancedACC,drift-id,gm-id,gm-name
0.8783333333333333,0.27214926,0.25955117,0.53950876,0.880764163372859,0,0,0
0.8983333333333333,0.25097597,0.2398516,0.4551629,0.9302647299251714,0,0,0
0.905,0.23225856,0.23391052,0.19851099,0.9733727810650886,0,0,0
0.8583333333333333,0.31537202,0.2965035,0.70082796,0.7398677780971544,0,0,0
0.8716666666666667,0.29958954,0.2624193,1.0058237,0.6772277227722773,2,4,4
0.8516666666666667,0.33772457,0.2945004,0.9270484,0.6719086492712976,2,0,0
0.87,0.31160498,0.27067953,1.3382999,0.5902813299232736,2,0,0
0.865,0.31417647,0.2925099,0.72584087,0.722,2,0,0
0.88,0.27083284,0.24064048,0.9954496,0.6058252427184466,2,0,0
