ACC,Loss,LossPrivileged,LossUnprivileged,BalancedACC,drift-id,gm-id,gm-name
0.92,0.27938867,0.34019265,0.21858469,0.9815384615384617,0,0,0
0.8428571428571429,1.8045559,0.17126158,3.4378502,0.7507418397626113,1,0,0
0.8757142857142857,0.62023365,0.5585342,0.68193305,0.9838187702265372,1,2,2
0.8457142857142858,0.82049805,0.6484839,0.9925124,0.9035369774919614,1,1,1
0.8014285714285714,0.96270454,1.0252099,0.90019923,0.9146757679180887,1,9,9
0.94,0.29859105,0.1985693,0.39861286,0.9759759759759761,1,2,2
0.9585714285714285,0.21814427,0.26395535,0.17233318,0.973529411764706,1,2,2
0.8228571428571428,2.2598155,0.20827591,4.3113546,0.7297297297297297,0,2,2
0.9871428571428571,0.038155854,0.01825971,0.058051996,0.985632183908046,0,0,0
