ACC,Loss,LossPrivileged,LossUnprivileged,BalancedACC,drift-id,gm-id,gm-name
0.84,0.45586082,0.44494542,0.5540995,0.9287054409005628,0,0,0
0.8528571428571429,0.54888535,0.4193947,1.7143015,0.8768382352941175,2,0,0
0.8742857142857143,0.50698227,0.39700752,1.4967546,0.8357142857142857,2,0,0
0.8614285714285714,0.7892983,0.3864337,4.4150796,0.6223404255319149,1,0,0
0.8471428571428572,0.57979643,0.53057826,1.0227592,0.9385474860335197,1,5,2-3
0.8742857142857143,0.50042605,0.46548066,0.8149348,0.9422382671480145,1,5,2-3
0.8485714285714285,0.94306755,0.514875,4.796801,0.5978456014362658,2,5,2-3
0.81,0.72474164,0.63742214,1.5106175,0.7946257197696738,2,1,1
0.8071428571428572,0.8920243,0.8019771,1.7024487,0.7600767754318618,2,1,1
