ACC,Loss,LossPrivileged,LossUnprivileged,BalancedACC,drift-id,gm-id,gm-name
0.9016666666666666,0.24096514,0.22912614,0.52510196,0.8260038240917782,0,0,0
0.8866666666666667,0.2775181,0.27438706,0.35977992,0.8672550750220653,0,0,0
0.8633333333333333,0.3436544,0.2794732,1.8198233,0.592079207920792,1,0,0
0.8866666666666667,0.28315413,0.2691533,0.5691711,0.8395303326810176,1,3,3
0.8833333333333333,0.30330318,0.2941518,0.56869316,0.7868217054263565,1,3,3
0.8666666666666667,0.39083993,0.28956994,2.4596403,0.5652173913043479,2,3,3
0.895,0.24939306,0.23356669,0.68574935,0.7380497131931166,2,5,0-1-2
0.8966666666666666,0.264607,0.26072446,0.3539062,0.8880308880308881,0,5,0-1-2
0.8916666666666667,0.25116885,0.2422074,0.46624407,0.7876447876447876,0,5,0-1-2
