ACC,Loss,LossPrivileged,LossUnprivileged,AEQ,OEQ,OPP,drift-id,gm-id,gm-name
0.8155555555555556,0.6047442,0.35530823,1.1036162,0.749063670411985,0.7532884895716898,0.8210121524581734,0,0,0
0.8377777777777777,0.70636433,0.5234877,1.0721176,0.856060606060606,0.8648912740713018,0.8856562087334366,0,0,0
0.5266666666666666,3.4081178,3.0287168,4.1669188,0.6480446927374302,0.6425715798906834,0.7989681790254101,0,1,1
0.6666666666666666,3.0969062,2.4394608,4.4117975,0.7397260273972603,0.7533700204797179,0.9617584224018227,0,8,8
0.7688888888888888,2.2518451,0.4577475,5.8400407,0.562962962962963,0.5095498317264562,0.460988356164756,2,0,0
0.7044444444444444,3.1591802,1.5015835,6.474374,0.5258964143426295,0.5308198834610146,0.8550713404015965,2,16,16
0.6711111111111111,2.6554465,1.7090492,4.5482407,0.6260869565217391,0.6003083818779138,0.9922179415937463,2,22,22
0.7266666666666667,2.5075567,0.5060668,6.5105367,0.44029850746268656,0.468573589281319,0.5136323411474558,0,20,20
0.8644444444444445,0.69806856,0.2986347,1.4969362,0.7394366197183099,0.7435073658334387,0.808261704777405,0,0,0
