ACC,Loss,LossPrivileged,LossUnprivileged,BalancedACC,drift-id,gm-id,gm-name
0.8342857142857143,0.42877755,0.42170173,0.56321937,0.9927927927927929,0,0,0
0.8785714285714286,0.39280194,0.35876063,1.0395873,0.8724489795918368,0,0,0
0.8985714285714286,0.36742535,0.3390497,0.90656286,0.8851913477537438,0,0,0
0.9028571428571428,0.4502556,0.4554887,0.35082737,0.9800332778702162,0,0,0
0.9014285714285715,0.49905998,0.4925309,0.6231119,0.9152823920265781,0,0,0
0.8628571428571429,0.7026403,0.60669434,2.525615,0.6843910806174957,0,0,0
0.8928571428571429,0.53659636,0.5151109,0.94481975,0.8911222780569515,0,0,0
0.8914285714285715,0.5899775,0.5478452,1.3904896,0.9595959595959596,0,0,0
0.8985714285714286,0.47509992,0.44417033,1.0627621,0.9183333333333334,0,0,0
