ACC,Loss,LossPrivileged,LossUnprivileged,BalancedACC,drift-id,gm-id,gm-name
0.7975790181573639,0.4229622,0.42521092,0.36654645,0.9659723255467936,0,0,0
0.7780766644250168,0.48058373,0.40657052,1.7822893,0.3409030837004406,1,0,0
0.7948890383322125,0.42637956,0.38760382,1.2113105,0.5813875419619545,1,0,0
0.7962340282447882,0.43738738,0.3890994,1.3727192,0.5553479404448782,1,0,0
0.8103564223268326,0.39535135,0.35951766,1.2330376,0.49527646568491246,1,0,0
0.8298587760591796,0.35503805,0.3273434,0.8993151,0.6074793465144341,1,0,0
0.8446536650975117,0.34477636,0.33374882,0.59403354,0.7819879187259747,1,0,0
0.8433086751849361,0.34338903,0.33161587,0.6051576,0.7515328730420445,0,0,0
0.8224613315400134,0.35058928,0.33786336,0.6430803,0.7370355247039608,0,0,0
