ACC,Loss,LossPrivileged,LossUnprivileged,BalancedACC,drift-id,gm-id,gm-name
0.9271428571428572,0.25645176,0.17432494,0.33857855,0.9489489489489489,0,0,0
0.9385714285714286,0.21697782,0.1771509,0.25680473,0.990909090909091,0,0,0
0.9542857142857143,0.18101247,0.16789235,0.19413263,0.9880952380952381,0,0,0
0.96,0.18619731,0.30072555,0.07166904,0.9649122807017544,0,0,0
0.8471428571428572,1.9472585,0.18640415,3.7081127,0.7544378698224852,2,0,0
0.8942857142857142,0.60172457,0.53491956,0.6685296,0.95625,2,3,3
0.8871428571428571,0.59788686,0.72734547,0.46842843,0.9777070063694268,2,3,3
0.88,1.4111104,0.12917826,2.6930428,0.817109144542773,0,9,1-3
0.9742857142857143,0.1316341,0.15266299,0.11060521,1.0,0,0,0
