ACC,Loss,LossPrivileged,LossUnprivileged,AEQ,OEQ,OPP,drift-id,gm-id,gm-name
0.8,0.8117577,0.6225504,1.1901721,0.8685258964143426,0.8678165578462708,0.868979897421072,0,0,0
0.7888888888888889,1.1683954,0.40105742,2.7030716,0.6199261992619927,0.6329848673855272,0.7252049074618118,0,0,0
0.4666666666666667,3.8184495,3.1212294,5.212889,0.6415094339622641,0.5800946518930271,0.5263783710101779,2,7,7
0.6244444444444445,3.1891656,2.3453023,4.876891,0.6139534883720931,0.6122154469077118,0.8361400677375458,2,12,12
0.7044444444444444,1.8567282,0.74789166,4.0744014,0.48627450980392156,0.5058433818951775,0.8427899721588955,2,13,13
0.6466666666666666,2.8250382,0.99490196,6.485311,0.4049586776859504,0.40315308438419195,0.5631241628941928,0,13,13
0.8066666666666666,1.1801825,0.5314545,2.4776382,0.6304347826086956,0.6419653975743701,0.7469112616204509,0,0,0
0.7222222222222222,2.670904,0.4286918,7.155328,0.3722627737226278,0.356493605615327,0.4117142796995006,1,0,0
0.7555555555555555,1.7750276,0.9537725,3.4175382,0.65625,0.681609544159242,0.7634293850651076,1,14,14
