ACC,Loss,LossPrivileged,LossUnprivileged,AEQ,OEQ,OPP,MEQ,MPP,drift-id,gm-id,gm-name
0.7740693196405648,0.47448328,0.48705754,0.34712398,0.8935119887165022,0.7842703879194114,0.7085499454018895,0.5794117647058824,0.5441176470588235,0,0,0
0.7753530166880617,0.50960976,0.40762767,1.3884186,0.5785455655891462,0.6969780219780219,0.6175801208724166,0.4401098901098901,0.4904793906810036,1,0,0
0.7715019255455713,0.472794,0.39966166,1.1800729,0.6344603128339649,0.7627619728568619,0.6042710415747667,0.5867094141649665,0.5133039879114382,1,0,0
0.7804878048780488,0.46486115,0.46000618,0.51562434,0.9369070208728654,0.1785864849377865,0.8281852897321784,0.10196463654223968,0.7806748466257669,1,7,4-2-1-3
0.8177150192554558,0.38822967,0.36674446,0.6128766,0.8906203026355347,0.2554385964912281,0.44366972477064226,0.0,0.0,2,7,4-2-1-3
0.8215661103979461,0.3636539,0.36199042,0.38050285,0.9543958627174425,0.32010869565217387,0.3734104046242775,0.0,0.0,2,7,4-2-1-3
0.8318356867779204,0.36122894,0.35654077,0.40656945,0.9327585007996663,0.3933066361556064,0.3877096055054764,0.0,0.0,2,7,4-2-1-3
0.7984595635430038,0.39794788,0.38441703,0.53081346,0.9715351393796624,0.2860264200064965,0.5146909090909091,0.08390166534496432,0.24,2,7,4-2-1-3
0.8189987163029525,0.37964922,0.37664735,0.41696548,0.9433331395010758,0.37820278046821754,0.602456598096133,0.19733044733044733,0.38955026455026454,2,7,4-2-1-3
