ACC,Loss,LossPrivileged,LossUnprivileged,AEQ,OEQ,OPP,MEQ,MPP,F1Score,F1 Score Equality,drift-id,gm-id,gm-name
0.8290155440414507,0.35332686,0.3633517,0.25876802,0.9220283059824607,0.9310420752257595,0.9165844663645251,0.8955223880597015,0.9005376344086022,0.5182481751824818,0.9626865671641792,0,0,0
0.8393782383419689,0.37931204,0.28093615,1.1959503,0.6790634994066416,0.6317882947358816,0.6921369907482551,0.3161094224924012,0.6137821782178218,0.6219512195121952,0.47319148936170213,3,0,0
0.7772020725388601,0.5639236,0.55000716,0.68953264,0.8564792871362213,0.5744258514750267,0.8084883527642823,0.3790482485128884,0.7055984555984556,0.3857142857142857,0.5810487090763908,3,8,8
0.7862694300518135,0.42911315,0.4246295,0.47871378,0.9499105545617174,0.5417379261140082,0.7562405665853942,0.356020942408377,0.6724137931034483,0.4761904761904761,0.6840148698884758,1,11,11
0.8601036269430051,0.3007618,0.30312693,0.27910203,0.9937615323785256,0.7953626392591887,0.9245793072218293,0.6328125,0.8818897637795275,0.6538461538461537,0.7853260869565216,1,0,0
0.8510362694300518,0.35527447,0.3135692,0.8592723,0.8252997106242249,0.7204700209310336,0.7905727762803234,0.4811594202898551,0.7775741239892183,0.6254071661237784,0.6390804597701149,3,0,0
0.7849740932642487,0.4510057,0.43827364,0.5676042,0.9755982664405503,0.8784640062597808,0.7729741802103611,0.8028169014084506,0.6206030150753769,0.6009615384615385,0.6964809384164223,3,24,24
0.8082901554404145,0.40067485,0.3623517,0.80392605,0.7593475919372212,0.6314547649755275,0.6526301731893838,0.6230131568940603,0.39473684210526316,0.5865921787709496,0.7321637426900586,1,18,11-12
0.8417639429312581,0.32691976,0.34042156,0.19782081,0.8791163157676176,0.8043074083186024,0.8308960143346424,0.6695156695156695,0.7532051282051283,0.6369047619047619,0.7088989441930619,1,3,3
