ACC,BalancedACC,drift-id,gm-id
0.12872841444270017,0.0,0,[0]
0.7158555729984302,0.9561589805825242,0,[0]
0.8602825745682888,0.8399139221556886,0,[0]
0.8618524332810047,0.8971067134268537,0,[0]
0.858712715855573,0.8220434131736527,0,[0]
0.869701726844584,0.7724264705882352,2,[0]
0.8744113029827315,0.8829511834319527,2,[0]
0.8634222919937206,0.9547598088531186,2,[0]
0.8885400313971743,0.9830882352941176,2,[0]
0.8759811616954474,0.9006102071005917,2,[0]
0.847723704866562,0.9135841836734694,2,[0]
