ACC,Loss,LossPrivileged,LossUnprivileged,BalancedACC,drift-id,gm-id,gm-name
0.8271428571428572,0.4945362,0.49002463,0.53514004,0.9827586206896551,0,0,0
0.8642857142857143,0.6529345,0.33101645,3.5501971,0.6371681415929203,1,0,0
0.7842857142857143,0.70304924,0.6599121,1.0912833,0.8622754491017964,1,4,4
0.8685714285714285,0.46258327,0.4799876,0.30594468,0.961199294532628,1,5,3-4
0.8714285714285714,0.4782885,0.38353088,1.3311068,0.8211091234347049,1,5,3-4
0.8714285714285714,0.48318568,0.45778677,0.7117756,0.9097472924187726,1,5,3-4
0.8914285714285715,0.58297235,0.537382,0.9932857,0.8699472759226713,1,5,3-4
0.8485714285714285,0.78744954,0.75278,1.0994748,0.9183673469387755,1,5,3-4
0.8985714285714286,0.52993435,0.45137334,1.2369834,0.8452173913043479,1,5,3-4
