ACC,Loss,LossPrivileged,LossUnprivileged,AEQ,OEQ,OPP,MEQ,MPP,drift-id,gm-id,gm-name
0.9442857142857143,0.19241647,0.18904957,0.20588411,0.9924812030075189,0.9274745990050193,0.9373147664355177,0.8085106382978723,0.8085106382978723,0,0,0
0.9085714285714286,0.5669315,0.15176648,2.2275918,0.7819548872180452,0.7612585702575502,0.7670483976937748,0.0,0.0,1,0,0
0.9228571428571428,0.2376835,0.10358239,0.77408797,0.7412844036697248,0.7585171138214759,0.7330975925674221,0.0,0.0,1,0,0
0.9028571428571428,0.36905754,0.2229902,0.95332706,0.7698113207547169,0.7574949997114604,0.7569104209366488,0.0,0.0,1,0,0
0.9285714285714286,0.56125677,0.09745351,2.4164696,0.7706422018348624,0.7469912887455793,0.74589055279769,0.0,0.0,2,0,0
0.9442857142857143,0.16922502,0.1351029,0.3057134,0.9053803339517625,0.8406106874184767,0.8762814963131855,0.12931034482758622,0.4818181818181818,2,0,0
0.9457142857142857,0.16623597,0.15113778,0.22662869,0.9495327102803738,0.8908296171389829,0.9038372682011024,0.3323076923076923,0.5092592592592593,2,0,0
0.94,0.27669683,0.021973733,1.2955892,0.7423423423423424,0.7515233443804872,0.7081824467123923,0.0,0.0,1,0,0
0.9371428571428572,0.1872195,0.08972986,0.57717806,0.7883211678832117,0.7647132808519191,0.7913183723093127,0.14285714285714285,0.13333333333333333,1,0,0
