ACC,Loss,LossPrivileged,LossUnprivileged,AEQ,OEQ,OPP,MEQ,MPP,drift-id,gm-id,gm-name
0.91,0.3321375,0.27765197,0.82250726,0.8844827586206897,0.852045872678983,0.8710014598016784,0.5909090909090909,0.7112068965517241,0,0,0
0.9457142857142857,0.27898777,0.14551857,1.4802107,0.815485996705107,0.7381449520461618,0.7636506891828099,0.0,0.0,2,0,0
0.9285714285714286,0.39446256,0.25281036,1.6693323,0.7337770382695507,0.7160865146266086,0.7034269065805041,0.0,0.0,2,0,0
0.9685714285714285,0.18008783,0.06970864,1.1735007,0.8419354838709678,0.7808911929573694,0.7797579225689824,0.0,0.0,2,0,0
0.9085714285714286,0.66959614,0.2851858,4.1292887,0.6526138279932547,0.6450873803009439,0.6116099605729165,0.0,0.0,1,12,7-5-6
0.9628571428571429,0.17883237,0.16244769,0.32629445,0.9117647058823529,0.8906377074724039,0.8859598298536167,0.6881720430107526,0.6,1,11,4-2-1-3
0.9685714285714285,0.08677655,0.08831436,0.07293622,0.9967320261437909,0.9552158299217123,0.9568806925886261,0.8571428571428571,0.8814102564102565,1,11,4-2-1-3
0.94,0.3179182,0.30298424,0.45232424,0.9865092748735245,0.9050084617959049,0.8997848708036486,0.7826086956521738,0.7961538461538462,1,11,4-2-1-3
0.9928571428571429,0.037326116,0.032056186,0.08475552,0.9920127795527157,0.979482287809075,0.9767939814814817,0.8571428571428571,0.8333333333333334,1,11,4-2-1-3
