ACC,Loss,LossPrivileged,LossUnprivileged,AEQ,OEQ,OPP,MEQ,MPP,drift-id,gm-id,gm-name
0.8371428571428572,0.44401684,0.4428448,0.46628538,0.9754385964912282,0.886233744185216,0.7964967387035244,0.7636363636363637,0.38974358974358975,0,0,0
0.8671428571428571,0.52160394,0.3575329,3.638954,0.6808873720136519,0.6082607594694799,0.6758088971324265,0.0,0.0,3,0,0
0.8857142857142857,0.39855015,0.3439328,1.4362795,0.7651006711409396,0.6379191978770041,0.6382754020195037,0.0,0.0,3,0,0
0.8885714285714286,0.4527353,0.3996017,1.4622736,0.6638935108153078,0.6107065066036667,0.6381376851959828,0.0,0.0,1,0,0
0.8771428571428571,0.60623884,0.5406525,1.8523784,0.6067226890756302,0.5095518803905825,0.4594273178291458,0.0,0.0,1,0,0
0.8728571428571429,0.6448905,0.5033626,3.3339207,0.44556113902847577,0.43168305938420887,0.4470485801202512,0.0,0.0,3,0,0
0.8957142857142857,0.43464395,0.38300756,1.4157352,0.7562189054726368,0.7593326075470933,0.7314130164325142,0.22702702702702704,0.0,3,0,0
0.91,0.48744124,0.43479925,1.4876404,0.8409836065573771,0.7101493684870019,0.7166916296283399,0.0,0.0,1,0,0
0.91,0.39070654,0.3094607,1.9343778,0.6477272727272727,0.6258675846313235,0.5478465878949904,0.0,0.0,1,0,0
