ACC,Loss,LossPrivileged,LossUnprivileged,AEQ,OEQ,OPP,MEQ,MPP,F1Score,F1 Score Equality,drift-id,gm-id,gm-name
0.9214285714285714,0.32367405,0.30281946,0.70832515,0.899728997289973,0.8745835862426288,0.8599196104656968,0.5254237288135593,0.7241379310344828,1.0,1.0,0,0,0
0.9514285714285714,0.2625294,0.12831987,2.7379496,0.7493055555555556,0.6832691623233911,0.7050465890450474,0.0,0.0,1.0,1.0,3,0,0
0.9585714285714285,0.22751227,0.13844343,1.8703371,0.7732919254658386,0.7745675710621284,0.6806766442733468,0.0,0.0,1.0,1.0,3,0,0
0.9557142857142857,0.18363082,0.14201574,0.9511975,0.7160110420979986,0.690357880114236,0.7047975319318363,0.0,0.0,1.0,0.0,1,0,0
0.9571428571428572,0.18197672,0.13852333,0.9834509,0.8344600450684694,0.7648027914750192,0.7464792265466864,0.0,0.0,1.0,1.0,1,0,0
0.9657142857142857,0.1399612,0.102335066,0.8339543,0.8267216211574789,0.8368759203824929,0.7893371882480029,0.0,0.0,1.0,1.0,2,0,0
0.9742857142857143,0.15817451,0.071667835,1.7537425,0.7896704043493035,0.7669827203269368,0.7057555943464919,0.0,0.0,1.0,1.0,2,0,0
0.9714285714285714,0.11614359,0.074667424,0.8811483,0.821641918416112,0.8479134922259322,0.8435670615668343,0.2534722222222222,0.2027777777777778,1.0,1.0,2,0,0
0.9842857142857143,0.08077043,0.0017917288,1.5374887,0.7233115468409586,0.7665692007797271,0.7668845315904139,0.0,0.0,1.0,1.0,2,0,0
