ACC,Loss,LossPrivileged,LossUnprivileged,AEQ,OEQ,OPP,MEQ,MPP,drift-id,gm-id,gm-name
0.9085714285714286,0.38365173,0.34757578,0.7083352,0.8860103626943006,0.816684918093638,0.8643582626015371,0.5,0.6281249999999999,0,0,0
0.9514285714285714,0.19938067,0.17166357,0.44883457,0.9733777038269551,0.9234276988069228,0.9055614721132896,0.7261904761904762,0.6233766233766234,0,0,0
0.9514285714285714,0.20564176,0.19354826,0.31448326,0.923841059602649,0.8862171396407019,0.8883717920310545,0.75,0.6631578947368421,0,0,0
0.97,0.14308403,0.11861981,0.3632621,0.9690048939641109,0.9323379408039191,0.9435014864168322,0.7692307692307693,0.8425925925925926,0,0,0
0.9514285714285714,0.3710021,0.12500437,2.5849817,0.7781402936378466,0.7549854199470215,0.707911443053581,0.0,0.0,2,0,0
0.8457142857142858,0.72197455,0.6825532,1.076767,0.7582417582417582,0.7023462677327552,0.6497048947781738,0.0,0.0,2,11,11
0.93,0.35400853,0.25167194,1.275038,0.8470588235294119,0.7991487114579188,0.8236486372856057,0.41935483870967744,0.6730769230769231,2,15,12-13
0.9585714285714285,0.1410613,0.14171489,0.13517903,0.9818181818181818,0.922975859271167,0.9340184474728124,0.8020833333333334,0.8231707317073171,2,16,9-12-13
0.9485714285714286,0.20475799,0.17795724,0.4459646,0.9269102990033222,0.888407996642169,0.8917686581430514,0.6,0.7349896480331263,2,16,9-12-13
