ACC,Loss,LossPrivileged,LossUnprivileged,BalancedACC,drift-id,gm-id
0.9128571428571428,0.2825141,0.27970502,0.28532323,0.9661538461538461,0,<federated.algorithms.fair_fed_drift.ClientIdentity.ClientIdentity object at 0x7f2430192cb0>
0.9414285714285714,0.214461,0.2021744,0.22674759,0.9730538922155689,0,<federated.algorithms.fair_fed_drift.ClientIdentity.ClientIdentity object at 0x7f2430209f60>
0.9542857142857143,0.16326392,0.18428501,0.14224282,0.9763313609467454,0,<federated.algorithms.fair_fed_drift.ClientIdentity.ClientIdentity object at 0x7f23847b2380>
0.9085714285714286,0.24944009,0.20536433,0.29351586,0.9751552795031055,0,<federated.algorithms.fair_fed_drift.ClientIdentity.ClientIdentity object at 0x7f23945ef640>
0.9214285714285714,0.25043857,0.19507203,0.30580512,0.913946587537092,2,<federated.algorithms.fair_fed_drift.ClientIdentity.ClientIdentity object at 0x7f23941e7d30>
0.9471428571428572,0.19395663,0.11067108,0.27724218,0.9557522123893806,2,<federated.algorithms.fair_fed_drift.ClientIdentity.ClientIdentity object at 0x7f23941b8af0>
0.9414285714285714,0.21614149,0.251321,0.18096194,0.9909365558912387,2,<federated.algorithms.fair_fed_drift.ClientIdentity.ClientIdentity object at 0x7f23cc35e590>
0.8971428571428571,0.97020394,0.08319062,1.8572172,0.8416422287390029,0,<federated.algorithms.fair_fed_drift.ClientIdentity.ClientIdentity object at 0x7f239c2b7a60>
0.8342857142857143,0.7535072,0.63900673,0.86800754,0.9531772575250835,0,<federated.algorithms.fair_fed_drift.ClientIdentity.ClientIdentity object at 0x7f23cc27d7e0>
0.8357142857142857,0.7236917,0.8403933,0.6069901,0.9565217391304348,0,<federated.algorithms.fair_fed_drift.ClientIdentity.ClientIdentity object at 0x7f239c630fd0>
