ACC,Loss,LossPrivileged,LossUnprivileged,BalancedACC,drift-id,gm-id,gm-name
0.7901815736381977,0.44369668,0.45051572,0.25551742,0.8696864111498258,0,0,0
0.7679892400806994,0.49998692,0.39892608,2.1463385,0.34971086242043514,2,0,0
0.82044384667115,0.39690217,0.3587689,1.3897532,0.4560163772841004,2,0,0
0.8258238063214526,0.36756098,0.3422377,0.9698322,0.5752432582707813,2,0,0
0.8103564223268326,0.38514107,0.3668851,0.71943945,0.7432205100598883,1,0,0
0.8143913920645595,0.37474588,0.36423358,0.55721873,0.8258575761459268,1,0,0
0.8345662407531943,0.3548452,0.34459215,0.58659595,0.8504538939321549,1,0,0
0.8345662407531943,0.3578017,0.3408716,0.6678209,0.7687526579214236,2,0,0
0.8298587760591796,0.35234553,0.33840168,0.67283,0.7699789268925271,2,0,0
