ACC,Loss,LossPrivileged,LossUnprivileged,AEQ,OEQ,OPP,MEQ,MPP,drift-id,gm-id,gm-name
0.8459563543003851,0.34906614,0.3459211,0.38042805,0.9623397623678845,0.8695296372660757,0.7637059753432781,0.797773654916512,0.5569727891156463,0,0,0
0.8536585365853658,0.33105206,0.34658265,0.17374909,0.9113594445047195,0.9268861516167015,0.8231717699281487,0.8701657458563536,0.7510204081632652,0,0,0
0.8331193838254172,0.3354045,0.35045817,0.2038723,0.8759179780639007,0.8482644138135467,0.8781843975882548,0.7733333333333333,0.8519774011299434,0,0,0
0.82798459563543,0.36462077,0.37533727,0.24884969,0.9368380325966049,0.8720108224116654,0.8392070675044676,0.751004016064257,0.7590361445783133,0,0,0
0.865211810012837,0.304237,0.29369542,0.40318725,0.9848306010928962,0.8038245886437645,0.9697947430840486,0.6333333333333334,0.9652777777777777,1,0,0
0.8485237483953787,0.3225192,0.3260072,0.28604957,0.994325621999127,0.877906269993602,0.9681867926796095,0.7916666666666667,0.949367088607595,1,0,0
0.8626444159178434,0.30767283,0.3123329,0.25561088,0.9475765613696648,0.8022119341563786,0.9310495241867791,0.6707818930041153,0.8766233766233765,1,0,0
0.8741976893453145,0.28541908,0.2940564,0.19510867,0.9548568576743343,0.9419973903519083,0.8481836708287507,0.8956043956043955,0.7527472527472527,0,0,0
0.889602053915276,0.28320736,0.29306403,0.20273036,0.9384906340057637,0.8952759196296045,0.8909074023783344,0.8226600985221674,0.8390804597701149,0,0,0
