ACC,Loss,LossPrivileged,LossUnprivileged,AEQ,OEQ,OPP,MEQ,MPP,drift-id,gm-id,gm-name
0.9257142857142857,0.25959566,0.21400192,0.66993904,0.8847457627118644,0.7771326461923023,0.8747524423830842,0.23076923076923078,0.7619047619047619,0,0,0
0.9557142857142857,0.16647397,0.14697625,0.34195355,0.9356435643564357,0.9032153631342055,0.912185427861113,0.6210526315789474,0.7846153846153846,0,0,0
0.9642857142857143,0.13993631,0.09375958,0.55552685,0.9264705882352942,0.9031511306355327,0.899277747597403,0.7451612903225806,0.6105263157894737,0,0,0
0.9685714285714285,0.13112892,0.13683343,0.07978828,0.9967320261437909,0.9371617142162154,0.9510012691547731,0.7741935483870968,0.8653846153846154,0,0,0
0.95,0.4919167,0.15548722,3.5197818,0.747557003257329,0.7592092311166847,0.7050761146228671,0.0,0.0,2,0,0
0.8714285714285714,0.6896227,0.64944726,1.0512023,0.9097472924187726,0.7810913733249952,0.8521041937389879,0.2934782608695652,0.5692307692307692,2,9,9
0.8985714285714286,0.46814796,0.36489487,1.3974262,0.7941176470588235,0.7850614113899316,0.7275991135013692,0.0,0.0,2,13,13
0.87,0.6525749,0.53653103,1.6969695,0.7526690391459073,0.6984893248739408,0.6888869082922083,0.17701863354037267,0.32264150943396225,2,14,14
0.95,0.20608376,0.19049937,0.34634334,0.9584026622296172,0.9142079920383488,0.9119557237129163,0.7437499999999999,0.7990867579908676,2,13,13
