ACC,Loss,LossPrivileged,LossUnprivileged,BalancedACC,drift-id,gm-id,gm-name
0.7342747111681643,0.50294656,0.52163625,0.32219374,0.7927289896128423,0,0,0
0.4017971758664955,1.3663958,1.4779727,0.28731018,0.39450860753976896,2,0,0
0.7702182284980744,0.54658324,0.5624683,0.40778646,0.8807613360701623,2,1,1
0.28241335044929394,1.2517818,1.2423542,1.340276,0.9905527638190956,1,11,3-5
0.8125802310654685,0.42658257,0.4077352,0.61452556,0.8924874548495795,1,13,7-6-8
0.7933247753530167,0.43216032,0.41460466,0.5945503,0.9580357142857143,1,13,7-6-8
0.3337612323491656,1.6419475,1.688645,1.1536858,0.7777102576567818,2,13,7-6-8
0.8947368421052632,0.24842355,0.2503817,0.22859024,0.9599652815449712,2,11,3-5
0.9062901155327343,0.22036295,0.2059998,0.37054205,0.9534730430039094,2,16,3-5-4-1-2
