ACC,Loss,LossPrivileged,LossUnprivileged,BalancedACC,drift-id,gm-id,gm-name
0.8049764626765299,0.42022792,0.42620793,0.3107231,0.8927536231884058,0,0,0
0.7861466039004708,0.4407179,0.39036253,1.4449885,0.6155451225873761,1,0,0
0.8056489576328177,0.4176887,0.36424416,1.4381908,0.5915709168721217,1,0,0
0.7942165433759247,0.40891343,0.39806065,0.59486634,0.8369254429666855,1,9,1-5-2-3-4
0.8231338264963013,0.4170107,0.3285808,2.129886,0.40387537559838677,2,0,0
0.8345662407531943,0.36249584,0.3654161,0.3024825,0.9924979329799134,2,9,1-5-2-3-4
0.8345662407531943,0.35369706,0.35864708,0.25917828,0.9792516204405802,2,9,1-5-2-3-4
0.8271687962340283,0.3379707,0.34562185,0.19592077,0.9499387926035693,2,9,1-5-2-3-4
0.8231338264963013,0.35050794,0.3567894,0.22523342,0.9397439402223436,2,9,1-5-2-3-4
