ACC,Loss,LossPrivileged,LossUnprivileged,BalancedACC,drift-id,gm-id,gm-name
0.95,0.17389393,0.17460234,0.16751827,0.9584026622296172,0,0,0
0.9314285714285714,0.3840346,0.16468616,2.3581705,0.7313432835820894,1,0,0
0.9428571428571428,0.20766589,0.13849911,0.8301669,0.7377049180327869,1,0,0
0.94,0.21418197,0.17913096,0.52964115,0.8372093023255814,1,0,0
0.9414285714285714,0.22362791,0.1361173,1.0112234,0.7389162561576355,1,0,0
0.9257142857142857,0.2587855,0.19672585,0.81732225,0.7525083612040134,1,0,0
0.9442857142857143,0.17914367,0.16507691,0.3057444,0.8493377483443708,1,0,0
0.96,0.22523351,0.16310841,0.7843593,0.8501628664495114,0,0,0
0.9642857142857143,0.11433095,0.075739406,0.4616548,0.8142164781906301,0,0,0
