ACC,Loss,LossPrivileged,LossUnprivileged,BalancedACC,drift-id,gm-id,gm-name
0.8442857142857143,0.45403904,0.4247487,1.0105562,0.7693661971830986,0,0,0
0.8785714285714286,0.34639043,0.33386248,0.5844216,0.9402730375426622,0,0,0
0.8785714285714286,0.53861386,0.40033147,3.1659791,0.7048903878583473,1,0,0
0.8685714285714285,0.49684113,0.41317433,2.0865097,0.6797274275979557,1,0,0
0.9071428571428571,0.46124426,0.38649482,1.8814839,0.746317512274959,1,0,0
0.8771428571428571,0.5380352,0.45747772,2.0686274,0.6067226890756302,1,0,0
0.9042857142857142,0.47259566,0.42256814,1.4231192,0.8465346534653466,1,0,0
0.9014285714285715,0.48037067,0.45513535,0.95984095,0.9152823920265781,0,0,0
0.9028571428571428,0.43896812,0.38565192,1.4519764,0.8151815181518152,0,0,0
