ACC,Loss,LossPrivileged,LossUnprivileged,BalancedACC,drift-id,gm-id,gm-name
0.8128571428571428,0.4888181,0.44624943,0.53138673,0.9553264604810997,0,0,0
0.8771428571428571,0.4164912,0.44239658,0.39058584,0.9616613418530351,0,0,0
0.8885714285714286,0.45491272,0.43296984,0.47685552,1.0,0,0,0
0.8942857142857142,0.45292693,0.4742122,0.43164164,0.9936305732484076,0,0,0
0.8871428571428571,0.43920633,0.4895313,0.38888127,0.9903846153846154,0,0,0
0.8928571428571429,0.49983123,0.57441443,0.42524797,0.9968051118210863,0,0,0
0.8871428571428571,0.6349212,0.53362656,0.736216,0.9840255591054313,0,0,0
0.7742857142857142,2.2361648,0.8798931,3.5924373,0.8187919463087249,1,0,0
0.8871428571428571,0.6498986,0.653775,0.6460221,0.9840255591054314,1,2,2
