ACC,Loss,LossPrivileged,LossUnprivileged,BalancedACC,drift-id,gm-id,gm-name
0.8485714285714285,0.45320556,0.40493518,0.88763934,0.8091743119266054,0,0,0
0.8742857142857143,0.35824224,0.3249109,0.6582238,0.9064748201438849,0,0,0
0.8742857142857143,0.620433,0.40581766,2.5519705,0.7833037300177619,1,0,0
0.7814285714285715,0.7278911,0.6995645,0.9828294,0.9858012170385396,1,4,4
0.87,0.45866138,0.44988388,0.5376589,0.9836065573770492,1,7,4-5
0.8528571428571429,0.62019867,0.5627399,1.1373272,0.9500000000000001,1,7,4-5
0.87,0.5351775,0.52447003,0.6315451,0.9836065573770492,1,7,4-5
0.8471428571428572,0.869958,0.5160951,4.0547223,0.7036363636363637,0,7,4-5
0.8928571428571429,0.53573656,0.5330992,0.55947274,0.9734042553191489,0,0,0
