ACC,Loss,LossPrivileged,LossUnprivileged,AEQ,OEQ,OPP,MEQ,MPP,drift-id,gm-id,gm-name
0.9214285714285714,0.26553065,0.26449984,0.27480778,0.923076923076923,0.8555728548606352,0.883003594428477,0.6137566137566137,0.7604166666666667,0,0,0
0.9557142857142857,0.21405812,0.13827911,0.8960692,0.8221859706362153,0.8134308752362461,0.8027480333249304,0.4453781512605042,0.6,0,0,0
0.9671428571428572,0.10816522,0.10940249,0.09702974,0.9950980392156864,0.9447509813181805,0.9456723871416479,0.8280701754385965,0.8140350877192983,0,0,0
0.97,0.10102988,0.09692695,0.13795625,0.9852941176470589,0.937853711026668,0.9439934691858756,0.631578947368421,0.8026315789473684,0,0,0
0.9671428571428572,0.26562154,0.11194467,1.6487135,0.8912337662337663,0.7639680293179117,0.7734742256113006,0.0,0.0,2,0,0
0.8685714285714285,0.7064259,0.6653932,1.0757213,0.8417266187050361,0.8387194726184563,0.8126476284215961,0.49882903981264637,0.5584045584045584,2,8,8
0.86,0.78228813,0.741683,1.1477343,0.779783393501805,0.7607311295925065,0.7752462145412515,0.2807017543859649,0.5115089514066495,2,7,7
0.9628571428571429,0.12633754,0.115873985,0.22050956,0.9605911330049262,0.9265338442452384,0.9205681860405515,0.6779661016949152,0.6854460093896714,2,11,11
0.9271428571428572,0.4026055,0.37143996,0.683096,0.9168081494057725,0.9113615590441537,0.8711495879232777,0.7738095238095238,0.5980392156862745,2,11,11
