ACC,Loss,LossPrivileged,LossUnprivileged,BalancedACC,drift-id,gm-id,gm-name
0.7955271565495208,0.42140085,0.46487495,0.33589494,0.8904612926845504,0,0,0
0.5894568690095847,0.9682806,0.4674296,1.9604428,0.3322483423749247,1,0,0
0.7843450479233227,0.4783046,0.5013138,0.43524134,0.9734336263240928,1,5,5
0.7795527156549521,0.4522786,0.4694523,0.41286945,0.8850931677018634,1,8,4-7
0.8146964856230032,0.440137,0.4758118,0.36792564,0.8752983293556087,1,8,4-7
0.8642172523961661,0.3574202,0.3977794,0.27860567,0.9383615347649037,1,8,4-7
0.8178913738019169,0.37796634,0.46980307,0.18235412,0.7956510995799358,1,8,4-7
0.6325878594249201,1.116943,0.37224507,2.4912488,0.37582205029013543,0,8,4-7
0.7939297124600639,0.44263852,0.46423158,0.40361607,0.9094952748006969,0,20,20
