ACC,Loss,LossPrivileged,LossUnprivileged,BalancedACC,drift-id,gm-id,gm-name
0.94,0.23375514,0.22164178,1.4329792,0.6055045871559632,0,0,0
0.9714285714285714,0.12292659,0.11075505,1.3279076,0.4387001477104874,1,0,0
0.9785714285714285,0.12767456,0.11501769,1.3807062,0.5814977973568282,1,0,0
0.96,0.15426773,0.14326465,1.2435733,0.5928143712574849,1,0,0
0.9628571428571429,0.15496899,0.14990336,0.6564664,0.8892215568862275,1,0,0
0.9685714285714285,0.12457598,0.1209035,0.4881498,0.8839285714285714,1,0,0
0.9857142857142858,0.069837786,0.054821372,1.5564632,0.8684210526315789,1,0,0
0.9842857142857143,0.063814715,0.06372517,0.0726794,0.9841269841269842,0,0,0
0.9957142857142857,0.011368615,0.011478518,0.00048811492,0.9956709956709957,0,0,0
