ACC,Loss,LossPrivileged,LossUnprivileged,BalancedACC,drift-id,gm-id,gm-name
0.96,0.16426404,0.1701923,0.11090981,0.9869281045751636,0,0,0
0.9542857142857143,0.15056868,0.11052425,0.51096845,0.888157894736842,0,0,0
0.9485714285714286,0.4083835,0.113477625,3.062536,0.7012987012987013,1,0,0
0.8514285714285714,0.7140251,0.6693842,1.1157926,0.8422018348623852,1,8,8
0.9157142857142857,0.39327088,0.31379753,1.108531,0.8615384615384616,1,8,8
0.9371428571428572,0.31873313,0.2807773,0.66033554,0.9226890756302522,1,8,8
0.9414285714285714,0.27780548,0.28208745,0.23926775,0.9656862745098039,1,8,8
0.9642857142857143,0.40498915,0.20711152,2.1858873,0.8142164781906301,0,8,8
0.9828571428571429,0.085409746,0.056511097,0.34549764,0.9549839228295819,0,0,0
