ACC,Loss,LossPrivileged,LossUnprivileged,BalancedACC,drift-id,gm-id,gm-name
0.8049764626765299,0.42807695,0.4332742,0.32442477,0.9337779012688711,0,0,0
0.8258238063214526,0.37769705,0.38149595,0.29458937,0.9748753356348293,0,0,0
0.7720242098184263,0.5185475,0.46142375,1.8539329,0.37237777455389526,1,0,0
0.7787491593813046,0.44375876,0.42856827,0.7257826,0.9081092677345537,1,3,3
0.7861466039004708,0.4446194,0.4294739,0.7379862,0.8113935487021708,1,5,2-1-3
0.3389374579690652,1.7284528,1.7301782,1.6959674,0.3423030303030303,2,5,2-1-3
0.550773369199731,0.6345767,0.6535512,0.2670404,0.6415238713566906,2,0,0
0.7861466039004708,0.5230095,0.5416885,0.15591486,0.8369178840778441,0,0,0
0.7262945527908541,0.5791409,0.5984098,0.21121043,0.7918158675835262,0,0,0
