ACC,Loss,LossPrivileged,LossUnprivileged,BalancedACC,drift-id,gm-id,gm-name
0.9214285714285714,0.29390103,0.26779392,0.7899359,0.8622366288492708,0,0,0
0.9528571428571428,0.25919047,0.11952806,2.912776,0.6785714285714286,2,0,0
0.89,0.53557676,0.4997275,1.2167125,0.6955074875207986,2,5,5
0.8628571428571429,0.6391715,0.5645939,2.056146,0.4838709677419355,2,7,7
0.9542857142857143,0.30124256,0.17478366,2.7039616,0.8003120124804992,1,0,0
0.9428571428571428,0.26301375,0.26651067,0.19657198,1.0,1,2,2
0.9628571428571429,0.16357602,0.14162104,0.5807209,0.9781591263650545,1,2,2
0.94,0.37638104,0.14326379,4.8056087,0.5039001560062403,2,2,2
0.9842857142857143,0.049963135,0.046544336,0.11492026,0.9557926829268293,2,5,5
