ACC,Loss,LossPrivileged,LossUnprivileged,BalancedACC,drift-id,gm-id,gm-name
0.93,0.23386328,0.20129259,0.8527067,0.7904,0,0,0
0.9514285714285714,0.1501448,0.13862036,0.3691092,0.9589905362776024,0,0,0
0.9614285714285714,0.11806933,0.08606303,0.7261889,0.8248062015503876,0,0,0
0.9657142857142857,0.118714,0.11897369,0.113779806,0.9751166407465007,0,0,0
0.9557142857142857,0.35216433,0.17262337,3.7634425,0.7375776397515528,2,0,0
0.9157142857142857,0.35511887,0.34586963,0.5308543,0.9328968903436987,2,2,2
0.9214285714285714,0.3726926,0.30227157,1.7106916,0.608,2,2,2
0.9628571428571429,0.15142386,0.13064478,0.5462265,0.8850931677018633,2,2,2
0.9671428571428572,0.14302261,0.1330379,0.33273187,0.9426356589147287,2,2,2
