ACC,Loss,LossPrivileged,LossUnprivileged,AEQ,OEQ,OPP,MEQ,MPP,drift-id,gm-id,gm-name
0.9185714285714286,0.33881593,0.2842526,0.82988584,0.8754266211604095,0.8539708841855809,0.8559685587689175,0.5803571428571428,0.6618589743589745,0,0,0
0.9585714285714285,0.14798109,0.13998005,0.21999052,0.9489291598023064,0.9011090063253555,0.9406867919237598,0.659016393442623,0.742,0,0,0
0.9557142857142857,0.2725141,0.22399907,0.7091493,0.9029605263157895,0.8857435990636094,0.8712177340035778,0.5639445300462249,0.6871794871794871,0,0,0
0.9857142857142858,0.04833622,0.040981222,0.11453116,0.9519230769230769,0.9380054955483879,0.9349648064353946,0.8333333333333334,0.75,0,0,0
0.9642857142857143,0.09831506,0.08502745,0.21790369,0.9264705882352942,0.9167269318730231,0.9106033870761528,0.7611241217798596,0.6352459016393442,0,0,0
0.9714285714285714,0.10927719,0.09523408,0.23566522,0.9189627228525122,0.9214366127557373,0.9120075406700809,0.8333333333333334,0.625,0,0,0
0.9928571428571429,0.03640192,0.03014887,0.092679396,0.9920127795527157,0.9824793956043955,0.9843779850822104,0.8703296703296702,0.8888888888888888,0,0,0
0.9571428571428572,0.1740686,0.07472647,1.0681479,0.7572815533980584,0.7772507453601889,0.7479357033959355,0.125,0.12704918032786885,1,0,0
0.9742857142857143,0.11932453,0.048623558,0.7556333,0.805111821086262,0.7987680020947892,0.8014632665452339,0.0,0.0,1,0,0
