ACC,Loss,LossPrivileged,LossUnprivileged,BalancedACC,drift-id,gm-id,gm-name
0.8214285714285714,0.47847486,0.46674654,0.5840291,0.9137931034482758,0,0,0
0.8714285714285714,0.41961756,0.42783257,0.3456823,0.982078853046595,0,0,0
0.8771428571428571,0.37856144,0.38146946,0.35238913,0.9388489208633094,0,0,0
0.8828571428571429,0.45356733,0.38582143,1.063281,0.8617021276595744,0,0,0
0.8914285714285715,0.59308267,0.39765084,2.351969,0.8699472759226713,2,0,0
0.8857142857142857,0.50548,0.3944578,1.504681,0.7552447552447552,2,0,0
0.88,0.6418809,0.46242893,2.2569485,0.6923076923076923,2,0,0
0.8957142857142857,0.45533308,0.4231374,0.7450939,0.9173989455184535,0,0,0
0.8885714285714286,0.6044732,0.5041777,1.5071325,0.7696335078534031,0,0,0
