ACC,Loss,LossPrivileged,LossUnprivileged,AEQ,OEQ,OPP,MEQ,MPP,drift-id,gm-id,gm-name
0.84,0.4463209,0.42907017,0.77408534,0.9144385026737968,0.784597155721901,0.8345592989293353,0.391812865497076,0.5289855072463768,0,0,0
0.86,0.589214,0.41531,3.8933895,0.7206896551724138,0.6814641032234074,0.6901487568808362,0.0,0.0,1,0,0
0.7414285714285714,0.86313266,0.7988452,2.084595,0.6434262948207171,0.41720382615491874,0.3504323234310447,0.0,0.0,1,2,2
0.8371428571428572,0.5880272,0.5401521,1.4976555,0.7761989342806394,0.6903362994720154,0.7451809557993118,0.34825870646766166,0.3018867924528302,1,4,4
0.87,0.6344717,0.48356214,3.5017536,0.7794871794871795,0.5950572764437148,0.5956113993825876,0.0,0.0,2,4,4
0.8685714285714285,0.5180479,0.47141746,1.4040276,0.7133105802047781,0.6613446125343512,0.6662547187517583,0.0,0.0,2,8,5-6
0.8828571428571429,0.47855526,0.46066436,0.81848276,0.734453781512605,0.6530750198412101,0.6737777361388704,0.0,0.0,2,8,5-6
0.8885714285714286,0.48229605,0.4267205,1.5382322,0.7625418060200669,0.804823206375042,0.7464613528204614,0.5285714285714285,0.3055555555555555,2,8,5-6
0.8685714285714285,0.6749736,0.65267867,1.0985765,0.8147512864493996,0.77750204359768,0.7444205085621827,0.29901960784313725,0.21428571428571427,2,8,5-6
