ACC,Loss,LossPrivileged,LossUnprivileged,AEQ,OEQ,OPP,drift-id,gm-id,gm-name
0.84,0.57000804,0.29566827,1.667367,0.5818181818181818,0.5817290444238048,0.7505525648846147,0,0,0
0.7786666666666666,1.8479544,0.46202216,7.391683,0.2783882783882784,0.28668237691866766,0.5751215516136619,1,0,0
0.8106666666666666,1.614485,0.8359635,4.7285714,0.5204460966542751,0.5030215721739378,0.897992279267517,1,1,1
0.8266666666666667,1.3204503,0.624909,4.1026154,0.5588235294117648,0.6049485382828802,0.6990893276758227,1,1,1
0.7573333333333333,2.163373,0.5295662,8.6986,0.25468164794007486,0.2272466869532196,0.37451028838000855,2,1,1
0.8293333333333334,1.3687992,0.8324215,3.5143094,0.6245353159851302,0.5844142661351854,0.6787417238908279,2,2,2
0.8293333333333334,0.92809755,0.48604614,2.6963034,0.6074074074074074,0.6157024851542806,0.7943298428108155,2,2,2
0.8426666666666667,0.94046307,0.3762399,3.1973555,0.5963636363636363,0.5944842976905899,0.8082736058800061,2,2,2
0.856,1.0935388,0.38324377,3.9347193,0.5857142857142856,0.6154692054365226,0.7262499502215104,2,2,2
