ACC,Loss,LossPrivileged,LossUnprivileged,BalancedACC,drift-id,gm-id,gm-name
0.8442857142857143,0.43033892,0.42348176,0.49205306,0.9235074626865671,0,0,0
0.8657142857142858,0.3566963,0.3306763,0.59087634,0.8983666061705989,0,0,0
0.8871428571428571,0.45485395,0.42773685,0.6989077,0.8920353982300885,0,0,0
0.8971428571428571,0.44270712,0.44165692,0.45215884,0.9858657243816253,0,0,0
0.87,0.84009916,0.5223556,3.6997912,0.7526690391459073,2,0,0
0.8342857142857143,0.4879779,0.45556578,0.77968645,0.8242990654205608,2,2,2
0.8614285714285714,0.515963,0.47388306,0.894683,0.9395604395604396,2,2,2
0.8457142857142858,0.5969317,0.59129447,0.64766634,0.9962476547842402,2,2,2
0.8685714285714285,0.68426573,0.6539108,0.9574594,0.9310344827586207,2,2,2
