ACC,Loss,LossPrivileged,LossUnprivileged,BalancedACC,drift-id,gm-id,gm-name
0.9285714285714286,0.2326315,0.22310297,0.3183883,0.8817567567567568,0,0,0
0.9414285714285714,0.42696044,0.22756815,2.221491,0.787128712871287,1,0,0
0.8357142857142857,0.8801631,0.7827349,1.7570161,0.7500000000000001,1,8,8
0.8928571428571429,0.5196716,0.36798775,1.8848262,0.8684210526315789,0,9,6-7
0.9585714285714285,0.17752647,0.15573426,0.3736565,0.9325657894736842,0,0,0
0.9614285714285714,0.16998065,0.12123768,0.60866755,0.9295081967213115,0,0,0
0.9585714285714285,0.35853767,0.057944354,3.0638773,0.7403225806451613,1,0,0
0.9628571428571429,0.17388688,0.16017507,0.29729322,0.927986906710311,1,9,6-7
0.9671428571428572,0.1435151,0.14887737,0.09525462,0.9885245901639345,1,9,6-7
