ACC,Loss,LossPrivileged,LossUnprivileged,AEQ,OEQ,OPP,MEQ,MPP,drift-id,gm-id,gm-name
0.8428571428571429,0.4330467,0.39686993,0.75863713,0.9067164179104479,0.8444678453904585,0.837726935270589,0.5980392156862745,0.5575757575757576,0,0,0
0.8628571428571429,0.38749495,0.38528836,0.40735444,0.9926470588235293,0.8625470655433325,0.7962302440792921,0.6470588235294118,0.38666666666666666,0,0,0
0.8428571428571429,0.67505234,0.39897606,3.1597385,0.7252747252747253,0.6683569012831377,0.7059062321579382,0.0,0.0,1,0,0
0.8585714285714285,0.5079426,0.40418056,1.4418012,0.7635379061371841,0.6418824368479542,0.6273609577681397,0.0,0.0,1,0,0
0.8671428571428571,0.4579009,0.38070077,1.1527021,0.7033747779751331,0.6260652726889138,0.7151468011124934,0.0,0.0,1,0,0
0.88,0.45657793,0.3278049,1.6155351,0.6923076923076923,0.7036915016241048,0.6265530658307711,0.0,0.0,0,0,0
0.8785714285714286,0.40814117,0.37314987,0.7230626,0.9193548387096775,0.8259731448558917,0.805504755554758,0.2892156862745098,0.25882352941176473,0,0,0
0.8771428571428571,0.47802883,0.32526395,1.8529134,0.6777583187390543,0.5978350413968478,0.6271906015443909,0.0,0.0,1,0,0
0.8371428571428572,0.58990926,0.4684048,1.683449,0.6240875912408759,0.5984809425375464,0.6103128183839489,0.0,0.0,1,0,0
