ACC,Loss,LossPrivileged,LossUnprivileged,AEQ,OEQ,OPP,MEQ,MPP,drift-id,gm-id,gm-name
0.9157142857142857,0.32541814,0.30678496,0.399951,0.9498069498069498,0.9238415668065795,0.8845103731588905,0.8017492711370263,0.5256410256410257,0,0,0
0.9371428571428572,0.22402173,0.13237873,0.59059376,0.8773234200743494,0.8707211189137917,0.8602291904458154,0.7073578595317725,0.6682738669238187,0,0,0
0.9614285714285714,0.13941333,0.1527549,0.086046964,0.9871323529411764,0.9504265983331404,0.9578203217427246,0.8900862068965517,0.8695652173913042,0,0,0
0.9671428571428572,0.095513634,0.06786693,0.2061004,0.9688073394495412,0.9349635657471774,0.951920475227441,0.8253968253968254,0.8872180451127819,0,0,0
0.94,0.5854468,0.13126405,2.4021778,0.8382352941176471,0.7774869241743214,0.7634457072353238,0.0,0.0,2,0,0
0.9442857142857143,0.3919748,0.06527278,1.6987829,0.7811934900542495,0.7632118055555557,0.7619802238385773,0.0,0.0,2,0,0
0.92,0.40840018,0.17370693,1.3471732,0.7792207792207793,0.7814890908944581,0.7693413173484167,0.0,0.0,2,0,0
0.9814285714285714,0.075063676,0.046179887,0.19059882,0.9602888086642598,0.9383277422374785,0.9392032230482918,0.7,0.7338551859099804,0,0,0
0.96,0.15439202,0.11909155,0.295594,0.9321100917431193,0.9093032459896154,0.9307252288077065,0.75,0.7763157894736842,0,0,0
