ACC,Loss,LossPrivileged,LossUnprivileged,BalancedACC,drift-id,gm-id,gm-name
0.9385714285714286,0.24336046,0.24705508,0.17316267,0.9353383458646618,0,0,0
0.9557142857142857,0.23629682,0.138824,2.0882804,0.7682737169517885,2,0,0
0.8828571428571429,0.5431839,0.5025661,1.3149229,0.6026711185308848,2,5,5
0.8857142857142857,0.5465963,0.39260828,3.4723682,0.5033112582781457,1,1,1
0.9142857142857143,0.3735018,0.27334723,2.2764387,0.6763754045307443,1,9,9
0.8785714285714286,0.762194,0.50189936,5.7077928,0.4425956738768719,2,8,8
0.9328571428571428,0.29605308,0.2580265,1.0185574,0.7563694267515924,2,1,1
0.8871428571428571,0.5837786,0.45214605,3.0847979,0.6322795341098169,0,4,4
0.9785714285714285,0.065282315,0.03075698,0.7212637,0.900611620795107,0,0,0
