ACC,Loss,LossPrivileged,LossUnprivileged,BalancedACC,drift-id,gm-id,gm-name
0.8428571428571429,0.44912088,0.43110093,0.79149884,0.875886524822695,0,0,0
0.8485714285714285,0.58576983,0.41323954,3.8638453,0.6963350785340313,1,0,0
0.8971428571428571,0.36584622,0.3381423,0.8922214,0.8205980066445183,1,0,0
0.8928571428571429,0.4287664,0.34367803,2.0454457,0.5957095709570956,1,0,0
0.9057142857142857,0.43919498,0.37198308,1.716222,0.8125,2,0,0
0.9,0.47306523,0.4086245,1.6974394,0.7524752475247525,2,0,0
0.9028571428571428,0.4665806,0.4199194,1.3531429,0.8151815181518152,2,0,0
0.9042857142857142,0.52743715,0.46220428,1.7668595,0.7163934426229509,2,0,0
0.8885714285714286,0.6437405,0.61347586,1.2187692,0.7956448911222781,2,0,0
