ACC,Loss,LossPrivileged,LossUnprivileged,BalancedACC,drift-id,gm-id,gm-name
0.8130990415335463,0.40324938,0.47671455,0.27231812,0.8527567220562454,0,0,0
0.5191693290734825,1.1597213,1.613663,0.24087344,0.36001371045549185,2,0,0
0.8003194888178914,0.48642483,0.5296907,0.41683885,0.9127338625283952,2,5,5
0.8274760383386581,0.42636195,0.47813994,0.31688106,0.903370786516854,2,13,8-5-6-7
0.2827476038338658,1.4148089,1.316651,1.6254289,0.9930644960338885,1,13,8-5-6-7
0.7939297124600639,0.42419627,0.3928743,0.48669034,0.9993788102048482,1,14,2-1-3-4
0.8274760383386581,0.4075369,0.3754976,0.46792427,0.979499717886026,1,16,2-1-3-4-15
0.3466453674121406,1.3967832,1.4641054,1.2614918,0.8221153846153846,2,16,2-1-3-4-15
0.9073482428115016,0.23929265,0.2182288,0.28654987,0.9582888535943969,2,13,8-5-6-7
