ACC,Loss,LossPrivileged,LossUnprivileged,BalancedACC,drift-id,gm-id
0.9242857142857143,0.24965358,0.3099602,0.18934698,0.942942942942943,0,<federated.algorithms.fair_fed_drift.ClientIdentity.ClientIdentity object at 0x7f174c3cad70>
0.9328571428571428,0.30044633,0.43474331,0.1661494,0.9609609609609611,0,<federated.algorithms.fair_fed_drift.ClientIdentity.ClientIdentity object at 0x7f17302130d0>
0.95,0.18715389,0.19254562,0.18176213,0.9791666666666667,0,<federated.algorithms.fair_fed_drift.ClientIdentity.ClientIdentity object at 0x7f16686c8d30>
0.9342857142857143,0.2564878,0.29283047,0.22014505,0.9758308157099698,0,<federated.algorithms.fair_fed_drift.ClientIdentity.ClientIdentity object at 0x7f16cc2ca200>
0.94,0.2528357,0.1753976,0.33027372,0.9641791044776119,0,<federated.algorithms.fair_fed_drift.ClientIdentity.ClientIdentity object at 0x7f174c39c7c0>
0.9514285714285714,0.20563173,0.17565514,0.23560832,0.9880597014925373,0,<federated.algorithms.fair_fed_drift.ClientIdentity.ClientIdentity object at 0x7f166823f130>
0.9585714285714285,0.18160415,0.18724257,0.17596576,0.9910979228486647,0,<federated.algorithms.fair_fed_drift.ClientIdentity.ClientIdentity object at 0x7f16883c09a0>
0.8514285714285714,1.5255497,0.13682614,2.9142733,0.7738095238095238,1,<federated.algorithms.fair_fed_drift.ClientIdentity.ClientIdentity object at 0x7f1608789270>
0.9371428571428572,0.26961747,0.42772356,0.111511305,0.9181286549707602,1,<federated.algorithms.fair_fed_drift.ClientIdentity.ClientIdentity object at 0x7f17301f3700>
0.8414285714285714,1.8753066,0.30456704,3.4460464,0.8067484662576687,0,<federated.algorithms.fair_fed_drift.ClientIdentity.ClientIdentity object at 0x7f15c90edff0>
