ACC,Loss,LossPrivileged,LossUnprivileged,BalancedACC,drift-id,gm-id,gm-name
0.8228571428571428,0.49220923,0.4865647,0.5994556,0.9344262295081968,0,0,0
0.89,0.35868374,0.31893557,1.1138986,0.8274706867671692,2,0,0
0.7842857142857143,0.74716693,0.71037626,1.4461893,0.8307984790874524,2,5,5
0.88,0.6480092,0.48047894,3.8310843,0.6705882352941176,2,0,0
0.8428571428571429,0.8198244,0.6147225,4.7167606,0.5979020979020978,1,7,7
0.89,0.4255548,0.42757165,0.38723326,0.9276094276094277,1,4,4
0.8671428571428571,0.5232418,0.47603807,1.4201125,0.7821612349914236,1,4,4
0.7528571428571429,1.1222231,0.7561946,8.076767,0.2557692307692308,2,13,13
0.9042857142857142,0.47688437,0.41912428,1.5743259,0.8465346534653466,2,7,7
