ACC,BalancedACC,drift-id,gm-id
0.060411311053984576,0.39886039886039887,0,0
0.9434447300771208,0.9014723407527006,0,0
0.9562982005141388,0.7729739846528167,1,0
0.9447300771208226,0.711623178583531,1,0
0.9652956298200515,0.8790673264357475,1,0
0.9755784061696658,0.8974358974358974,1,0
0.9627249357326478,0.753274704070652,0,0
0.9717223650385605,0.7736516357206012,2,0
0.9730077120822622,0.8146752383063622,2,0
