ACC,Loss,LossPrivileged,LossUnprivileged,BalancedACC,drift-id,gm-id,gm-name
0.8049764626765299,0.42022792,0.42620793,0.3107231,0.8927536231884058,0,0,0
0.777404169468729,0.4666151,0.39036253,1.9873708,0.3869140770549221,1,0,0
0.788836583725622,0.44902697,0.43120703,0.78929156,0.8324156006540349,1,2,2
0.8036314727639543,0.4054509,0.3967959,0.5537469,0.9535788158234939,1,13,1-3
0.4505716207128447,1.3606974,1.3296427,1.962224,0.5042690217961359,2,2,2
0.9105581708137189,0.22504658,0.2235204,0.25641033,0.9496089242210539,2,22,9-10-5-6-7-8
0.933422999327505,0.17769362,0.1692727,0.33848715,0.938132009560581,2,22,9-10-5-6-7-8
0.9166106254203094,0.18585014,0.17935568,0.30642518,0.9598054743339831,2,22,9-10-5-6-7-8
0.9193006052454606,0.2014299,0.1971178,0.28742957,0.9475149749069127,2,22,9-10-5-6-7-8
