ACC,Loss,LossPrivileged,LossUnprivileged,BalancedACC,drift-id,gm-id,gm-name
0.8171428571428572,0.4929298,0.48709047,0.60387623,0.9412844036697248,0,0,0
0.8871428571428571,0.36333057,0.32301,1.1294214,0.8302521008403362,2,0,0
0.8828571428571429,0.4008714,0.3523548,1.3226866,0.7676767676767676,2,0,0
0.8885714285714286,0.6163566,0.4680294,3.434573,0.6312292358803986,2,0,0
0.8414285714285714,0.81344336,0.6021732,4.8275766,0.5989492119089316,1,6,6
0.8985714285714286,0.4169057,0.41867405,0.38330698,0.981907894736842,1,4,4
0.87,0.51286775,0.47789285,1.1773916,0.8133561643835616,1,4,4
0.7628571428571429,1.1075674,0.7394959,8.100926,0.2159090909090909,2,10,10
0.9057142857142857,0.41046202,0.367232,1.2318325,0.8125,2,6,6
