ACC,Loss,LossPrivileged,LossUnprivileged,BalancedACC,drift-id,gm-id,gm-name
0.8671428571428571,0.3965353,0.38959873,0.4589645,0.9508196721311476,0,0,0
0.8371428571428572,0.68744856,0.41430688,3.1457236,0.6416819012797075,2,0,0
0.8642857142857143,0.479649,0.37351856,1.434823,0.7580645161290323,2,0,0
0.8757142857142857,0.5593119,0.3619882,2.3352256,0.6619964973730298,1,0,0
0.89,0.4900927,0.4257745,1.0689559,0.8024475524475524,1,0,0
0.8914285714285715,0.50173515,0.4213858,1.22488,0.7839721254355401,1,0,0
0.88,0.5164151,0.4471771,1.1395563,0.8123893805309734,1,0,0
0.9042857142857142,0.51465046,0.4273703,1.3001724,0.839378238341969,0,0,0
0.8814285714285715,0.6057155,0.54697084,1.1344177,0.7250437828371279,0,0,0
