ACC,Loss,LossPrivileged,LossUnprivileged,BalancedACC,drift-id,gm-id,gm-name
0.96,0.16499713,0.1541819,1.2357066,0.7421289355322339,0,0,0
0.9571428571428572,0.14459173,0.12690061,1.896012,0.4452773613193403,1,0,0
0.9757142857142858,0.113192484,0.1094107,0.48758864,0.8774002954209748,1,0,0
0.9571428571428572,0.16240491,0.14378603,2.0056748,0.4452773613193403,1,0,0
0.9785714285714285,0.09491059,0.09529639,0.056716237,0.9783549783549782,1,0,0
0.9671428571428572,0.13950941,0.12121244,1.9509102,0.588410104011887,1,0,0
0.98,0.11841882,0.104006946,1.5451945,0.7268722466960352,1,0,0
0.9857142857142858,0.15912978,0.16068222,0.0054382053,0.9855699855699855,0,0,0
0.9814285714285714,0.098566025,0.07561867,2.3703537,0.8722466960352422,0,0,0
