ACC,Loss,LossPrivileged,LossUnprivileged,BalancedACC,drift-id,gm-id,gm-name
0.7575757575757576,0.45193136,0.48870137,0.38713852,0.9300694444444446,0,0,0
0.6491228070175439,0.83171296,0.4486991,1.820983,0.37001605136436594,1,0,0
0.7364217252396166,0.539683,0.5089825,0.5975471,0.9981204156479218,1,2,2
0.7699680511182109,0.5012834,0.44648844,0.60603106,0.932213608957795,1,7,4-2-1-3
0.2476038338658147,1.3601547,1.4157643,1.2603551,0.5429171668667467,2,7,4-2-1-3
0.31150159744408945,1.1395156,1.1444542,1.1293732,0.48092003704847175,2,7,4-2-1-3
0.8258785942492013,0.4407225,0.4889364,0.35298193,0.9616336633663366,2,12,8-9-10
0.26677316293929715,1.4207333,1.3857787,1.4968531,0.8529187817258882,1,12,8-9-10
0.8370607028753994,0.3945862,0.4099754,0.36006021,0.9201274934835163,1,7,4-2-1-3
