ACC,Loss,LossPrivileged,LossUnprivileged,AEQ,OEQ,OPP,MEQ,MPP,drift-id,gm-id,gm-name
0.8241335044929397,0.36989078,0.391684,0.1683032,0.8298027757487216,0.7384196720281477,0.8206238859180035,0.5489130434782609,0.792156862745098,0,0,0
0.834403080872914,0.32574278,0.33367243,0.24666974,0.9343780826831675,0.91596640295257,0.9610187152888081,0.8490168539325843,0.9307583608101744,0,0,0
0.8421052631578947,0.33452642,0.3435833,0.25313073,0.9465980276623457,0.965255118929399,0.8290073038561219,0.9385964912280703,0.7336448598130841,0,0,0
0.8369704749679076,0.32510424,0.33255774,0.26087552,0.980503301357917,0.9038888903063502,0.9788608533374237,0.8461538461538461,0.964102564102564,0,0,0
0.8421052631578947,0.3415734,0.31903765,0.6021885,0.9541679974449058,0.6747188336546972,0.8911851885287834,0.41801801801801797,0.8726415094339622,2,0,0
0.7881899871630296,0.43893868,0.4217509,0.6412479,0.8642668806603233,0.8428616000901898,0.8778431980167338,0.7011359185272229,0.816003856350928,2,11,11
0.8215661103979461,0.39767352,0.3848526,0.54338443,0.9631423190745224,0.9103483186215476,0.9688009526132674,0.8684210526315791,0.9615745079662606,2,13,13
0.8408215661103979,0.3651367,0.36454785,0.37194672,0.9623947517950308,0.9680833962807687,0.9382668628091969,0.9620171326975917,0.8928571428571428,2,12,12
0.8267008985879333,0.3484812,0.34741488,0.36081308,0.9945873905238536,0.8277450515593022,0.8938398692810459,0.7371007371007372,0.8494444444444446,2,12,12
