ACC,Loss,LossPrivileged,LossUnprivileged,BalancedACC,drift-id,gm-id,gm-name
0.9314285714285714,0.21810041,0.201056,0.5419448,0.8844301765650081,0,0,0
0.9542857142857143,0.24918804,0.11645026,2.7712054,0.6775193798449612,1,0,0
0.9671428571428572,0.16152781,0.09179397,1.4864715,0.7588325652841782,1,0,0
0.97,0.12587553,0.062227774,1.3351828,0.7262996941896025,1,0,0
0.9671428571428572,0.19825774,0.15327492,1.0529319,0.7892307692307693,2,0,0
0.9757142857142858,0.13720767,0.093482085,0.96799374,0.8122137404580153,2,0,0
0.9585714285714285,0.15834408,0.11255304,1.0283737,0.6743827160493827,2,0,0
0.99,0.038789228,0.011964303,0.5484628,0.9198184568835097,2,0,0
0.9885714285714285,0.037871685,0.015000365,0.4724267,0.8910741301059001,2,0,0
