ACC,Loss,LossPrivileged,LossUnprivileged,BalancedACC,drift-id,gm-id,gm-name
0.785622593068036,0.45249262,0.45862412,0.39228475,0.9369165487977369,0,0,0
0.7342747111681643,0.57097006,0.4343139,1.9551016,0.31024453024453025,2,0,0
0.7804878048780488,0.45254257,0.39387557,0.9723771,0.5907172995780591,2,0,0
0.7715019255455713,0.45516795,0.42019945,0.83293384,0.6680319091979868,2,0,0
0.8318356867779204,0.3740264,0.3708345,0.4096855,0.9105377381239451,1,0,0
0.8125802310654685,0.3853097,0.37094513,0.5125908,0.8431518549340808,1,0,0
0.8177150192554558,0.3706463,0.33296558,0.70452565,0.7547495309770773,1,0,0
0.8048780487804879,0.3948248,0.36413753,0.687183,0.7720177073625349,2,0,0
0.7689345314505777,0.44215065,0.41268674,0.7552598,0.6795153893056918,2,0,0
