ACC,Loss,LossPrivileged,LossUnprivileged,AEQ,OEQ,OPP,MEQ,MPP,drift-id,gm-id,gm-name
0.9542857142857143,0.17543085,0.17815742,0.1508917,0.9966832504145937,0.9281016128168169,0.9568477411701185,0.8041431261770245,0.9227272727272727,0,0,0
0.9342857142857143,0.39859655,0.15098274,2.627121,0.7450331125827815,0.7125951139891977,0.7137023643808301,0.0,0.0,1,0,0
0.8185714285714286,0.956951,0.89828897,1.4849098,0.6754221388367729,0.6267720944122928,0.6004265133807687,0.0,0.0,1,4,4
0.93,0.2930104,0.17657626,1.3409176,0.7487520798668885,0.7130240821469966,0.7103609671649899,0.0,0.0,1,0,0
0.9542857142857143,0.25629315,0.122362286,1.4616711,0.7597402597402598,0.7300908101301972,0.7138922157498648,0.0,0.0,2,0,0
0.9514285714285714,0.25866663,0.16106972,1.1370392,0.7941176470588236,0.7455013621400416,0.7233229223890427,0.0,0.0,2,0,0
0.9614285714285714,0.20185006,0.15779766,0.5983215,0.8809135399673735,0.8042318133587356,0.8047815861674558,0.0,0.0,2,0,0
0.97,0.18714581,0.15399128,0.48553684,0.8564516129032259,0.7911408830160909,0.7994195224805323,0.0,0.0,2,0,0
0.96,0.17696303,0.051368803,1.3073112,0.7234726688102894,0.7648697568392514,0.7314172056464303,0.0,0.0,2,0,0
