ACC,Loss,LossPrivileged,LossUnprivileged,AEQ,OEQ,OPP,MEQ,MPP,drift-id,gm-id,gm-name
0.9257142857142857,0.25467804,0.23718874,0.3246351,0.9465648854961831,0.9202062499989502,0.935055623942111,0.8194444444444444,0.8571428571428571,0,0,0
0.91,0.7786204,0.26876205,2.8180537,0.7894736842105263,0.7706676563499,0.7620008225055217,0.0,0.0,2,0,0
0.9371428571428572,0.2150686,0.14172244,0.50845337,0.8682745825602969,0.8170732403564042,0.824634740330386,0.1016949152542373,0.14769975786924938,2,0,0
0.9242857142857143,0.28209615,0.15745856,0.78064656,0.8555347091932458,0.8160565404098022,0.8147921898189343,0.09421487603305785,0.13636363636363638,0,0,0
0.9257142857142857,0.27305388,0.16294369,0.7134947,0.8268156424581005,0.824279966717447,0.7959902257561151,0.3380102040816326,0.4504504504504504,0,0,0
0.9157142857142857,0.35605535,0.16151612,1.1342123,0.8195488721804511,0.786088943331458,0.7932560851067538,0.0,0.0,0,0,0
0.9271428571428572,0.27314547,0.10245606,0.95590305,0.7720588235294118,0.7463145553920755,0.76194366464933,0.0,0.0,0,0,0
0.9228571428571428,0.19482781,0.104062535,0.557889,0.7326007326007327,0.7655690249502122,0.7713365315277386,0.1568181818181818,0.27892561983471076,1,0,0
0.9242857142857143,0.2043775,0.17248663,0.33194104,0.846441947565543,0.7908985791370702,0.7975694626571086,0.3725490196078431,0.30303030303030304,1,0,0
