ACC,Loss,LossPrivileged,LossUnprivileged,AEQ,OEQ,OPP,MEQ,MPP,drift-id,gm-id,gm-name
0.8214285714285714,0.47258177,0.45752227,0.75871265,0.7916666666666666,0.7390118729633152,0.6828580968724967,0.0,0.0,0,0,0
0.8628571428571429,0.35681778,0.32620847,0.9383947,0.8203799654576858,0.7181928964712401,0.6581189407204006,0.0,0.0,0,0,0
0.8971428571428571,0.3337404,0.29699996,1.0318089,0.7877280265339967,0.5663815116079164,0.6344536743278623,0.0,0.0,0,0,0
0.9057142857142857,0.46105307,0.38272655,1.9492567,0.7152209492635024,0.7031425532054307,0.6648863348989357,0.0,0.0,0,0,0
0.8857142857142857,0.66907185,0.5037434,3.8103118,0.7319932998324958,0.6155314218161669,0.568518535359645,0.0,0.0,2,0,0
0.8957142857142857,0.48196587,0.38009754,2.4174638,0.6260296540362438,0.6011518763348301,0.590916151694871,0.0,0.0,2,0,0
0.91,0.47044346,0.409534,1.6277225,0.7438825448613376,0.6737267698464393,0.6880204480292973,0.0,0.0,2,0,0
0.8985714285714286,0.5695418,0.48357397,2.2029312,0.7211221122112211,0.6768777938269882,0.6085454302899863,0.0,0.0,2,0,0
0.8842857142857142,0.656923,0.55731463,2.5494804,0.6672240802675585,0.5825011180317784,0.5892196215798213,0.0,0.0,2,0,0
