ACC,Loss,LossPrivileged,LossUnprivileged,AEQ,OEQ,OPP,MEQ,MPP,drift-id,gm-id,gm-name
0.83,0.45116836,0.44941953,0.46690744,0.9790076335877862,0.8242632088052785,0.8502909029669132,0.40340909090909094,0.5847457627118644,0,0,0
0.8371428571428572,0.6341425,0.41500327,2.6063957,0.7486136783733828,0.6784257974632348,0.7154337772029745,0.0,0.0,2,0,0
0.88,0.35953104,0.3051776,0.8487117,0.7605633802816901,0.7027582881841179,0.7155470059773075,0.24171539961013644,0.3567251461988304,2,0,0
0.87,0.39848444,0.34889072,0.8448276,0.770053475935829,0.7126346851782468,0.7223513807991108,0.3055555555555555,0.31666666666666665,2,0,0
0.8714285714285714,0.44172755,0.41660368,0.66784227,0.9097472924187726,0.8136760215674315,0.8229302255660761,0.5175438596491229,0.5087719298245614,1,0,0
0.8542857142857143,0.5105916,0.4052309,1.4588383,0.6107142857142857,0.6790138185689341,0.6302943369630502,0.0,0.0,1,0,0
0.8685714285714285,0.4960205,0.4329911,1.0632849,0.6678445229681979,0.6914085317334295,0.6062390730145657,0.0,0.0,1,0,0
0.8771428571428571,0.38933825,0.32241645,0.99163437,0.7288732394366197,0.6640527119934385,0.6759231515838658,0.0,0.0,1,0,0
0.8928571428571429,0.38226715,0.28982568,1.2142404,0.7487001733102253,0.7282207035692511,0.7289896305122274,0.0,0.0,1,0,0
