ACC,Loss,LossPrivileged,LossUnprivileged,BalancedACC,drift-id,gm-id,gm-name
0.9,0.3780331,0.36615974,0.6036269,0.8837209302325582,0,0,0
0.9571428571428572,0.15386637,0.12103983,0.77757025,0.859594383775351,0,0,0
0.9642857142857143,0.14892799,0.14726178,0.18058571,0.9922600619195046,0,0,0
0.9785714285714285,0.07785788,0.070722684,0.21342646,0.9616564417177914,0,0,0
0.9642857142857143,0.24341413,0.114106774,2.7002537,0.7307692307692308,2,0,0
0.9742857142857143,0.122935444,0.08271975,0.8870336,0.8742331288343558,2,0,0
0.9728571428571429,0.12586482,0.051289115,1.5428034,0.7541984732824428,2,0,0
0.9814285714285714,0.08009557,0.071863845,0.23649815,0.9587155963302751,0,0,0
0.98,0.07807231,0.05559877,0.50506943,0.8689024390243902,0,0,0
