ACC,Loss,LossPrivileged,LossUnprivileged,BalancedACC,drift-id,gm-id,gm-name
0.9342857142857143,0.22859965,0.21128675,0.5575452,0.9774919614147909,0,0,0
0.9642857142857143,0.17355329,0.16132313,0.40592682,0.883720930232558,0,0,0
0.9628571428571429,0.13758807,0.11959769,0.479405,0.9160186625194401,0,0,0
0.9757142857142858,0.09799517,0.08645898,0.3171825,0.93394777265745,0,0,0
0.9542857142857143,0.33586985,0.19563562,3.0003207,0.8003120124804992,2,0,0
0.8728571428571429,0.5394969,0.5018222,1.2553169,0.6097972972972973,2,10,10
0.9285714285714286,0.3318202,0.26888648,1.5275615,0.696969696969697,2,10,10
0.9557142857142857,0.19531289,0.10284836,1.9521389,0.7990654205607477,0,10,10
0.9885714285714285,0.02951712,0.026019935,0.09596365,0.9817629179331308,0,0,0
