ACC,Loss,LossPrivileged,LossUnprivileged,AEQ,OEQ,OPP,MEQ,MPP,drift-id,gm-id,gm-name
0.9328571428571428,0.22117499,0.20396875,0.54809326,0.8830128205128206,0.8142287546905443,0.8065709682944355,0.5217391304347826,0.5144927536231884,0,0,0
0.9542857142857143,0.24784118,0.122064106,2.6376054,0.6775193798449612,0.7158686892557862,0.6649988859112166,0.0,0.0,1,0,0
0.8814285714285715,0.5719198,0.5410642,1.1581758,0.7025210084033613,0.6778191917509002,0.6900803671276252,0.0,0.2850877192982456,1,1,1
0.8957142857142857,0.49473536,0.4106463,2.0924296,0.59375,0.49352303448004226,0.6205324991213865,0.0,0.0,1,1,1
0.9628571428571429,0.20837754,0.16463383,1.0395079,0.7928902627511593,0.7622843496213488,0.7360566927018699,0.0,0.0,2,0,0
0.9728571428571429,0.12874463,0.088281676,0.8975408,0.7844036697247707,0.7367362984097264,0.7422209544487769,0.0,0.0,2,0,0
0.96,0.14140771,0.10598651,0.81441075,0.7341576506955179,0.7547128203070669,0.7557891023374761,0.21000000000000002,0.21666666666666667,2,0,0
0.9885714285714285,0.034985565,0.016163683,0.39260125,0.8910741301059001,0.8689346115840682,0.909456485543442,0.5,0.5064935064935064,2,0,0
0.9942857142857143,0.0357208,0.010032307,0.5238021,0.9156626506024096,0.9315972222222223,0.935300925925926,0.4,0.8,2,0,0
