ACC,Loss,LossPrivileged,LossUnprivileged,AEQ,OEQ,OPP,drift-id,gm-id,gm-name
0.5933333333333334,5.8317943,5.793599,6.1755524,0.6506024096385542,0.3398205659075224,0.3468762718762719,0,0,0
0.5766666666666667,4.953699,4.960043,4.896607,0.49390243902439024,0.21286231884057974,0.26747967479674795,0,0,0
0.6183333333333333,4.8397136,4.813604,5.074697,0.6502890173410405,0.3460648148148148,0.362616144018583,0,0,0
0.6016666666666667,4.678256,4.685981,4.6087346,0.584070796460177,0.3008880008880009,0.32244949494949493,0,0,0
0.6183333333333333,4.6786075,4.6853094,4.618293,0.3008356545961003,0.1777281746031746,0.18141233766233764,2,0,0
0.6533333333333333,4.6719656,4.6767507,4.6289034,0.48387096774193544,0.3138779824826336,0.33013943420920167,2,0,0
0.62,4.6608653,4.6631165,4.6406045,0.48441926345609065,0.22151360544217683,0.256046511627907,2,0,0
0.5883333333333334,4.6964536,4.700655,4.6586385,0.3994082840236687,0.19116832779623477,0.16697072768501342,2,0,0
0.6333333333333333,4.674147,4.677798,4.6412935,0.47368421052631576,0.29662069196952917,0.2947749924494111,2,0,0
