ACC,Loss,LossPrivileged,LossUnprivileged,BalancedACC,drift-id,gm-id,gm-name
0.754813863928113,0.477423,0.49019358,0.36887327,0.8849104859335039,0,0,0
0.7997432605905006,0.41661116,0.42566213,0.33526868,0.939048113085203,0,0,0
0.8421052631578947,0.34548414,0.35780457,0.2263305,0.8941009831694717,0,0,0
0.8395378690629012,0.35416594,0.3562229,0.3348579,0.9491219008264462,0,0,0
0.42618741976893454,1.5361388,1.6355358,0.38666153,0.4261805140466228,2,0,0
0.8138639281129654,0.46729472,0.47468376,0.397936,0.9015646200814112,2,1,1
0.8112965340179717,0.4707569,0.48249185,0.35552624,0.9362595245699684,2,9,3-2-5-1-4
0.3632862644415918,1.2984581,1.3994212,0.3645512,0.34181240063593005,0,9,3-2-5-1-4
0.8292682926829268,0.36397803,0.37183836,0.29019585,0.8908720355731224,0,0,0
