ACC,Loss,LossPrivileged,LossUnprivileged,BalancedACC,drift-id,gm-id
0.9171428571428571,0.26558763,0.22505064,0.63042057,0.8600682593856656,0,0
0.9457142857142857,0.20319107,0.16183773,0.5753712,0.93,0,0
0.9514285714285714,0.23164669,0.17291526,0.7602294,0.923841059602649,0,0
0.9485714285714286,0.2818053,0.29664525,0.14824533,0.990049751243781,0,0
0.9428571428571428,0.48149633,0.1965949,3.0456095,0.801980198019802,1,0
0.9414285714285714,0.27007034,0.2506899,0.4444946,0.9513422818791947,1,1
0.9214285714285714,0.29139718,0.2251973,0.8871958,0.8556876061120544,1,1
0.9271428571428572,0.49568194,0.18881917,3.2574472,0.735,0,1
0.9485714285714286,0.2518023,0.23321572,0.41908097,0.9269102990033222,0,0
0.96,0.19253083,0.16703263,0.42201468,0.9147540983606557,0,0
