ACC,Loss,LossPrivileged,LossUnprivileged,AEQ,OEQ,OPP,MEQ,MPP,drift-id,gm-id,gm-name
0.9142857142857143,0.2668146,0.2263677,0.63083667,0.863013698630137,0.7526537984918178,0.8464365541160237,0.22641509433962267,0.6875,0,0,0
0.9514285714285714,0.15589938,0.1332075,0.36012635,0.923841059602649,0.8920253417497184,0.9059222202417525,0.6321428571428571,0.7229508196721312,0,0,0
0.9585714285714285,0.15624939,0.10547203,0.6132457,0.916256157635468,0.9046012631674463,0.8670205451826624,0.7631578947368421,0.5175438596491229,0,0,0
0.9714285714285714,0.12200911,0.12350443,0.108551264,0.9836867862969005,0.9490511509480241,0.9390474454838763,0.859375,0.8129032258064517,0,0,0
0.9557142857142857,0.46763688,0.16204469,3.2179668,0.7902439024390244,0.7799335180308409,0.7333188858221187,0.0,0.0,1,0,0
0.9528571428571428,0.25662577,0.2395239,0.41054267,0.9883527454242927,0.9266646238548224,0.944721252740036,0.7758620689655173,0.875,1,1,1
0.94,0.26669398,0.21501109,0.7318402,0.903010033444816,0.8766477014678902,0.8712459006039314,0.587991718426501,0.7630402384500745,1,1,1
0.9471428571428572,0.47080052,0.11626065,3.6616595,0.7340946166394781,0.752826363984629,0.7524834310681378,0.0,0.0,0,1,1
0.9714285714285714,0.14850359,0.1282883,0.33044133,0.9189627228525122,0.9200123378260319,0.9000336794524044,0.8369230769230769,0.6933333333333332,0,0,0
