ACC,Loss,LossPrivileged,LossUnprivileged,AEQ,OEQ,OPP,drift-id,gm-id,gm-name
0.8266666666666667,0.6575174,0.27662116,2.181102,0.5588235294117648,0.5889069533042455,0.8963343115979987,0,0,0
0.8026666666666666,1.724202,0.2596965,7.582224,0.30000000000000004,0.303061405245243,0.35572792702199596,1,0,0
0.832,1.2384832,0.5951055,3.8119934,0.5054151624548736,0.4585312114968332,0.7419555083543454,1,0,0
0.7946666666666666,1.358411,0.7527306,3.7811325,0.4312267657992565,0.4868988603229185,0.7719280979545229,1,0,0
0.776,1.3824253,0.6770019,4.204119,0.3595505617977528,0.3668327790404357,0.6630321439035912,1,0,0
0.7733333333333333,1.614818,0.66590685,5.4104624,0.2804428044280443,0.2947219767977008,0.7100092127918253,1,0,0
0.8,1.4076569,0.5176432,4.9677105,0.36363636363636365,0.33079162624084324,0.7579927633570188,1,0,0
0.776,1.6041704,0.5906097,5.6584134,0.2952029520295203,0.3315434700563784,0.6580513921882212,1,0,0
0.7893333333333333,1.4303826,0.6143906,4.6943507,0.40148698884758366,0.3914495275924276,0.6240963471596842,1,0,0
