ACC,Loss,LossPrivileged,LossUnprivileged,AEQ,OEQ,OPP,MEQ,MPP,drift-id,gm-id,gm-name
0.9357142857142857,0.23680468,0.20498231,0.5232059,0.9409780775716694,0.8595118827632721,0.8665276107973868,0.7446808510638298,0.5217391304347826,0,0,0
0.9385714285714286,0.377519,0.13131963,2.5933137,0.7413509060955519,0.7233133815592363,0.7355590102238612,0.0,0.0,1,0,0
0.8771428571428571,0.54448575,0.49903953,0.95350224,0.8502673796791445,0.7503109362299457,0.8033203935560707,0.16009852216748766,0.5007824726134585,1,1,1
0.91,0.4085569,0.24428144,1.8870357,0.6352941176470588,0.5947218695600125,0.7160470306000282,0.1810344827586207,0.16464891041162227,1,5,1-4
0.9085714285714286,0.6991617,0.2759883,4.5077224,0.6201680672268908,0.6537663840788841,0.6397933201058201,0.0,0.0,2,6,3-1-4
0.86,0.6429691,0.5359465,1.6061718,0.675,0.6647968110471283,0.686239088087732,0.1409090909090909,0.18181818181818182,2,10,10
0.9371428571428572,0.276724,0.19444945,1.017195,0.8073089700996677,0.78840595966968,0.8031499177410284,0.3508771929824561,0.6095679012345679,2,13,9-7-11
0.9528571428571428,0.42244333,0.05436169,3.735178,0.6666666666666666,0.6065678712053602,0.649971036477184,0.0,0.0,1,13,9-7-11
0.9814285714285714,0.07807801,0.0698371,0.15224618,0.9565217391304347,0.9330798982844503,0.9408127326706287,0.6775956284153005,0.8333333333333334,1,6,3-1-4
