ACC,Loss,LossPrivileged,LossUnprivileged,BalancedACC,drift-id,gm-id,gm-name
0.9528571428571428,0.19180405,0.22288568,0.16072243,0.991044776119403,0,0,0
0.8657142857142858,1.3032144,0.1545938,2.4518347,0.8089552238805969,2,0,0
0.8014285714285714,1.045326,0.92959046,1.1610616,0.9823321554770317,2,4,4
0.7742857142857142,2.4673235,0.36813807,4.5665083,0.69375,1,10,1-3
0.9514285714285714,0.2582836,0.171324,0.34524313,0.9473684210526316,1,13,8-6-7
0.92,0.26241347,0.28489563,0.23993127,0.9815384615384617,1,13,8-6-7
0.9514285714285714,0.20124629,0.30812725,0.09436534,0.9762611275964391,1,13,8-6-7
0.86,1.8667244,0.110688075,3.6227608,0.7499999999999999,0,13,8-6-7
0.9785714285714285,0.08567953,0.00088210474,0.17047697,0.9571428571428572,0,0,0
