ACC,BalancedACC,drift-id,gm-id
0.08647798742138364,0.11795584375482476,0,0
0.7783018867924528,0.9406206103945857,0,0
0.05188679245283019,0.6258084385586695,1,0
0.7657232704402516,0.9132818793690394,1,0
0.8207547169811321,0.9725775602970765,1,0
0.8427672955974843,0.9462460809420099,1,0
0.8522012578616353,0.9888270846878086,1,0
0.8852201257861635,0.9937518872087892,1,0
0.8443396226415094,0.9810296789824349,0,0
0.8647798742138365,0.9726059691640342,0,0
0.8647798742138365,0.9251081265649898,0,0
