ACC,Loss,LossPrivileged,LossUnprivileged,AEQ,OEQ,OPP,drift-id,gm-id,gm-name
0.8044444444444444,0.6630439,0.36332536,1.2624812,0.752851711026616,0.7555188662337959,0.8904859324523,0,0,0
0.7155555555555555,2.3875272,0.46746632,6.2276487,0.40298507462686567,0.39574022462876124,0.5496070596146141,2,0,0
0.7088888888888889,2.511683,0.5657603,6.4035287,0.41666666666666663,0.44310082555405833,0.6176250648766404,2,0,0
0.8,1.0997485,0.364529,2.5701876,0.5899280575539568,0.5814342382879742,0.8563682259884999,0,0,0
0.8422222222222222,0.94199234,0.41891798,1.9881411,0.7563636363636365,0.7645350960717283,0.6409255330756689,0,0,0
0.8111111111111111,0.88060397,0.26303333,2.1157453,0.5978647686832741,0.6120765347465509,0.651160972951906,0,0,0
0.8444444444444444,0.70199,0.23324539,1.6394792,0.7142857142857142,0.7009009985851112,0.757821996095573,0,0,0
0.74,1.8727148,0.4367434,4.7446575,0.4943820224719101,0.4495936300712514,0.403781149103808,1,0,0
0.8422222222222222,1.1026027,0.51861,2.2705882,0.7970479704797048,0.7854295317543679,0.9929441250498008,1,3,3
