ACC,Loss,LossPrivileged,LossUnprivileged,AEQ,OEQ,OPP,drift-id,gm-id,gm-name
0.8022222222222222,0.83668417,0.568275,1.3735027,0.7984496124031008,0.8185699312541156,0.8879912562184182,0,0,0
0.82,0.96113926,0.5499183,1.7835811,0.7537313432835822,0.7527920902969603,0.9160782734271907,0,0,0
0.7466666666666667,2.3083527,0.5005013,5.9240556,0.44363636363636366,0.41237196247133573,0.5300098397135398,2,0,0
0.7266666666666667,2.7396119,0.36821583,7.4824038,0.3695652173913044,0.3769401615330456,0.4213582635628241,2,0,0
0.7088888888888889,1.967607,1.4310876,3.0406458,0.7033898305084746,0.6909763338759333,0.9187197693710445,2,1,1
0.6511111111111111,3.1085005,0.9474669,7.430568,0.3162055335968379,0.31659750228924344,0.5080517591739285,0,1,1
0.8222222222222222,1.1165498,0.2374481,2.8747532,0.5874125874125874,0.5965169531022798,0.6817345878088434,0,0,0
0.7088888888888889,2.9714472,0.38984132,8.134659,0.3032490974729242,0.2905313089808166,0.4363839142525429,1,0,0
0.8066666666666666,1.2430481,0.8116446,2.1058547,0.7923076923076923,0.7790603225259969,0.8457003266662846,1,2,2
