ACC,Loss,LossPrivileged,LossUnprivileged,AEQ,OEQ,OPP,MEQ,MPP,drift-id,gm-id,gm-name
0.94,0.23967776,0.24210857,0.19349235,0.9968102073365233,0.7863342031186493,0.8585135802136994,0.0,0.0,0,0,0
0.9457142857142857,0.23962973,0.15688413,1.8117967,0.7767295597484277,0.7303631869232999,0.7113280976842533,0.0,0.0,1,0,0
0.9557142857142857,0.20653695,0.14597,1.357309,0.7375776397515528,0.6803019214959709,0.6348947994518284,0.0,0.0,1,0,0
0.9685714285714285,0.13119869,0.07458526,1.2068534,0.7880184331797235,0.7246979096664878,0.7412837232177563,0.0,0.0,1,0,0
0.97,0.13826151,0.0772408,1.2976551,0.7262996941896025,0.7613896554473449,0.7609751688426873,0.0,0.0,1,0,0
0.9585714285714285,0.17116407,0.13325776,0.891384,0.7352941176470589,0.7888689690114139,0.7557476863279657,0.0,0.0,1,0,0
0.9657142857142857,0.10996562,0.08241178,0.6334885,0.7600000000000001,0.7718848952786067,0.7357875587015332,0.25362318840579706,0.25416666666666665,1,0,0
0.9542857142857143,0.18734214,0.16910355,0.5338753,0.83125,0.8440707485861403,0.8133233314305895,0.16666666666666666,0.5073529411764706,0,0,0
0.9857142857142858,0.04665859,0.035163548,0.26506442,0.9240121580547113,0.8544294178934237,0.8185640122369519,0.0,0.0,0,0,0
