ACC,Loss,LossPrivileged,LossUnprivileged,BalancedACC,drift-id,gm-id,gm-name
0.8342857142857143,0.47225294,0.46105376,0.57304513,0.9734345351043643,0,0,0
0.8657142857142858,0.5054452,0.36511895,1.7683812,0.7046263345195729,2,0,0
0.8357142857142857,0.52015775,0.48589855,0.82849,0.9152542372881356,2,2,2
0.86,0.7044807,0.48183778,2.7082672,0.7096774193548387,0,2,2
0.8957142857142857,0.49685884,0.45193592,0.901165,0.9,0,0,0
0.9014285714285715,0.49118024,0.47562373,0.63118917,0.9283216783216783,0,0,0
0.8942857142857142,0.6234895,0.5569364,1.2224668,0.9015817223198593,0,0,0
0.8414285714285714,1.0809028,0.86011827,3.0679634,0.8531598513011153,1,0,0
0.8957142857142857,0.5400884,0.48765856,1.0119572,0.8826619964973731,1,1,1
