ACC,Loss,LossPrivileged,LossUnprivileged,BalancedACC,drift-id,gm-id,gm-name
0.9185714285714286,0.28238675,0.20745125,0.35732222,0.966360856269113,0,0,0
0.9428571428571428,0.18081827,0.13722178,0.22441477,0.9701492537313433,0,0,0
0.9514285714285714,0.16682449,0.16738114,0.16626784,0.9821428571428572,0,0,0
0.96,0.16008864,0.24510743,0.07506991,0.9706744868035191,0,0,0
0.8471428571428572,2.0081778,0.20596205,3.810393,0.7754491017964071,2,0,0
0.83,0.8749847,0.9470881,0.8028813,0.9897260273972602,2,7,7
0.8357142857142857,0.7805978,0.67464733,0.8865481,0.9965870307167234,2,10,10
0.9457142857142857,0.24708511,0.25545296,0.2387173,1.0,2,11,11
0.9385714285714286,0.24576022,0.21791731,0.2736031,0.990909090909091,2,11,11
