ACC,Loss,LossPrivileged,LossUnprivileged,BalancedACC,drift-id,gm-id,gm-name
0.9514285714285714,0.1668525,0.1702383,0.13638043,0.9733777038269551,0,0,0
0.9414285714285714,0.30285642,0.14313018,1.7403922,0.771004942339374,2,0,0
0.8242857142857143,0.98670316,0.92422795,1.5489794,0.634508348794063,2,2,2
0.9385714285714286,0.2632566,0.14905448,1.291076,0.7735537190082644,1,0,0
0.9442857142857143,0.24716574,0.113316245,1.4518112,0.6889250814332247,1,0,0
0.9471428571428572,0.21027291,0.12869075,0.94451237,0.75,1,0,0
0.9614285714285714,0.16647345,0.109948404,0.675199,0.8168557536466775,1,0,0
0.98,0.14445694,0.14753333,0.11676959,0.9741518578352182,0,0,0
0.9785714285714285,0.062539615,0.041132014,0.25520808,0.9275362318840579,0,0,0
