ACC,Loss,LossPrivileged,LossUnprivileged,BalancedACC,drift-id,gm-id
0.9285714285714286,0.24674287,0.17281193,0.32067385,0.9696969696969697,0,<federated.algorithms.fair_fed_drift.ClientIdentity.ClientIdentity object at 0x1672f3bb0>
0.9314285714285714,0.20435295,0.1395643,0.26914153,0.9757575757575758,0,<federated.algorithms.fair_fed_drift.ClientIdentity.ClientIdentity object at 0x28bac3550>
0.9542857142857143,0.18738185,0.15337223,0.22139147,0.9880952380952381,0,<federated.algorithms.fair_fed_drift.ClientIdentity.ClientIdentity object at 0x29b7c7940>
0.9614285714285714,0.1609538,0.23561619,0.08629141,0.9736070381231673,0,<federated.algorithms.fair_fed_drift.ClientIdentity.ClientIdentity object at 0x2e34bebe0>
0.8457142857142858,1.7899966,0.16935576,3.4106376,0.761904761904762,2,<federated.algorithms.fair_fed_drift.ClientIdentity.ClientIdentity object at 0x28de18d00>
0.8342857142857143,0.780793,0.84632933,0.71525663,0.9531772575250835,2,<federated.algorithms.fair_fed_drift.ClientIdentity.ClientIdentity object at 0x171a0d190>
0.8342857142857143,0.68504226,0.71552455,0.65456,0.9466666666666668,2,<federated.algorithms.fair_fed_drift.ClientIdentity.ClientIdentity object at 0x171baf310>
0.8485714285714285,1.2556624,0.24789532,2.2634299,0.8220858895705522,0,<federated.algorithms.fair_fed_drift.ClientIdentity.ClientIdentity object at 0x28ea8ba90>
0.9757142857142858,0.123762965,0.15437232,0.09315362,0.9970760233918129,0,<federated.algorithms.fair_fed_drift.ClientIdentity.ClientIdentity object at 0x280bfaa60>
0.9785714285714285,0.09547479,0.10447875,0.08647084,0.9970845481049563,0,<federated.algorithms.fair_fed_drift.ClientIdentity.ClientIdentity object at 0x16767ce50>
