ACC,Loss,LossPrivileged,LossUnprivileged,AEQ,drift-id,gm-id,gm-name
0.6666666666666666,3.880468,2.393649,7.597516,0.4914529914529915,0,0,0
0.7404761904761905,3.3807614,1.8124093,7.301642,0.5490196078431373,0,0,0
0.6738095238095239,4.1388783,2.794321,7.500272,0.6030701754385964,0,0,0
0.7238095238095238,3.8219159,2.2798162,7.677167,0.54,0,0,0
0.6785714285714286,4.5743003,2.6389117,9.412769,0.48117154811715485,2,0,0
0.7095238095238096,4.128983,1.9788147,9.504405,0.4215686274509804,2,0,0
0.7404761904761905,3.4215915,1.6708977,7.798327,0.5252918287937743,2,0,0
0.7690476190476191,3.2689953,1.7530109,7.0589547,0.58206106870229,0,0,0
0.7642857142857142,3.3226266,1.6644021,7.4681873,0.5629770992366412,0,0,0
