ACC,Loss,LossPrivileged,LossUnprivileged,BalancedACC,drift-id,gm-id,gm-name
0.8143913920645595,0.4104638,0.4099449,0.41947117,0.9685384309040223,0,0,0
0.7605917955615333,0.48837206,0.43121204,1.5645031,0.3734776074541629,1,0,0
0.7921990585070612,0.43721887,0.43551025,0.4745978,0.9697217675941081,1,4,4
0.7908540685944856,0.41509235,0.40807346,0.54540354,0.9515709898417198,1,7,1-4-2-3
0.8069939475453934,0.3764849,0.37395024,0.42558196,0.9639784821573493,1,7,1-4-2-3
0.8150638870208473,0.38523248,0.38259235,0.45666483,0.9712626995645864,1,7,1-4-2-3
0.8312037659717552,0.36024725,0.35157213,0.53585756,0.9606779661016949,1,7,1-4-2-3
0.8110289172831204,0.41846833,0.35553363,1.6201801,0.35479821037253473,0,7,1-4-2-3
0.8392737054472091,0.33131033,0.3356148,0.2565938,0.9694980694980696,0,0,0
