ACC,Loss,LossPrivileged,LossUnprivileged,AEQ,OEQ,OPP,MEQ,MPP,drift-id,gm-id,gm-name
0.9257142857142857,0.29743835,0.26070747,0.62801623,0.9015280135823429,0.8725026031029429,0.869300890997371,0.612987012987013,0.6361607142857143,0,0,0
0.93,0.41298914,0.14472423,2.8273735,0.6683168316831684,0.7402513841355407,0.7136712469428,0.0,0.0,2,0,0
0.8828571428571429,0.5424471,0.50195885,0.90684175,0.7922535211267606,0.7997050309029096,0.745290226963012,0.3733333333333333,0.4530612244897959,2,4,4
0.9385714285714286,0.27654618,0.2030573,0.9379458,0.7735537190082644,0.7292714765555104,0.7589441805897043,0.0,0.0,2,0,0
0.9428571428571428,0.23378533,0.17134927,0.7957097,0.8344370860927153,0.7560936561469375,0.7441546043660956,0.0,0.0,1,0,0
0.9428571428571428,0.20476842,0.11762656,0.98904496,0.6742671009771987,0.7569330800370517,0.7183483636314214,0.09427609427609428,0.10161290322580646,1,0,0
0.9628571428571429,0.15491049,0.08092169,0.82080954,0.8314424635332253,0.7708160605607872,0.7890597021415693,0.0,0.0,1,0,0
0.95,0.1815977,0.09639099,0.9484582,0.7634584013050572,0.7583765424992294,0.7909274028897525,0.15090543259557343,0.12852112676056338,2,0,0
0.9728571428571429,0.1323749,0.006334797,1.2667357,0.7595541401273885,0.800873015873016,0.7619883996212121,0.10158730158730159,0.1111111111111111,2,0,0
