ACC,Loss,LossPrivileged,LossUnprivileged,AEQ,OEQ,OPP,MEQ,MPP,drift-id,gm-id,gm-name
0.83,0.49337593,0.467091,0.72994035,0.8660377358490565,0.7836201704826627,0.7534049686105001,0.3585858585858586,0.30000000000000004,0,0,0
0.88,0.5160379,0.31913298,2.288182,0.7777777777777777,0.6988157239300267,0.6722352990957124,0.0,0.0,1,0,0
0.86,0.69276667,0.43375275,3.023892,0.7446043165467626,0.7023899783277405,0.7320864522295312,0.0,0.0,1,0,0
0.8757142857142857,0.49496683,0.44724125,0.9244969,0.9226618705035972,0.8380290646582083,0.8539429112853973,0.37037037037037035,0.6772486772486772,1,5,3-1-2
0.8671428571428571,0.61541253,0.54612774,1.2389758,0.8610108303249098,0.7917007141532317,0.7710337051717326,0.39999999999999997,0.4123076923076923,1,5,3-1-2
0.8957142857142857,0.4375841,0.41308394,0.65808547,0.9173989455184535,0.8493981444666803,0.8983652922030532,0.6,0.7032967032967032,1,5,3-1-2
0.8571428571428571,0.6385992,0.59914196,0.99371445,0.908256880733945,0.731280999438319,0.7734890053700592,0.4012345679012345,0.5019607843137255,1,5,3-1-2
0.8628571428571429,1.0121058,0.6573369,4.2050266,0.7245080500894455,0.6836760809877865,0.7332925074641861,0.0,0.0,0,5,3-1-2
0.9171428571428571,0.3598755,0.30244386,0.8767602,0.9108061749571184,0.8383699308125709,0.8993900087560437,0.45,0.6967213114754098,0,0,0
