ACC,Loss,LossPrivileged,LossUnprivileged,AEQ,OEQ,OPP,MEQ,MPP,drift-id,gm-id,gm-name
0.9471428571428572,0.18192601,0.16348188,0.53236467,0.8690851735015773,0.8503780726014994,0.8722967531582115,0.6444444444444445,0.5396825396825397,0,0,0
0.9471428571428572,0.24287121,0.15798894,1.8556342,0.8066037735849058,0.6344653482485605,0.7268349928364184,0.0,0.0,1,0,0
0.8814285714285715,0.50776595,0.4432916,1.7327776,0.44112769485903813,0.34807824002739257,0.4149920080406638,0.0,0.0,1,1,1
0.9557142857142857,0.26843014,0.18427996,1.8672836,0.7375776397515528,0.7553950302682197,0.6840266307100716,0.0,0.0,1,0,0
0.8514285714285714,0.6850007,0.5604054,3.052313,0.4236706689536878,0.4526216517591545,0.35305321217435565,0.0,0.0,2,4,4
0.9728571428571429,0.07665729,0.06909038,0.22042847,0.8755760368663593,0.8326377530157432,0.7721423602947607,0.0,0.0,2,0,0
0.9742857142857143,0.112970285,0.10588661,0.2475603,0.9353846153846154,0.8525038760660781,0.8671880086842148,0.5080645161290323,0.3333333333333333,2,0,0
0.9828571428571429,0.11766853,0.00899512,2.1824632,0.6867469879518072,0.7344262295081967,0.718065934065934,0.0,0.0,2,0,0
0.9842857142857143,0.06750168,0.04011789,0.5877935,0.8951367781155015,0.8885011214630779,0.8837649622690605,0.25,0.41250000000000003,2,0,0
