ACC,Loss,LossPrivileged,LossUnprivileged,BalancedACC,drift-id,gm-id,gm-name
0.9,0.37482512,0.3621814,0.6150563,0.8837209302325582,0,0,0
0.9628571428571429,0.15024471,0.11633973,0.7944395,0.8542635658914729,0,0,0
0.9585714285714285,0.15928033,0.15637487,0.21448416,0.9827586206896551,0,0,0
0.9728571428571429,0.10769369,0.09178439,0.40997058,0.9984544049459042,0,0,0
0.96,0.28103203,0.12499307,3.2457721,0.7341576506955179,2,0,0
0.8728571428571429,0.6500987,0.59213626,1.7513841,0.5767284991568296,2,10,10
0.9757142857142858,0.18129182,0.076316476,2.1758232,0.7519025875190259,2,0,0
0.9385714285714286,0.28980583,0.19970721,2.00168,0.7515822784810127,0,12,12
0.9857142857142858,0.093816094,0.07492625,0.45272303,0.9240121580547113,0,0,0
