ACC,Loss,LossPrivileged,LossUnprivileged,BalancedACC,drift-id,gm-id,gm-name
0.89,0.27096647,0.2519703,0.6741069,0.7403100775193798,0,0,0
0.8633333333333333,0.31468534,0.30664122,0.48539966,0.9413082437275986,0,0,0
0.8916666666666667,0.2820852,0.25431877,0.9207134,0.618042226487524,0,0,0
0.8983333333333333,0.2611328,0.25664234,0.34083858,0.9726027397260274,0,0,0
0.88,0.2872289,0.24140465,1.9598149,0.3489483747609943,1,0,0
0.875,0.30613258,0.2721928,0.87112975,0.6936274509803921,1,0,0
0.8883333333333333,0.28244263,0.25724778,0.7785198,0.7676278819654501,1,0,0
0.885,0.2779705,0.27067313,0.4119131,0.945001596933887,0,0,0
0.8833333333333333,0.27258036,0.258364,0.58643395,0.8208640674394099,0,0,0
