ACC,Loss,LossPrivileged,LossUnprivileged,AEQ,OEQ,OPP,drift-id,gm-id,gm-name
0.7977777777777778,0.65003455,0.41209188,1.1259198,0.7404580152671756,0.7438234678595858,0.8975957805007604,0,0,0
0.8222222222222222,1.0374784,0.54421175,2.0240126,0.7715355805243446,0.7777154747826696,0.98498379526203,0,0,0
0.7911111111111111,1.2144856,0.6653888,2.3126795,0.7384615384615385,0.7323761609266617,0.9905084853849851,0,0,0
0.7955555555555556,1.1127709,0.45045054,2.4374113,0.6716417910447761,0.6696961364500612,0.9154362543497727,0,0,0
0.7711111111111111,1.471082,0.40537313,3.6024995,0.49640287769784175,0.4165795620461987,0.5355791546241485,1,0,0
0.6555555555555556,2.2943332,1.7414085,3.4001822,0.6576576576576577,0.6531430247294856,0.8385237276236523,1,12,12
0.7755555555555556,1.005998,0.265119,2.487756,0.5017921146953405,0.5373741029338054,0.429198918852802,1,0,0
0.7866666666666666,0.79497045,0.23042668,1.9240581,0.5017667844522968,0.5319711777935343,0.5445548375148715,0,0,0
0.7822222222222223,0.7435537,0.19966964,1.8313218,0.5232974910394266,0.49551879078816774,0.7242521628002487,0,0,0
