ACC,Loss,LossPrivileged,LossUnprivileged,BalancedACC,drift-id,gm-id,gm-name
0.8185714285714286,0.4516983,0.4274322,0.67009324,0.9555984555984556,0,0,0
0.87,0.5767656,0.33496585,2.7529635,0.6837455830388692,1,0,0
0.83,0.50688404,0.50698054,0.5060151,0.9980879541108987,1,1,1
0.84,0.6362009,0.55534226,1.3639284,0.8364312267657993,1,1,1
0.8371428571428572,0.8443651,0.51817095,3.7801125,0.6240875912408759,2,1,1
0.8871428571428571,0.51575476,0.49935278,0.66337305,0.9095744680851063,2,2,2
0.9014285714285715,0.37449422,0.356157,0.5395294,0.9806678383128294,2,2,2
0.8928571428571429,0.642592,0.41780835,2.6656446,0.851138353765324,0,2,2
0.8857142857142857,0.67212564,0.68149257,0.5878235,0.9652777777777778,0,0,0
