ACC,Loss,LossPrivileged,LossUnprivileged,AEQ,OEQ,OPP,MEQ,MPP,drift-id,gm-id,gm-name
0.8371428571428572,0.42877412,0.419107,0.6124492,0.9534050179211471,0.784525920680913,0.805935868705133,0.0,0.4444444444444444,0,0,0
0.8671428571428571,0.4400293,0.36270183,1.9092512,0.8161512027491409,0.6693125432297744,0.6870933028074195,0.0,0.0,3,0,0
0.8857142857142857,0.47195837,0.40278402,1.7862705,0.7651006711409396,0.7207677367706201,0.7107340906524329,0.0,0.0,3,0,0
0.8957142857142857,0.43824193,0.40514055,1.067169,0.821963394342762,0.6145611697046124,0.7714924111192296,0.0,0.0,3,0,0
0.8871428571428571,0.48046076,0.42815772,1.4742202,0.7638190954773869,0.6727329563119007,0.7027707280291023,0.0,0.0,2,0,0
0.9071428571428571,0.44055024,0.38820648,1.435081,0.746317512274959,0.6202318260993588,0.5639545908190506,0.0,0.0,2,0,0
0.89,0.5989405,0.5198387,2.1018755,0.8274706867671692,0.7535321262960262,0.7451675084038986,0.0,0.0,4,0,0
0.8885714285714286,0.57167745,0.47917664,2.3291922,0.6966666666666667,0.6512364072121926,0.6873508434780755,0.0,0.0,4,0,0
0.9057142857142857,0.5681361,0.5235336,1.4155836,0.8451400329489293,0.8154465883057537,0.823929946966824,0.4,0.40645161290322585,4,0,0
