ACC,Loss,LossPrivileged,LossUnprivileged,BalancedACC,drift-id,gm-id,gm-name
0.785622593068036,0.44544047,0.46282855,0.2772766,0.8410849435541838,0,0,0
0.8125802310654685,0.4648188,0.40289125,1.0548044,0.6426325144706259,1,0,0
0.7779204107830552,0.47887588,0.49829984,0.28518334,0.834658843980878,1,3,3
0.7984595635430038,0.44582406,0.4566896,0.3322151,0.9300160046558998,1,5,1-2-3
0.7958921694480102,0.40294185,0.42429072,0.16843295,0.8342517334802774,1,5,1-2-3
0.865211810012837,0.31943652,0.33766672,0.12882394,0.8810467544644761,1,5,1-2-3
0.8498074454428755,0.32095158,0.3434309,0.078107156,0.8649193548387097,1,5,1-2-3
0.785622593068036,0.54614973,0.4041246,1.8598824,0.7341269841269841,0,5,1-2-3
0.8382541720154044,0.33523187,0.34679744,0.18298657,0.8967067489979418,0,0,0
