ACC,Loss,LossPrivileged,LossUnprivileged,AEQ,OEQ,OPP,MEQ,MPP,drift-id,gm-id,gm-name
0.9285714285714286,0.25696272,0.21448559,0.639257,0.8817567567567568,0.778316711115281,0.8664223467924679,0.22641509433962267,0.7346938775510203,0,0,0
0.9314285714285714,0.39642194,0.12912112,2.8021293,0.6991735537190081,0.7115485351203461,0.7034712803874642,0.0,0.0,1,0,0
0.8842857142857142,0.5834194,0.48515552,1.4677947,0.7908611599297012,0.7914801478438497,0.8218822601438156,0.3900709219858156,0.24615384615384617,1,1,1
0.9328571428571428,0.31578943,0.32162938,0.26323038,0.9948979591836735,0.9043332403782035,0.9022391645282862,0.7741935483870968,0.8104838709677419,1,10,1-3
0.9314285714285714,0.63048846,0.17801063,4.702788,0.5882352941176471,0.5395047546259579,0.5416422344807349,0.0,0.0,3,13,2-1-3
0.9157142857142857,0.5847603,0.3428657,2.7618122,0.82793867120954,0.6967616026609217,0.656508247427067,0.0,0.0,4,8,6-7
0.91,0.47164807,0.3711274,1.3763338,0.8,0.7795137405476444,0.7910716516015748,0.16526610644257703,0.5196078431372549,4,14,11-12
0.91,0.8123664,0.15811762,6.700605,0.5232558139534883,0.5663310226471913,0.5422231861705546,0.0,0.0,1,14,11-12
0.97,0.1577571,0.14841966,0.24179402,0.9690048939641109,0.9546669967822103,0.9460558028093431,0.7840909090909091,0.8878676470588235,1,13,2-1-3
