ACC,Loss,LossPrivileged,LossUnprivileged,AEQ,OEQ,OPP,MEQ,MPP,drift-id,gm-id,gm-name
0.9328571428571428,0.23039179,0.216827,0.48812255,0.8194888178913738,0.7038348095967958,0.7312422347002092,0.0,0.0,0,0,0
0.9542857142857143,0.24555442,0.23713088,0.40560132,0.8934169278996865,0.8656310746868847,0.8808727730602091,0.6888888888888889,0.6264705882352941,0,0,0
0.96,0.17009197,0.10406159,1.4246694,0.8260869565217391,0.7368110106115865,0.701102275384722,0.0,0.0,3,0,0
0.9471428571428572,0.21861678,0.14288169,1.6575837,0.7136150234741785,0.7426629660451276,0.6625880524704055,0.0,0.0,2,0,0
0.9642857142857143,0.14528911,0.120521985,0.61586475,0.82225656877898,0.7284586289078382,0.7426045730617734,0.0,0.0,2,0,0
0.97,0.1672491,0.057694834,2.24878,0.6661585365853658,0.767418955177699,0.726815471063967,0.0,0.0,3,0,0
0.9757142857142858,0.1644213,0.059398152,2.159861,0.632375189107413,0.7006011608623548,0.7344855615854926,0.0,0.0,3,0,0
0.9685714285714285,0.16095632,0.11350235,1.0625818,0.7576687116564417,0.7928967643066035,0.783016184344499,0.0,0.0,2,0,0
0.9742857142857143,0.09818013,0.09328542,0.19117953,0.9047619047619047,0.8694040429651484,0.9249896303128355,0.25,0.4352678571428571,2,0,0
