ACC,Loss,LossPrivileged,LossUnprivileged,BalancedACC,drift-id,gm-id,gm-name
0.9228571428571428,0.3463223,0.28460833,0.90174776,0.9045996592844975,0,0,0
0.9328571428571428,0.38420644,0.16123436,2.390955,0.7301324503311257,1,0,0
0.92,0.33942637,0.23825899,1.2499326,0.7740303541315345,1,0,0
0.9671428571428572,0.124542974,0.09140005,0.42282936,0.8432956381260098,1,0,0
0.95,0.20025662,0.15068223,0.64642596,0.8114754098360656,1,0,0
0.9342857142857143,0.20515437,0.11371746,1.0280865,0.665024630541872,1,0,0
0.9428571428571428,0.14037564,0.11873948,0.33510137,0.8507462686567163,1,0,0
0.9157142857142857,0.3001735,0.2518427,0.7351505,0.7614213197969544,1,0,0
0.9757142857142858,0.075224,0.029589325,0.48593608,0.8194888178913737,1,0,0
