ACC,Loss,LossPrivileged,LossUnprivileged,BalancedACC,drift-id,gm-id,gm-name
0.9257142857142857,0.25719166,0.25197196,0.35636574,0.9223300970873786,0,0,0
0.9457142857142857,0.21767238,0.16871542,1.1478548,0.6531250000000001,0,0,0
0.8628571428571429,0.50510967,0.46281904,1.3086306,0.4838709677419355,0,1,1
0.9657142857142857,0.11388367,0.09196074,0.53041905,0.8516228748068007,0,0,0
0.9714285714285714,0.18747334,0.10557532,1.7435352,0.8159509202453988,2,0,0
0.8728571428571429,0.6938234,0.6581119,1.3723431,0.7096774193548387,2,10,10
0.8771428571428571,0.6989187,0.6744216,1.1643645,0.6728499156829679,2,13,13
0.9457142857142857,0.1858668,0.16096407,0.6590188,0.8078740157480315,2,12,12
0.8985714285714286,0.56005013,0.53206897,1.0916914,0.6886326194398682,2,13,13
