ACC,Loss,LossPrivileged,LossUnprivileged,AEQ,OEQ,OPP,MEQ,MPP,drift-id,gm-id,gm-name
0.7907573812580231,0.45133507,0.4621228,0.34855986,0.9053191489361702,0.634762162762913,0.8086474617033512,0.3048387096774194,0.7096774193548386,0,0,0
0.8138639281129654,0.41691607,0.41260952,0.46268117,0.9694042695301461,0.682435226656645,0.6720200226513235,0.40641711229946526,0.373109243697479,1,0,0
0.8202824133504493,0.3785038,0.37556845,0.40526515,0.997159090909091,0.8292124360968811,0.9232198528494825,0.6748971193415637,0.850480109739369,1,0,0
0.8254172015404364,0.37059763,0.37772545,0.29607043,0.9124991353669502,0.8957395437716286,0.8814948779650735,0.8328877005347594,0.8343750000000001,1,0,0
0.8023106546854942,0.44283992,0.3668519,1.1356144,0.7927724449463579,0.8338389253023399,0.8246384297520661,0.6776556776556776,0.7319381498267129,3,0,0
0.7766367137355584,0.46505588,0.41613466,1.0620614,0.5479933257223149,0.6965374026855697,0.570888266753496,0.4934535932499272,0.49764890282131663,4,3,1-2
0.8061617458279846,0.38949382,0.3727497,0.5865808,0.9741096664782363,0.7155322840653188,0.8588724120639015,0.45662847790507366,0.7446808510638299,4,0,0
0.8228498074454429,0.3726048,0.36698136,0.42314354,0.9795714665956881,0.9268292767107229,0.917205956239949,0.8615099583140343,0.8355205599300088,1,4,0-1-2
0.8703465982028241,0.29665053,0.29219908,0.3350099,0.9921215074723846,0.9511456486398855,0.9726681544851529,0.9250243427458619,0.9533333333333334,1,4,0-1-2
