ACC,Loss,LossPrivileged,LossUnprivileged,BalancedACC,drift-id,gm-id,gm-name
0.7686375321336761,0.4484608,0.4520493,0.41625616,0.9633179723502305,0,0,0
0.7583547557840618,0.5530341,0.4090487,2.187154,0.23562366122919753,2,0,0
0.7802056555269923,0.47478643,0.4407686,0.7449748,0.8873521114900426,2,7,7
0.7866323907455013,0.4565957,0.42140177,0.8362629,0.7141801288142752,1,12,4-7
0.8239074550128535,0.39943078,0.41692314,0.23301718,0.8713768115942029,1,16,8-9-10
0.7853470437017995,0.48297462,0.36581302,1.5052096,0.49814013840830446,2,16,8-9-10
0.8097686375321337,0.38030738,0.3964768,0.2114798,0.8933733548833988,2,12,4-7
0.7956298200514139,0.5716794,0.36663243,2.582279,0.6413272136163702,1,12,4-7
0.8251928020565553,0.3348515,0.35409427,0.086757384,0.827801561319567,1,16,8-9-10
