ACC,Loss,LossPrivileged,LossUnprivileged,BalancedACC,drift-id,gm-id
0.8671428571428571,0.4295902,0.37799102,0.8939829,0.8255395683453237,0,<federated.algorithms.fair_fed_drift.ClientIdentity.ClientIdentity object at 0x7f83aae52c80>
0.8442857142857143,0.6822005,0.3973596,3.245768,0.6885245901639344,1,<federated.algorithms.fair_fed_drift.ClientIdentity.ClientIdentity object at 0x7f83a6652c80>
0.7871428571428571,0.82090116,0.8067316,0.94842625,0.8392857142857142,1,<federated.algorithms.fair_fed_drift.ClientIdentity.ClientIdentity object at 0x7f83a63ab010>
0.8657142857142858,0.43920466,0.42071718,0.6055926,0.827027027027027,1,<federated.algorithms.fair_fed_drift.ClientIdentity.ClientIdentity object at 0x7f834299fbe0>
0.8857142857142857,0.4158976,0.3543843,0.9695175,0.7043478260869566,2,<federated.algorithms.fair_fed_drift.ClientIdentity.ClientIdentity object at 0x7f82ec211150>
0.8628571428571429,0.50306404,0.42834637,1.1755228,0.6898395721925135,2,<federated.algorithms.fair_fed_drift.ClientIdentity.ClientIdentity object at 0x7f823c333520>
0.8871428571428571,0.3971081,0.3681498,0.65773314,0.8920353982300885,2,<federated.algorithms.fair_fed_drift.ClientIdentity.ClientIdentity object at 0x7f82c4153b50>
0.9,0.36729676,0.33269072,0.6787513,0.809688581314879,2,<federated.algorithms.fair_fed_drift.ClientIdentity.ClientIdentity object at 0x7f82dc397bb0>
0.8971428571428571,0.39417332,0.33452308,0.9310254,0.8466898954703833,2,<federated.algorithms.fair_fed_drift.ClientIdentity.ClientIdentity object at 0x7f82ec3459f0>
0.8971428571428571,0.343184,0.2750075,0.9567726,0.8295652173913043,0,<federated.algorithms.fair_fed_drift.ClientIdentity.ClientIdentity object at 0x7f83a651bd90>
