ACC,Loss,LossPrivileged,LossUnprivileged,BalancedACC,drift-id,gm-id,gm-name
0.8049764626765299,0.42022792,0.42620793,0.3107231,0.8927536231884058,0,0,0
0.7861466039004708,0.4407179,0.39036253,1.4449883,0.6155451225873761,1,0,0
0.7908540685944856,0.4371453,0.43876818,0.40615642,0.9726469096442286,1,2,2
0.8231338264963013,0.3788146,0.38813868,0.2190545,0.8345907473309608,1,12,1-4-2-3
0.8238063214525891,0.38370246,0.34690532,1.0964581,0.5362462075940057,2,12,1-4-2-3
0.8285137861466039,0.3602651,0.36541387,0.25445446,0.9849472301930841,2,14,6-7-5-8
0.8372562205783457,0.34282666,0.34973344,0.21094489,0.9825767532773904,2,14,6-7-5-8
0.8251513113651647,0.33823746,0.34824297,0.152477,0.8902703249974689,2,14,6-7-5-8
0.839946200403497,0.3359417,0.34357494,0.18370719,0.9599621833424458,2,14,6-7-5-8
