ACC,Loss,LossPrivileged,LossUnprivileged,AEQ,OEQ,OPP,drift-id,gm-id,gm-name
0.8346666666666667,0.51697975,0.40432608,0.9675943,0.7604562737642585,0.7739136172070605,0.9738540260450198,0,0,0
0.824,0.949795,0.42293888,3.0572197,0.5274725274725275,0.5082561436827763,0.8510177272864923,0,0,0
0.8026666666666666,1.5073216,0.5932719,5.1635203,0.41025641025641024,0.40252849166600096,0.4373916917220337,3,0,0
0.808,1.7694929,0.41503453,7.187326,0.31316725978647686,0.3683941558065979,0.39650382091265196,2,0,0
0.7973333333333333,1.197439,0.4290154,4.2711325,0.3970588235294118,0.3920056224983224,0.5570564762140996,2,0,0
0.8293333333333334,0.81568456,0.42930582,2.3611996,0.5567765567765568,0.5116522362182795,0.5538706996079227,3,0,0
0.8106666666666666,1.1406511,0.37959117,4.184891,0.4218181818181818,0.43995698315773235,0.4543978012633329,3,0,0
0.784,1.1244588,0.4189729,3.946402,0.3394833948339483,0.3455074286764345,0.5174573891834543,2,0,0
0.8026666666666666,0.6585218,0.30536187,2.0711617,0.41025641025641024,0.37780682222495354,0.518796078005659,2,0,0
