ACC,Loss,LossPrivileged,LossUnprivileged,BalancedACC,drift-id,gm-id,gm-name
0.8766666666666667,0.32029036,0.29280522,0.8817724,0.7655677655677656,0,0,0
0.9016666666666666,0.26004303,0.24624069,0.49719203,0.8324524312896406,0,0,0
0.8816666666666667,0.27102566,0.25568628,0.7158669,0.7306201550387598,0,0,0
0.8983333333333333,0.23955968,0.23350194,0.3681177,0.9889967637540453,0,0,0
0.8633333333333333,0.31967688,0.26848668,1.2592653,0.5850147795913122,2,0,0
0.87,0.30727643,0.2990755,0.43966332,0.8120149468238,2,6,3-1-2
0.89,0.27109095,0.26362497,0.41809398,0.8060092760637225,2,6,3-1-2
0.8983333333333333,0.2650131,0.23430316,0.86968124,0.7194297082228117,0,6,3-1-2
0.9,0.23855838,0.22945718,0.40010476,0.9342105263157895,0,0,0
