ACC,Loss,LossPrivileged,LossUnprivileged,BalancedACC,drift-id,gm-id,gm-name
0.8328571428571429,0.43381575,0.40998635,0.8865747,0.8512544802867384,0,0,0
0.8785714285714286,0.40027326,0.35153666,1.3262695,0.6717171717171717,0,0,0
0.91,0.37934,0.38519415,0.268111,0.9390444810543657,0,0,0
0.89,0.4600423,0.44083065,0.8250646,0.9612141652613827,0,0,0
0.89,0.39657524,0.35227507,1.2382789,0.7612687813021703,2,0,0
0.9085714285714286,0.3940038,0.31931552,1.8130822,0.6807817589576547,2,0,0
0.8828571428571429,0.4800935,0.40216073,1.9608159,0.6354515050167224,2,0,0
0.9228571428571428,0.33317402,0.33653262,0.26936063,0.9577235772357723,0,0,0
0.8842857142857142,0.6044669,0.58072776,1.0555114,0.9001692047377327,0,0,0
