ACC,Loss,LossPrivileged,LossUnprivileged,AEQ,OEQ,OPP,drift-id,gm-id,gm-name
0.8746666666666667,0.5563488,0.40743315,1.1520118,0.7536231884057971,0.7574319909386644,0.9802356404850056,0,0,0
0.8293333333333334,2.0864747,0.60152304,8.02628,0.42704626334519574,0.43572652523508837,0.6216508536490806,1,0,0
0.696,2.3883266,1.7290188,5.0255585,0.5194805194805195,0.5284777993077993,0.8785567273606703,1,1,1
0.8186666666666667,1.363534,0.79337984,3.6441505,0.5481481481481482,0.5462877972711033,0.950671530322735,1,4,4
0.8586666666666667,1.3026915,0.7873411,3.3640924,0.7352941176470588,0.7502702480636035,0.9989276142653312,1,4,4
0.8533333333333334,1.2525239,0.73029554,3.341437,0.7058823529411765,0.6838335096660363,0.9968347486262552,1,4,4
0.8853333333333333,1.0094568,0.4933344,3.0739458,0.6925795053003533,0.7374330807774062,0.9918614556892568,1,4,4
0.832,2.024619,0.40457156,8.50481,0.3943661971830986,0.42307762725785275,0.609824737884716,0,4,4
0.9173333333333333,0.7980714,0.25724488,2.961377,0.7777777777777778,0.7916243336840397,0.9615475468354833,0,0,0
