ACC,Loss,LossPrivileged,LossUnprivileged,BalancedACC,drift-id,gm-id,gm-name
0.9016666666666666,0.24096514,0.22912614,0.52510196,0.8260038240917782,0,0,0
0.8866666666666667,0.2775181,0.27438706,0.35977995,0.8672550750220653,0,0,0
0.865,0.3398296,0.28001618,1.7155371,0.6376237623762376,1,0,0
0.8866666666666667,0.28315413,0.2691533,0.5691711,0.8395303326810176,1,7,7
0.8833333333333333,0.30330318,0.2941518,0.5686932,0.7868217054263565,1,7,7
0.8666666666666667,0.39083993,0.28956997,2.4596403,0.5652173913043479,2,7,7
0.8966666666666666,0.2397607,0.23210795,0.45075774,0.7907675498497679,2,12,1-5-3-4-2-6
0.895,0.2757103,0.26177102,0.5963137,0.8436293436293437,0,12,1-5-3-4-2-6
0.8933333333333333,0.25395447,0.24283317,0.520865,0.833976833976834,0,0,0
