ACC,Loss,LossPrivileged,LossUnprivileged,BalancedACC,drift-id,gm-id
0.91,0.38165426,0.34575588,0.7047398,0.8844827586206897,0,<federated.algorithms.fair_fed_drift.ClientIdentity.ClientIdentity object at 0x7f90525a2a40>
0.9471428571428572,0.22982077,0.20699225,0.43527755,0.9782608695652175,0,<federated.algorithms.fair_fed_drift.ClientIdentity.ClientIdentity object at 0x7f90302ccbb0>
0.9428571428571428,0.27881432,0.2629801,0.421322,0.949748743718593,0,<federated.algorithms.fair_fed_drift.ClientIdentity.ClientIdentity object at 0x7f9030519c30>
0.9585714285714285,0.16961595,0.14667358,0.37609732,0.9653465346534653,0,<federated.algorithms.fair_fed_drift.ClientIdentity.ClientIdentity object at 0x7f8fa050cbb0>
0.9371428571428572,0.40386018,0.1668457,2.5369906,0.7586776859504132,2,<federated.algorithms.fair_fed_drift.ClientIdentity.ClientIdentity object at 0x7f90300bcd90>
0.8471428571428572,0.7210339,0.68172204,1.074841,0.7568555758683729,2,<federated.algorithms.fair_fed_drift.ClientIdentity.ClientIdentity object at 0x7f90300bd2d0>
0.8942857142857142,0.47156382,0.38373828,1.2619934,0.8153310104529617,2,<federated.algorithms.fair_fed_drift.ClientIdentity.ClientIdentity object at 0x7f8fec35b8b0>
0.9457142857142857,0.19119123,0.19275573,0.17711076,0.9798994974874372,2,<federated.algorithms.fair_fed_drift.ClientIdentity.ClientIdentity object at 0x7f8f987cb850>
0.93,0.3853708,0.37836462,0.44842607,0.9305084745762712,2,<federated.algorithms.fair_fed_drift.ClientIdentity.ClientIdentity object at 0x7f8f7c4b0160>
0.9385714285714286,0.37525278,0.14805321,2.420049,0.7574257425742573,0,<federated.algorithms.fair_fed_drift.ClientIdentity.ClientIdentity object at 0x7f90525a1420>
