ACC,Loss,LossPrivileged,LossUnprivileged,AEQ,OEQ,OPP,drift-id,gm-id,gm-name
0.816,0.7975357,0.40704656,2.3594923,0.4835164835164835,0.5080359914793108,0.8485256221263558,0,0,0
0.8346666666666667,0.799984,0.40336674,2.3864527,0.6891385767790261,0.7252295440096598,0.8518465973406584,0,0,0
0.864,0.8940053,0.4009944,2.8660493,0.6787003610108303,0.6546721016006862,0.7000221571938483,0,0,0
0.8773333333333333,0.5917093,0.26235208,1.9091382,0.6832740213523132,0.6712005748260644,0.8325760462388844,0,0,0
0.7946666666666666,1.8814617,0.48695993,7.4594693,0.3032490974729242,0.3325183435381153,0.4060957941774936,2,0,0
0.8106666666666666,1.1755937,0.32498664,4.5780225,0.3120567375886525,0.31833052022302416,0.3955782477627168,2,0,0
0.8026666666666666,0.7347664,0.40565813,2.0511994,0.49253731343283585,0.49418918759177377,0.52678489430127,2,0,0
0.8133333333333334,1.0081545,0.4374243,3.2910755,0.3884892086330935,0.400486603813318,0.5243624163061453,2,0,0
0.8186666666666667,0.901451,0.35281393,3.095999,0.4492753623188406,0.4317264998022058,0.5079080934040605,2,0,0
