ACC,Loss,LossPrivileged,LossUnprivileged,AEQ,OEQ,OPP,MEQ,MPP,drift-id,gm-id,gm-name
0.8014285714285714,0.52346367,0.49550316,0.7751085,0.8229571984435797,0.7178950308326504,0.7392081715375092,0.28174603174603174,0.2261904761904762,0,0,0
0.8785714285714286,0.50228095,0.32095072,2.1342533,0.7791519434628974,0.7134551984071269,0.7022279907549897,0.0,0.0,1,0,0
0.7442857142857143,0.8370784,0.8114625,1.0676227,0.976595744680851,0.6067484791717173,0.6528359658150034,0.0,0.0,1,2,2
0.8657142857142858,0.4644541,0.41824928,0.8802981,0.8804347826086957,0.789991294351323,0.853222274635366,0.5092592592592593,0.7037037037037037,1,5,5
0.8814285714285715,0.5579746,0.49587283,1.1168898,0.8632326820603907,0.8024324097892949,0.8004384494998735,0.6,0.5,1,5,5
0.8857142857142857,0.40348232,0.37802672,0.63258255,0.8761061946902654,0.8022737748796969,0.860252051335819,0.5824175824175825,0.6666666666666666,1,5,5
0.8571428571428571,0.6565328,0.5488754,1.6254488,0.8003629764065335,0.6549343333169173,0.6407179441318097,0.0,0.0,1,5,5
0.7571428571428571,0.999371,0.71490884,3.5595312,0.5783132530120482,0.538190248250318,0.5395535457751077,0.0,0.0,0,16,16
0.9142857142857143,0.346671,0.3319179,0.4794487,0.9481865284974094,0.8866830131873018,0.9066314105498401,0.675,0.7777777777777778,0,0,0
