ACC,Loss,LossPrivileged,LossUnprivileged,BalancedACC,drift-id,gm-id,gm-name
0.8414285714285714,0.45545915,0.42675677,1.0008055,0.7372134038800705,0,0,0
0.8585714285714285,0.49109176,0.34424436,3.281192,0.6540447504302925,1,0,0
0.7814285714285715,0.77169347,0.7486575,1.2093778,0.7961904761904761,1,3,3
0.8528571428571429,0.5242392,0.5022748,0.94156307,0.8304195804195804,1,4,4
0.89,0.60924083,0.48324364,3.0031874,0.7283333333333334,2,4,4
0.8257142857142857,0.88156545,0.8397569,1.6759278,0.7517985611510791,2,7,7
0.8485714285714285,0.76619035,0.73939973,1.2752111,0.9047619047619048,2,7,7
0.8771428571428571,0.56490195,0.5525384,0.7998085,0.9078498293515359,2,6,6
0.8842857142857142,0.50460595,0.471801,1.1279007,0.8330522765598651,2,6,6
