ACC,Loss,LossPrivileged,LossUnprivileged,AEQ,OEQ,OPP,MEQ,MPP,F1Score,F1 Score Equality,drift-id,gm-id,gm-name
0.9257142857142857,0.24319176,0.21559496,0.7521999,0.8019323671497585,0.6666572147932389,0.7870837019374657,0.0,0.5491803278688525,1.0,1.0,0,0,0
0.9471428571428572,0.24938583,0.13100486,2.432857,0.6927490871152843,0.7268252623604947,0.6991963186080037,0.0,0.0,1.0,0.0,1,0,0
0.9485714285714286,0.21499515,0.08789615,2.5592651,0.572808833678399,0.6027373162860491,0.6029170234737573,0.0,0.0,0.9932885906040269,0.0,1,0,0
0.9614285714285714,0.16491206,0.11001207,1.1775123,0.7115912208504801,0.7257619765986701,0.7389160839160839,0.0,0.0,0.9933774834437086,0.0,1,0,0
0.9657142857142857,0.17165217,0.12786213,0.97933525,0.8267216211574789,0.7528308380390687,0.8101188188030293,0.0,0.0,1.0,1.0,3,0,0
0.9614285714285714,0.2160719,0.1462633,1.5036527,0.8305728088336785,0.7995454422134428,0.8065663781283475,0.0,0.0,1.0,1.0,4,0,0
0.9442857142857143,0.2789216,0.1235344,3.144953,0.5163297045101088,0.5059883369655952,0.5982897815168019,0.0,0.0,1.0,1.0,4,0,0
0.8571428571428571,0.629173,0.5003859,3.0045784,0.21772531384673038,0.24550725787523264,0.18798850574712644,0.0,0.0,0.9927007299270074,0.0,1,7,7
0.9728571428571429,0.122941405,0.07096016,1.0817066,0.7029132791327913,0.7363574161544638,0.6831177285883168,0.0,0.0,1.0,0.0,1,0,0
