ACC,Loss,LossPrivileged,LossUnprivileged,BalancedACC,drift-id,gm-id
0.9228571428571428,0.2890198,0.34584695,0.23219267,0.9695121951219512,0,<federated.algorithms.fair_fed_drift.ClientIdentity.ClientIdentity object at 0x28b8a38b0>
0.9557142857142857,0.15568297,0.18164647,0.12971948,0.9851632047477745,0,<federated.algorithms.fair_fed_drift.ClientIdentity.ClientIdentity object at 0x2995bcac0>
0.9585714285714285,0.16725856,0.2507462,0.083770916,0.973529411764706,0,<federated.algorithms.fair_fed_drift.ClientIdentity.ClientIdentity object at 0x2c6633af0>
0.9642857142857143,0.1214577,0.12431675,0.118598655,0.9970414201183432,0,<federated.algorithms.fair_fed_drift.ClientIdentity.ClientIdentity object at 0x2c7f4e160>
0.9757142857142858,0.10716655,0.15795507,0.056378044,0.9797101449275363,0,<federated.algorithms.fair_fed_drift.ClientIdentity.ClientIdentity object at 0x2d12cc4f0>
0.95,0.21551557,0.25331682,0.17771429,0.9850746268656717,0,<federated.algorithms.fair_fed_drift.ClientIdentity.ClientIdentity object at 0x2c8947f70>
0.9614285714285714,0.1256363,0.08826745,0.16300513,0.9736070381231672,0,<federated.algorithms.fair_fed_drift.ClientIdentity.ClientIdentity object at 0x299520610>
0.9414285714285714,0.25618675,0.22721723,0.28515625,0.978978978978979,0,<federated.algorithms.fair_fed_drift.ClientIdentity.ClientIdentity object at 0x3de6f77f0>
0.9857142857142858,0.04555941,0.03961884,0.05149998,1.0,0,<federated.algorithms.fair_fed_drift.ClientIdentity.ClientIdentity object at 0x29c50ceb0>
0.9728571428571429,0.10678761,0.07179054,0.14178468,0.9912280701754386,0,<federated.algorithms.fair_fed_drift.ClientIdentity.ClientIdentity object at 0x29c044b80>
