ACC,Loss,LossPrivileged,LossUnprivileged,BalancedACC,drift-id,gm-id
0.9157142857142857,0.27693394,0.33915335,0.21471456,0.978395061728395,0,<federated.algorithms.fair_fed_drift.ClientIdentity.ClientIdentity object at 0x7fdbc4aaebf0>
0.8428571428571429,1.7687695,0.18817605,3.3493629,0.7611940298507462,1,<federated.algorithms.fair_fed_drift.ClientIdentity.ClientIdentity object at 0x7fdba77a8e50>
0.8671428571428571,0.63895035,0.6108943,0.66700625,0.9771986970684039,1,<federated.algorithms.fair_fed_drift.ClientIdentity.ClientIdentity object at 0x7fdb1c332410>
0.8328571428571429,0.82795054,0.68907404,0.9668268,0.9052287581699346,1,<federated.algorithms.fair_fed_drift.ClientIdentity.ClientIdentity object at 0x7fdb629820b0>
0.9228571428571428,0.33460924,0.25761688,0.41160166,0.9695121951219512,1,<federated.algorithms.fair_fed_drift.ClientIdentity.ClientIdentity object at 0x7fdb1c7b0be0>
0.9257142857142857,0.33079568,0.18284088,0.47875047,0.957703927492447,1,<federated.algorithms.fair_fed_drift.ClientIdentity.ClientIdentity object at 0x7fdb1c2b5d20>
0.9371428571428572,0.34801778,0.43755624,0.25847927,0.9640718562874251,1,<federated.algorithms.fair_fed_drift.ClientIdentity.ClientIdentity object at 0x7fdac00ebb50>
0.8028571428571428,2.0589485,0.26570526,3.8521914,0.7186544342507645,0,<federated.algorithms.fair_fed_drift.ClientIdentity.ClientIdentity object at 0x7fdb1c2933a0>
0.9814285714285714,0.054953977,0.07579575,0.034112222,0.9913043478260869,0,<federated.algorithms.fair_fed_drift.ClientIdentity.ClientIdentity object at 0x7fda2c743b50>
0.9728571428571429,0.1028043,0.04989997,0.15570863,0.9854227405247814,0,<federated.algorithms.fair_fed_drift.ClientIdentity.ClientIdentity object at 0x7fdbc4b1d390>
