ACC,Loss,LossPrivileged,LossUnprivileged,BalancedACC,drift-id,gm-id,gm-name
0.9185714285714286,0.28740314,0.20975778,0.36504853,0.966360856269113,0,0,0
0.94,0.18126851,0.13588198,0.22665508,0.9641791044776119,0,0,0
0.9557142857142857,0.17514858,0.17302789,0.17726925,0.9676470588235294,0,0,0
0.96,0.15378614,0.2289472,0.078625046,0.9706744868035191,0,0,0
0.8514285714285714,1.9879977,0.19461857,3.7813768,0.7738095238095238,2,0,0
0.83,0.8788665,0.9540974,0.80363536,0.9829351535836177,2,7,7
0.83,0.7777638,0.6720302,0.8834975,0.9965635738831616,2,10,10
0.9457142857142857,0.24332073,0.25087336,0.23576811,0.9939759036144578,2,11,11
0.9357142857142857,0.26410216,0.22296047,0.30524388,0.9848484848484849,2,11,11
