ACC,Loss,LossPrivileged,LossUnprivileged,BalancedACC,drift-id,gm-id,gm-name
0.7907573812580231,0.45402423,0.47185177,0.28911948,0.8570309439874657,0,0,0
0.8164313222079589,0.4072931,0.4177897,0.3026232,0.9284217240750867,0,0,0
0.8112965340179717,0.3928148,0.40185747,0.31154603,0.9228832759922799,0,0,0
0.834403080872914,0.39836055,0.41019267,0.2963994,0.9463456959522175,0,0,0
0.40821566110397944,1.6841961,1.81831,0.13323425,0.3795948277899912,2,0,0
0.7907573812580231,0.50064474,0.5029372,0.47366124,0.9412037795619641,2,11,11
0.8010269576379975,0.48675013,0.48985183,0.45149806,0.967877094972067,2,15,12-10-13
0.8485237483953787,0.31716254,0.3108475,0.3901929,0.9527577025484976,2,15,12-10-13
0.9191270860077022,0.20727889,0.18903844,0.4182211,0.9244635819588382,2,15,12-10-13
