ACC,Loss,LossPrivileged,LossUnprivileged,BalancedACC,drift-id,gm-id
0.9342857142857143,0.2407772,0.23273277,0.3131771,0.9593908629441624,0,<federated.algorithms.fair_fed_drift.ClientIdentity.ClientIdentity object at 0x7f9d595a6cb0>
0.9557142857142857,0.1528243,0.13896182,0.27758652,0.9356435643564357,0,<federated.algorithms.fair_fed_drift.ClientIdentity.ClientIdentity object at 0x7f9d59616800>
0.9471428571428572,0.21694665,0.19565913,0.40853462,0.8955223880597014,0,<federated.algorithms.fair_fed_drift.ClientIdentity.ClientIdentity object at 0x7f9c6c7d4730>
0.9514285714285714,0.19628873,0.15314467,0.58458525,0.923841059602649,0,<federated.algorithms.fair_fed_drift.ClientIdentity.ClientIdentity object at 0x7f9d541d7280>
0.97,0.16653514,0.13486461,0.45156986,0.9365853658536585,0,<federated.algorithms.fair_fed_drift.ClientIdentity.ClientIdentity object at 0x7f9c8c546680>
0.9557142857142857,0.18965988,0.18103898,0.26724815,0.9850746268656716,0,<federated.algorithms.fair_fed_drift.ClientIdentity.ClientIdentity object at 0x7f9d54325c30>
0.9614285714285714,0.112106696,0.100497104,0.21659294,0.9132569558101472,0,<federated.algorithms.fair_fed_drift.ClientIdentity.ClientIdentity object at 0x7f9bedf05a20>
0.9357142857142857,0.27601585,0.22210519,0.7612117,0.9409780775716694,0,<federated.algorithms.fair_fed_drift.ClientIdentity.ClientIdentity object at 0x7f9d402c5900>
0.8242857142857143,0.9914498,0.92980814,1.546225,0.7247191011235956,0,<federated.algorithms.fair_fed_drift.ClientIdentity.ClientIdentity object at 0x7f9cfc12b7f0>
0.9714285714285714,0.13053142,0.09119327,0.4845748,0.9189627228525122,0,<federated.algorithms.fair_fed_drift.ClientIdentity.ClientIdentity object at 0x7f9bed6ed540>
