ACC,Loss,LossPrivileged,LossUnprivileged,BalancedACC,drift-id,gm-id,gm-name
0.8271428571428572,0.47261736,0.46400306,0.5501461,0.9257142857142857,0,0,0
0.85,0.5310175,0.33907524,2.2584984,0.631294964028777,2,0,0
0.8728571428571429,0.3738135,0.29276723,1.10323,0.6813380281690141,2,0,0
0.8828571428571429,0.43943116,0.37346333,1.0331414,0.8617021276595744,0,0,0
0.88,0.5316697,0.4770888,1.0228971,0.8647686832740213,2,0,0
0.8942857142857142,0.49673736,0.40474793,1.3246424,0.8153310104529617,2,0,0
0.9,0.4550823,0.39548495,0.9914581,0.8437500000000001,1,0,0
0.8842857142857142,0.5257153,0.41501862,1.5219858,0.7225130890052356,1,0,0
0.8714285714285714,0.7398132,0.5986645,2.010151,0.6996466431095406,1,0,0
