ACC,Loss,LossPrivileged,LossUnprivileged,AEQ,OEQ,OPP,MEQ,MPP,drift-id,gm-id,gm-name
0.9457142857142857,0.18647633,0.17546548,0.2855742,0.9632107023411371,0.9076538393593345,0.8908829124113286,0.7745901639344263,0.703030303030303,0,0,0
0.9342857142857143,0.37457955,0.16256456,2.2827146,0.7611940298507462,0.746244489888759,0.721079173104947,0.0,0.0,4,0,0
0.9542857142857143,0.25039226,0.09136596,1.6816288,0.7439222042139384,0.7357130217897574,0.7428894848200225,0.0,0.0,4,0,0
0.9457142857142857,0.2901022,0.18041873,1.2772534,0.7512274959083469,0.7224023298880244,0.7095203439235105,0.0,0.0,4,0,0
0.9528571428571428,0.3086916,0.06547833,2.4976113,0.682258064516129,0.7178394181400386,0.6875338706750966,0.0,0.0,1,0,0
0.9657142857142857,0.16312386,0.06245994,1.0690991,0.7813504823151125,0.6609006177318923,0.6393434343434343,0.0,0.0,1,0,0
0.96,0.22053292,0.09851692,1.3186768,0.8022690437601296,0.7605439044311385,0.7687808628898064,0.0,0.0,3,0,0
0.9657142857142857,0.16007149,0.012166818,1.4912134,0.6878980891719745,0.6937821116764022,0.7106870446265938,0.0,0.0,3,0,0
0.9685714285714285,0.17761785,0.039291352,1.4225562,0.7632,0.7542467159277504,0.7523629458073617,0.0,0.0,3,0,0
