ACC,Loss,LossPrivileged,LossUnprivileged,BalancedACC,drift-id,gm-id,gm-name
0.8483333333333334,0.35019276,0.29353544,0.466096,0.8791849654936406,0,0,0
0.815,0.5018718,0.24945676,1.0067021,0.6794520547945205,1,0,0
0.8483333333333334,0.33726582,0.30532214,0.39615726,0.932709834824308,1,1,1
0.8216666666666667,0.3715984,0.31867597,0.4630098,0.8928671328671329,1,1,1
0.8716666666666667,0.30383268,0.26486218,0.3853895,0.9391438444184254,1,1,1
0.8716666666666667,0.31362903,0.26064926,0.427078,0.9019320509902117,1,1,1
0.8333333333333334,0.3685033,0.2942235,0.51269364,0.847870182555781,1,1,1
0.815,0.43267635,0.26450637,0.8219759,0.6718756833189988,0,1,1
0.8833333333333333,0.27687368,0.21202025,0.4125979,0.8969072164948453,0,0,0
