ACC,Loss,LossPrivileged,LossUnprivileged,AEQ,OEQ,OPP,MEQ,MPP,drift-id,gm-id,gm-name
0.7844311377245509,0.4631619,0.47332206,0.40162826,0.9163953488372093,0.5,0.9151479750778816,0.0,0.9151479750778816,0,0,0
0.7844311377245509,0.43352577,0.43676057,0.4174672,0.9801352947492752,0.5343810386026705,0.9048186214872257,0.14500683994528044,0.8255813953488372,2,0,0
0.7924151696606786,0.4281734,0.41916952,0.469291,0.9775739041794087,0.7927389705882353,0.9209527884752531,0.625,0.8888888888888888,2,0,0
0.7864271457085829,0.4679636,0.41402337,0.7893577,0.8265895953757225,0.7219450888340355,0.8749967733608673,0.44753086419753085,0.8124935467217346,4,0,0
0.8003992015968064,0.43196303,0.3644382,0.7873128,0.8365245664739884,0.8546423037190083,0.807802682968246,0.7109375,0.7822720326031585,4,0,0
0.8063872255489022,0.38599035,0.36486837,0.49714476,0.9540204678362573,0.8992286220646877,0.9022224457464733,0.8740000000000001,0.8123569794050343,2,0,0
0.8243512974051896,0.37869602,0.38087735,0.3701633,0.9441216678058783,0.9114372127602055,0.9334996679543179,0.826388888888889,0.9258228653204006,2,0,0
0.8163672654690619,0.3785481,0.36542705,0.455477,0.9688170784061195,0.7760016998252292,0.9098370047505686,0.6084615384615384,0.8890577507598785,2,0,0
0.8183632734530938,0.39851582,0.3784352,0.5057824,0.9336621812774292,0.8400409612275057,0.9008227757240785,0.6928104575163399,0.8609625668449198,2,0,0
