ACC,Loss,LossPrivileged,LossUnprivileged,BalancedACC,drift-id,gm-id,gm-name
0.7866323907455013,0.44737083,0.46086618,0.31298754,0.8598833097595473,0,0,0
0.7853470437017995,0.48978433,0.3807844,1.6097986,0.3837996112300386,1,0,0
0.7583547557840618,0.46606833,0.460752,0.5190062,0.9827943452146772,1,1,1
0.8033419023136247,0.4162629,0.4185788,0.3890414,0.9575300134000602,1,1,1
0.787917737789203,0.43893647,0.4337469,0.49783465,0.9860126083530338,1,1,1
0.8071979434447301,0.40761742,0.41950798,0.2944963,0.9104458041958041,1,1,1
0.8431876606683805,0.36134747,0.35829586,0.39321,0.9745098039215686,1,1,1
0.8444730077120822,0.32739347,0.33172572,0.2873771,0.9225814443205748,1,1,1
0.8136246786632391,0.39167464,0.37720624,0.5096349,0.9812389380530974,1,1,1
