ACC,Loss,LossPrivileged,LossUnprivileged,BalancedACC,drift-id,gm-id,gm-name
0.9171428571428571,0.26689374,0.22670247,0.6286154,0.8600682593856656,0,0,0
0.9528571428571428,0.15461814,0.1319349,0.35876727,0.9223140495867768,0,0,0
0.9542857142857143,0.16510639,0.11094906,0.65252227,0.9044481054365733,0,0,0
0.9742857142857143,0.1110676,0.10891265,0.13046218,0.9804878048780489,0,0,0
0.9557142857142857,0.451152,0.15275952,3.1366842,0.7902439024390244,1,0,0
0.9385714285714286,0.33084297,0.30467844,0.56632346,0.9881756756756758,1,8,1-3
0.9071428571428571,0.40651813,0.33579025,1.0430695,0.8364888123924268,1,2,2
0.93,0.558584,0.20652132,3.7271485,0.7164179104477612,0,2,2
0.9714285714285714,0.14558949,0.12831382,0.30107063,0.9189627228525122,0,0,0
