ACC,Loss,LossPrivileged,LossUnprivileged,AEQ,OEQ,OPP,MEQ,MPP,drift-id,gm-id,gm-name
0.8585714285714285,0.401312,0.39207685,0.48442787,0.9430147058823529,0.7847171119223529,0.7587331821225052,0.0,0.0,0,0,0
0.8428571428571429,0.62360275,0.36887777,2.9161277,0.7252747252747253,0.6426710813664098,0.6420266858976175,0.0,0.0,1,0,0
0.7985714285714286,0.81014884,0.668463,2.0853214,0.675,0.5733984635847987,0.57241018230449,0.0,0.0,1,1,1
0.8714285714285714,0.6759283,0.3963537,3.1920998,0.7340425531914894,0.7610538117673762,0.6923954556997531,0.0,0.0,1,0,0
0.8,0.7497108,0.6295651,1.8310224,0.7674418604651163,0.6958963539011134,0.7833792545667312,0.1807511737089202,0.352112676056338,1,13,13
0.8342857142857143,0.7047917,0.6905079,0.8333461,0.9169811320754717,0.796744038624132,0.8321212602858656,0.5087719298245614,0.276,1,6,6
0.8457142857142858,0.71597594,0.64173293,1.3841631,0.8302583025830258,0.8111972727036459,0.8338727863600853,0.3417366946778711,0.6761904761904761,1,6,6
0.7657142857142857,0.9737035,0.789059,2.6355038,0.7849898580121705,0.5635270091486765,0.6169578931289761,0.0,0.0,0,23,23
0.8742857142857143,0.66580135,0.61983323,1.0795143,0.9243243243243243,0.8460758548421767,0.8667860876435889,0.5432098765432098,0.5679012345679012,0,0,0
