ACC,Loss,LossPrivileged,LossUnprivileged,BalancedACC,drift-id,gm-id,gm-name
0.9414285714285714,0.2108993,0.2280259,0.19377263,0.9730538922155688,0,0,0
0.8457142857142858,1.5800611,0.19349153,2.9666305,0.793939393939394,1,0,0
0.8628571428571429,0.6444654,0.5647057,0.7242249,0.961038961038961,1,3,3
0.92,0.38305768,0.43368265,0.33243266,0.9815384615384617,1,12,1-3-2-4
0.7971428571428572,2.563665,0.26794827,4.859382,0.6909090909090909,2,12,1-3-2-4
0.9328571428571428,0.3502012,0.21524577,0.4851567,0.966867469879518,2,11,5-6-7
0.9457142857142857,0.21388707,0.2118519,0.21592224,0.9939759036144578,2,11,5-6-7
0.9557142857142857,0.18242948,0.2589851,0.105873846,0.9504373177842567,2,11,5-6-7
0.97,0.11921282,0.008991847,0.2294338,0.9511494252873562,2,11,5-6-7
