ACC,Loss,LossPrivileged,LossUnprivileged,BalancedACC,drift-id,gm-id,gm-name
0.9257142857142857,0.2737057,0.2720154,0.3058215,0.987012987012987,0,0,0
0.9485714285714286,0.19882481,0.15320691,1.065565,0.6817472698907956,0,0,0
0.8914285714285715,0.51405644,0.4773201,1.2120463,0.76,0,1,1
0.9657142857142857,0.08912048,0.07079897,0.4372291,0.8209876543209877,0,0,0
0.8985714285714286,0.46137542,0.392097,1.7776655,0.5277777777777778,2,9,9
0.8714285714285714,0.69372374,0.66102546,1.3149904,0.7444633730834753,2,13,13
0.8942857142857142,0.5272425,0.5242126,0.58480996,0.8896321070234114,2,16,16
0.9528571428571428,0.23460521,0.19801672,0.92978644,0.8325508607198749,0,16,16
0.9671428571428572,0.12169727,0.11424783,0.26323643,0.9426356589147287,0,0,0
