ACC,Loss,LossPrivileged,LossUnprivileged,BalancedACC,drift-id,gm-id,gm-name
0.8029589778076665,0.43514454,0.44093883,0.32904187,0.8903792784458834,0,0,0
0.7700067249495629,0.47757477,0.45667166,0.94234276,0.6804399189918992,1,0,0
0.8029589778076665,0.42313957,0.39088288,1.0664569,0.7091848576279882,1,0,0
0.827841291190316,0.38552028,0.34624317,1.1249777,0.7638884192730346,1,0,0
0.8103564223268326,0.3872986,0.35876426,0.8958597,0.7876620669986618,1,0,0
0.8264963012777404,0.36765388,0.34446442,0.7113014,0.8950305656013071,1,0,0
0.800941492938803,0.4344827,0.4098928,1.0093199,0.5628180370156323,1,9,1-3-4-2-5
0.8453261600537996,0.3406902,0.33800447,0.3919733,0.9236751346843091,0,0,0
0.843981170141224,0.33793905,0.33824643,0.33049867,0.9833881440256346,0,0,0
