ACC,Loss,LossPrivileged,LossUnprivileged,BalancedACC,drift-id,gm-id,gm-name
0.8014804845222072,0.42875677,0.43387502,0.3027415,0.9268627450980393,0,0,0
0.8055181695827726,0.404989,0.41394264,0.23168156,0.8577598767744891,0,0,0
0.8283983849259757,0.36047322,0.35994998,0.3703172,0.9854544227329486,0,0,0
0.8270524899057874,0.35494128,0.35871175,0.28594637,0.9477876762391026,0,0,0
0.8317631224764468,0.35494205,0.3537159,0.38408408,0.8979848866498741,0,0,0
0.8391655450874832,0.33021277,0.33046815,0.3250471,0.9689315726290515,0,0,0
0.8398384925975774,0.3451276,0.341151,0.4123469,0.9287700251555673,0,0,0
0.8344549125168237,0.3396915,0.31446862,0.8012371,0.6415237517073911,1,0,0
0.8391655450874832,0.3326619,0.31241816,0.8055684,0.6547916694822483,1,0,0
