ACC,Loss,LossPrivileged,LossUnprivileged,BalancedACC,drift-id,gm-id,gm-name
0.8883333333333333,0.28022268,0.27984488,0.28692883,0.9791160757649344,0,0,0
0.89,0.24857989,0.24568519,0.31248605,0.9037336932073774,0,0,0
0.8666666666666667,0.30865476,0.30629817,0.3534302,0.8792756539235412,0,0,0
0.895,0.25190338,0.2518951,0.2520728,0.9974888392857143,0,0,0
0.8866666666666667,0.30836964,0.2563365,1.8173301,0.44274809160305345,2,0,0
0.8833333333333333,0.28584772,0.25605732,0.851866,0.7450980392156862,2,0,0
0.8833333333333333,0.29081908,0.26194024,0.9283743,0.731593942120258,2,0,0
0.8816666666666667,0.2843213,0.2794716,0.37646607,0.9424603174603176,0,0,0
0.8983333333333333,0.24626389,0.2308395,0.5393271,0.8085106382978723,0,0,0
