ACC,Loss,LossPrivileged,LossUnprivileged,AEQ,OEQ,OPP,MEQ,MPP,drift-id,gm-id,gm-name
0.9171428571428571,0.35470927,0.29280168,0.91187716,0.8600682593856656,0.8405352607909966,0.8494392369410949,0.5909090909090909,0.6358208955223881,0,0,0
0.9357142857142857,0.40940595,0.16207924,2.635346,0.743801652892562,0.7413219358256123,0.7437700636892062,0.0,0.0,1,0,0
0.9285714285714286,0.40336582,0.20233655,2.2126293,0.6854304635761589,0.6716554354664712,0.6645210126136321,0.0,0.0,1,0,0
0.96,0.16478369,0.1581908,0.22411956,0.9637561779242175,0.906540402901409,0.9244454181473362,0.835820895522388,0.8469945355191257,1,6,1-3-4
0.9542857142857143,0.24228236,0.2065865,0.5635453,0.888157894736842,0.8837171398953794,0.8863778952686461,0.7142857142857143,0.6892655367231638,1,6,1-3-4
0.9528571428571428,0.19138938,0.1705086,0.3793163,0.9717607973421927,0.9068066256283066,0.9152172230485596,0.711111111111111,0.8126984126984127,1,11,2-1-3-4
0.9628571428571429,0.12361402,0.11746864,0.17892236,0.9934102141680395,0.9443138508433677,0.9447639851929905,0.8320000000000001,0.9011194029850746,1,11,2-1-3-4
0.9328571428571428,0.31317398,0.3183931,0.26620236,0.9882154882154883,0.9180794902207918,0.8989646528271068,0.8333333333333334,0.796875,1,11,2-1-3-4
0.99,0.037469313,0.032215,0.08475812,0.9792,0.9642064785265749,0.960437007647634,0.8477011494252874,0.823529411764706,1,11,2-1-3-4
