ACC,Loss,LossPrivileged,LossUnprivileged,BalancedACC,drift-id,gm-id,gm-name
0.8471428571428572,0.4529061,0.43891978,0.5787833,0.9385474860335197,0,0,0
0.8457142857142858,0.6828552,0.42979136,2.9604292,0.8121546961325966,1,0,0
0.7585714285714286,0.8895909,0.7678613,1.9851571,0.753061224489796,1,1,1
0.86,0.59923756,0.376883,2.600429,0.6234458259325044,1,0,0
0.89,0.5887137,0.4052862,2.2395613,0.8714788732394366,2,0,0
0.8785714285714286,0.65368676,0.473503,2.27534,0.7619047619047619,2,0,0
0.8714285714285714,0.6610595,0.47807693,2.3079023,0.7340425531914894,2,0,0
0.8671428571428571,0.60473984,0.5024845,1.5250374,0.8078994614003591,1,0,0
0.8671428571428571,0.7234028,0.60552526,1.7843,0.7379679144385027,1,0,0
