ACC,Loss,LossPrivileged,LossUnprivileged,BalancedACC,drift-id,gm-id,gm-name
0.7971246006389776,0.4117595,0.44277892,0.34986907,0.919814148681055,0,0,0
0.8130990415335463,0.4159681,0.43584165,0.37574083,0.9679608147860355,0,0,0
0.853035143769968,0.33683914,0.34861848,0.3111876,0.9664715129831409,0,0,0
0.8466453674121406,0.3344865,0.39214253,0.21778187,0.898720357487432,0,0,0
0.8322683706070287,0.3400852,0.37425295,0.27747005,0.9506302794022091,0,0,0
0.8498402555910544,0.3157739,0.34976563,0.24494378,0.922895071831242,0,0,0
0.853035143769968,0.30176497,0.33583102,0.2333053,0.9952153110047847,0,0,0
0.6293929712460063,1.2151008,0.36312833,2.744087,0.3223909324208725,1,0,0
0.829073482428115,0.36556172,0.3833051,0.33304554,0.9607433674809562,1,1,1
