ACC,Loss,LossPrivileged,LossUnprivileged,AEQ,OEQ,OPP,MEQ,MPP,drift-id,gm-id,gm-name
0.803594351732991,0.44555074,0.45107853,0.38583335,0.9240422233704879,0.8204285663095281,0.8800639513788098,0.6587570621468927,0.8608490566037735,0,0,0
0.79204107830552,0.46129176,0.42592964,0.7702686,0.7537632042253521,0.6103925974532892,0.7849228705566733,0.23107394366197184,0.7416767270288396,3,0,0
0.8048780487804879,0.4166792,0.37364504,0.8034352,0.7957398504273505,0.6377627785250795,0.7055744637605412,0.3071264367816092,0.606896551724138,3,0,0
0.8267008985879333,0.3681754,0.37216112,0.33183786,0.9885776873728681,0.9781743741135337,0.9142348918176896,0.9742058910842102,0.8435374149659864,1,0,0
0.8549422336328626,0.3372515,0.32515338,0.5099473,0.936407843137255,0.849275475922156,0.8963823411695315,0.7161458333333334,0.8463541666666666,1,0,0
0.803594351732991,0.38104236,0.36574945,0.5747524,0.9342481417953117,0.7662308886402859,0.944093070942386,0.5680507497116494,0.9101039501039502,2,0,0
0.8331193838254172,0.38715,0.34520805,0.71648973,0.8739687110834371,0.827022397075873,0.8718871092740894,0.6672176308539945,0.8254068716094033,2,0,0
0.8408215661103979,0.35113224,0.334837,0.49155354,0.9656039740929384,0.9047153837804657,0.9359085620984571,0.8289313287281593,0.9324618736383441,2,0,0
0.8189987163029525,0.36998188,0.3612655,0.4472155,0.9537623066104078,0.987997213054377,0.961583627303731,0.9765056735525168,0.9498848118593703,2,11,0-9
