ACC,Loss,LossPrivileged,LossUnprivileged,AEQ,OEQ,OPP,MEQ,MPP,drift-id,gm-id,gm-name
0.9214285714285714,0.2719658,0.27164352,0.2748662,0.9400684931506849,0.8774199069389246,0.8882551989756371,0.6137566137566137,0.7605633802816901,0,0,0
0.9528571428571428,0.22162208,0.14662313,0.8966126,0.840983606557377,0.8299384114840272,0.8081148606233205,0.4453781512605042,0.6,0,0,0
0.97,0.100363344,0.09997541,0.10385482,0.9983660130718953,0.9475881441553433,0.9489911913832462,0.8280701754385965,0.8140350877192983,0,0,0
0.9642857142857143,0.1028211,0.09978117,0.13018054,0.9917763157894737,0.9344636582468434,0.9454547061895093,0.631578947368421,0.8839285714285714,0,0,0
0.9671428571428572,0.26226476,0.10581856,1.6702808,0.8912337662337663,0.7612452794309827,0.7751391013377822,0.0,0.0,2,0,0
0.93,0.35399002,0.33638963,0.51239336,0.9473684210526315,0.8840360824827593,0.89168577669652,0.7440476190476191,0.7106060606060606,2,2,2
0.9385714285714286,0.32134235,0.33315805,0.21500123,0.9378151260504202,0.9205240830572897,0.917500441438414,0.7581699346405228,0.7857142857142857,2,2,2
0.97,0.11057057,0.09795123,0.22414464,0.9527687296416939,0.9126174636877306,0.921808018628318,0.6,0.7142857142857143,2,2,2
0.9385714285714286,0.35104635,0.3161105,0.6654689,0.9045226130653267,0.8828111218050243,0.8733732287214299,0.6545454545454545,0.6473214285714285,2,2,2
