ACC,Loss,LossPrivileged,LossUnprivileged,AEQ,OEQ,OPP,MEQ,MPP,drift-id,gm-id,gm-name
0.9271428571428572,0.25535312,0.23812583,0.3242624,0.935361216730038,0.9155414359462624,0.9218356564433903,0.8011363636363636,0.8333333333333334,0,0,0
0.9085714285714286,0.76948506,0.23174499,2.9204454,0.7909604519774012,0.7667637025015832,0.7624897538054103,0.0,0.0,2,0,0
0.8357142857142857,0.7907445,0.823414,0.660066,0.9263157894736842,0.8586125185631888,0.8547095096760051,0.5623931623931623,0.6538461538461539,2,8,8
0.8385714285714285,1.0292273,0.6123241,2.6968389,0.831275720164609,0.7450714330603219,0.7514774295906681,0.0,0.0,0,9,5-7
0.9614285714285714,0.19231091,0.15954596,0.32337087,0.9304029304029304,0.8951194463523585,0.9056371206477138,0.7007211538461539,0.6101694915254238,0,0,0
0.9557142857142857,0.19519843,0.16195802,0.32815993,0.9739776951672863,0.9395800488478674,0.9361727673526558,0.8482142857142858,0.8561264822134388,0,0,0
0.9657142857142857,0.17022039,0.13350615,0.31707734,0.9614678899082569,0.9439719635191299,0.9349972519504022,0.8333333333333334,0.8487654320987654,0,0,0
0.9157142857142857,0.9197325,0.10925622,4.1616373,0.6788321167883211,0.7298554596921059,0.7482916791504378,0.0,0.0,1,0,0
0.9657142857142857,0.15689935,0.18988736,0.024947349,0.9746376811594203,0.9572288355044017,0.9667351544745003,0.8771929824561403,0.9305555555555556,1,10,1-3
