ACC,Loss,LossPrivileged,LossUnprivileged,AEQ,OEQ,OPP,drift-id,gm-id,gm-name
0.8346666666666667,0.6195863,0.40316758,1.4852611,0.6199261992619927,0.6471931064962536,0.8030640244003803,0,0,0
0.7626666666666667,1.749599,0.8139145,5.492337,0.45136186770428016,0.407013582707111,0.5352172776793224,1,0,0
0.832,1.1631896,0.7701182,2.7354746,0.7816091954022989,0.7820545335320337,0.8823746201282839,1,1,1
0.8133333333333334,0.9330437,0.3910226,3.101128,0.4852941176470589,0.49911464970724845,0.8279477576776174,1,1,1
0.8053333333333333,1.013386,0.71276623,2.2158654,0.7372549019607844,0.722758126967547,0.9429275300666486,1,1,1
0.8133333333333334,1.3782411,0.786813,3.743953,0.6037735849056604,0.6203329117055713,0.848801926669272,1,1,1
0.856,0.86499107,0.34787384,2.93346,0.7032967032967032,0.7025283828081191,0.7516655780535598,1,1,1
0.7866666666666666,1.927368,0.4698402,7.7574797,0.338235294117647,0.3967372293496466,0.4825855262256093,0,1,1
0.856,0.86763954,0.50864094,2.303634,0.791044776119403,0.7745273196731961,0.7217940353553999,0,0,0
