ACC,Loss,LossPrivileged,LossUnprivileged,BalancedACC,drift-id,gm-id,gm-name
0.7971246006389776,0.4117595,0.44277892,0.34986907,0.919814148681055,0,0,0
0.8162939297124601,0.42691186,0.44926468,0.38166627,0.9822886572038688,0,0,0
0.829073482428115,0.4053301,0.37620732,0.46874973,0.9705470638971764,0,0,0
0.8019169329073482,0.42436272,0.44123223,0.39021617,0.9312813760184349,0,0,0
0.8115015974440895,0.43784553,0.43825912,0.43708754,0.9367003367003368,0,0,0
0.7236421725239617,0.5132369,0.5890726,0.3552147,0.7414269397295934,0,0,0
0.7268370607028753,0.5150332,0.6049982,0.33423817,0.8036077654952428,0,0,0
0.5223642172523961,0.9051388,0.6036723,1.4461634,0.4888132295719844,1,0,0
0.6996805111821086,0.6345733,0.41122064,1.0438844,0.5924047518147394,1,0,0
