ACC,Loss,LossPrivileged,LossUnprivileged,AEQ,OEQ,OPP,drift-id,gm-id,gm-name
0.7955555555555556,0.64616275,0.42257783,1.0933323,0.7538461538461538,0.7478506062383213,0.700577486761845,0,0,0
0.7133333333333334,2.7534993,0.4851881,7.290121,0.34306569343065696,0.3727882639753886,0.4788856321860995,2,0,0
0.5444444444444444,3.7534323,2.7124588,5.835378,0.6063829787234042,0.5860936517027,0.795646476429315,2,6,6
0.6844444444444444,2.0870898,0.49025962,5.2807503,0.2814814814814815,0.30300788932077866,0.42512223515715947,2,0,0
0.6844444444444444,3.1004252,0.577768,8.14574,0.30711610486891383,0.35667565466025647,0.4609685990692444,1,0,0
0.7733333333333333,1.5844194,0.6527364,3.447785,0.6463878326996197,0.6559897852133199,0.8577969966544631,1,3,3
0.8311111111111111,0.9985958,0.45598388,2.0838196,0.7299270072992701,0.7189776683929837,0.8845182598785216,1,3,3
0.8022222222222222,1.3868182,0.6576616,2.8451314,0.6642066420664207,0.6707805788626886,0.8771625646494913,1,3,3
0.82,1.1027452,0.66259414,1.9830472,0.7954545454545454,0.7846558521693031,0.8942850540219932,1,3,3
