ACC,Loss,LossPrivileged,LossUnprivileged,AEQ,OEQ,OPP,drift-id,gm-id,gm-name
0.82,0.73779464,0.49302146,1.2273412,0.7954545454545454,0.8152131352518567,0.8588550699723531,0,0,0
0.6933333333333334,2.6867878,0.535327,6.9897103,0.3547169811320755,0.361870215870996,0.6142297188300386,1,0,0
0.6711111111111111,2.239833,1.0442295,4.6310406,0.48559670781893,0.4952716695189986,0.8026781886373858,1,7,7
0.6577777777777778,2.1397018,1.4617468,3.4956117,0.6428571428571428,0.6529131469620014,0.920006139550375,1,7,7
0.7066666666666667,1.9254979,1.2102162,3.3560612,0.6835443037974683,0.6818869485412106,0.9312189690434103,1,7,7
0.7644444444444445,1.5503428,0.35297662,3.9450748,0.5201465201465201,0.5112872304655827,0.5353992965281777,1,0,0
0.7822222222222223,0.954847,0.6494177,1.5657058,0.7392996108949416,0.7354045462729756,0.9741544120482215,1,7,7
0.7777777777777778,1.098457,0.6762655,1.9428403,0.7237354085603113,0.7336105253883806,0.9081359319104019,1,7,7
0.8311111111111111,0.791805,0.4384685,1.4984779,0.73992673992674,0.7307099661440498,0.9504945998507669,1,7,7
