ACC,Loss,LossPrivileged,LossUnprivileged,BalancedACC,drift-id,gm-id
0.9242857142857143,0.2589479,0.21326531,0.67009133,0.8862478777589134,0,<federated.algorithms.fair_fed_drift.ClientIdentity.ClientIdentity object at 0x7f4d0dde60b0>
0.9371428571428572,0.21699469,0.17506096,0.59439814,0.8564273789649416,0,<federated.algorithms.fair_fed_drift.ClientIdentity.ClientIdentity object at 0x7f4ca5bff220>
0.9571428571428572,0.19558178,0.13919885,0.703028,0.9014778325123153,0,<federated.algorithms.fair_fed_drift.ClientIdentity.ClientIdentity object at 0x7f4c580f2560>
0.9557142857142857,0.16739772,0.17323698,0.114844404,0.9820261437908497,0,<federated.algorithms.fair_fed_drift.ClientIdentity.ClientIdentity object at 0x7f4cf03fd180>
0.9428571428571428,0.4715792,0.16672885,3.2152326,0.7377049180327869,2,<federated.algorithms.fair_fed_drift.ClientIdentity.ClientIdentity object at 0x7f4ca5bc4fa0>
0.8728571428571429,0.68314296,0.6395898,1.0751218,0.8902877697841727,2,<federated.algorithms.fair_fed_drift.ClientIdentity.ClientIdentity object at 0x7f4b93f17850>
0.8442857142857143,0.74501806,0.6797165,1.3327315,0.7775735294117646,2,<federated.algorithms.fair_fed_drift.ClientIdentity.ClientIdentity object at 0x7f4cf02b0eb0>
0.8728571428571429,0.6510824,0.5346712,1.6987833,0.7327433628318584,2,<federated.algorithms.fair_fed_drift.ClientIdentity.ClientIdentity object at 0x7f4b9173e620>
0.9271428571428572,0.32091698,0.30420974,0.4712828,0.9336734693877551,2,<federated.algorithms.fair_fed_drift.ClientIdentity.ClientIdentity object at 0x7f4bb0074bb0>
0.9342857142857143,0.47144789,0.264531,2.3337004,0.8263772954924875,0,<federated.algorithms.fair_fed_drift.ClientIdentity.ClientIdentity object at 0x7f4cf04af460>
