ACC,Loss,LossPrivileged,LossUnprivileged,AEQ,OEQ,OPP,MEQ,MPP,drift-id,gm-id,gm-name
0.9171428571428571,0.3136605,0.27803844,0.9904796,0.801948051948052,0.8251854360606801,0.7952315523170279,0.5172413793103449,0.3381642512077294,0,0,0
0.9614285714285714,0.16315003,0.16283771,0.16908361,0.9174454828660435,0.8495885415090765,0.8938361850962979,0.35384615384615387,0.6666666666666666,0,0,0
0.9485714285714286,0.2596645,0.19645758,1.4605957,0.805337519623234,0.7038614065591007,0.6800698357059863,0.0,0.0,3,0,0
0.8928571428571429,0.46178296,0.39077982,1.8108428,0.53125,0.470473732434393,0.4952660799255672,0.0,0.0,2,1,1
0.9657142857142857,0.16106004,0.12083133,0.9254053,0.8209876543209877,0.8243692516238263,0.7766630718926337,0.21379310344827587,0.26171875,2,0,0
0.8542857142857143,0.8521617,0.6477664,4.7356706,0.12794612794612795,0.18607742537313435,0.10642632221579588,0.0,0.0,3,7,7
0.8342857142857143,0.7404589,0.69647264,1.5761969,0.6737588652482269,0.6164686234683219,0.6481103505635392,0.0,0.3785310734463277,3,10,10
0.9571428571428572,0.1789172,0.11311177,1.4292201,0.7364341085271318,0.8565838307539411,0.7807895643303483,0.1046875,0.3494623655913978,2,0,0
0.92,0.43629956,0.39984545,1.128928,0.7993527508090615,0.6687363594708876,0.7241459880252261,0.0,0.0,2,15,15
