ACC,Loss,LossPrivileged,LossUnprivileged,BalancedACC,drift-id,gm-id,gm-name
0.8442857142857143,0.42294142,0.42612195,0.41976097,0.97,0,0,0
0.76,1.7456883,0.45262548,3.0387511,0.8095238095238096,1,0,0
0.7271428571428571,0.9676406,0.6830728,1.2522085,0.8644688644688644,1,3,3
0.83,0.73460746,0.82869923,0.6405157,0.9965635738831616,1,2,2
0.8457142857142858,0.74969053,0.6558803,0.8435008,0.9932659932659933,1,3,3
0.8342857142857143,0.75674856,0.71563184,0.79786533,0.9863945578231293,1,2,2
0.8485714285714285,0.8490224,0.84799707,0.85004777,0.9932885906040269,1,2,2
0.7728571428571429,2.1973033,0.5756617,3.8189454,0.7973421926910299,0,2,2
0.8728571428571429,0.6335453,0.66492134,0.6021692,0.9967320261437909,0,0,0
