ACC,Loss,LossPrivileged,LossUnprivileged,BalancedACC,drift-id,gm-id,gm-name
0.7946084724005135,0.4518637,0.468408,0.3031769,0.8726716934990829,0,0,0
0.7689345314505777,0.50532764,0.40603304,1.6338191,0.4333305823773761,1,0,0
0.803594351732991,0.45684925,0.4446501,0.5784964,0.9033714482014036,1,2,2
0.7984595635430038,0.4555628,0.44373867,0.5496119,0.9282073505437587,1,7,4-1-2-3
0.31322207958921694,1.6075149,1.6369672,1.3350812,0.6058951965065502,2,7,4-1-2-3
0.8010269576379975,0.48538044,0.4969535,0.39788353,0.9258720930232558,2,12,12
0.8215661103979461,0.47282034,0.47689897,0.42304808,0.9883503401360543,2,16,8-9-10-11-12
0.306803594351733,1.3920494,1.3747323,1.5822729,0.9486713286713286,1,16,8-9-10-11-12
0.8164313222079589,0.3896167,0.3740096,0.5405564,0.9337742087860179,1,7,4-1-2-3
