ACC,Loss,LossPrivileged,LossUnprivileged,AEQ,OEQ,OPP,MEQ,MPP,drift-id,gm-id,gm-name
0.9471428571428572,0.17356078,0.17403027,0.1693353,0.9616026711185309,0.9052408587665879,0.9212025660407953,0.8041431261770245,0.7482993197278911,0,0,0
0.9385714285714286,0.37247485,0.12234911,2.623606,0.7413509060955519,0.6964468557053823,0.7148366415398059,0.0,0.0,1,0,0
0.8257142857142857,0.8654052,0.8032506,1.4247959,0.6871508379888269,0.6283819768269021,0.5884681559313546,0.0,0.0,1,2,2
0.8314285714285714,0.77040076,0.70805234,1.3315359,0.7541899441340782,0.622140914886578,0.6598529572924308,0.0,0.0,1,7,7
0.9428571428571428,0.27323383,0.20990407,0.84320164,0.867109634551495,0.8375024142382348,0.8471395386693275,0.6818181818181819,0.6193548387096774,1,2,2
0.94,0.28449693,0.24243672,0.6630391,0.9195979899497488,0.88126757614213,0.8716627135900836,0.7,0.5636363636363636,1,2,2
0.9542857142857143,0.19840015,0.20565946,0.1330663,0.9966832504145937,0.9321252962229096,0.9458624918055045,0.8714285714285714,0.8568075117370892,1,2,2
0.9628571428571429,0.35179135,0.15958972,2.081606,0.8155339805825244,0.7571640657100107,0.7579276629207301,0.0,0.0,0,2,2
0.9742857142857143,0.1313735,0.076026544,0.62949604,0.9,0.8870659195978409,0.8936988027634796,0.6772486772486772,0.75,0,0,0
