ACC,Loss,LossPrivileged,LossUnprivileged,BalancedACC,drift-id,gm-id,gm-name
0.8229665071770335,0.4211379,0.45921338,0.3540445,0.926530612244898,0,0,0
0.48325358851674644,1.0608199,1.3855337,0.4067086,0.3883756844026393,2,0,0
0.7751196172248804,0.4654734,0.5534268,0.2957316,0.8142511241784849,2,0,0
0.5486443381180224,0.69654214,0.8685447,0.3783375,0.4081632653061225,0,0,0
0.405103668261563,1.0619327,1.2048374,0.76987976,0.7173396674584323,2,0,0
0.4274322169059011,0.8969364,0.9489179,0.78004545,0.8231689381311892,2,0,0
0.47208931419457734,0.8592206,0.74734175,1.0862212,0.7386629266012154,1,0,0
0.3668261562998405,0.89529806,0.8966588,0.8922148,0.9685823754789273,1,0,0
0.6555023923444976,0.6248024,0.50456446,0.85685045,0.5644066302239463,1,0,0
