ACC,Loss,LossPrivileged,LossUnprivileged,BalancedACC,drift-id,gm-id,gm-name
0.810207336523126,0.4477586,0.4634697,0.41722146,0.9875895385640513,0,0,0
0.49920255183413076,1.0483009,1.4467301,0.29550853,0.33354928861788613,2,0,0
0.7942583732057417,0.46343032,0.55002415,0.2889937,0.8255969777800466,2,0,0
0.5629984051036683,0.69286174,0.8539216,0.39490098,0.4853240337111305,0,0,0
0.7145135566188198,0.55038774,0.46005303,0.74184316,0.6897465336041684,0,0,0
0.6842105263157895,0.5783055,0.49345988,0.7492203,0.7031476777939042,0,0,0
0.7368421052631579,0.53275436,0.60493785,0.38307983,0.7555555555555555,2,0,0
0.7288676236044657,0.5613219,0.571436,0.5413814,0.9728959514295449,2,0,0
0.5390749601275917,0.8122262,0.9729553,0.51487714,0.587253920587254,2,0,0
