ACC,Loss,LossPrivileged,LossUnprivileged,BalancedACC,drift-id,gm-id,gm-name
0.9314285714285714,0.23115596,0.2200453,0.3311518,0.9289340101522843,0,0,0
0.93,0.45154,0.2460087,2.3013217,0.7813021702838064,1,0,0
0.9457142857142857,0.18658149,0.0965984,0.9964292,0.7512274959083469,1,0,0
0.9528571428571428,0.16304776,0.12461267,0.50896347,0.8896210873146622,1,0,0
0.9614285714285714,0.20300806,0.10848904,1.0536795,0.8327922077922079,1,0,0
0.9628571428571429,0.122543685,0.061740626,0.66977125,0.7838709677419355,1,0,0
0.9657142857142857,0.12448775,0.058651194,0.71701694,0.7813504823151125,1,0,0
0.9614285714285714,0.17704678,0.13717021,0.53593564,0.8009708737864077,1,0,0
0.9514285714285714,0.17892458,0.1044269,0.8494035,0.7781402936378466,1,0,0
