ACC,Loss,LossPrivileged,LossUnprivileged,BalancedACC,drift-id,gm-id,gm-name
0.9357142857142857,0.23910089,0.23898233,0.24016781,0.9751243781094527,0,0,0
0.9342857142857143,0.34684458,0.13585077,2.245789,0.7774086378737541,1,0,0
0.95,0.27320275,0.12924469,1.5688251,0.747557003257329,1,0,0
0.9728571428571429,0.096406326,0.06675397,0.36327755,0.9658536585365853,0,0,0
0.9728571428571429,0.11248951,0.07402575,0.45866334,0.885483870967742,0,0,0
0.97,0.124578506,0.108478695,0.2694767,0.9527687296416939,0,0,0
0.9757142857142858,0.09142765,0.059131537,0.38209257,0.9305331179321487,0,0,0
0.9571428571428572,0.20095855,0.15806559,0.58699554,0.9177631578947368,0,0,0
0.9885714285714285,0.048230607,0.006587488,0.4230186,0.9014308426073132,0,0,0
