ACC,Loss,LossPrivileged,LossUnprivileged,AEQ,OEQ,OPP,MEQ,MPP,drift-id,gm-id,gm-name
0.8130464021519839,0.4237595,0.42568427,0.37952095,0.9680701754385964,0.7561108653987911,0.7614485675663891,0.5175438596491228,0.5736842105263158,0,0,0
0.7921990585070612,0.42836455,0.40961504,0.81367946,0.7973826138077346,0.6982129390217626,0.5911213991769547,0.5560897435897436,0.5777777777777777,1,0,0
0.7962340282447882,0.4349068,0.3840585,1.1556034,0.6773162362290047,0.6474554367119731,0.5541055665675126,0.43583015267175573,0.47723138491389766,1,0,0
0.8096839273705447,0.4052419,0.4135656,0.24165805,0.836994930096789,0.6977510117718182,0.7900942416807435,0.4175384977077701,0.7210180950487175,1,1,1
0.8103564223268326,0.45556772,0.34719387,2.6493628,0.28967051467051463,0.5195194242381802,0.492850961663587,0.3122519413287317,0.12206555969081018,2,0,0
0.812373907195696,0.40416396,0.38722694,0.8001021,0.7799015552034105,0.37593851820371155,0.39624965781549415,0.0,0.0,2,1,1
0.839946200403497,0.35600936,0.34067088,0.69705075,0.7736899337199669,0.3178571428571429,0.4976506639427988,0.0,0.0,2,5,1-2-3
0.8063214525891056,0.3866988,0.3665179,0.73248225,0.7300636267232237,0.32517720857512505,0.8274823003083873,0.14206712433257054,0.8105590062111802,1,5,1-2-3
0.8217888365837256,0.36977422,0.36395437,0.4825037,0.9477100358633666,0.5397856038436688,0.9074799775673138,0.526595744680851,0.8445414847161572,1,5,1-2-3
