ACC,Loss,LossPrivileged,LossUnprivileged,BalancedACC,drift-id,gm-id
0.8385714285714285,0.4698386490345001,0.4532601535320282,0.48641714453697205,0.9697986577181208,0,0
0.8742857142857143,0.43182337284088135,0.4368460476398468,0.4268006384372711,0.9552715654952076,0,0
0.8785714285714286,0.44939130544662476,0.3907555639743805,0.5080270171165466,0.9711538461538461,0,0
0.8671428571428571,0.45029476284980774,0.4336380362510681,0.46695151925086975,0.9836601307189542,0,0
0.8528571428571429,0.44458654522895813,0.34012025594711304,0.5490527153015137,0.9320388349514562,0,0
0.8357142857142857,0.5545992851257324,0.38370636105537415,0.7254921793937683,0.8512658227848102,0,0
0.8214285714285714,0.6517605781555176,0.44119101762771606,0.8623302578926086,0.8790849673202614,0,0
0.7557142857142857,0.9742341041564941,0.6246491074562073,1.3238189220428467,0.7871621621621621,1,0
0.8214285714285714,0.8349838852882385,0.2728418707847595,1.3971257209777832,0.8081761006289309,1,0
0.91,0.31136026978492737,0.2589153051376343,0.36380520462989807,0.9721362229102167,0,0
