ACC,Loss,LossPrivileged,LossUnprivileged,BalancedACC,drift-id,gm-id,gm-name
0.9014285714285715,0.4168056,0.38148502,0.45212615,0.9905362776025237,0,0,0
0.84,1.5173373,0.27497324,2.7597013,0.8148148148148149,1,0,0
0.8342857142857143,0.8039523,0.6942739,0.9136308,0.9466666666666667,1,1,1
0.9114285714285715,0.34350926,0.3386243,0.34839427,0.981366459627329,1,10,1-3
0.8128571428571428,2.2969654,0.36300093,4.23093,0.7400611620795107,2,10,1-3
0.9485714285714286,0.24132565,0.24374089,0.2389104,0.970326409495549,2,12,5-7-6-8
0.9557142857142857,0.24044968,0.089873634,0.3910257,0.9676470588235294,2,12,5-7-6-8
0.8628571428571429,1.5828868,0.0822529,3.0835204,0.7764705882352941,0,12,5-7-6-8
0.9642857142857143,0.16035447,0.2083597,0.11234919,0.9970414201183432,0,0,0
