ACC,BalancedACC,drift-id,gm-id
0.07389937106918239,0.9231827111984282,0,0
0.9198113207547169,0.9806500251298373,0,0
0.09748427672955975,0.6805823800326846,1,0
0.8553459119496856,0.9473156764495347,1,0
0.9040880503144654,0.9268745047126069,1,0
0.9418238993710691,0.9522841153120322,1,0
0.9198113207547169,0.9806500251298373,1,0
0.9072327044025157,0.9124308929468922,1,0
0.9512578616352201,0.9916389317314717,0,0
0.9245283018867925,0.9955865389437786,0,0
0.9654088050314465,0.953486156972314,0,0
