ACC,Loss,LossPrivileged,LossUnprivileged,BalancedACC,drift-id,gm-id,gm-name
0.9385714285714286,0.25722766,0.23673399,0.64660674,0.8457869634340224,0,0,0
0.9557142857142857,0.29711577,0.1045482,3.9559,0.6157407407407407,1,0,0
0.8814285714285715,0.55251586,0.5263957,1.048799,0.6694630872483222,1,3,3
0.8685714285714285,0.6924925,0.6403616,1.6829784,0.6462585034013605,1,2,2
0.8514285714285714,0.71289235,0.7115897,0.7376407,0.9366197183098592,1,8,8
0.9357142857142857,0.30905432,0.30421492,0.40100178,0.9119999999999999,1,2,2
0.9557142857142857,0.21774359,0.1987238,0.5791197,0.9231974921630094,1,2,2
0.9328571428571428,0.37668544,0.2080641,3.5804908,0.6313291139240506,0,2,2
0.99,0.025832757,0.019245135,0.15099755,0.9198184568835097,0,0,0
