ACC,Loss,LossPrivileged,LossUnprivileged,BalancedACC,drift-id,gm-id
0.8528571428571429,0.42108813,0.44002375,0.40215254,0.99,0,<federated.algorithms.fair_fed_drift.ClientIdentity.ClientIdentity object at 0x16aa814f0>
0.8528571428571429,0.42721465,0.4267692,0.42766017,0.9702970297029702,0,<federated.algorithms.fair_fed_drift.ClientIdentity.ClientIdentity object at 0x2d9738250>
0.8542857142857143,0.6739821,0.71174884,0.6362154,0.9933333333333334,0,<federated.algorithms.fair_fed_drift.ClientIdentity.ClientIdentity object at 0x287b77b20>
0.8671428571428571,0.56409997,0.5378618,0.5903381,0.9901639344262295,0,<federated.algorithms.fair_fed_drift.ClientIdentity.ClientIdentity object at 0x299768160>
0.7785714285714286,1.8343159,0.5822633,3.0863686,0.8166666666666667,2,<federated.algorithms.fair_fed_drift.ClientIdentity.ClientIdentity object at 0x287b6ea30>
0.8657142857142858,0.5506485,0.6228979,0.47839913,0.9803921568627451,2,<federated.algorithms.fair_fed_drift.ClientIdentity.ClientIdentity object at 0x3abf90790>
0.8442857142857143,0.689024,0.5469285,0.83111936,0.9634551495016612,2,<federated.algorithms.fair_fed_drift.ClientIdentity.ClientIdentity object at 0x2bfec5ee0>
0.7814285714285715,1.8395993,0.528909,3.1502895,0.8172757475083057,0,<federated.algorithms.fair_fed_drift.ClientIdentity.ClientIdentity object at 0x4dffd6a60>
0.8385714285714285,0.78299403,0.7943262,0.77166206,0.9764309764309765,0,<federated.algorithms.fair_fed_drift.ClientIdentity.ClientIdentity object at 0x4dcbcd970>
0.8757142857142857,0.57569176,0.63946575,0.5119178,0.9647435897435896,0,<federated.algorithms.fair_fed_drift.ClientIdentity.ClientIdentity object at 0x2880b58b0>
