ACC,Loss,LossPrivileged,LossUnprivileged,AEQ,OEQ,OPP,drift-id,gm-id,gm-name
0.8266666666666667,0.7429228,0.4469552,1.926793,0.714828897338403,0.7158472231097774,0.7026518508817792,0,0,0
0.7813333333333333,1.7266281,0.5547043,6.414323,0.3088235294117648,0.2936758133533921,0.496500604607581,1,0,0
0.4666666666666667,3.8032389,3.6857293,4.2732763,0.6357615894039735,0.6347030745730914,0.6800269312403923,1,8,8
0.6533333333333333,2.4071996,1.4080809,6.4036756,0.24242424242424243,0.2548961296850357,0.535569870940668,1,13,13
0.776,1.484131,0.48161778,5.4941835,0.23272727272727275,0.2616683273925138,0.4111059843821488,1,0,0
0.776,1.4518411,0.41534904,5.5978093,0.26373626373626374,0.31651373478409445,0.4836661186239539,1,0,0
0.816,1.0564553,0.27971733,4.163407,0.34042553191489366,0.39592557113881527,0.35631689787610055,1,0,0
0.8186666666666667,1.0578207,0.46924534,3.4121222,0.5313653136531366,0.5356379508750024,0.7798966405654982,0,0,0
0.8453333333333334,0.8191656,0.35031754,2.6945584,0.5448028673835126,0.5505913474786028,0.7064023926677169,0,0,0
