ACC,Loss,LossPrivileged,LossUnprivileged,AEQ,OEQ,OPP,MEQ,MPP,drift-id,gm-id,gm-name
0.9085714285714286,0.3741777,0.36668324,0.51657087,0.8750000000000001,0.8175938684741271,0.8049188027719739,0.44923076923076927,0.5882352941176471,0,0,0
0.9328571428571428,0.38217482,0.17874938,4.2472587,0.6624405705229793,0.6979087425107804,0.7148546964160467,0.0,0.0,3,0,0
0.8657142857142858,0.64082557,0.59790784,1.4562634,0.6820512820512821,0.643346462694096,0.7334982992380387,0.0,0.18783068783068782,3,1,1
0.8828571428571429,0.5445313,0.5106723,1.1878529,0.734453781512605,0.6810487580722873,0.7068192294842912,0.0,0.30357142857142855,3,1,1
0.9614285714285714,0.21306741,0.10385948,2.2880182,0.6420890937019968,0.6461370181875566,0.5776685603228182,0.0,0.0,2,0,0
0.9471428571428572,0.19615869,0.1978897,0.16327012,0.9635499207606972,0.9106195966087611,0.9182281424597487,0.7894736842105263,0.8123076923076924,2,6,2-3
0.9314285714285714,0.5398807,0.20512478,6.9002438,0.4474097331240188,0.4732786710639383,0.44873845060412226,0.0,0.0,4,6,2-3
0.8728571428571429,0.6341187,0.53473616,2.5223854,0.6097972972972973,0.5607854396235044,0.6154238932462659,0.0,0.2388059701492537,4,8,8
0.9728571428571429,0.13141075,0.073731825,1.2273105,0.7541984732824428,0.6826744559543555,0.7193330680432827,0.0,0.0,4,0,0
