ACC,Loss,LossPrivileged,LossUnprivileged,BalancedACC,drift-id,gm-id,gm-name
0.8076664425016813,0.42528707,0.42492285,0.4341031,0.9204400626986801,0,0,0
0.8090114324142569,0.38170102,0.38942018,0.2422615,0.8826157798458601,0,0,0
0.8056489576328177,0.38831666,0.3555181,1.0944792,0.5908831020323302,1,0,0
0.8130464021519839,0.38489574,0.3470296,1.0879107,0.4885734072022161,1,0,0
0.8110289172831204,0.37098855,0.35719752,0.6501586,0.6944376378338641,1,0,0
0.827841291190316,0.35805678,0.34652287,0.588086,0.8267677128762422,1,0,0
0.8264963012777404,0.36477163,0.35468236,0.6377545,0.9102305727026042,1,0,0
0.8500336247478144,0.33153996,0.32112765,0.55572015,0.8683002868188053,0,0,0
0.8480161398789509,0.33603483,0.32209662,0.6733854,0.6706725788404957,0,0,0
