ACC,Loss,LossPrivileged,LossUnprivileged,BalancedACC,drift-id,gm-id,gm-name
0.7869062901155327,0.445882,0.4632717,0.31106275,0.8718767198679142,0,0,0
0.7958921694480102,0.49261838,0.37014216,1.7331283,0.4255702280912365,1,0,0
0.7394094993581515,0.4880388,0.4792675,0.58438826,0.9759488148902137,1,1,1
0.7894736842105263,0.44411445,0.4286901,0.5979231,0.9210216896405073,1,7,4-1-2-3
0.28369704749679076,1.6891084,1.7053468,1.5165465,0.29656369316209646,2,7,4-1-2-3
0.8048780487804879,0.47800514,0.48329404,0.42180088,0.9410112359550561,2,11,11
0.8382541720154044,0.44028196,0.4576071,0.29301807,0.9347300564061242,2,16,8-9-10-11-12
0.2939666238767651,1.4608079,1.4167457,1.8744066,0.6112248062015504,1,16,8-9-10-11-12
0.8061617458279846,0.41034955,0.3872036,0.594453,0.9341023438458707,1,7,4-1-2-3
