ACC,Loss,LossPrivileged,LossUnprivileged,BalancedACC,drift-id,gm-id,gm-name
0.7766367137355584,0.43642527,0.44730437,0.3262356,0.9311317542921065,0,0,0
0.772785622593068,0.5266052,0.39518172,1.9948518,0.3839132302405498,1,0,0
0.7984595635430038,0.42609856,0.4088254,0.5931512,0.9381266458892029,1,1,1
0.7907573812580231,0.44715983,0.42637464,0.6644866,0.8636669078879354,1,13,1-4-2-3
0.2862644415917843,1.6067766,1.6310664,1.3528036,0.594647337608029,2,13,1-4-2-3
0.9191270860077022,0.25779584,0.24917626,0.3712612,0.9458900381056069,2,14,6-5-7-8
0.9114249037227214,0.23203671,0.21887608,0.3612665,0.9229369970895394,2,19,6-5-7-8-16
0.4338896020539153,2.1370523,2.3227942,0.3131643,0.41969911276841976,0,19,6-5-7-8-16
0.8356867779204108,0.3449686,0.35838217,0.20694512,0.9399676749018702,0,0,0
