ACC,Loss,LossPrivileged,LossUnprivileged,AEQ,OEQ,OPP,MEQ,MPP,drift-id,gm-id,gm-name
0.8189987163029525,0.346036,0.35327944,0.2726701,0.9511048425011753,0.749431971435826,0.9106865385149256,0.5424901185770751,0.8608695652173912,0,0,0
0.8472400513478819,0.31966925,0.32124865,0.30202472,0.9654345654345655,0.9311262158838899,0.9454064604565229,0.8771929824561403,0.9166666666666665,1,0,0
0.8356867779204108,0.34466553,0.33033577,0.48325238,0.9638559792669381,0.7150242230887391,0.7807714576274083,0.5161290322580645,0.6642857142857143,1,0,0
0.8382541720154044,0.3298807,0.33363575,0.2906181,0.9452414439756212,0.8344704353476283,0.9188318659437673,0.691358024691358,0.91875,1,9,1-2
0.8369704749679076,0.35177028,0.3029673,0.8620484,0.7566756965944272,0.6750382163767991,0.7957911511061118,0.35190793458509995,0.7142857142857142,2,9,1-2
0.834403080872914,0.33581567,0.3250879,0.47703192,0.9093301435406699,0.8890330649537137,0.8494007482407195,0.8595624558927312,0.7339449541284403,2,10,4-5-3-6
0.8177150192554558,0.356179,0.35387054,0.37884703,0.9793493635077793,0.8584138606216045,0.9076291420574438,0.7453462397617275,0.8342245989304813,2,10,4-5-3-6
0.8254172015404364,0.3739674,0.36102918,0.50101364,0.9735517568850902,0.9134502157123869,0.76643901185302,0.9093097913322632,0.5996573386636208,0,10,4-5-3-6
0.8459563543003851,0.32984903,0.34056363,0.21959734,0.9702112676056337,0.9364774102183359,0.8521023633463825,0.8851674641148326,0.763157894736842,0,0,0
