ACC,Loss,LossPrivileged,LossUnprivileged,AEQ,OEQ,OPP,MEQ,MPP,drift-id,gm-id,gm-name
0.9442857142857143,0.17621967,0.16216688,0.30269495,0.9481605351170569,0.8676107628372728,0.8755965141359816,0.5277777777777778,0.5277777777777778,0,0,0
0.9385714285714286,0.36262816,0.16101672,2.1771312,0.8059701492537313,0.7160322534611698,0.735931645847149,0.0,0.0,1,0,0
0.9485714285714286,0.31335855,0.11179683,2.127414,0.7012987012987013,0.7325492522289331,0.6962002750490984,0.0,0.0,1,0,0
0.9085714285714286,0.40596825,0.34222874,0.97962385,0.8013698630136986,0.7294125994404632,0.7401348672120096,0.0,0.0,1,7,3-1-2
0.9357142857142857,0.59353405,0.1742445,4.3671403,0.6639344262295083,0.642832357154841,0.6297244379785364,0.0,0.0,2,7,3-1-2
0.9242857142857143,0.344648,0.29555196,0.786513,0.9199318568994889,0.8057861319011064,0.785721152266502,0.0,0.0,2,8,4-5
0.96,0.23741409,0.13672958,1.1435747,0.8341463414634146,0.7757997002501843,0.7665599959868422,0.0,0.0,2,0,0
0.9614285714285714,0.14108849,0.118352376,0.34571338,0.9458128078817734,0.8806648775195433,0.9028638314961096,0.3333333333333333,0.5625,2,8,4-5
0.9642857142857143,0.1254255,0.12780394,0.10401956,0.9917763157894737,0.9419980250216653,0.9457993751228561,0.8719211822660098,0.8571428571428571,2,8,4-5
