ACC,Loss,LossPrivileged,LossUnprivileged,AEQ,OEQ,OPP,MEQ,MPP,drift-id,gm-id,gm-name
0.7843388960205392,0.4529362,0.4542216,0.43949637,0.9118773946360155,0.915736788358832,0.629563435723552,0.859903381642512,0.37681159420289856,0,0,0
0.8164313222079589,0.4031426,0.41564393,0.26582053,0.9247383163791834,0.9449121576193399,0.7881708238851097,0.9047619047619048,0.6666666666666666,0,0,0
0.7894736842105263,0.4181287,0.4295441,0.29681897,0.9212004730928444,0.9526668011837505,0.8444153352368224,0.9152542372881356,0.7796610169491526,0,0,0
0.8125802310654685,0.36648685,0.37618074,0.24818808,0.9351307189542484,0.8059529755958327,0.9336075069508805,0.6630036630036629,0.9164835164835164,0,0,0
0.7599486521181001,0.60573846,0.35700333,2.7790616,0.2583260869565217,0.5106023025341045,0.5728136245462183,0.1475849731663685,0.19359236537150645,2,0,0
0.7817715019255456,0.4536969,0.4536875,0.45378911,0.8672206506364922,0.029069767441860465,0.4444444444444444,0.0,0.0,2,7,7
0.7817715019255456,0.4441926,0.45267248,0.3596315,0.8691148775894538,0.2,0.3695029924538121,0.0,0.0,2,14,10-6-9-7-8
0.7907573812580231,0.4726115,0.34995002,2.2610161,0.16758620689655174,0.20606060606060603,0.0936764705882353,0.0,0.0,0,14,10-6-9-7-8
0.8536585365853658,0.33671665,0.3419818,0.28501633,0.9563295615275814,0.8906639712577695,0.9710309255430312,0.8221153846153847,0.9696969696969697,0,0,0
