ACC,Loss,LossPrivileged,LossUnprivileged,BalancedACC,drift-id,gm-id,gm-name
0.845,0.37064412,0.29541197,0.5305124,0.884427374301676,0,0,0
0.7733333333333333,0.54015326,0.2695848,1.0500706,0.6138461538461538,2,0,0
0.7966666666666666,0.535576,0.26810506,1.1263006,0.6758423190438618,2,0,0
0.855,0.31932262,0.23649703,0.4709091,0.8600313564361789,0,0,0
0.8616666666666667,0.33322623,0.25063327,0.49841222,0.8484848484848485,0,0,0
0.8616666666666667,0.31569278,0.22251931,0.5034444,0.8628085177267554,0,0,0
0.845,0.36212716,0.31329796,0.46126515,0.8857412653446647,0,0,0
0.8083333333333333,0.43981817,0.21645422,0.9487949,0.6684153005464482,1,0,0
0.765,0.5370088,0.2604527,1.0620645,0.5841694537346711,1,0,0
