ACC,Loss,LossPrivileged,LossUnprivileged,BalancedACC,drift-id,gm-id,gm-name
0.895,0.24723439,0.22822683,0.6355314,0.8726768377253814,0,0,0
0.8883333333333333,0.3006983,0.25553906,1.2590783,0.6991817398794143,2,0,0
0.8666666666666667,0.31402746,0.27584022,1.0149481,0.6960916875925569,2,5,5
0.875,0.28783637,0.2380649,1.4823518,0.7058823529411765,1,2,2
0.8983333333333333,0.24842072,0.24908464,0.2396001,0.9923599320882851,1,8,8
0.89,0.26414824,0.2459655,0.6096195,0.8941176470588236,1,7,7
0.855,0.32541263,0.3083883,0.62759465,0.8331632653061225,1,15,15
0.885,0.29218373,0.25621095,1.119558,0.6228239845261122,0,7,7
0.8883333333333333,0.3040649,0.28251952,0.64160895,0.9014550264550265,0,22,22
