ACC,Loss,LossPrivileged,LossUnprivileged,BalancedACC,drift-id,gm-id
0.9128571428571428,0.35397553,0.34820452,0.46362528,0.9032786885245903,0,<federated.algorithms.fair_fed_drift.ClientIdentity.ClientIdentity object at 0x7f6c24d70be0>
0.9371428571428572,0.25170544,0.16640303,1.8724515,0.7527733755942948,1,<federated.algorithms.fair_fed_drift.ClientIdentity.ClientIdentity object at 0x7f6ba4176980>
0.9457142857142857,0.21646537,0.16705006,1.1553565,0.7767295597484277,1,<federated.algorithms.fair_fed_drift.ClientIdentity.ClientIdentity object at 0x7f6b8c557190>
0.9514285714285714,0.11997443,0.10119381,0.4768062,0.7718750000000001,1,<federated.algorithms.fair_fed_drift.ClientIdentity.ClientIdentity object at 0x7f6b8c547700>
0.9471428571428572,0.18120906,0.12292736,1.2885613,0.6214953271028036,2,<federated.algorithms.fair_fed_drift.ClientIdentity.ClientIdentity object at 0x7f6b8c65e740>
0.9714285714285714,0.12439111,0.10939959,0.40922996,0.8463901689708141,2,<federated.algorithms.fair_fed_drift.ClientIdentity.ClientIdentity object at 0x7f6b8c617490>
0.9585714285714285,0.14983325,0.090091825,1.2849203,0.7352941176470589,2,<federated.algorithms.fair_fed_drift.ClientIdentity.ClientIdentity object at 0x7f6c204e5fc0>
0.9642857142857143,0.11838765,0.09817172,0.5024902,0.7916666666666667,0,<federated.algorithms.fair_fed_drift.ClientIdentity.ClientIdentity object at 0x7f6c200bcca0>
0.9657142857142857,0.117122784,0.08629427,0.7028644,0.8516228748068007,0,<federated.algorithms.fair_fed_drift.ClientIdentity.ClientIdentity object at 0x7f6c20230130>
0.9742857142857143,0.08657206,0.07222834,0.35910252,0.8742331288343558,0,<federated.algorithms.fair_fed_drift.ClientIdentity.ClientIdentity object at 0x7f6aa5f1ceb0>
