ACC,Loss,LossPrivileged,LossUnprivileged,AEQ,OEQ,OPP,MEQ,MPP,drift-id,gm-id,gm-name
0.9271428571428572,0.26025417,0.2154536,0.66345954,0.8832487309644671,0.7786711077307638,0.8763132369362809,0.23076923076923078,0.7619047619047619,0,0,0
0.9471428571428572,0.16582438,0.14723764,0.33310503,0.9284525790349417,0.9016801090532685,0.8968257307762479,0.6321428571428571,0.7846153846153846,0,0,0
0.9657142857142857,0.13398395,0.08691358,0.5576174,0.9249592169657422,0.901968334936608,0.8982275204341178,0.7333333333333333,0.6105263157894737,0,0,0
0.9628571428571429,0.13053104,0.13533732,0.08727484,0.9901960784313726,0.930665788595012,0.951096597385613,0.7741935483870968,0.8814102564102565,0,0,0
0.9514285714285714,0.4891059,0.1520744,3.5223894,0.7463414634146341,0.7573623044027367,0.7064085031621407,0.0,0.0,2,0,0
0.8714285714285714,0.69085723,0.6474311,1.081693,0.8918918918918919,0.7707395002636056,0.8487470900508829,0.3,0.5269320843091334,2,6,6
0.8614285714285714,0.7204549,0.6224378,1.6026094,0.8315217391304347,0.786300503355172,0.7773201264564199,0.0,0.0,2,6,6
0.9471428571428572,0.24222682,0.20965153,0.53540444,0.9450000000000001,0.9266810944301062,0.909405882020802,0.7983193277310925,0.5918367346938775,2,10,10
0.9385714285714286,0.28813648,0.2832512,0.33210397,0.9713322091062394,0.922761710858744,0.9114930917140566,0.8214285714285715,0.8244444444444444,2,6,6
