ACC,Loss,LossPrivileged,LossUnprivileged,BalancedACC,drift-id,gm-id,gm-name
0.803594351732991,0.4223828,0.43513125,0.29908955,0.9079762747875353,0,0,0
0.7715019255455713,0.49439272,0.4323897,1.085097,0.6430320195861936,1,0,0
0.7766367137355584,0.48172092,0.45130455,0.78039205,0.7701525054466232,1,0,0
0.8112965340179717,0.4201414,0.37332913,0.9521665,0.6261229032514508,1,0,0
0.8318356867779204,0.36621815,0.33440655,0.6988368,0.8364705882352942,1,0,0
0.8138639281129654,0.3909669,0.35810652,0.6457271,0.946803221636671,1,0,0
0.8254172015404364,0.37808114,0.3623834,0.5448991,0.8572933651072369,1,0,0
0.8318356867779204,0.36446398,0.34728798,0.51882744,0.8335495308513858,0,0,0
0.8061617458279846,0.38737217,0.35727367,0.61779296,0.7494949494949494,0,0,0
