ACC,Loss,LossPrivileged,LossUnprivileged,BalancedACC,drift-id,gm-id
0.9428571428571428,0.2656311,0.26809227,0.21886906,0.9681528662420382,0,<federated.algorithms.fair_fed_drift.ClientIdentity.ClientIdentity object at 0x7f61047a0ee0>
0.9514285714285714,0.20396243,0.12688653,1.6684045,0.7410296411856474,2,<federated.algorithms.fair_fed_drift.ClientIdentity.ClientIdentity object at 0x7f60844b6b00>
0.89,0.5436332,0.4941403,1.4839984,0.565289256198347,2,<federated.algorithms.fair_fed_drift.ClientIdentity.ClientIdentity object at 0x7f606c11e5f0>
0.8585714285714285,0.70110554,0.64906037,1.6899639,0.7219343696027634,2,<federated.algorithms.fair_fed_drift.ClientIdentity.ClientIdentity object at 0x7f604464c310>
0.8457142857142858,0.762207,0.64086145,3.0677712,0.3264604810996563,1,<federated.algorithms.fair_fed_drift.ClientIdentity.ClientIdentity object at 0x7f60447670a0>
0.9514285714285714,0.21476449,0.2046655,0.40664563,0.9275590551181102,1,<federated.algorithms.fair_fed_drift.ClientIdentity.ClientIdentity object at 0x7f60843c5120>
0.9557142857142857,0.1631313,0.11474699,1.0824335,0.7069767441860465,1,<federated.algorithms.fair_fed_drift.ClientIdentity.ClientIdentity object at 0x7f604462f940>
0.8285714285714286,0.76439303,0.748264,1.0708455,0.9637681159420289,1,<federated.algorithms.fair_fed_drift.ClientIdentity.ClientIdentity object at 0x7f5f858e08e0>
0.9642857142857143,0.15393172,0.072571866,1.699769,0.6401225114854517,1,<federated.algorithms.fair_fed_drift.ClientIdentity.ClientIdentity object at 0x7f5fc452ce50>
0.8542857142857143,0.7053339,0.6106151,2.5049922,0.6234887737478411,0,<federated.algorithms.fair_fed_drift.ClientIdentity.ClientIdentity object at 0x7f5f8470cd60>
