ACC,Loss,LossPrivileged,LossUnprivileged,BalancedACC,drift-id,gm-id,gm-name
0.9385714285714286,0.21211696,0.20815241,0.2874432,0.9728,0,0,0
0.9585714285714285,0.23526831,0.23182486,0.30069396,0.9827586206896551,0,0,0
0.9714285714285714,0.10792622,0.11099656,0.04958965,0.9699248120300752,0,0,0
0.9657142857142857,0.1310999,0.12888713,0.17314196,0.9751166407465007,0,0,0
0.9671428571428572,0.1258629,0.10646906,0.49434558,0.8809891808346213,0,0,0
0.98,0.09396949,0.07833892,0.39095008,0.9601837672281776,0,0,0
0.98,0.1134494,0.097526416,0.41598618,0.899236641221374,0,0,0
0.9628571428571429,0.20979153,0.10780381,2.147558,0.7623456790123457,1,0,0
0.9542857142857143,0.2291889,0.23745778,0.07207967,0.9874015748031496,1,4,4
