ACC,Loss,LossPrivileged,LossUnprivileged,BalancedACC,drift-id,gm-id,gm-name
0.9457142857142857,0.22371465,0.2128531,1.2990066,0.6018237082066868,0,0,0
0.9571428571428572,0.16002882,0.1478196,1.3687435,0.5945945945945945,1,0,0
0.9685714285714285,0.14446181,0.14482099,0.10890353,0.9682539682539683,1,0,0
0.9814285714285714,0.062259696,0.047512066,1.5222749,0.7258064516129032,1,0,0
0.98,0.07544885,0.060671687,1.5383875,0.7268722466960352,1,0,0
0.97,0.12225855,0.11013561,1.3224305,0.43934911242603547,1,0,0
0.9785714285714285,0.070326254,0.049260434,2.1558416,0.5814977973568282,1,0,0
0.9657142857142857,0.13932543,0.12774934,1.2853609,0.5892857142857142,0,0,0
0.9914285714285714,0.033009045,0.03194621,0.13823004,0.9913419913419913,0,0,0
