ACC,Loss,LossPrivileged,LossUnprivileged,BalancedACC,drift-id,gm-id,gm-name
0.8135935397039031,0.40860647,0.41377547,0.3085547,0.9397769015603412,0,0,0
0.7826379542395693,0.4904956,0.40220156,2.224492,0.25660569105691056,1,0,0
0.8115746971736204,0.4626252,0.41189665,1.6277452,0.3283865541658753,1,0,0
0.8243606998654105,0.41321424,0.42016146,0.28608927,0.9445250680592778,0,0,0
0.8183041722745625,0.3938226,0.3987019,0.2798387,0.8546642468239565,0,0,0
0.8095558546433378,0.41249716,0.41622615,0.34946302,0.9025736356456244,0,0,0
0.7981157469717362,0.42684194,0.40081504,1.0246191,0.5147942157953281,1,0,0
0.8209959623149394,0.40870288,0.37457848,1.1428939,0.39510294936004453,1,0,0
0.7927321668909825,0.4455861,0.41048318,1.1059885,0.49163763066202093,1,0,0
