ACC,Loss,LossPrivileged,LossUnprivileged,AEQ,OEQ,OPP,MEQ,MPP,drift-id,gm-id,gm-name
0.92,0.27439818,0.27356926,0.2818584,0.993103448275862,0.8990876836418578,0.9165996968425174,0.7908163265306123,0.835820895522388,0,0,0
0.9342857142857143,0.40577388,0.17072241,2.521237,0.7128712871287128,0.6664807262881054,0.6563728625459738,0.0,0.0,3,0,0
0.8728571428571429,0.5328638,0.48486903,0.9648164,0.7499999999999999,0.7114619652559566,0.7507492056708711,0.21666666666666667,0.41354723707664887,3,2,2
0.8985714285714286,0.5204496,0.49423882,0.7563461,0.9315789473684211,0.816800809204023,0.8370371381244277,0.48,0.5535714285714286,3,9,1-2
0.9328571428571428,0.45458633,0.17867446,2.9377935,0.7624584717607973,0.6457389933213363,0.6394048316407321,0.0,0.0,2,10,3-1-2
0.9414285714285714,0.31626767,0.27362406,0.7000602,0.9346733668341709,0.8662512495638115,0.8766411454407148,0.631578947368421,0.6105263157894737,2,11,5-6
0.9114285714285715,0.76740026,0.28315198,5.1256347,0.6180904522613065,0.5842706955705058,0.5518595896481202,0.0,0.0,4,11,5-6
0.9514285714285714,0.18567286,0.16713773,0.35248914,0.9733777038269551,0.9313781526691158,0.9140353945005877,0.8493589743589743,0.8253968253968254,4,4,4
0.9085714285714286,0.47624364,0.4281575,0.9090186,0.8181818181818181,0.7859179456228678,0.7687535728625601,0.44761904761904764,0.42857142857142855,4,4,4
