ACC,Loss,LossPrivileged,LossUnprivileged,AEQ,OEQ,OPP,drift-id,gm-id,gm-name
0.4266666666666667,4.647296,4.649837,4.624422,0.25301204819277107,0.06995238095238095,0.10023809523809524,0,0,0
0.455,4.6364675,4.6388345,4.6151633,0.20224719101123595,0.09015873015873016,0.12725225225225226,1,0,0
0.455,4.62645,4.6286006,4.6070924,0.34220532319391633,0.09508281573498964,0.15231660231660232,1,0,0
0.4816666666666667,4.607791,4.6077447,4.608209,0.356115107913669,0.09902597402597402,0.13838383838383841,1,0,0
0.5,4.6097474,4.6097393,4.6098228,0.47368421052631576,0.1980072463768116,0.2303004535147392,1,0,0
0.49666666666666665,4.6097536,4.610045,4.607131,0.18493150684931509,0.09239130434782608,0.07051282051282051,1,0,0
0.515,4.6067805,4.606722,4.607316,0.26999999999999996,0.14985827664399093,0.13218355718355718,1,0,0
0.5033333333333333,4.6278205,4.6302066,4.6063533,0.27645051194539244,0.1318181818181818,0.13131313131313133,1,0,0
0.505,4.607892,4.6080275,4.6066756,0.3390410958904109,0.10270774976657329,0.16277777777777777,1,0,0
