ACC,Loss,LossPrivileged,LossUnprivileged,BalancedACC,drift-id,gm-id,gm-name
0.7971246006389776,0.44151154,0.47943518,0.35382557,0.8996948893974066,0,0,0
0.6118210862619808,0.9307638,0.44312844,1.9107234,0.3017440517440518,1,0,0
0.8035143769968051,0.42890862,0.4085674,0.46369117,0.9863073185957199,1,1,1
0.8099041533546326,0.40601426,0.41982713,0.37744066,0.9668246445497629,1,1,1
0.84185303514377,0.36104712,0.41499138,0.2655706,0.8734299516908214,1,1,1
0.8194888178913738,0.37927857,0.44148374,0.261204,0.8312783429341832,1,1,1
0.8210862619808307,0.3706125,0.41670418,0.28312355,0.8689967312044256,1,1,1
0.6214057507987221,0.7176511,0.39215204,1.3100008,0.35168297131487314,0,1,1
0.8306709265175719,0.34905237,0.38949695,0.26950485,0.9685804671198763,0,0,0
