ACC,Loss,LossPrivileged,LossUnprivileged,BalancedACC,drift-id,gm-id,gm-name
0.7625160462130937,0.47216994,0.4723716,0.47040796,0.9999765478424014,0,0,0
0.7599486521181001,0.48951125,0.40441447,1.3792738,0.48030554978175016,1,0,0
0.7715019255455713,0.5034914,0.41732758,1.3243761,0.36199411847080243,1,0,0
0.7625160462130937,0.48968443,0.41200307,1.2643093,0.4198665678280208,1,0,0
0.7779204107830552,0.44715884,0.40106758,1.0201205,0.5126199786704586,1,0,0
0.5815147625160462,0.688859,0.66110593,1.0155265,0.5721766848816029,1,0,0
0.5879332477535302,0.6817192,0.6226866,1.3090498,0.5106731787287818,1,0,0
0.6726572528883183,0.5725536,0.594254,0.3419463,0.7416444486764425,0,0,0
0.8010269576379975,0.40270436,0.40614608,0.37384322,0.959207896051974,0,0,0
