ACC,Loss,LossPrivileged,LossUnprivileged,BalancedACC,drift-id,gm-id
0.9171428571428571,0.33907744,0.28438225,0.83133405,0.8600682593856656,0,<federated.algorithms.fair_fed_drift.ClientIdentity.ClientIdentity object at 0x7f8c479cacb0>
0.9542857142857143,0.17116737,0.16387656,0.2367847,0.9207920792079207,0,<federated.algorithms.fair_fed_drift.ClientIdentity.ClientIdentity object at 0x7f8c302b9de0>
0.94,0.30699697,0.23676491,0.9390853,0.8372093023255814,0,<federated.algorithms.fair_fed_drift.ClientIdentity.ClientIdentity object at 0x7f8b8c2c87c0>
0.9785714285714285,0.09980493,0.08345106,0.24698971,0.9275362318840579,0,<federated.algorithms.fair_fed_drift.ClientIdentity.ClientIdentity object at 0x7f8c30329900>
0.9528571428571428,0.15451151,0.11721476,0.49018228,0.8571428571428572,0,<federated.algorithms.fair_fed_drift.ClientIdentity.ClientIdentity object at 0x7f8b6823d9f0>
0.9442857142857143,0.2021483,0.13539872,0.80289453,0.8168316831683168,0,<federated.algorithms.fair_fed_drift.ClientIdentity.ClientIdentity object at 0x7f8b4841c580>
0.9642857142857143,0.10410584,0.084457226,0.28094313,0.9102773246329526,0,<federated.algorithms.fair_fed_drift.ClientIdentity.ClientIdentity object at 0x7f8b8c1dde10>
0.9228571428571428,0.28924912,0.18024476,1.2702885,0.6900000000000001,1,<federated.algorithms.fair_fed_drift.ClientIdentity.ClientIdentity object at 0x7f8ae82547f0>
0.9757142857142858,0.089610755,0.047171026,0.4715683,0.8509615384615384,1,<federated.algorithms.fair_fed_drift.ClientIdentity.ClientIdentity object at 0x7f8b8c6a06d0>
0.9714285714285714,0.100583084,0.06737775,0.39943105,0.9029126213592233,0,<federated.algorithms.fair_fed_drift.ClientIdentity.ClientIdentity object at 0x7f8b8c369b70>
