ACC,Loss,LossPrivileged,LossUnprivileged,BalancedACC,drift-id,gm-id,gm-name
0.8933333333333333,0.26165113,0.24676123,0.554828,0.8827720642602676,0,0,0
0.865,0.32154012,0.29871815,0.770897,0.7891645359684887,1,0,0
0.885,0.28653094,0.2487098,1.0891794,0.6169250645994833,1,0,0
0.8766666666666667,0.28794992,0.2597161,0.7175621,0.7912432432432432,1,0,0
0.8816666666666667,0.30383968,0.27602333,0.7817755,0.7809917355371901,1,0,0
0.89,0.28030682,0.24297456,0.9896204,0.6247582205029013,1,0,0
0.8866666666666667,0.29076484,0.2671376,0.9759553,0.8413926499032882,1,0,0
0.8933333333333333,0.2376089,0.22986957,0.41561294,0.7992277992277993,0,0,0
0.89,0.2554623,0.2510952,0.3329777,0.9822134387351779,0,0,0
