ACC,Loss,LossPrivileged,LossUnprivileged,BalancedACC,drift-id,gm-id,gm-name
0.9385714285714286,0.25986207,0.23978154,0.6413919,0.8457869634340224,0,0,0
0.9542857142857143,0.30270752,0.1090999,3.9812517,0.5864197530864197,1,0,0
0.9657142857142857,0.15900257,0.11575179,0.98076737,0.7600000000000001,1,0,0
0.9557142857142857,0.18640167,0.15044375,0.86960244,0.7375776397515528,1,0,0
0.9614285714285714,0.12815663,0.10754114,0.5198509,0.8555900621118013,1,0,0
0.9628571428571429,0.13995436,0.11753199,0.5659793,0.823529411764706,1,0,0
0.9814285714285714,0.087475106,0.050802525,0.78425413,0.867579908675799,1,0,0
0.9714285714285714,0.120643854,0.09227619,0.6596292,0.7856049004594181,0,0,0
0.9914285714285714,0.015214252,0.0051781484,0.2059002,0.8584337349397589,0,0,0
