ACC,Loss,LossPrivileged,LossUnprivileged,AEQ,OEQ,OPP,MEQ,MPP,drift-id,gm-id,gm-name
0.8459563543003851,0.34906614,0.3459211,0.38042805,0.9623397623678845,0.8695296372660757,0.7637059753432781,0.797773654916512,0.5569727891156463,0,0,0
0.8536585365853658,0.3382416,0.3551515,0.16696823,0.9113594445047195,0.9300362560483926,0.825686013686842,0.8784530386740331,0.7547169811320754,0,0,0
0.8292682926829268,0.3456341,0.35501394,0.263678,0.91241456048323,0.8569395238983157,0.9172216684789175,0.7333333333333334,0.896943336957835,0,0,0
0.8254172015404364,0.36363372,0.3753553,0.23700477,0.9162526445907719,0.9305359701103599,0.9165902198160263,0.8936678614097968,0.9156177156177158,0,0,0
0.8575096277278562,0.31558874,0.3032446,0.43145895,0.9603520352035203,0.8335678524374177,0.8722131346913955,0.684,0.7619999999999999,1,0,0
0.8459563543003851,0.32775554,0.33070868,0.29687822,0.9548054383497421,0.9512193150823315,0.9460541102502535,0.9263157894736842,0.9295774647887323,1,0,0
0.8536585365853658,0.31908777,0.32344747,0.2703816,0.9927527018436109,0.5783260117499248,0.8365571590445728,0.199023199023199,0.6813186813186813,1,0,0
0.8729139922978177,0.2948751,0.30340555,0.20568149,0.9205344585091421,0.9499957210267429,0.9431302131603336,0.9408369408369407,0.9343373493975905,0,0,0
0.8754813863928113,0.28726283,0.2985492,0.19511315,0.9087593837833992,0.9327455445645212,0.9278862161442254,0.9053892215568861,0.9166189931350115,0,0,0
