ACC,Loss,LossPrivileged,LossUnprivileged,AEQ,OEQ,OPP,drift-id,gm-id,gm-name
0.5766666666666667,6.1843915,6.3085837,5.0666656,0.46504559270516715,0.19002149470899474,0.3026996151996152,0,0,0
0.6133333333333333,4.907865,4.9133005,4.858942,0.3559322033898305,0.1965195105820106,0.21537147266313936,0,0,0
0.5966666666666667,4.764049,4.7722564,4.6901875,0.4210526315789474,0.19444444444444445,0.27499999999999997,0,0,0
0.58,4.7191753,4.729331,4.627777,0.3492537313432836,0.1686011904761905,0.1742709486895533,0,0,0
0.58,4.6715035,4.677426,4.6182036,0.15789473684210528,0.07899159663865546,0.08830409356725145,2,0,0
0.5966666666666667,4.670624,4.677268,4.6108265,0.1534090909090909,0.0945679012345679,0.091869918699187,2,0,0
0.6333333333333333,4.6598144,4.663089,4.630346,0.29347826086956524,0.19595410628019325,0.18592592592592594,2,0,0
0.6133333333333333,4.670087,4.674611,4.629372,0.2513966480446927,0.14027777777777778,0.19632414369256473,2,0,0
0.6233333333333333,4.671888,4.677503,4.621352,0.19672131147540983,0.14147286821705427,0.15566748066748065,2,0,0
