ACC,Loss,LossPrivileged,LossUnprivileged,BalancedACC,drift-id,gm-id,gm-name
0.8342857142857143,0.44094852,0.43567505,0.5411449,0.9210053859964094,0,0,0
0.86,0.5075394,0.38562196,2.8239698,0.7206896551724138,2,0,0
0.7557142857142857,0.9124006,0.81915355,2.684095,0.6692759295499021,2,5,5
0.8471428571428572,0.64324814,0.6179961,1.1230376,0.7666666666666667,2,7,7
0.8457142857142858,0.8583781,0.66514194,4.5298657,0.5277777777777778,1,7,7
0.8685714285714285,0.54926395,0.47009143,2.0535426,0.747008547008547,1,4,4
0.86,0.59485394,0.5809195,0.85960865,0.8921739130434783,1,4,4
0.8771428571428571,0.5747751,0.5468398,1.1055456,0.9760273972602739,1,4,4
0.8785714285714286,0.49125,0.45831367,1.1170393,0.9063032367972743,1,4,4
