ACC,Loss,LossPrivileged,LossUnprivileged,BalancedACC,drift-id,gm-id,gm-name
0.93,0.24641858,0.21535824,0.5259617,0.9137055837563451,0,0,0
0.9514285714285714,0.32779545,0.15198132,1.9101226,0.7941176470588236,2,0,0
0.9557142857142857,0.17954929,0.11312456,0.77737206,0.8221859706362153,2,0,0
0.9757142857142858,0.0807378,0.051166717,0.34687755,0.898550724637681,0,0,0
0.9728571428571429,0.13689277,0.10537675,0.42053685,0.901453957996769,0,0,0
0.9771428571428571,0.10105567,0.058833506,0.48105502,0.8812199036918138,0,0,0
0.9585714285714285,0.1444664,0.079598375,0.7282787,0.8035714285714286,2,0,0
0.9885714285714285,0.041921027,0.015110846,0.28321266,0.9330143540669856,2,0,0
0.9828571428571429,0.066721156,0.013179834,0.5485931,0.8755980861244019,2,0,0
