ACC,Loss,LossPrivileged,LossUnprivileged,BalancedACC,drift-id,gm-id,gm-name
0.8983333333333333,0.27450007,0.2716718,0.32641324,0.9679309475806452,0,0,0
0.875,0.31224135,0.26624095,1.3277881,0.6493212669683257,2,0,0
0.8583333333333333,0.33452785,0.27914295,1.3868407,0.4920318725099602,2,2,2
0.885,0.27075455,0.25785017,0.609788,0.7114471601899067,0,10,1-4-3-2-5
0.9066666666666666,0.23848175,0.22202006,0.5042208,0.8430505664548218,0,0,0
0.8933333333333333,0.25466695,0.24888404,0.35731348,0.8683953033268103,0,0,0
0.8833333333333333,0.29575536,0.23420347,1.3533282,0.6040482954545454,2,0,0
0.8833333333333333,0.26347023,0.25605956,0.3831004,0.9685714285714284,2,10,1-4-3-2-5
0.9133333333333333,0.22208652,0.21689026,0.34160006,0.9165085388994307,2,10,1-4-3-2-5
