ACC,Loss,LossPrivileged,LossUnprivileged,BalancedACC,drift-id,gm-id,gm-name
0.8385714285714285,0.4448369,0.43839145,0.50284594,0.8932584269662921,0,0,0
0.8642857142857143,0.58761895,0.35529518,2.6785321,0.7580645161290323,2,0,0
0.8814285714285715,0.41940457,0.34269997,1.1097456,0.7592267135325131,2,0,0
0.8771428571428571,0.6012454,0.4331728,2.1138988,0.7460317460317459,1,0,0
0.8842857142857142,0.5678962,0.4823437,1.3378686,0.7565674255691769,1,0,0
0.8642857142857143,0.6338742,0.4955079,1.8791714,0.7406082289803221,2,0,0
0.8742857142857143,0.53548914,0.47260273,1.1014671,0.7833037300177619,2,0,0
0.9,0.54012877,0.46117058,1.2507519,0.8608695652173913,0,0,0
0.8985714285714286,0.45542732,0.3862051,1.078427,0.8795811518324608,0,0,0
