ACC,Loss,LossPrivileged,LossUnprivileged,BalancedACC,drift-id,gm-id,gm-name
0.82,0.47116315,0.44970053,0.49262574,0.986159169550173,0,0,0
0.7871428571428571,1.233345,0.36277586,2.1039145,0.7831715210355986,2,0,0
0.72,0.9263295,0.87931734,0.9733416,0.8947368421052632,2,5,5
0.6928571428571428,2.4302707,0.7654035,4.0951376,0.7321428571428571,1,2,2
0.8357142857142857,0.5377043,0.50325966,0.57214886,0.9565217391304348,1,9,9
0.6828571428571428,2.681912,0.738291,4.625533,0.636986301369863,2,9,9
0.8471428571428572,0.7539,0.7554811,0.7523188,0.9899328859060402,2,11,1-2
0.7957142857142857,1.7660608,0.48097408,3.0511475,0.7852564102564101,0,11,1-2
0.9014285714285715,0.47580606,0.36531258,0.5862996,0.9780564263322884,0,0,0
