ACC,Loss,LossPrivileged,LossUnprivileged,BalancedACC,drift-id,gm-id,gm-name
0.8071428571428572,0.51488537,0.5399455,0.4898251,0.9755244755244754,0,0,0
0.7771428571428571,1.4163295,0.52979946,2.3028593,0.825503355704698,2,0,0
0.7228571428571429,1.0207909,0.95606184,1.08552,0.9843137254901961,2,4,4
0.7585714285714286,1.5568181,0.53620577,2.5774307,0.8061224489795918,0,2,2
0.8885714285714286,0.50273776,0.4424895,0.5629859,0.9808917197452229,0,0,0
0.8771428571428571,0.55583864,0.3950459,0.71663153,0.9369085173501577,0,0,0
0.7757142857142857,2.3358977,0.74931467,3.922481,0.7687296416938111,2,0,0
0.8557142857142858,0.58312523,0.6028645,0.563386,0.9900332225913622,2,2,2
0.8542857142857143,0.7749115,0.868911,0.68091184,0.9166666666666667,2,2,2
