ACC,Loss,LossPrivileged,LossUnprivileged,AEQ,OEQ,OPP,drift-id,gm-id,gm-name
0.7688888888888888,0.761409,0.36866122,1.5469044,0.6513409961685823,0.6627902403788554,0.9202523904203747,0,0,0
0.7488888888888889,2.2735312,0.34778672,6.12502,0.46886446886446886,0.45008457791654,0.48605743727574197,1,0,0
0.7111111111111111,1.745409,0.63998413,3.956259,0.37918215613382905,0.3808843337092494,0.5541226422870716,1,0,0
0.6755555555555556,2.3206694,0.4902268,5.981555,0.24354243542435425,0.25253939442793943,0.2721254045376675,1,0,0
0.7222222222222222,2.6497436,0.4588567,7.031517,0.31316725978647686,0.27382657540214256,0.24383661651819183,3,0,0
0.6822222222222222,2.3013952,0.45340902,5.997368,0.2246376811594203,0.2396834393215114,0.30531172413004615,4,0,0
0.7711111111111111,1.9590313,0.3542882,5.168517,0.4097222222222222,0.38754622538174166,0.49169995280367795,4,0,0
0.68,3.5808654,0.38591272,9.97077,0.15492957746478875,0.19546809892812866,0.2722039160018607,1,0,0
0.7466666666666667,2.0051827,0.47042683,5.0746946,0.4,0.36505629515469734,0.3595693241934297,1,0,0
