ACC,Loss,LossPrivileged,LossUnprivileged,BalancedACC,drift-id,gm-id,gm-name
0.8342857142857143,0.4738644,0.4592469,0.751596,0.7437722419928825,0,0,0
0.8757142857142857,0.35425004,0.3170717,1.0606381,0.8078231292517007,0,0,0
0.8971428571428571,0.3314125,0.3050208,0.832855,0.8205980066445183,0,0,0
0.9085714285714286,0.3667021,0.31719035,1.3074245,0.7450980392156863,0,0,0
0.8785714285714286,0.51229143,0.44656387,1.7611166,0.6717171717171717,2,0,0
0.9042857142857142,0.41013807,0.32070133,2.1094353,0.6519607843137254,2,0,0
0.8985714285714286,0.46019444,0.4042894,1.5223894,0.7211221122112211,2,0,0
0.9014285714285715,0.51668084,0.47296143,1.347349,0.8493377483443709,0,0,0
0.8942857142857142,0.6452982,0.61698776,1.183197,0.7574750830564784,0,0,0
