ACC,Loss,LossPrivileged,LossUnprivileged,BalancedACC,drift-id,gm-id
0.9357142857142857,0.2281802,0.21069852,0.5603326,0.9759229534510433,0,<federated.algorithms.fair_fed_drift.ClientIdentity.ClientIdentity object at 0x7f62cdec4c40>
0.9514285714285714,0.1842745,0.1700873,0.45383093,0.8649921507064365,0,<federated.algorithms.fair_fed_drift.ClientIdentity.ClientIdentity object at 0x7f62b04e0df0>
0.9571428571428572,0.13438477,0.114268295,0.5165976,0.859594383775351,0,<federated.algorithms.fair_fed_drift.ClientIdentity.ClientIdentity object at 0x7f624e1f1ae0>
0.9614285714285714,0.16630942,0.11537069,1.1341453,0.7026194144838213,0,<federated.algorithms.fair_fed_drift.ClientIdentity.ClientIdentity object at 0x7f62c826c0d0>
0.9357142857142857,0.30826166,0.21734525,2.0356734,0.660347551342812,2,<federated.algorithms.fair_fed_drift.ClientIdentity.ClientIdentity object at 0x7f62cdc43520>
0.9542857142857143,0.16567487,0.13243496,0.79723287,0.6775193798449612,2,<federated.algorithms.fair_fed_drift.ClientIdentity.ClientIdentity object at 0x7f624e277430>
0.9528571428571428,0.18891813,0.13859525,1.1450529,0.7398753894080997,2,<federated.algorithms.fair_fed_drift.ClientIdentity.ClientIdentity object at 0x7f61c85a1450>
0.98,0.07107648,0.022670427,0.9907913,0.7784522003034902,0,<federated.algorithms.fair_fed_drift.ClientIdentity.ClientIdentity object at 0x7f6208760310>
0.98,0.08142513,0.08054702,0.09810907,0.9907975460122699,0,<federated.algorithms.fair_fed_drift.ClientIdentity.ClientIdentity object at 0x7f6230721300>
0.9785714285714285,0.08090453,0.0641353,0.39951983,0.8399390243902439,0,<federated.algorithms.fair_fed_drift.ClientIdentity.ClientIdentity object at 0x7f6164386d10>
