ACC,Loss,LossPrivileged,LossUnprivileged,BalancedACC,drift-id,gm-id,gm-name
0.8442857142857143,0.4564724,0.43814188,0.80475324,0.8743362831858408,0,0,0
0.8614285714285714,0.49513394,0.44145575,1.5150192,0.8561525129982669,2,0,0
0.8671428571428571,0.47039983,0.3581762,2.6026478,0.7145299145299145,2,0,0
0.8642857142857143,0.49374023,0.40004677,2.273917,0.6495726495726495,0,2,2
0.8928571428571429,0.50321263,0.45000908,1.5140795,0.9244966442953021,0,0,0
0.8871428571428571,0.45606261,0.44765973,0.61571777,0.9307432432432433,0,0,0
0.87,0.66419506,0.56580114,2.5336792,0.8133561643835616,2,0,0
0.8757142857142857,0.53974116,0.49614346,1.3680989,0.7741935483870969,2,2,2
0.8728571428571429,0.69851804,0.6805052,1.0407629,0.8444444444444444,2,2,2
