ACC,Loss,LossPrivileged,LossUnprivileged,BalancedACC,drift-id,gm-id,gm-name
0.885,0.26588222,0.25020406,0.42123842,0.9622464312546956,0,0,0
0.8933333333333333,0.27527156,0.2683258,0.35892263,0.9766202509884822,0,0,0
0.8783333333333333,0.28175777,0.2649037,0.545804,0.8790915163660655,0,0,0
0.88,0.2928015,0.28283882,0.37480193,0.9765319426336375,0,0,0
0.865,0.38345414,0.2560964,1.5735908,0.5936263425664217,2,0,0
0.8583333333333333,0.32569507,0.24821535,1.0497293,0.6813936781609196,2,0,0
0.865,0.35821557,0.24261384,1.4182241,0.5229037937105181,2,0,0
0.845,0.3250489,0.2558281,0.9719049,0.5877250054218175,2,0,0
0.8633333333333333,0.32948607,0.2554453,1.0781202,0.534327009936766,2,0,0
