ACC,Loss,LossPrivileged,LossUnprivileged,BalancedACC,drift-id,gm-id
0.9414285714285714,0.20217669,0.23710771,0.16724566,0.9671641791044775,0,0
0.8457142857142858,1.4096252,0.1595828,2.6596675,0.7724550898203593,1,0
0.8814285714285715,0.34000313,0.0646534,0.6153529,0.7988338192419825,1,0
0.8685714285714285,0.36995697,0.16362424,0.57628965,0.8149253731343283,1,0
0.8571428571428571,1.3747877,0.11029863,2.6392767,0.7804154302670623,2,0
0.9442857142857143,0.19340973,0.12123572,0.26558372,0.932748538011696,2,0
0.94,0.18665028,0.07935419,0.29394636,0.9296187683284457,2,0
0.8657142857142858,0.41835308,0.03817658,0.79852957,0.7514450867052024,1,0
0.8871428571428571,0.31535628,0.015867855,0.61484474,0.7844827586206896,1,0
0.9771428571428571,0.062084164,0.043681547,0.080486774,0.9826086956521738,0,0
