ACC,Loss,LossPrivileged,LossUnprivileged,BalancedACC,drift-id,gm-id,gm-name
0.8314285714285714,0.46703178,0.50103945,0.4330242,0.9931506849315068,0,0,0
0.7842857142857143,1.4676404,0.42561737,2.5096633,0.8422818791946309,1,0,0
0.7842857142857143,1.0932382,0.48323622,1.70324,0.7882736156351792,1,0,0
0.8257142857142857,0.7673362,0.7412752,0.79339707,0.993103448275862,1,1,1
0.74,2.6595473,0.51264465,4.8064504,0.6709677419354839,2,1,1
0.7971428571428572,0.87780595,0.5423153,1.2132968,0.8058252427184466,2,0,0
0.8557142857142858,0.6475449,0.58286375,0.712226,0.9076433121019108,2,0,0
0.8642857142857143,0.6247944,0.5591861,0.6904028,0.9085173501577287,2,0,0
0.85,0.7223992,0.5456362,0.89916223,0.907051282051282,2,0,0
