ACC,Loss,LossPrivileged,LossUnprivileged,BalancedACC,drift-id,gm-id,gm-name
0.9514285714285714,0.17926945,0.1626213,0.4955837,0.9275590551181102,0,0,0
0.9414285714285714,0.2183049,0.13337657,1.8319426,0.7804107424960506,2,0,0
0.9657142857142857,0.16022065,0.086128235,1.5679767,0.7296466973886329,2,0,0
0.9014285714285715,0.6206671,0.3955542,4.897813,0.5898692810457515,1,7,1-2
0.9528571428571428,0.14340164,0.108363904,0.80911857,0.8636363636363638,1,6,3-4
0.9457142857142857,0.24805002,0.24061014,0.38940892,0.9334389857369254,1,6,3-4
0.9471428571428572,0.27321392,0.17162973,2.2033136,0.8066037735849058,2,6,3-4
0.9771428571428571,0.117975496,0.09297436,0.5929969,0.9325153374233128,2,7,1-2
0.9714285714285714,0.13087513,0.12897147,0.1670445,0.9382716049382716,2,7,1-2
