ACC,Loss,LossPrivileged,LossUnprivileged,BalancedACC,drift-id,gm-id,gm-name
0.792332268370607,0.44139776,0.5010405,0.32898346,0.8996491974061869,0,0,0
0.5111821086261981,1.1130962,1.5365317,0.2682517,0.34739192772765914,2,0,0
0.8338658146964856,0.44270158,0.4837964,0.36996734,0.9474615384615386,2,5,5
0.2539936102236422,1.424322,1.2191917,1.758736,0.7049738814444697,1,16,3-4-5-2-7-1-6
0.7907348242811502,0.47159156,0.44323355,0.5298292,0.98085183836913,1,18,8-9-10
0.26517571884984026,1.3428727,1.3912039,1.2517786,0.540599435573179,2,18,8-9-10
0.8769968051118211,0.29339185,0.29240486,0.2956567,0.9968137120254904,2,16,3-4-5-2-7-1-6
0.4984025559105431,1.6045699,2.2031195,0.27171665,0.3608167415970884,0,16,3-4-5-2-7-1-6
0.8594249201277955,0.31992927,0.34526238,0.26135474,0.9443218284971497,0,0,0
