ACC,BalancedACC,drift-id,gm-id
0.10204081632653061,0,0,0
0.8838304552590267,0,0,0
0.9277864992150706,0,0,0
0.8665620094191523,0,0,0
0.8335949764521193,0,0,0
0.6907378335949764,0,2,0
0.792778649921507,0,2,0
0.8131868131868132,0,2,0
0.8178963893249608,0,2,0
0.7817896389324961,0,2,0
0.7770800627943485,0,2,0
