ACC,BalancedACC,drift-id,gm-id
0.2144026186579378,0.27253395094220445,0,0
0.8387888707037643,0.8656694261666885,0,0
0.8542178542178542,0.8837031719096724,0,0
0.7158067158067158,0.6784158321703018,2,0
0.8296478296478297,0.854815414507772,2,0
0.8902538902538902,0.9530323181274106,2,0
0.7911547911547911,0.774573608984009,2,0
0.8886158886158886,0.9881057919621749,2,0
0.7092547092547092,0.6633040945439485,1,0
0.8877968877968878,0.9719944082013049,2,0
