ACC,Loss,LossPrivileged,LossUnprivileged,BalancedACC,drift-id,gm-id,gm-name
0.93,0.24259107,0.23510563,0.3848144,0.9822294022617124,0,0,0
0.9442857142857143,0.25066093,0.18679851,1.4640471,0.7468553459119497,2,0,0
0.9585714285714285,0.15459412,0.12946422,0.63206196,0.8273716951788491,2,0,0
0.9785714285714285,0.07134466,0.054604243,0.38941246,0.900611620795107,0,0,0
0.9714285714285714,0.09170362,0.0823826,0.2688029,0.9382716049382716,2,0,0
0.9828571428571429,0.086950436,0.055510968,0.68430024,0.8964992389649924,2,0,0
0.9685714285714285,0.15599427,0.13146086,0.62212914,0.8489984591679508,1,0,0
0.9814285714285714,0.07607588,0.04830305,0.6037595,0.8978658536585366,1,0,0
0.9714285714285714,0.12520072,0.09774829,0.64679706,0.8159509202453988,1,0,0
