ACC,Loss,LossPrivileged,LossUnprivileged,AEQ,OEQ,OPP,MEQ,MPP,drift-id,gm-id,gm-name
0.8542857142857143,0.45557854,0.4367481,0.8133567,0.8984238178633975,0.7857168685412258,0.8435231034352304,0.5153846153846153,0.5703125,0,0,0
0.8542857142857143,0.56882435,0.46301407,2.57922,0.8289703315881326,0.6597980734931745,0.6874566320228263,0.0,0.0,4,0,0
0.8814285714285715,0.493146,0.38543078,2.5397348,0.7689713322091062,0.7393539376044425,0.6346384318653312,0.0,0.0,4,0,0
0.8742857142857143,0.51543367,0.39039165,2.8912323,0.6751269035532994,0.6025878130062637,0.6132311130360599,0.0,0.0,4,0,0
0.8985714285714286,0.4813272,0.41827333,1.6793512,0.8192371475953566,0.6925725847111389,0.6391348947191339,0.0,0.0,2,0,0
0.8957142857142857,0.43834195,0.4007958,1.1517181,0.6909090909090909,0.7109440620238742,0.5978039340439014,0.0,0.0,2,0,0
0.8757142857142857,0.61354643,0.53038645,2.1935856,0.7072758037225042,0.6136629666948907,0.6597557391284394,0.0,0.0,3,0,0
0.8842857142857142,0.5184585,0.40355408,2.7016423,0.5690515806988352,0.5855433723503587,0.6318052178468815,0.0,0.0,3,0,0
0.89,0.58096194,0.52651876,1.6153823,0.6955074875207986,0.646035713782206,0.6821287191025387,0.0,0.0,3,0,0
