ACC,Loss,LossPrivileged,LossUnprivileged,BalancedACC,drift-id,gm-id
0.9142857142857143,0.31208467,0.2796425,0.92848676,0.8045602605863192,0,<federated.algorithms.fair_fed_drift.ClientIdentity.ClientIdentity object at 0x7f711e0f2c50>
0.9428571428571428,0.23673758,0.17497149,1.4102932,0.6860282574568289,2,<federated.algorithms.fair_fed_drift.ClientIdentity.ClientIdentity object at 0x7f70bc1509a0>
0.9485714285714286,0.25323093,0.23121971,0.6714443,0.8990536277602523,2,<federated.algorithms.fair_fed_drift.ClientIdentity.ClientIdentity object at 0x7f71180ceda0>
0.9671428571428572,0.123609,0.08243976,0.90582436,0.7588325652841782,2,<federated.algorithms.fair_fed_drift.ClientIdentity.ClientIdentity object at 0x7f70283bf9d0>
0.9557142857142857,0.13074975,0.11600966,0.41081116,0.8609375000000001,1,<federated.algorithms.fair_fed_drift.ClientIdentity.ClientIdentity object at 0x7f7028709c60>
0.9428571428571428,0.19495915,0.13973701,1.2441801,0.6860282574568289,1,<federated.algorithms.fair_fed_drift.ClientIdentity.ClientIdentity object at 0x7f711deb73a0>
0.9642857142857143,0.10288417,0.07268239,0.6767181,0.7611710323574731,1,<federated.algorithms.fair_fed_drift.ClientIdentity.ClientIdentity object at 0x7f6fe850f070>
0.93,0.25329122,0.20853907,1.103582,0.6333333333333333,1,<federated.algorithms.fair_fed_drift.ClientIdentity.ClientIdentity object at 0x7f702878e770>
0.9142857142857143,0.36099032,0.32763582,0.9947257,0.7723577235772358,1,<federated.algorithms.fair_fed_drift.ClientIdentity.ClientIdentity object at 0x7f6f889e3af0>
0.9671428571428572,0.10013504,0.078251496,0.51592255,0.8503086419753088,0,<federated.algorithms.fair_fed_drift.ClientIdentity.ClientIdentity object at 0x7f711e163040>
