ACC,Loss,LossPrivileged,LossUnprivileged,AEQ,OEQ,OPP,drift-id,gm-id,gm-name
0.8293333333333334,0.55924803,0.40701863,1.1681654,0.8030888030888031,0.7747247550778641,0.7810518707320198,0,0,0
0.7813333333333333,1.7332915,0.62347513,6.172557,0.2773722627737227,0.28707877514972935,0.48385278841414864,3,0,0
0.632,2.7529457,1.8531872,6.3519783,0.3486238532110092,0.35862799355731934,0.8523071593477598,3,3,3
0.7653333333333333,2.0179927,0.68562174,7.3474765,0.33207547169811324,0.34157933927311296,0.6675905825387525,3,6,6
0.7733333333333333,1.6617266,0.3987022,6.713824,0.2804428044280443,0.3282223177418498,0.3440142744955579,2,0,0
0.7546666666666667,1.6912825,1.034521,4.3183293,0.528,0.5603272723231736,0.8783082658856463,2,10,10
0.7573333333333333,2.5673773,0.6468225,10.249595,0.2230483271375465,0.21324820029758546,0.26549971600271216,4,10,10
0.8133333333333334,1.3011376,0.30983582,5.266345,0.3884892086330935,0.3549088653786438,0.6011505166274481,4,0,0
0.8426666666666667,1.0124837,0.24535312,4.0810056,0.43508771929824563,0.4458979750358102,0.491570440034082,4,0,0
