ACC,Loss,LossPrivileged,LossUnprivileged,BalancedACC,drift-id,gm-id,gm-name
0.7881899871630296,0.44526705,0.45195115,0.3851954,0.9238749837893918,0,0,0
0.7406931964056482,0.52397704,0.44712934,1.168386,0.5745649263721553,1,0,0
0.7650834403080873,0.48807126,0.44708475,0.83176553,0.8015591778880227,1,0,0
0.7779204107830552,0.43725958,0.4109964,0.70326763,0.8319897959183673,1,0,0
0.7753530166880617,0.45824632,0.39272636,1.0307271,0.8404491833030853,1,0,0
0.8189987163029525,0.41113493,0.3768367,0.8296899,0.8162802562213025,1,0,0
0.8241335044929397,0.3680612,0.35047343,0.5549645,0.8587366199306498,1,0,0
0.8189987163029525,0.36617994,0.35024422,0.53280205,0.831516870707674,0,0,0
0.8331193838254172,0.3589735,0.33794597,0.5506789,0.7610086074192919,0,0,0
