ACC,Loss,LossPrivileged,LossUnprivileged,AEQ,OEQ,OPP,MEQ,MPP,drift-id,gm-id,gm-name
0.9314285714285714,0.23758432,0.20839663,0.7921502,0.7891373801916933,0.6714518879239069,0.7783011342554307,0.0,0.5403225806451613,0,0,0
0.9414285714285714,0.24677168,0.12152533,2.6264517,0.7181102362204724,0.6966206154035494,0.7043567264681199,0.0,0.0,1,0,0
0.9528571428571428,0.22326547,0.09093462,2.7375522,0.6176470588235294,0.6686466810830859,0.6063774886315869,0.0,0.0,1,0,0
0.8871428571428571,0.7601486,0.755428,0.84983975,0.7638190954773869,0.6777918311730318,0.6904353352575414,0.0,0.0,1,1,1
0.9685714285714285,0.20979135,0.11785683,1.9565475,0.7880184331797235,0.7298323484745739,0.7099554961256487,0.0,0.0,3,0,0
0.93,0.41597834,0.33963877,1.8664306,0.8221153846153847,0.6844859917323685,0.6876535809869143,0.0,0.0,4,4,2-3
0.9471428571428572,0.23492876,0.1256554,2.311123,0.5302325581395348,0.5705920956234943,0.5662643041342279,0.0,0.0,4,0,0
0.9628571428571429,0.21210271,0.10401793,2.2657135,0.6712749615975422,0.7114328894046247,0.7034014551756488,0.0,0.0,1,0,0
0.9714285714285714,0.17424318,0.16324636,0.38318256,0.9075500770416025,0.8858676895741409,0.8820320270111432,0.34444444444444444,0.5083333333333333,1,1,1
