ACC,Loss,LossPrivileged,LossUnprivileged,AEQ,OEQ,OPP,MEQ,MPP,drift-id,gm-id,gm-name
0.9285714285714286,0.28059357,0.29734945,0.21357027,1.0,0.9290354738767338,0.9492684430181096,0.7570621468926554,0.8615819209039549,0,0,0
0.9185714285714286,0.6491547,0.15081911,2.642497,0.7806691449814126,0.7710969378978105,0.7612872182028085,0.0,0.0,2,0,0
0.8742857142857143,0.58888626,0.610462,0.5025834,0.9454545454545455,0.8429284308360273,0.9228054936497273,0.44090056285178236,0.8454545454545455,2,6,6
0.93,0.39385226,0.09901151,1.5732154,0.7605118829981719,0.7798926566647879,0.7761655641442875,0.0,0.0,2,0,0
0.9328571428571428,0.37862623,0.08519135,1.5523655,0.7490909090909091,0.7426117963641887,0.752530681593431,0.0,0.0,1,0,0
0.9214285714285714,0.36885118,0.1412974,1.2790661,0.7601476014760148,0.7608214075070807,0.7524338930934384,0.0634469696969697,0.0634469696969697,1,0,0
0.9328571428571428,0.34625706,0.092263415,1.3622316,0.7664233576642336,0.7317978879743534,0.7525660605914506,0.0,0.0,1,0,0
0.9242857142857143,0.34772116,0.30690303,0.51099354,0.9673704414587332,0.9444865616764572,0.9186977287499631,0.8605200945626478,0.8108747044917258,1,3,3
0.9742857142857143,0.15250531,0.12441913,0.26485002,0.9690346083788707,0.9608521194667119,0.9644011007239156,0.8666666666666667,0.8982456140350876,1,3,3
