ACC,Loss,LossPrivileged,LossUnprivileged,AEQ,OEQ,OPP,drift-id,gm-id,gm-name
0.8177777777777778,0.7275222,0.4928658,1.1968349,0.787878787878788,0.7886244036327796,0.9079306700375633,0,0,0
0.8444444444444444,0.6765879,0.32928744,1.3711888,0.7941176470588236,0.8088293109020399,0.9522371744129068,0,0,0
0.8466666666666667,0.83271253,0.57707334,1.343991,0.8646616541353384,0.8536126726090446,0.994119239127036,0,0,0
0.8133333333333334,0.99243987,0.41289616,2.1515274,0.7415730337078652,0.7204757070111862,0.884320885933932,0,0,0
0.7377777777777778,2.4217947,0.5433334,6.178717,0.4776119402985075,0.473748683367498,0.618230310005052,2,0,0
0.6688888888888889,2.4837196,1.8489571,3.7532454,0.8,0.8088334275366887,0.9172299801225746,2,6,6
0.7355555555555555,1.8837299,0.6116144,4.4279613,0.5171102661596958,0.5149122970797534,0.476121115831665,2,0,0
0.6444444444444445,3.102408,1.0195543,7.268115,0.3770491803278688,0.38886607703510695,0.48243810146412447,0,6,6
0.8622222222222222,0.68943405,0.4884348,1.0914325,0.9063670411985019,0.8770825119230702,0.8397590490219228,0,0,0
