ACC,Loss,LossPrivileged,LossUnprivileged,AEQ,OEQ,OPP,drift-id,gm-id,gm-name
0.848,0.56793016,0.34799048,1.4476888,0.676470588235294,0.6984366480130484,0.8078227642776792,0,0,0
0.7786666666666666,1.9638324,0.6582928,7.1859913,0.29411764705882354,0.28665139593705846,0.6024969281060903,1,0,0
0.64,2.2543359,1.8241934,3.9749053,0.6376811594202899,0.6130243712031321,0.8449771504185304,1,8,8
0.7813333333333333,1.8870853,0.61633664,6.97008,0.3088235294117648,0.3648288184835097,0.5340672958336966,1,0,0
0.7573333333333333,2.0132976,0.7322589,7.137452,0.23880597014925375,0.2691935953033693,0.4087158605769728,1,0,0
0.8186666666666667,1.3473132,0.47953388,4.81843,0.4492753623188406,0.43973082992279333,0.3687580025608194,1,0,0
0.76,2.015017,1.1244562,5.5772605,0.5059288537549407,0.5166805319339008,0.8988103548811878,1,13,13
0.752,1.9521058,1.1968062,4.9733043,0.5301204819277109,0.5467709359103359,0.7800944171621189,1,24,24
0.8506666666666667,0.8083416,0.24071409,3.078852,0.4459930313588851,0.38962041364077477,0.3536609317709369,1,0,0
