ACC,Loss,LossPrivileged,LossUnprivileged,BalancedACC,drift-id,gm-id
0.68,1.1549473,1.1252921,1.4218445,0.9029126213592233,0,0
0.7333333333333333,1.2262462,1.0017961,3.2462966,0.7345132743362832,1,0
0.6025,1.6366078,1.5549861,2.371203,0.6916890080428953,1,1
0.6293333333333333,1.7151432,1.5961428,2.7861469,0.5918712955122777,1,1
0.6561666666666667,1.9969295,1.7519182,4.20203,0.5661447084233261,2,1
0.626,1.5993438,1.5375983,2.1550539,0.7869137232194556,2,2
0.6533333333333333,1.5202161,1.464189,2.02446,0.7647384445059509,2,2
0.6763333333333333,2.0920038,1.800033,4.7197423,0.6237154150197629,1,2
0.6378333333333334,1.6053584,1.5081911,2.4798627,0.6424972004479284,1,1
0.6501666666666667,1.6857817,1.4980763,3.3751292,0.5900027314941273,0,1
