ACC,Loss,LossPrivileged,LossUnprivileged,AEQ,OEQ,OPP,MEQ,MPP,drift-id,gm-id,gm-name
0.8305519897304237,0.3448102,0.35184512,0.27778822,0.939836333878887,0.636442274349251,0.9493676720536974,0.3436363636363637,0.9333333333333332,0,0,0
0.8459563543003851,0.33501613,0.3244173,0.44764826,0.9676781654640705,0.6579525332045493,0.7462295737464832,0.31986531986531985,0.49629629629629635,1,0,0
0.8382541720154044,0.33940712,0.335575,0.37434348,0.9755460588793922,0.9467974432752959,0.9857161719529803,0.9111111111111111,0.9797656772392942,1,0,0
0.8382541720154044,0.34099436,0.3453167,0.2958005,0.9628835013945505,0.9744352749241787,0.9774632674073305,0.9639175257731959,0.9606539116760583,1,0,0
0.8138639281129654,0.4433606,0.34649992,1.3264279,0.6965360615615284,0.6593534499936784,0.8023773039950612,0.3211805555555555,0.6672546079901226,3,0,0
0.8087291399229781,0.43528703,0.3345389,1.6647552,0.4208065458796026,0.48695187712973964,0.44191153450431686,0.37009019493744544,0.37420550847457623,4,7,4-5
0.803594351732991,0.39306566,0.39178786,0.4081064,0.999573827314828,0.9047444722346922,0.8551220998753613,0.8620071684587812,0.7592137592137591,4,10,8-9
0.7933247753530167,0.435307,0.35817912,1.128469,0.6053540587219344,0.4363609252023634,0.4726633256853037,0.22328931572629052,0.10361067503924647,1,10,8-9
0.8716302952503209,0.2833528,0.28338978,0.283034,0.9783309455587395,0.9558266723145505,0.9569954845230554,0.9250243427458619,0.9253903990746094,1,0,0
