ACC,Loss,LossPrivileged,LossUnprivileged,BalancedACC,drift-id,gm-id,gm-name
0.8088829071332436,0.42281413,0.4310076,0.30284446,0.9207642936952698,0,0,0
0.8223418573351279,0.39835802,0.36645928,1.143534,0.6888146173712486,1,0,0
0.8095558546433378,0.4011894,0.36765128,0.9471581,0.6912256660352263,1,0,0
0.8142664872139973,0.38187698,0.3762353,0.51145184,0.8462835503220278,0,0,0
0.8425302826379543,0.3390634,0.33324075,0.45684677,0.9821092278719399,0,0,0
0.8351278600269179,0.35018054,0.342817,0.47790635,0.9276551594038861,0,0,0
0.8378196500672948,0.33886188,0.33002722,0.51493204,0.9036080462624614,1,0,0
0.8398384925975774,0.34634542,0.34158447,0.43467417,0.9501005610246641,1,0,0
0.8539703903095559,0.32567102,0.31852752,0.48183823,0.9904321378785959,1,0,0
