ACC,Loss,LossPrivileged,LossUnprivileged,BalancedACC,drift-id,gm-id
0.8585714285714285,0.45274999737739563,0.39856988191604614,0.940371036529541,0.8345454545454545,0,<federated.algorithms.fair_fed_drift.ClientIdentity.ClientIdentity object at 0x15e7985f8>
0.86,0.6888561248779297,0.36121344566345215,3.6376399993896484,0.6923076923076924,1,<federated.algorithms.fair_fed_drift.ClientIdentity.ClientIdentity object at 0x15b5860b8>
0.7928571428571428,0.8411418199539185,0.8340500593185425,0.904967725276947,0.8520710059171598,1,<federated.algorithms.fair_fed_drift.ClientIdentity.ClientIdentity object at 0x15b5ed748>
0.8714285714285714,0.485678493976593,0.3974693715572357,1.279560923576355,0.8035714285714286,1,<federated.algorithms.fair_fed_drift.ClientIdentity.ClientIdentity object at 0x15b49fd30>
0.8871428571428571,0.6314781904220581,0.4165973961353302,2.56540584564209,0.8052631578947368,2,<federated.algorithms.fair_fed_drift.ClientIdentity.ClientIdentity object at 0x15df532e8>
0.7928571428571428,0.9542744755744934,0.9413040280342102,1.0710089206695557,0.8520710059171598,2,<federated.algorithms.fair_fed_drift.ClientIdentity.ClientIdentity object at 0x137a1fc50>
0.8328571428571429,0.6515511274337769,0.6333843469619751,0.815052330493927,0.9563567362428843,2,<federated.algorithms.fair_fed_drift.ClientIdentity.ClientIdentity object at 0x15b9aac88>
0.8385714285714285,0.9108679294586182,0.6010316610336304,3.6993939876556396,0.7113970588235294,1,<federated.algorithms.fair_fed_drift.ClientIdentity.ClientIdentity object at 0x15df881d0>
0.8371428571428572,0.6852107644081116,0.634255588054657,1.1438069343566895,0.8212290502793296,1,<federated.algorithms.fair_fed_drift.ClientIdentity.ClientIdentity object at 0x15b76d128>
0.7957142857142857,1.0134844779968262,0.8319669365882874,2.6471428871154785,0.7151162790697675,0,<federated.algorithms.fair_fed_drift.ClientIdentity.ClientIdentity object at 0x1379d1630>
