ACC,Loss,LossPrivileged,LossUnprivileged,BalancedACC,drift-id,gm-id
0.6585,1.2463233,1.2730737,1.219573,0.9894259818731118,0,0
0.7186666666666667,1.1456472,1.1139828,1.1773115,0.988929889298893,0,0
0.7363333333333333,1.2255764,1.2208436,1.2303092,0.9882988298829883,0,0
0.7381666666666666,1.1737754,1.1729044,1.1746465,0.9986462093862816,0,0
0.7576666666666667,1.1957219,1.160878,1.2305658,0.990367775831874,0,0
0.7468333333333333,1.6573291,1.6539342,1.6607238,0.9880212954747115,0,0
0.7301666666666666,1.8583144,1.8147415,1.9018874,0.9931756141947224,0,0
0.6585,3.140731,1.7142025,4.5672593,0.7853592408495256,1,0
0.6025,1.8099774,1.7629414,1.8570135,0.9917355371900827,1,1
0.5633333333333334,2.7078583,1.9119012,3.5038161,0.8036286019210245,0,1
