ACC,Loss,LossPrivileged,LossUnprivileged,BalancedACC,drift-id,gm-id,gm-name
0.9328571428571428,0.2296386,0.21610393,0.48679766,0.8512000000000001,0,0,0
0.95,0.35831,0.22466314,2.8976011,0.6806853582554517,1,0,0
0.9571428571428572,0.14407651,0.10603471,0.866871,0.767080745341615,1,0,0
0.9614285714285714,0.15275326,0.1387051,0.4196683,0.8864696734059098,0,0,0
0.9657142857142857,0.1354747,0.11098501,0.60077834,0.8516228748068007,0,0,0
0.9728571428571429,0.0931844,0.06505895,0.6275681,0.8450920245398773,0,0,0
0.9785714285714285,0.11556571,0.062226374,1.1290134,0.7196969696969697,1,0,0
0.9642857142857143,0.13876937,0.11176442,0.65186316,0.7611710323574731,1,0,0
0.9685714285714285,0.13187975,0.08435482,1.0348536,0.7880184331797235,1,0,0
