ACC,Loss,LossPrivileged,LossUnprivileged,AEQ,OEQ,OPP,MEQ,MPP,drift-id,gm-id,gm-name
0.8185714285714286,0.49248487,0.46342716,0.75400466,0.8793103448275861,0.794443334904847,0.7852624748257534,0.2191358024691358,0.44961240310077516,0,0,0
0.8771428571428571,0.43568724,0.30622765,1.600824,0.7805309734513274,0.6856969497734637,0.695824666329352,0.0,0.0,2,0,0
0.8685714285714285,0.52682364,0.38564008,1.797476,0.8417266187050361,0.7221587110380892,0.7049828223290912,0.0,0.0,2,0,0
0.8728571428571429,0.6192176,0.4661998,1.9963773,0.6984126984126984,0.6987681520492044,0.694322656808486,0.0,0.0,2,0,0
0.8828571428571429,0.5919612,0.4695863,1.6933352,0.7750439367311072,0.6652259221239,0.6794609427648858,0.0,0.0,1,0,0
0.9014285714285715,0.4548746,0.36154076,1.2948796,0.774526678141136,0.7330573751722923,0.7034574072981112,0.0,0.0,1,0,0
0.8757142857142857,0.5117596,0.3553844,1.9191366,0.6619964973730298,0.5859919901682525,0.6088239920070765,0.0,0.0,1,0,0
0.8942857142857142,0.46682897,0.4041924,1.0305579,0.9015817223198593,0.8231922828718213,0.8299750179324812,0.4074074074074074,0.17724867724867724,2,0,0
0.9171428571428571,0.36342248,0.2380724,1.4915732,0.7436762225969645,0.7114987908014027,0.7270331325962587,0.3064935064935065,0.2636363636363636,2,0,0
