ACC,Loss,LossPrivileged,LossUnprivileged,AEQ,OEQ,OPP,MEQ,MPP,drift-id,gm-id,gm-name
0.8379287155346334,0.3388601,0.34869346,0.17037347,0.8984828619591683,0.8494513841132336,0.9244114817644229,0.7159090909090909,0.8868220015278839,0,0,0
0.82044384667115,0.3781527,0.34379047,1.1179829,0.8055555555555555,0.790893477138074,0.8676365117380948,0.6101270352478081,0.7588579291365668,3,0,0
0.8291862811028917,0.3558341,0.3475429,0.5372187,0.8861538461538462,0.9317803333473749,0.919713621589044,0.8857828889169721,0.8997039230199851,3,1,1
0.83591123066577,0.35227978,0.3486716,0.4202104,0.9548605240912934,0.7820444167146295,0.9410372009806615,0.7136591478696743,0.9190558576371725,3,9,1-3
0.8285137861466039,0.3841781,0.3559809,0.9465332,0.548908127665073,0.6977943267184525,0.5955121838298142,0.459916138817022,0.29375,2,11,2-1-3
0.8419636852723604,0.36101,0.3469308,0.63770443,0.8516203703703703,0.7986421055592688,0.7833041607904334,0.7067062818336162,0.6513157894736842,2,12,7-8
0.8076664425016813,0.38959336,0.37793687,0.6060048,0.8065069276144314,0.7926713447544038,0.8096641948811583,0.7421259842519684,0.767716535433071,4,13,13
0.8285137861466039,0.35618117,0.35004073,0.47018343,0.9504670379019221,0.9650438170128033,0.9597626634411183,0.96240234375,0.9385099685204618,4,10,4-5
0.831876260928043,0.34879798,0.34180394,0.4599865,0.9247608678746404,0.9529557041083343,0.9531141388500348,0.9432085368059322,0.9221076746849942,4,10,4-5
