ACC,Loss,LossPrivileged,LossUnprivileged,AEQ,OEQ,OPP,MEQ,MPP,drift-id,gm-id,gm-name
0.8076664425016813,0.4324867,0.43412656,0.3934852,0.9107376604831352,0.8900525256933103,0.8933600856433388,0.8105263157894737,0.8679549114331723,0,0,0
0.7989240080699395,0.3940875,0.39411384,0.39364186,0.9736886207474444,0.7689049217953077,0.9764475009368558,0.5741176470588235,0.9688888888888889,1,0,0
0.8022864828513786,0.3984486,0.3984743,0.39793465,0.8993588019011747,0.9388127284254573,0.9225950495336216,0.8992405063291138,0.8954574787463876,1,0,0
0.8312037659717552,0.34865564,0.35456777,0.2324666,0.9166838814895352,0.8688545291496038,0.9224986422402948,0.7434237150951033,0.9018835120254999,1,0,0
0.8197713517148622,0.3927722,0.35378262,1.1820326,0.7045476594712587,0.589739338675509,0.7100163413213267,0.2366215344938749,0.661968166513621,3,0,0
0.7646267652992602,0.4716641,0.45043513,0.871334,0.6155858310626703,0.5508265583320164,0.5871365819945644,0.5410062163944912,0.3787878787878788,4,9,9
0.8258238063214526,0.36018413,0.3430447,0.7020082,0.758634648125439,0.7402746143866225,0.6988214966444029,0.6785714285714286,0.5456349206349206,4,10,3-1-2-8
0.8150638870208473,0.37192225,0.35491726,0.76276326,0.6834626031189192,0.7329252092162727,0.6465725627096451,0.6653185035389283,0.4170212765957447,1,13,3-1-2-8-11
0.8251513113651647,0.34831482,0.33863264,0.570849,0.9967495062541146,0.9479896271209247,0.8977947255639731,0.9198295108585346,0.8428805237315875,1,0,0
