ACC,Loss,LossPrivileged,LossUnprivileged,AEQ,OEQ,OPP,drift-id,gm-id,gm-name
0.8244444444444444,0.6305971,0.41772935,1.0563326,0.8,0.8060518701639932,0.8984505832553876,0,0,0
0.7866666666666666,1.6042806,0.29585013,4.221142,0.5467625899280576,0.5398035899353013,0.5508711871125437,3,0,0
0.7888888888888889,1.8228339,0.3549557,4.75859,0.5448028673835126,0.5655912427351927,0.6424826714582835,3,0,0
0.78,1.2621628,0.36899695,3.048494,0.5808823529411764,0.5784834862710523,0.5260721472095214,3,0,0
0.7444444444444445,1.922811,0.26490495,5.238623,0.39285714285714285,0.3872965450633871,0.35057499085015353,2,0,0
0.7533333333333333,1.657038,0.213129,4.5448556,0.3957597173144876,0.3920250128092318,0.3803541993609992,2,0,0
0.7822222222222223,1.7004615,0.31976017,4.4618645,0.4964539007092199,0.476248991760746,0.5729121549248709,4,0,0
0.7666666666666667,1.3337327,0.30010313,3.400992,0.4210526315789474,0.4188322825304914,0.4832444666469563,4,0,0
0.7244444444444444,1.5251347,0.5713291,3.4327466,0.44194756554307113,0.5069881786091693,0.5492201464900734,4,0,0
