ACC,Loss,LossPrivileged,LossUnprivileged,BalancedACC,drift-id,gm-id,gm-name
0.8428571428571429,0.4434057,0.45593494,0.43087646,0.9865319865319866,0,0,0
0.75,1.6563944,0.47437504,2.8384135,0.8166089965397924,1,0,0
0.7842857142857143,0.93156326,0.33052835,1.5325981,0.7484076433121019,1,0,0
0.7885714285714286,1.2439557,0.496654,1.9912573,0.7864077669902912,1,0,0
0.7128571428571429,2.629925,0.6217866,4.6380634,0.6414473684210527,2,1,1
0.8057142857142857,0.8449078,0.51787406,1.1719416,0.8193548387096775,2,0,0
0.83,0.8407372,0.5539685,1.1275059,0.832807570977918,2,0,0
0.8657142857142858,0.6507092,0.49572304,0.80569535,0.9299363057324841,2,0,0
0.8428571428571429,0.9060893,0.73078066,1.0813979,0.8971061093247589,2,0,0
