ACC,Loss,LossPrivileged,LossUnprivileged,AEQ,OEQ,OPP,MEQ,MPP,drift-id,gm-id,gm-name
0.8459563543003851,0.34906614,0.3459211,0.38042805,0.9623397623678845,0.8695296372660757,0.7637059753432781,0.797773654916512,0.5569727891156463,0,0,0
0.8536585365853658,0.33105206,0.34658265,0.17374909,0.9113594445047195,0.9268861516167015,0.8231717699281487,0.8701657458563536,0.7510204081632652,0,0,0
0.8382541720154044,0.33515167,0.35251096,0.18347527,0.868910473608915,0.8348852688737082,0.8542478972687613,0.7466666666666666,0.8096385542168675,0,0,0
0.8215661103979461,0.35641637,0.36910984,0.21928744,0.9115458673069152,0.9899295459628719,0.8970063279393623,0.9811959903214656,0.8915662650602408,0,0,0
0.8690629011553274,0.31297162,0.29862827,0.44760787,0.9800108754758021,0.8067358909663367,0.9590553831502553,0.6333333333333334,0.9444444444444445,1,0,0
0.834403080872914,0.35604626,0.35507044,0.36624953,0.9404594467885606,0.944848509821395,0.8902896658005663,0.9354559482142186,0.8028673835125447,1,11,11
0.8523748395378691,0.31079212,0.31434223,0.27113044,0.9532081953134586,0.7544199543746644,0.9583105318841434,0.5659722222222221,0.9343065693430657,1,0,0
0.8549422336328626,0.34461176,0.34625623,0.32741773,0.9659634317862167,0.9145703768656115,0.7404513602086248,0.8519163763066202,0.5540069686411149,0,11,11
0.8818998716302953,0.27911335,0.2931465,0.16453709,0.9426184656914602,0.9402732549154724,0.8195252136538558,0.8918558077436581,0.7102803738317757,0,0,0
