ACC,Loss,LossPrivileged,LossUnprivileged,AEQ,OEQ,OPP,drift-id,gm-id,gm-name
0.8293333333333334,0.5350745,0.18308467,1.9430338,0.42704626334519574,0.4415872589460197,0.47683748428305883,0,0,0
0.824,1.2707958,0.33890375,4.9983644,0.32167832167832167,0.2581919679562095,0.3418646962972063,1,0,0
0.6,2.4148262,2.1939335,3.2983963,0.6632124352331606,0.6677039252890403,0.9039261275958121,1,1,1
0.56,3.6672995,2.6890066,7.5804734,0.35233160621761656,0.35583932346975444,0.8610222960155804,1,5,5
0.8053333333333333,1.7415897,0.34166014,7.3413076,0.34532374100719426,0.3059253699728386,0.42167644444142427,2,0,0
0.6133333333333333,2.8244185,1.8299538,6.802276,0.36018957345971564,0.3003392643209844,0.6455483762691951,2,9,9
0.816,0.9541172,0.35238135,3.3610604,0.5166051660516605,0.4788357979464936,0.49171490509139215,2,0,0
0.8186666666666667,1.0490793,0.25484622,4.2260118,0.4172661870503597,0.4260329969703647,0.5532652952889215,1,0,0
0.792,0.80757487,0.35951233,2.599825,0.44943820224719105,0.4251170940452768,0.4196812037215424,1,0,0
