ACC,Loss,LossPrivileged,LossUnprivileged,AEQ,OEQ,OPP,drift-id,gm-id,gm-name
0.808,0.7201542,0.35605478,2.1765518,0.5223880597014926,0.5090968093903856,0.5890846799723788,0,0,0
0.8426666666666667,0.7017728,0.26413736,2.4523141,0.4664310954063604,0.5001824505864688,0.6436747808858204,0,0,0
0.84,0.9308294,0.58184916,2.3267508,0.6494464944649446,0.6337780940614418,0.9586532210849331,0,0,0
0.848,0.81857634,0.5491628,1.8962307,0.7819548872180451,0.8082972827239698,0.9687676021505777,0,0,0
0.864,0.77064264,0.36502632,2.393108,0.7127272727272728,0.6866307929814819,0.7208965991270393,0,0,0
0.8826666666666667,0.6596064,0.34939015,1.9004714,0.7455197132616488,0.7151125867910955,0.9808473942785132,0,0,0
0.8773333333333333,0.57000804,0.30255568,1.6398177,0.7681159420289855,0.7621015780520036,0.9620055034960451,0,0,0
0.848,0.8000558,0.45075285,2.1972678,0.6593406593406593,0.6596600246105031,0.8830995743086085,0,0,0
0.8693333333333333,0.7179384,0.3700804,2.1093705,0.7246376811594202,0.7270745763636287,0.8711078787744835,0,0,0
