ACC,Loss,LossPrivileged,LossUnprivileged,BalancedACC,drift-id,gm-id
0.9328571428571428,0.24777459,0.20438363,0.29116556,0.972809667673716,0,<federated.algorithms.fair_fed_drift.ClientIdentity.ClientIdentity object at 0x7f9e30736c50>
0.8471428571428572,1.6243727,0.20570034,3.043045,0.7861445783132529,1,<federated.algorithms.fair_fed_drift.ClientIdentity.ClientIdentity object at 0x7f9d7c630400>
0.8571428571428571,0.5475306,0.52035904,0.57470214,0.9736842105263158,1,<federated.algorithms.fair_fed_drift.ClientIdentity.ClientIdentity object at 0x7f9d9c370bb0>
0.9214285714285714,0.31347454,0.35896164,0.26798746,0.9724770642201837,1,<federated.algorithms.fair_fed_drift.ClientIdentity.ClientIdentity object at 0x7f9e30289960>
0.7542857142857143,2.1046815,0.38454732,3.8248155,0.6708860759493672,2,<federated.algorithms.fair_fed_drift.ClientIdentity.ClientIdentity object at 0x7f9d8c197250>
0.95,0.19636099,0.11774553,0.27497646,0.9558823529411765,2,<federated.algorithms.fair_fed_drift.ClientIdentity.ClientIdentity object at 0x7f9d8c4ade40>
0.95,0.1849911,0.18881199,0.1811702,0.9910179640718563,2,<federated.algorithms.fair_fed_drift.ClientIdentity.ClientIdentity object at 0x7f9d9c346a70>
0.9871428571428571,0.04482279,0.04338202,0.046263557,0.9971098265895955,2,<federated.algorithms.fair_fed_drift.ClientIdentity.ClientIdentity object at 0x7f9cd20ad720>
0.9771428571428571,0.08499321,0.09385934,0.07612708,0.9883720930232558,2,<federated.algorithms.fair_fed_drift.ClientIdentity.ClientIdentity object at 0x7f9d7c724940>
0.8828571428571429,1.4800237,0.15752576,2.8025217,0.8017492711370262,0,<federated.algorithms.fair_fed_drift.ClientIdentity.ClientIdentity object at 0x7f9d7079f970>
