ACC,Loss,LossPrivileged,LossUnprivileged,BalancedACC,drift-id,gm-id,gm-name
0.9114285714285715,0.37103233,0.3808854,0.3611792,1.0,0,0,0
0.8514285714285714,1.5787011,0.21182124,2.945581,0.7951807228915663,1,0,0
0.8228571428571428,0.9030577,0.70044196,1.1056734,0.9930795847750864,1,4,4
0.87,0.5046678,0.6327774,0.37655818,0.9456869009584666,1,10,10
0.8914285714285715,0.45659214,0.41835332,0.49483094,0.9684542586750788,1,4,4
0.8485714285714285,0.7851487,0.5783572,0.99194014,0.9603960396039604,1,20,20
0.9285714285714286,0.2821155,0.28696653,0.27726448,1.0,1,4,4
0.9271428571428572,0.49194306,0.604317,0.37956923,0.9726443768996961,1,4,4
0.9085714285714286,0.472151,0.76875645,0.17554557,0.8985074626865671,1,27,27
