ACC,Loss,LossPrivileged,LossUnprivileged,BalancedACC,drift-id,gm-id,gm-name
0.8133971291866029,0.4152005,0.47213617,0.3175965,0.9116415410385259,0,0,0
0.8118022328548644,0.41015393,0.46964166,0.28680453,0.8968045262570723,0,0,0
0.8373205741626795,0.3325666,0.3802701,0.22920911,0.8997407087294728,0,0,0
0.8149920255183413,0.3943025,0.44794792,0.28777805,0.8949796684391618,0,0,0
0.6634768740031898,0.9955541,0.35497046,2.4578285,0.347783208365361,2,0,0
0.759170653907496,0.49429727,0.44842345,0.58220434,0.9702678834265528,2,13,5-6-7-8
0.7607655502392344,0.49365097,0.49795955,0.4841057,0.9288194444444444,2,13,5-6-7-8
0.6124401913875598,0.72641075,0.39727274,1.3661436,0.2842968257305024,0,13,5-6-7-8
0.8437001594896332,0.3360451,0.36438775,0.27372015,0.9120966040919637,0,0,0
