ACC,Loss,LossPrivileged,LossUnprivileged,AEQ,OEQ,OPP,drift-id,gm-id,gm-name
0.8133333333333334,0.7151332,0.40936843,1.3266625,0.7518796992481203,0.7526753274704846,0.8963593856689837,0,0,0
0.7822222222222223,1.1599388,0.7333635,2.01309,0.7181467181467182,0.7154966823337995,0.8743756308626486,0,0,0
0.7822222222222223,1.9170408,0.5423565,4.6664095,0.5693430656934306,0.5600010012453527,0.6195357462383081,3,0,0
0.7422222222222222,2.169175,0.61386985,5.279785,0.46494464944649444,0.46553839203990505,0.4346834851352445,2,0,0
0.7355555555555555,1.5864439,0.37526122,4.0088096,0.4072727272727273,0.46930807722414514,0.36567226663235486,2,0,0
0.7422222222222222,1.1963315,0.38294125,2.8231118,0.4740740740740741,0.4821440550293539,0.5180285103310528,3,0,0
0.7488888888888889,0.9871146,0.380283,2.200778,0.4962962962962963,0.46673949892325384,0.46258078417051524,3,0,0
0.7155555555555555,0.9903172,0.39719096,2.17657,0.4486692015209125,0.43532259119256567,0.530991936188761,2,0,0
0.7533333333333333,0.94941765,0.34712425,2.1540048,0.4835164835164835,0.518430526477179,0.5548854272455936,2,0,0
