ACC,Loss,LossPrivileged,LossUnprivileged,AEQ,OEQ,OPP,MEQ,MPP,drift-id,gm-id,gm-name
0.93,0.2543433,0.22398157,0.37579027,0.9789674952198852,0.8972087993813446,0.8872252658708671,0.7467532467532467,0.7457627118644068,0,0,0
0.91,0.69794667,0.1426407,2.9191706,0.7185185185185184,0.7430531689033714,0.7418171125972984,0.0,0.0,1,0,0
0.9214285714285714,0.2411692,0.112011395,0.7578004,0.7339449541284404,0.728662379461301,0.735180337288851,0.15384615384615385,0.15873015873015875,1,0,0
0.9128571428571428,0.24576992,0.13214466,0.70027095,0.7245841035120147,0.7483953492510794,0.7565724032559732,0.1191919191919192,0.047619047619047616,1,0,0
0.9057142857142857,0.35569912,0.24245259,0.8086853,0.7579737335834897,0.7501301139822731,0.7266792202585486,0.0,0.0,2,0,0
0.9414285714285714,0.22306319,0.14629851,0.5301219,0.8366972477064221,0.8163940853583245,0.7918200874542964,0.1017857142857143,0.15561224489795916,2,0,0
0.9342857142857143,0.2099338,0.1467318,0.46274185,0.8444444444444444,0.8281345091680976,0.800659670442298,0.4210526315789474,0.40723981900452494,2,0,0
0.9671428571428572,0.07816249,0.044980492,0.2108905,0.9057971014492754,0.8615110732288509,0.8705135285392643,0.3,0.5096153846153846,2,0,0
0.9557142857142857,0.13647051,0.04305539,0.51013094,0.8390596745027125,0.8238318915907474,0.7855831323246185,0.14285714285714285,0.16666666666666666,2,0,0
