ACC,Loss,LossPrivileged,LossUnprivileged,BalancedACC,drift-id,gm-id,gm-name
0.885,0.2892579,0.2707004,0.7768145,0.8162400706090027,0,0,0
0.8666666666666667,0.31637055,0.26686463,1.2569829,0.6812749003984063,2,0,0
0.8733333333333333,0.31244954,0.26916546,1.0807418,0.7410536779324056,2,1,1
0.8766666666666667,0.30710745,0.28191787,0.88646805,0.7681728880157171,2,1,1
0.89,0.31538042,0.2663308,1.3563216,0.6555126555126555,1,0,0
0.8766666666666667,0.2930956,0.27059528,0.72060066,0.7120315581854043,1,1,1
0.8833333333333333,0.28118077,0.25218034,0.7959391,0.7323182711198428,1,1,1
0.8483333333333334,0.31794727,0.3018107,0.6245421,0.6565040650406504,1,1,1
0.9016666666666666,0.2435623,0.23472643,0.4386309,0.8035661656351312,1,1,1
