ACC,Loss,LossPrivileged,LossUnprivileged,AEQ,OEQ,OPP,MEQ,MPP,drift-id,gm-id,gm-name
0.9357142857142857,0.25914985,0.2601493,0.25015438,0.9751243781094527,0.9233170425347913,0.9093449820962866,0.7777777777777779,0.6071428571428572,0,0,0
0.9342857142857143,0.50059193,0.13797422,3.7641523,0.7450331125827815,0.7324585152695382,0.7397686874442508,0.0,0.0,3,0,0
0.8757142857142857,0.614124,0.5863977,0.8636606,0.8342245989304814,0.7806704250270335,0.7899518853031176,0.38095238095238093,0.5725806451612904,3,8,8
0.85,1.068062,0.5792702,5.4671884,0.5115452930728241,0.427328436446876,0.4919282661782661,0.0,0.0,1,8,8
0.9557142857142857,0.21361487,0.18098436,0.50728947,0.9356435643564357,0.8984613705698047,0.8995305076174759,0.5,0.6892655367231638,1,3,3
0.8928571428571429,0.93273795,0.28917775,6.7247806,0.5338983050847458,0.549469633520005,0.5521727307944454,0.0,0.0,3,3,3
0.9328571428571428,0.29618642,0.25801116,0.6397638,0.9106239460370995,0.8725093727070442,0.8706539364408898,0.6826923076923077,0.7671957671957672,3,7,7
0.8642857142857143,1.093497,0.41703478,7.1816583,0.4367417677642981,0.5597484066643433,0.5130312655305641,0.0,0.0,1,7,7
0.9714285714285714,0.09892722,0.06208398,0.4305162,0.9189627228525122,0.9102414762386506,0.9128489122163558,0.7346938775510204,0.6666666666666666,1,3,3
