ACC,Loss,LossPrivileged,LossUnprivileged,BalancedACC,drift-id,gm-id,gm-name
0.8585714285714285,0.4466911,0.41824502,0.98716706,0.7902946273830156,0,0,0
0.8571428571428571,0.34995702,0.32975924,0.73371476,0.8952879581151832,0,0,0
0.8885714285714286,0.39446494,0.3938851,0.4054815,0.9628378378378377,0,0,0
0.8871428571428571,0.43910113,0.4306623,0.59943765,0.897133220910624,0,0,0
0.8985714285714286,0.59417635,0.4433044,3.4607458,0.7537190082644628,2,0,0
0.8857142857142857,0.62289137,0.4717393,3.4947808,0.5681063122923588,2,0,0
0.8857142857142857,0.52570164,0.46112224,1.7527092,0.8650927487352446,2,0,0
0.9085714285714286,0.43057913,0.40144768,0.9840767,0.8750000000000001,0,0,0
0.9042857142857142,0.502107,0.44133934,1.656694,0.7163934426229509,0,0,0
