ACC,Loss,LossPrivileged,LossUnprivileged,BalancedACC,drift-id,gm-id,gm-name
0.7799043062200957,0.4393546,0.49707046,0.31880534,0.8514552958833619,0,0,0
0.7974481658692185,0.39475417,0.4236596,0.33481798,0.9703494830385372,0,0,0
0.8596491228070176,0.34551302,0.38049665,0.2812444,0.9449876222149983,0,0,0
0.8325358851674641,0.37126842,0.387624,0.33219197,0.9384924538377224,0,4,0-1-2
0.5199362041467305,1.3084407,1.7706805,0.30692104,0.36974075648108795,2,4,0-1-2
0.8229665071770335,0.47009724,0.49835303,0.41961366,0.9765004763416957,2,6,6
0.8070175438596491,0.4721576,0.48603395,0.44575408,0.9854014598540146,2,11,5-6-7-8
0.47368421052631576,1.0224708,1.3659594,0.31538674,0.2940950429102088,0,11,5-6-7-8
0.8165869218500797,0.38912296,0.36815062,0.43106762,0.9854227405247813,0,4,0-1-2
