ACC,Loss,LossPrivileged,LossUnprivileged,AEQ,OEQ,OPP,MEQ,MPP,drift-id,gm-id,gm-name
0.93,0.2572584,0.25101033,0.375971,0.9822294022617124,0.8959715574069826,0.8970943846461128,0.7126436781609196,0.711111111111111,0,0,0
0.9428571428571428,0.27537996,0.19596097,1.7843403,0.7480314960629921,0.6793838307790212,0.6461597617769177,0.0,0.0,3,0,0
0.9542857142857143,0.22739826,0.13989021,1.8900512,0.7694704049844237,0.7357880478562377,0.7131731075014657,0.0,0.0,3,0,0
0.9571428571428572,0.15741366,0.08237574,1.5831338,0.7364341085271318,0.7403300854791749,0.7443292168254767,0.0,0.0,3,0,0
0.9385714285714286,0.32406655,0.20472655,2.5915267,0.6892744479495267,0.5585020545639844,0.6021533366867875,0.0,0.0,2,1,1
0.9442857142857143,0.24926083,0.2230678,0.7469281,0.9349206349206349,0.8476228686228465,0.8887710847117741,0.5431034482758621,0.6767676767676768,2,5,2-3
0.9214285714285714,0.5480117,0.31359732,5.0018845,0.608,0.5508655818346158,0.5425357964597712,0.0,0.0,4,5,2-3
0.9742857142857143,0.08937003,0.048947114,0.85740525,0.7530487804878049,0.7664421101774043,0.7309415641951741,0.0,0.0,4,0,0
0.9585714285714285,0.18771027,0.13891467,1.1148262,0.8273716951788491,0.8506320207986147,0.8512344173623732,0.21111111111111114,0.1773049645390071,4,0,0
