ACC,Loss,LossPrivileged,LossUnprivileged,AEQ,OEQ,OPP,MEQ,MPP,drift-id,gm-id,gm-name
0.8125802310654685,0.37101087,0.37960234,0.2979831,0.946218487394958,0.7711024325236274,0.9185946142028928,0.5801749271137026,0.8911564625850339,0,0,0
0.8369704749679076,0.35368338,0.36190197,0.27982092,0.9879393074828169,0.8213925510996307,0.7729734301815375,0.6524064171122995,0.5925925925925926,0,0,0
0.8793324775353016,0.28179905,0.29205492,0.18261218,0.9231021882826291,0.9767300799606724,0.9444483419652574,0.9666338126159555,0.9307571490467939,0,0,0
0.8562259306803595,0.3186279,0.32355854,0.27234557,0.9540366350067844,0.9838196983245411,0.9518330162864961,0.9720576587993031,0.939922480620155,0,0,0
0.8202824133504493,0.37711793,0.36872828,0.47414026,0.9761291706898401,0.8806917211328975,0.9696790100801085,0.8049999999999999,0.9465381244522348,2,0,0
0.8177150192554558,0.3903323,0.37595624,0.52527624,0.9224827586206896,0.6206615344779747,0.7851271334029954,0.31156186612576064,0.6804597701149425,2,1,1
0.8267008985879333,0.363145,0.35336694,0.45916045,0.9903371320037986,0.8504283785979428,0.8872736399088768,0.702247191011236,0.7802746566791511,2,0,0
0.8395378690629012,0.3542907,0.36761287,0.23106039,0.901930501930502,0.8391514390500192,0.9609116373822256,0.7605042016806722,0.9358288770053477,0,0,0
0.8408215661103979,0.33912832,0.35902083,0.15240423,0.8903206168831168,0.8787110428901473,0.9456143248535996,0.8051948051948052,0.898804407282957,0,0,0
