ACC,Loss,LossPrivileged,LossUnprivileged,AEQ,OEQ,OPP,MEQ,MPP,drift-id,gm-id,gm-name
0.9314285714285714,0.2748105,0.248776,0.5091212,0.9121621621621622,0.8865793626137407,0.8873789968922458,0.6020408163265306,0.7270408163265306,0,0,0
0.9357142857142857,0.48012015,0.12817267,3.6476476,0.6481178396072013,0.7268019153785903,0.7338780698568549,0.0,0.0,1,0,0
0.8728571428571429,0.5428909,0.4938164,0.98456097,0.7673179396092362,0.7260277696086882,0.7360484423154211,0.3733333333333333,0.45625000000000004,1,4,4
0.9328571428571428,0.29678577,0.16731726,1.4620024,0.7462686567164178,0.7014038710058718,0.7358826283066306,0.0,0.0,1,0,0
0.9457142857142857,0.23544374,0.16549784,0.86495686,0.8479338842975206,0.7634422614832624,0.769429045599431,0.0,0.0,1,0,0
0.9428571428571428,0.28031942,0.12954918,1.6372514,0.6742671009771987,0.7622994185453078,0.7311505900076353,0.0,0.0,1,0,0
0.9671428571428572,0.1529086,0.059854403,0.9903963,0.8432956381260098,0.7859503902599206,0.7936774167560258,0.0,0.0,1,0,0
0.9742857142857143,0.10527056,0.07573588,0.37108263,0.9804878048780489,0.9302453560562041,0.9418711383442006,0.6792452830188679,0.7754237288135594,0,0,0
0.9914285714285714,0.022502888,0.0075774603,0.15683174,0.9617224880382775,0.9586781160551652,0.9568326375117421,0.8571428571428571,0.8145454545454547,0,0,0
