ACC,Loss,LossPrivileged,LossUnprivileged,BalancedACC,drift-id,gm-id,gm-name
0.9342857142857143,0.24845934,0.25134546,0.19362351,0.9904306220095696,0,0,0
0.9542857142857143,0.22050557,0.1322083,1.8981537,0.8003120124804992,1,0,0
0.8871428571428571,0.5723595,0.5332376,1.3156759,0.665,1,6,6
0.8871428571428571,0.5545265,0.4566269,2.4146194,0.6322795341098169,0,7,7
0.9771428571428571,0.11891841,0.08678026,0.72954327,0.9019908116385911,0,0,0
0.9628571428571429,0.17428736,0.16567169,0.33798513,0.9781591263650545,0,0,0
0.9728571428571429,0.1410065,0.10733138,0.7808338,0.8755760368663593,0,0,0
0.9571428571428572,0.27824286,0.2730435,0.37703073,0.9843014128728415,0,0,0
0.9828571428571429,0.07552414,0.038998544,0.7695104,0.8361153262518969,0,0,0
