ACC,Loss,LossPrivileged,LossUnprivileged,BalancedACC,drift-id,gm-id,gm-name
0.9328571428571428,0.2540282,0.21251942,0.6276071,0.877310924369748,0,0,0
0.9585714285714285,0.14581536,0.1252838,0.33059958,0.9489291598023064,0,0,0
0.9685714285714285,0.13182016,0.07144081,0.6752342,0.9058441558441558,0,0,0
0.9685714285714285,0.11612845,0.11406179,0.13472869,0.9705882352941176,0,0,0
0.9514285714285714,0.21008952,0.11591252,1.0576826,0.7463414634146341,2,0,0
0.8657142857142858,0.71230775,0.6678365,1.1125482,0.8625678119349005,2,12,12
0.7885714285714286,1.0075281,0.9346352,1.6635634,0.7221135029354208,2,15,15
0.9728571428571429,0.11789942,0.08587503,0.40611905,0.93354943273906,0,0,0
0.9814285714285714,0.10801052,0.083501086,0.32859555,0.9565217391304347,0,0,0
