ACC,Loss,LossPrivileged,LossUnprivileged,BalancedACC,drift-id,gm-id
0.8157142857142857,0.44869334,0.43267927,0.7529598,0.8336380255941499,0,0
0.8771428571428571,0.3719392,0.33660302,1.0433267,0.706081081081081,0,0
0.8685714285714285,0.41140768,0.41143325,0.41092166,0.9172413793103449,0,0
0.8614285714285714,0.5177551,0.49082133,1.0294973,0.9252173913043479,0,0
0.8585714285714285,0.5091324,0.45382428,1.5599865,0.6879310344827586,2,0
0.84,0.44114274,0.40931427,1.0458845,0.7037037037037037,2,2
0.8528571428571429,0.39148667,0.39930755,0.24289006,0.9947368421052631,2,2
0.8928571428571429,0.40766963,0.3921298,0.70292705,0.9579831932773109,2,2
0.8442857142857143,0.59516376,0.5956735,0.58548003,0.8743362831858408,2,2
0.8628571428571429,0.5767998,0.5013071,2.0111642,0.6843910806174957,0,2
