ACC,Loss,LossPrivileged,LossUnprivileged,BalancedACC,drift-id,gm-id,gm-name
0.805111821086262,0.4079478,0.4436874,0.341992,0.9108059951787025,0,0,0
0.5942492012779552,1.0283834,0.41880026,2.1773212,0.22074147880599493,1,0,0
0.8035143769968051,0.4243071,0.4422885,0.39065376,0.9343190828243866,1,4,4
0.7875399361022364,0.44504973,0.48039827,0.37795284,0.8924430227908837,1,15,5-6-7-8-2-1-3-4
0.792332268370607,0.46423495,0.39113316,0.5981996,0.8970282499694265,2,15,5-6-7-8-2-1-3-4
0.8003194888178914,0.44619197,0.39037383,0.5695644,0.9178183398522382,2,15,5-6-7-8-2-1-3-4
0.805111821086262,0.4390972,0.42658493,0.4647931,0.9482435304413052,2,15,5-6-7-8-2-1-3-4
0.7955271565495208,0.44169074,0.40289208,0.5213699,0.9455260710964881,2,15,5-6-7-8-2-1-3-4
0.8162939297124601,0.40885356,0.36888635,0.48859662,0.9600166423965052,2,15,5-6-7-8-2-1-3-4
