ACC,Loss,LossPrivileged,LossUnprivileged,BalancedACC,drift-id,gm-id,gm-name
0.8001345895020189,0.4206909,0.4293501,0.22510189,0.8479340614838549,0,0,0
0.33714670255720053,1.534664,1.5939473,0.38716552,0.4024285767497299,2,0,0
0.47510094212651416,0.9112488,0.9371692,0.32577568,0.5568138818314503,2,0,0
0.7409152086137282,0.575246,0.51990944,1.747226,0.45187328662808407,1,0,0
0.8082099596231493,0.4155625,0.4075722,0.5847886,0.9200306028502147,1,5,2-1-3
0.33714670255720053,1.6761565,1.679708,1.6153448,0.60139084861923,2,5,2-1-3
0.5477792732166891,0.6365787,0.6586051,0.19101614,0.5602636534839924,2,0,0
0.7281292059219381,0.6493524,0.5679028,2.203498,0.4328411587390794,1,0,0
0.8263795423956931,0.36753905,0.35502037,0.60640925,0.8776647175284313,1,5,2-1-3
