ACC,Loss,LossPrivileged,LossUnprivileged,BalancedACC,drift-id,gm-id,gm-name
0.8157142857142857,0.5307155,0.5820613,0.4793699,0.9757785467128027,0,0,0
0.8142857142857143,1.4685781,0.3499146,2.5872416,0.8327974276527331,1,0,0
0.75,0.92993426,0.89721817,0.96265024,0.9662921348314606,1,4,4
0.7542857142857143,0.89125234,0.73964226,1.0428624,0.9628252788104089,1,6,6
0.8214285714285714,0.74087393,0.6826179,0.79913014,0.962457337883959,1,2,2
0.8485714285714285,0.5519829,0.52197605,0.5819895,0.973421926910299,1,2,2
0.8328571428571429,0.78062534,0.78677183,0.77447885,0.9762711864406779,1,2,2
0.6857142857142857,2.016317,0.8039215,3.228712,0.7647058823529412,0,16,16
0.8985714285714286,0.44248828,0.4689863,0.4159902,0.9842271293375395,0,0,0
