ACC,Loss,LossPrivileged,LossUnprivileged,AEQ,OEQ,OPP,MEQ,MPP,drift-id,gm-id,gm-name
0.9128571428571428,0.35953447,0.28114727,0.6730833,0.9343629343629344,0.886829272778793,0.9112028995868797,0.6763848396501457,0.7941176470588236,0,0,0
0.9585714285714285,0.16812989,0.16760623,0.17022449,0.9795918367346939,0.9426834965944497,0.9488697302019465,0.8251748251748252,0.8313725490196079,0,0,0
0.9428571428571428,0.31265938,0.24746636,0.57343143,0.9253731343283581,0.9189073124389452,0.8994519215671033,0.8425925925925926,0.6037735849056604,0,0,0
0.9828571428571429,0.059712492,0.05608949,0.074204504,0.9855072463768115,0.9494478785103786,0.9732483229730006,0.8126984126984127,0.9312567132116004,0,0,0
0.9671428571428572,0.12961826,0.13048732,0.12614208,0.994485294117647,0.9763642267773364,0.9531095076906656,0.9411764705882353,0.9107142857142856,0,0,0
0.9628571428571429,0.15257205,0.1157141,0.30000386,0.9833641404805914,0.9593644611968506,0.9438843978286341,0.8931623931623932,0.8571428571428571,0,0,0
0.9871428571428571,0.049363513,0.04610325,0.062404577,0.9981916817359855,0.9753188792163536,0.9807912625767317,0.9,0.9375,0,0,0
0.9171428571428571,0.8122754,0.14757429,3.47108,0.764378478664193,0.7649627872494948,0.7488320639757011,0.0,0.0,1,0,0
0.9857142857142858,0.07961926,0.085425094,0.056395918,1.0,0.9716734714122598,0.9833633592506974,0.9152542372881356,0.9285714285714286,1,2,2
