ACC,Loss,LossPrivileged,LossUnprivileged,AEQ,OEQ,OPP,drift-id,gm-id,gm-name
0.45666666666666667,4.8106275,4.834245,4.598063,0.2706766917293233,0.0751082251082251,0.09892623716153126,0,0,0
0.49833333333333335,4.6877723,4.6974707,4.6004853,0.40909090909090906,0.12720364741641338,0.13451388888888888,1,0,0
0.48,4.642975,4.623028,4.8224945,0.29032258064516125,0.1130614657210402,0.12506200396825395,1,0,0
0.5366666666666666,4.6187544,4.6200705,4.60691,0.3183279742765273,0.14565381708238853,0.12777777777777777,1,0,0
0.51,4.6150804,4.6157327,4.609207,0.30405405405405406,0.12037037037037038,0.13547008547008546,1,0,0
0.5066666666666667,4.611779,4.612221,4.6078076,0.15050167224080266,0.07607323232323232,0.07395833333333332,1,0,0
0.5166666666666667,4.6154633,4.6164956,4.606166,0.3,0.08258928571428571,0.1388888888888889,1,0,0
0.5183333333333333,4.610925,4.611382,4.606819,0.4560810810810811,0.1873917748917749,0.23643023643023645,0,0,0
0.5733333333333334,4.6150107,4.6132455,4.630894,0.29729729729729726,0.12347619047619048,0.17535714285714285,0,0,0
