ACC,Loss,LossPrivileged,LossUnprivileged,BalancedACC,drift-id,gm-id,gm-name
0.7946084724005135,0.43936953,0.44591606,0.37091994,0.907768957543684,0,0,0
0.7291399229781772,0.6125986,0.43718153,2.235207,0.25090415913200725,2,0,0
0.7843388960205392,0.44577715,0.43889648,0.5058979,0.9139106286291341,2,2,2
0.7317073170731707,0.5478727,0.411059,1.7774423,0.11174113039121919,0,12,4-7
0.7650834403080873,0.5757444,0.36387533,3.0695477,0.1804675063535063,2,0,0
0.7933247753530167,0.4152539,0.42105335,0.35260266,0.9475455820476857,2,12,4-7
0.810012836970475,0.49101812,0.36828342,1.7743175,0.7837458663192706,1,12,4-7
0.8164313222079589,0.38258764,0.41209874,0.08830799,0.8240604274134119,1,17,8-9-10
0.8562259306803595,0.303918,0.32185656,0.13798684,0.8933933933933935,1,17,8-9-10
