ACC,Loss,LossPrivileged,LossUnprivileged,BalancedACC,drift-id,gm-id,gm-name
0.91,0.371771,0.36165535,0.56396884,0.8409836065573771,0,0,0
0.9471428571428572,0.21207796,0.13651046,1.6478605,0.7755102040816327,2,0,0
0.9514285714285714,0.18368493,0.14854096,0.8514204,0.7718750000000001,2,0,0
0.9628571428571429,0.12728201,0.068434946,1.245376,0.7015384615384616,1,0,0
0.9585714285714285,0.16596736,0.110096365,1.2275159,0.7047913446676971,1,0,0
0.9685714285714285,0.094345465,0.07573317,0.4479791,0.7880184331797235,1,0,0
0.9685714285714285,0.16302899,0.059879184,2.1228752,0.6972477064220184,2,0,0
0.9742857142857143,0.08823437,0.049115576,0.8314915,0.7530487804878049,2,0,0
0.9785714285714285,0.11472869,0.04679033,1.4055576,0.8097412480974125,2,0,0
