ACC,Loss,LossPrivileged,LossUnprivileged,BalancedACC,drift-id,gm-id
0.6655,1.1887684,1.163069,1.2658668,0.9185475956820413,0,0
0.679,1.8321586,1.1889902,3.7616637,0.7399020807833537,1,0
0.5686666666666667,1.8892547,1.8218468,2.091478,0.8437852046564026,1,1
0.6146666666666667,1.8234042,1.6627266,2.3054364,0.8644778204680406,1,1
0.6063333333333333,2.5883362,1.8155851,4.90659,0.6295310941137346,2,1
0.6691666666666667,1.4331973,1.3041652,1.8202933,0.8729903536977492,2,2
0.6798333333333333,1.4629482,1.3805037,1.7102814,0.8687954473601012,2,2
0.706,1.9199191,1.8242196,2.2070181,0.8767541183648567,2,2
0.7006666666666667,1.5132763,1.4359856,1.7451488,0.8806153846153847,2,2
0.6921666666666667,1.9062049,1.5934856,2.844363,0.815926493108729,0,2
