ACC,Loss,LossPrivileged,LossUnprivileged,AEQ,OEQ,OPP,MEQ,MPP,drift-id,gm-id,gm-name
0.9557142857142857,0.16314813,0.16361988,0.15890226,0.9850746268656716,0.9186206917750974,0.9435777534722993,0.8041431261770245,0.8796296296296298,0,0,0
0.9342857142857143,0.39731127,0.15154406,2.609216,0.7289256198347107,0.6983795435642802,0.6983320602187562,0.0,0.0,1,0,0
0.8157142857142857,0.94689155,0.8835118,1.5173087,0.6779661016949152,0.6135277891070268,0.574865147621114,0.0,0.0,1,5,5
0.8471428571428572,0.6953156,0.6309353,1.2747377,0.8468634686346862,0.6964820956882962,0.801298759056516,0.20440251572327042,0.5604395604395604,1,11,11
0.8928571428571429,0.7312597,0.26753762,4.904758,0.5177664974619289,0.5384358135168165,0.5467445631132146,0.0,0.0,2,2,2
0.8685714285714285,0.5808134,0.53814006,0.9648735,0.8240574506283662,0.7851760585796418,0.7817111982794216,0.32727272727272727,0.3790849673202614,2,15,15
0.9542857142857143,0.23620445,0.18079163,0.7349196,0.888157894736842,0.797120934261207,0.7913286886203073,0.0,0.0,2,0,0
0.9714285714285714,0.17557684,0.15032063,0.40288255,0.9029126213592233,0.884315504250616,0.8150331207663342,0.0,0.0,2,0,0
0.9371428571428572,0.24683805,0.18461017,0.806889,0.8729096989966556,0.8537221575780529,0.8458994532301413,0.516949152542373,0.5734767025089605,2,6,6
