ACC,Loss,LossPrivileged,LossUnprivileged,BalancedACC,drift-id,gm-id,gm-name
0.9028571428571428,0.4063604,0.37575608,0.4369646,0.9750000000000001,0,0,0
0.9371428571428572,0.20839162,0.23780334,0.17897984,1.0,0,0,0
0.9342857142857143,0.2717745,0.1794854,0.36406362,0.9522388059701493,0,0,0
0.9628571428571429,0.15858614,0.16885963,0.14831267,0.9940828402366864,0,0,0
0.8742857142857143,1.4475558,0.16924632,2.7258654,0.8545454545454546,2,0,0
0.8485714285714285,0.6973243,0.74718314,0.6474654,0.9603960396039604,2,8,8
0.9185714285714286,0.39863765,0.24417469,0.5531005,0.9784615384615385,2,10,10
0.94,0.26411295,0.15623453,0.37199137,0.9525222551928784,2,10,10
0.93,0.33838165,0.34519094,0.33157238,0.9908256880733946,2,10,10
