ACC,Loss,LossPrivileged,LossUnprivileged,BalancedACC,drift-id,gm-id,gm-name
0.7955615332885003,0.4312858,0.441166,0.22823986,0.8507911671368124,0,0,0
0.8022864828513786,0.4138971,0.42133167,0.24010025,0.8850949891623104,0,0,0
0.816408876933423,0.4025828,0.39649007,0.52591676,0.8876919297383613,0,0,0
0.7881640887693342,0.42531452,0.40942392,0.72873914,0.727252052761353,0,0,0
0.3618022864828514,1.5567982,1.6099694,0.58314514,0.48946677173627523,2,0,0
0.5770006724949562,0.69323665,0.6950219,0.6605465,0.9215425531914895,2,0,0
0.6126429051782112,0.64830935,0.65425897,0.51382846,0.8930624510060098,2,0,0
0.5662407531943511,0.6875124,0.69279104,0.59085155,0.7520841109866865,0,0,0
0.777404169468729,0.45513663,0.4633731,0.31401184,0.8412052194543298,0,0,0
