ACC,Loss,LossPrivileged,LossUnprivileged,AEQ,OEQ,OPP,MEQ,MPP,drift-id,gm-id,gm-name
0.8242857142857143,0.4904255,0.47557634,0.77255976,0.9945553539019963,0.7220282549540112,0.7955826081159751,0.0,0.0,0,0,0
0.8785714285714286,0.48020443,0.36245945,2.7173598,0.6386554621848739,0.671571293533,0.6047908240015093,0.0,0.0,2,0,0
0.7957142857142857,0.7648911,0.72276956,1.5652006,0.8183520599250936,0.6365333240870026,0.5763384477497809,0.0,0.0,2,7,7
0.8414285714285714,0.79434747,0.66061085,3.335344,0.7024647887323944,0.5391571911336975,0.6512255837844073,0.0,0.0,0,5,5
0.8871428571428571,0.45125902,0.41922992,1.0598115,0.7969798657718121,0.6538318293367129,0.5990863069804193,0.0,0.0,0,0,0
0.9057142857142857,0.43466476,0.40891695,0.9238728,0.9107438016528926,0.8523768766374724,0.8286402297271861,0.6470588235294118,0.28174603174603174,0,0,0
0.8942857142857142,0.59613657,0.55537236,1.3706563,0.7574750830564784,0.7368453958791069,0.7302469020672868,0.34358974358974353,0.3676470588235294,0,0,0
0.8442857142857143,0.9275434,0.7728253,3.8671858,0.6654991243432574,0.6305588848116728,0.6755549699785031,0.0,0.0,1,0,0
0.8857142857142857,0.5825128,0.52024025,1.7656902,0.8316498316498316,0.6630124683787793,0.7351180927491985,0.0,0.0,1,4,4
