ACC,Loss,LossPrivileged,LossUnprivileged,BalancedACC,drift-id,gm-id,gm-name
0.875,0.31271333,0.26569998,0.7785725,0.8172446110590441,0,0,0
0.8616666666666667,0.3135261,0.28542796,0.6868297,0.7607361963190183,0,0,0
0.8883333333333333,0.27372643,0.26123998,0.4173206,0.9078947368421053,0,0,0
0.86,0.31793034,0.28936177,0.59545326,0.8831168831168832,0,0,0
0.8716666666666667,0.3185262,0.27016944,0.91492677,0.6976430976430976,2,0,0
0.8833333333333333,0.290417,0.29130766,0.2835626,0.9990738168009632,2,2,2
0.895,0.24883227,0.22937602,0.47775367,0.8203356785623463,2,2,2
0.8766666666666667,0.3285027,0.2650737,1.0924082,0.7284361851332399,0,2,2
0.87,0.29309344,0.26409718,0.56405836,0.7965445551652448,0,0,0
