ACC,Loss,LossPrivileged,LossUnprivileged,AEQ,OEQ,OPP,MEQ,MPP,drift-id,gm-id,gm-name
0.9385714285714286,0.23815052,0.20662808,0.52185255,0.9713322091062394,0.8936977439274114,0.8924667276604396,0.7720588235294118,0.6264705882352941,0,0,0
0.9614285714285714,0.17157102,0.16644688,0.21768841,0.9785831960461284,0.9205485791728127,0.9339308483557837,0.5491803278688525,0.7647058823529412,0,0,0
0.9671428571428572,0.12110962,0.11148402,0.20774004,0.9950980392156864,0.9388407940831897,0.9526818615607169,0.8137931034482758,0.8835164835164835,0,0,0
0.9685714285714285,0.10262435,0.07667262,0.3361898,0.9219512195121952,0.8875100283165119,0.8974458631368469,0.5153846153846153,0.5222222222222221,0,0,0
0.9357142857142857,0.5279144,0.20613132,3.4239624,0.7277227722772277,0.7468998015873016,0.7334273999134681,0.0,0.0,2,0,0
0.87,0.65331054,0.56994265,1.4036218,0.7526690391459073,0.6932567121616356,0.7567401544462959,0.28703703703703703,0.43238993710691825,2,9,9
0.9385714285714286,0.27326432,0.2046564,0.8907355,0.8386023294509152,0.8269041792195942,0.8393957455504175,0.5925925925925927,0.6157407407407408,2,14,9-7-8-10
0.9657142857142857,0.27905324,0.052125163,2.321406,0.7971014492753623,0.727663577154527,0.7470852486135404,0.0,0.0,0,14,9-7-8-10
0.9785714285714285,0.0898991,0.048810095,0.45970008,0.9115755627009646,0.9016817790588284,0.9159733611819781,0.5555555555555556,0.5649717514124294,0,0,0
