ACC,Loss,LossPrivileged,LossUnprivileged,AEQ,OEQ,OPP,drift-id,gm-id,gm-name
0.8222222222222222,0.72073287,0.5032873,1.1556242,0.890625,0.8938191276060653,0.9126170371935592,0,0,0
0.7044444444444444,2.4352202,0.5550125,6.195636,0.4198473282442748,0.49470090988088183,0.5813176689102284,1,0,0
0.8044444444444444,1.1211337,0.5384011,2.286599,0.7116104868913857,0.7124747115285586,0.9518683211473566,1,1,1
0.8155555555555556,1.2498851,0.4271199,2.8954158,0.6402877697841727,0.6417994808836035,0.8265002714240064,1,1,1
0.6511111111111111,3.1915464,0.71326333,8.148112,0.25384615384615383,0.2627236959736851,0.39211175790067515,2,1,1
0.8088888888888889,1.0780003,0.62026256,1.9934762,0.789272030651341,0.801906357540651,0.8999392601403955,2,2,2
0.8488888888888889,0.80834025,0.60402554,1.21697,0.9272030651340996,0.9159259486040244,0.948373883292293,2,2,2
0.6955555555555556,3.247192,0.48114404,8.779288,0.29304029304029305,0.33557930214333204,0.35466861262094557,1,2,2
0.8111111111111111,1.0259448,0.71929806,1.6392386,0.8404669260700388,0.8177453109447433,0.832794093935333,1,1,1
