ACC,Loss,LossPrivileged,LossUnprivileged,AEQ,OEQ,OPP,MEQ,MPP,drift-id,gm-id,gm-name
0.8408215661103979,0.34098363,0.3468793,0.28799787,0.9605185868926742,0.7017435897435897,0.9122993462233968,0.45714285714285713,0.8457142857142858,0,0,0
0.803594351732991,0.39585024,0.4106782,0.26981285,0.864313725490196,0.9166365382146665,0.8424523466467212,0.9123222748815166,0.7983870967741936,0,0,0
0.7933247753530167,0.41290355,0.4284643,0.26010546,0.9299047000718808,0.7785978765167738,0.6498237779658225,0.5583333333333333,0.4095238095238095,0,1,1
0.8395378690629012,0.32252625,0.33369797,0.21112375,0.9407452246435297,0.9236859838274933,0.9511145137996349,0.875,0.9457072884688352,0,0,0
0.8523748395378691,0.40984622,0.3361632,1.1014844,0.8309508196721311,0.7466500621868675,0.8718325059274289,0.4945054945054945,0.801195716444386,2,0,0
0.7804878048780488,0.43767923,0.43091157,0.5107908,0.968013468013468,0.7963648701739348,0.9705069648749249,0.7290260366441659,0.961038961038961,2,10,10
0.8536585365853658,0.35816085,0.35947657,0.3446225,0.9832151469569993,0.9064034880496297,0.9225707808373317,0.820754716981132,0.8464837049742711,2,9,9
0.8305519897304237,0.3324959,0.33023685,0.3569007,0.9769084351833299,0.971928095648712,0.9650068740333391,0.9681325685149776,0.9337944664031621,0,0,0
0.8549422336328626,0.31261542,0.32183513,0.18883179,0.9589655172413792,0.9582712044701139,0.8431774136715997,0.9206521739130434,0.7575757575757577,0,0,0
