ACC,Loss,LossPrivileged,LossUnprivileged,BalancedACC,drift-id,gm-id
0.9242857142857143,0.24862003,0.22122975,0.76903504,0.8594507269789985,0,<federated.algorithms.fair_fed_drift.ClientIdentity.ClientIdentity object at 0x7f727b9f78e0>
0.9457142857142857,0.16116883,0.14211774,0.52313966,0.8704581358609795,0,<federated.algorithms.fair_fed_drift.ClientIdentity.ClientIdentity object at 0x7f71b46900d0>
0.95,0.21134497,0.16548117,1.0827575,0.8040752351097179,0,<federated.algorithms.fair_fed_drift.ClientIdentity.ClientIdentity object at 0x7f71b47ea6e0>
0.96,0.18733013,0.18369056,0.25648174,0.9188767550702027,0,<federated.algorithms.fair_fed_drift.ClientIdentity.ClientIdentity object at 0x7f726053c820>
0.9428571428571428,0.36076072,0.17835799,3.826413,0.6244131455399061,1,<federated.algorithms.fair_fed_drift.ClientIdentity.ClientIdentity object at 0x7f7134545660>
0.9371428571428572,0.30186832,0.2800446,0.71651995,0.8787878787878789,1,<federated.algorithms.fair_fed_drift.ClientIdentity.ClientIdentity object at 0x7f7114295240>
0.9157142857142857,0.36199147,0.3121028,1.309876,0.7711038961038962,1,<federated.algorithms.fair_fed_drift.ClientIdentity.ClientIdentity object at 0x7f7174486b60>
0.9471428571428572,0.3528281,0.20846847,3.0956604,0.6521060842433697,0,<federated.algorithms.fair_fed_drift.ClientIdentity.ClientIdentity object at 0x7f71b43eada0>
0.91,0.5038246,0.48685476,0.82625145,0.8735632183908046,0,<federated.algorithms.fair_fed_drift.ClientIdentity.ClientIdentity object at 0x7f715455ad40>
0.9614285714285714,0.18224487,0.117132485,1.41938,0.6723076923076924,0,<federated.algorithms.fair_fed_drift.ClientIdentity.ClientIdentity object at 0x7f71b4352980>
