ACC,Loss,LossPrivileged,LossUnprivileged,AEQ,OEQ,OPP,drift-id,gm-id,gm-name
0.8266666666666667,0.6993742,0.40427524,1.8797697,0.6268656716417911,0.6081605879732997,0.8366275335913108,0,0,0
0.7706666666666667,1.6888398,0.4011721,6.839511,0.2814814814814815,0.3358536756433965,0.4666373195172365,3,0,0
0.6533333333333333,1.8131434,1.466382,3.2001889,0.6009389671361502,0.5939220474050267,0.8207000314622951,3,2,2
0.8373333333333334,1.0545079,0.292202,4.1037307,0.5017921146953405,0.519851486098609,0.4894116300786142,3,0,0
0.8,1.6797589,0.48536143,6.457349,0.411764705882353,0.43126880893309544,0.39882083668689805,2,0,0
0.672,2.5889566,1.6836678,6.210112,0.4017467248908297,0.41839359539466586,0.9407647062724356,2,17,17
0.76,1.3527031,0.5542694,4.546438,0.2857142857142857,0.2693996138279262,0.4141296152643463,4,0,0
0.8133333333333334,1.1159102,0.40777332,3.948457,0.46886446886446886,0.44843212714483266,0.503072130499516,4,0,0
0.7866666666666666,1.0570575,0.4054698,3.6634078,0.3542435424354244,0.3539302744333699,0.5266815020318414,4,0,0
