ACC,BalancedACC,drift-id,gm-id
0.10989010989010989,0.9968652037617556,0,0
0.8916797488226059,0.9218086010538842,0,0
0.9105180533751962,0.9764515818417197,0,0
0.9136577708006279,0.9560170528892828,0,0
0.8775510204081632,0.9575471698113208,0,0
0.8383045525902669,0.7589581264481959,2,0
0.8226059654631083,0.8032051697680952,2,0
0.82574568288854,0.785513271506236,2,0
0.8555729984301413,0.8438615502294748,2,0
0.8791208791208791,0.7973713917110145,2,0
0.8430141287284144,0.7924842767295597,2,0
