ACC,Loss,LossPrivileged,LossUnprivileged,BalancedACC,drift-id,gm-id
0.9142857142857143,0.37074542,0.3811319,0.36035895,1.0,0,0
0.8471428571428572,1.5530666,0.2371425,2.8689907,0.7807807807807808,1,0
0.8957142857142857,0.50407416,0.33563545,0.672513,0.959375,1,1
0.9471428571428572,0.18901543,0.22226782,0.15576306,0.9969879518072289,1,1
0.9371428571428572,0.27191395,0.3225016,0.22132625,0.9878787878787879,1,1
0.9357142857142857,0.2511249,0.21074793,0.29150185,0.9848484848484849,1,1
0.9314285714285714,0.21021347,0.24568313,0.1747438,0.9938837920489296,1,1
0.9242857142857143,0.39632764,0.48507106,0.30758423,0.966565349544073,1,1
0.9828571428571429,0.048823852,0.09470785,0.002939853,0.9713467048710602,1,1
0.83,1.9036032,0.1872971,3.6199093,0.7552870090634441,0,1
