ACC,Loss,LossPrivileged,LossUnprivileged,BalancedACC,drift-id,gm-id,gm-name
0.9228571428571428,0.2876623,0.26168063,0.78131324,0.8608414239482202,0,0,0
0.9514285714285714,0.26272482,0.12210528,2.9344962,0.6796267496111975,2,0,0
0.8885714285714286,0.5416624,0.50507927,1.2367438,0.6966666666666667,2,5,5
0.86,0.6306642,0.5579256,2.0126994,0.4855195911413969,2,7,7
0.9542857142857143,0.30352867,0.18176194,2.617097,0.8003120124804992,1,0,0
0.95,0.26092875,0.2639869,0.20282412,0.9920886075949367,1,2,2
0.9585714285714285,0.17491135,0.15316379,0.5881152,0.9514866979655712,1,2,2
0.9414285714285714,0.39832115,0.14998314,5.1167426,0.5031152647975078,2,2,2
0.9771428571428571,0.10114585,0.09408769,0.23525055,0.9325153374233128,2,5,5
