ACC,Loss,LossPrivileged,LossUnprivileged,AEQ,OEQ,OPP,MEQ,MPP,drift-id,gm-id,gm-name
0.9071428571428571,0.38403732,0.34782073,0.70998675,0.8875432525951558,0.8153335667422865,0.8597245789768984,0.5,0.6281249999999999,0,0,0
0.95,0.20346145,0.17697664,0.44182476,0.9750000000000001,0.9217610321402562,0.9164083451882329,0.7261904761904762,0.728395061728395,0,0,0
0.9557142857142857,0.21134248,0.19826475,0.3290423,0.9356435643564357,0.8964090098825548,0.8926140767888731,0.75,0.5526315789473684,0,0,0
0.9685714285714285,0.14863601,0.12179047,0.39024594,0.9705882352941176,0.9306220238794255,0.9359747949082762,0.78125,0.8166666666666668,0,0,0
0.95,0.38163576,0.122878626,2.71045,0.7634584013050572,0.7379816736698313,0.6894159745949306,0.0,0.0,2,0,0
0.8457142857142858,0.7248743,0.684548,1.0878111,0.7582417582417582,0.7018749639331052,0.6523724006774858,0.0,0.0,2,11,11
0.9285714285714286,0.36072913,0.27538553,1.1288215,0.8484848484848485,0.8114010808630928,0.8177806072803403,0.42622950819672134,0.6352941176470588,2,13,13
0.8642857142857143,0.5665581,0.52206284,0.96701527,0.7931654676258992,0.7080784068155246,0.7182603452186208,0.38596491228070173,0.47974413646055436,2,16,16
0.9442857142857143,0.25661886,0.2087251,0.6876627,0.9481605351170569,0.8947314373985849,0.8994657316701081,0.5966386554621849,0.7597402597402597,2,13,13
