ACC,Loss,LossPrivileged,LossUnprivileged,BalancedACC,drift-id,gm-id,gm-name
0.785622593068036,0.44544047,0.46282855,0.2772766,0.8410849435541838,0,0,0
0.8125802310654685,0.4648188,0.40289125,1.0548044,0.6426325144706259,1,0,0
0.7779204107830552,0.47887588,0.49829984,0.28518337,0.834658843980878,1,4,4
0.7984595635430038,0.4419029,0.4518957,0.33741906,0.9300160046558998,1,7,3-1-2-4
0.7971758664955071,0.40080777,0.42165077,0.17185552,0.851190476190476,1,7,3-1-2-4
0.8575096277278562,0.3271746,0.34560356,0.13448368,0.872352214124366,1,7,3-1-2-4
0.8446726572528883,0.32178655,0.3447798,0.07339012,0.8591339410939692,1,7,3-1-2-4
0.7894736842105263,0.54690135,0.392962,1.970839,0.6953671328671329,0,7,3-1-2-4
0.8395378690629012,0.334899,0.34644553,0.18290517,0.8981962950926228,0,0,0
