ACC,Loss,LossPrivileged,LossUnprivileged,AEQ,OEQ,OPP,drift-id,gm-id,gm-name
0.8416666666666667,0.93166584,0.81560725,1.9761932,0.8804347826086957,0.8222662786522825,0.8122851918481621,0,0,0
0.855,1.3060197,0.79572994,5.898626,0.6187500000000001,0.6667945160010689,0.6347914254305878,1,0,0
0.7866666666666666,1.2049516,1.032028,2.7612646,0.6326530612244898,0.5302897071898266,0.5649057249400451,1,1,1
0.8866666666666667,0.7269994,0.5354067,2.4513338,0.8316221765913757,0.8017245840872067,0.7312652618467286,1,1,1
0.8233333333333334,1.2920663,1.0915833,3.0964143,0.6652173913043478,0.6660607500994956,0.6755183676997363,1,1,1
0.8566666666666667,0.9418214,0.7497094,2.67083,0.7801268498942918,0.749911399868749,0.7726655953972186,1,1,1
0.8666666666666667,1.0745361,0.86682206,2.943962,0.75,0.6678869802424591,0.6342844109853416,1,1,1
0.8716666666666667,0.95848614,0.8194542,2.2097738,0.8472803347280334,0.702613498980494,0.7293652342943115,0,1,1
0.9066666666666666,0.8661246,0.69434637,2.412129,0.7724550898203593,0.7367763024376949,0.7347412310178111,0,0,0
