ACC,Loss,LossPrivileged,LossUnprivileged,AEQ,OEQ,OPP,drift-id,gm-id,gm-name
0.49166666666666664,4.870237,4.875092,4.826539,0.2832167832167832,0.12964975845410626,0.1190331598226335,0,0,0
0.47333333333333333,4.686474,4.6729507,4.8081875,0.2945454545454545,0.13257575757575757,0.14040178571428572,1,0,0
0.5233333333333333,4.645956,4.6235604,4.8475146,0.29605263157894735,0.12780365769496205,0.18040123456790125,1,0,0
0.52,4.63518,4.6173925,4.7952657,0.23684210526315788,0.13690476190476192,0.13807319223985892,1,0,0
0.5033333333333333,4.6160607,4.6168857,4.60864,0.1515151515151515,0.08409090909090909,0.08738738738738738,1,0,0
0.535,4.614925,4.6158524,4.6065774,0.41042345276872966,0.19073192239858908,0.1751937984496124,1,0,0
0.545,4.614009,4.6148314,4.606598,0.3726114649681529,0.11559472273757988,0.15905395417590537,1,0,0
0.5116666666666667,4.6117935,4.6120577,4.6094174,0.21,0.09982638888888888,0.09676434676434677,0,0,0
0.5483333333333333,4.609733,4.6096926,4.6100945,0.253125,0.12055224867724867,0.14126016260162602,0,0,0
