ACC,Loss,LossPrivileged,LossUnprivileged,BalancedACC,drift-id,gm-id
0.94,0.26813838,0.25864545,0.35357496,0.9362416107382551,0,0
0.9357142857142857,0.35831985,0.14950584,2.2376466,0.743801652892562,2,0
0.9157142857142857,0.34421673,0.33124453,0.4609666,0.8447098976109214,2,2
0.9271428571428572,0.26161072,0.22677733,0.57511127,0.9505962521294719,2,2
0.9228571428571428,0.57482916,0.20026213,3.9459333,0.6258278145695364,1,2
0.9357142857142857,0.2684699,0.26947248,0.25944683,0.9915254237288136,1,1
0.9642857142857143,0.18476772,0.17303959,0.29032096,0.9427168576104746,1,1
0.9357142857142857,0.3011722,0.28732732,0.4257762,0.9577702702702703,1,1
0.95,0.1778901,0.11766552,0.7199113,0.8599670510708403,1,1
0.9385714285714286,0.47184065,0.13195407,3.53082,0.725328947368421,0,1
