ACC,Loss,LossPrivileged,LossUnprivileged,BalancedACC,drift-id,gm-id,gm-name
0.9328571428571428,0.21466488,0.19733195,1.9306246,0.151840490797546,0,0,0
0.96,0.218253,0.21319966,0.7185325,0.8918918918918919,0,0,0
0.9728571428571429,0.103951864,0.097710416,0.7218547,0.88,0,0,0
0.9671428571428572,0.13188545,0.12675431,0.6398673,0.7366071428571429,0,0,0
0.9685714285714285,0.11250513,0.10698771,0.6587308,0.5875370919881305,0,0,0
0.9814285714285714,0.073996656,0.060690854,1.3912722,0.7258064516129032,0,0,0
0.9871428571428571,0.08060734,0.075763024,0.56019443,0.8671532846715327,0,0,0
0.9728571428571429,0.123724714,0.09409656,3.0569131,0.5849335302806499,1,0,0
0.9757142857142858,0.10665926,0.07666912,3.0756836,0.4367647058823529,1,0,0
