ACC,Loss,LossPrivileged,LossUnprivileged,AEQ,OEQ,OPP,MEQ,MPP,drift-id,gm-id,gm-name
0.8185714285714286,0.43858063,0.42168736,0.7595527,0.8306010928961749,0.6673562516044196,0.7271427414292368,0.0,0.0,0,0,0
0.88,0.3872454,0.34963676,1.1018084,0.7369308600337268,0.7261906761539114,0.7065960381359916,0.3641025641025641,0.39999999999999997,0,0,0
0.9057142857142857,0.36421007,0.37345314,0.18859196,0.9901315789473685,0.8754133586350854,0.887330758765354,0.5803571428571428,0.6339285714285715,0,0,0
0.8914285714285715,0.39218265,0.35371375,1.1230927,0.8926174496644296,0.7595513058087321,0.6488360073745938,0.0,0.0,0,0,0
0.88,0.44045871,0.3772976,1.6405197,0.7037037037037037,0.6011679102585482,0.6688305795309557,0.0,0.0,2,0,0
0.9114285714285715,0.45276088,0.37479874,1.9340415,0.646677471636953,0.6387659792914905,0.6595687774226658,0.0,0.0,2,0,0
0.8842857142857142,0.5389264,0.44897845,2.2479384,0.7001675041876047,0.6162224038570258,0.5781654077438788,0.0,0.0,2,0,0
0.9114285714285715,0.43607238,0.39316687,1.2512769,0.7748776508972267,0.5873651380416086,0.6680325015122389,0.0,0.0,2,0,0
0.8914285714285715,0.6448188,0.5715776,2.0364,0.7929883138564274,0.6900806023489707,0.6261484558935216,0.0,0.0,2,0,0
