ACC,Loss,LossPrivileged,LossUnprivileged,AEQ,OEQ,OPP,MEQ,MPP,drift-id,gm-id,gm-name
0.8241335044929397,0.37154517,0.3732945,0.35626036,0.9842937608318891,0.7800981790258885,0.8098313308939278,0.6474056603773585,0.7019867549668874,0,0,0
0.8485237483953787,0.31915656,0.31806928,0.33052504,0.9579934364744491,0.9574511310995243,0.9162435233160622,0.9527472527472527,0.85,1,0,0
0.8446726572528883,0.34634748,0.34287238,0.37945485,0.9913317572892041,0.9417366282770072,0.9815424004430876,0.8998060762766645,0.9639830508474575,1,0,0
0.8421052631578947,0.32757375,0.33164898,0.28693599,0.96077091306725,0.6209897388501825,0.9946940314587374,0.3211538461538462,0.9935897435897435,1,0,0
0.8446726572528883,0.30161616,0.30951068,0.20347942,0.9574392863941693,0.9798770413821256,0.848539426805814,0.9742268041237113,0.7738095238095238,1,0,0
0.8305519897304237,0.32960865,0.34261775,0.17648555,0.8793920734985096,0.8532063741435627,0.8708850329197366,0.7540106951871659,0.8501291989664083,1,0,0
0.8292682926829268,0.35075906,0.33749163,0.49175024,0.9539907012785743,0.8119137987664684,0.9315417798111612,0.6818181818181819,0.8859060402684564,1,0,0
0.7792041078305519,0.41760463,0.42231524,0.36754593,0.90799329785137,0.9184414547942084,0.8927155172413793,0.8899441340782124,0.8357758620689655,0,9,9
0.8369704749679076,0.36034533,0.38221872,0.17692493,0.8775788387857353,0.853428651520714,0.8117556785208613,0.7947573898494144,0.6955460646735815,0,0,0
