ACC,Loss,LossPrivileged,LossUnprivileged,AEQ,OEQ,OPP,MEQ,MPP,drift-id,gm-id,gm-name
0.93,0.23604956,0.20354345,0.8536653,0.7904,0.6704660362433763,0.7824483437718325,0.0,0.5396825396825397,0,0,0
0.9542857142857143,0.16043264,0.14799725,0.39670447,0.862284820031299,0.8175665550971889,0.809036456133742,0.5147058823529412,0.3529411764705882,0,0,0
0.9685714285714285,0.109280385,0.07763751,0.71049535,0.7880184331797235,0.7670630722733887,0.7554433081872061,0.44805194805194803,0.0,0,0,0
0.9728571428571429,0.109659426,0.10921245,0.11815211,0.9984544049459042,0.9520011171624075,0.9333248599800091,0.7727272727272727,0.5338983050847458,0,0,0
0.96,0.3067672,0.13487613,3.5726967,0.7341576506955179,0.7586008254987975,0.7589529880600987,0.0,0.0,2,0,0
0.9614285714285714,0.21232761,0.12837307,1.8074641,0.7941176470588236,0.7066793185797065,0.673081198366286,0.0,0.0,2,0,0
0.9614285714285714,0.16712521,0.06600332,2.0884414,0.6723076923076924,0.6090687776818445,0.6051915394011829,0.0,0.0,2,0,0
0.9714285714285714,0.12599967,0.058096692,1.4161562,0.7553516819571866,0.7387972649104608,0.7612666269604924,0.0,0.0,2,0,0
0.9757142857142858,0.11358463,0.07731771,0.80265623,0.8425076452599389,0.7522652639791347,0.7628540256480224,0.0,0.0,2,0,0
