ACC,Loss,LossPrivileged,LossUnprivileged,AEQ,OEQ,OPP,drift-id,gm-id,gm-name
0.8222222222222222,0.5804663,0.39866543,0.9440678,0.7819548872180451,0.7734746424879717,0.7923923935476966,0,0,0
0.74,2.4676046,0.48622626,6.4303617,0.43956043956043955,0.4192417401087482,0.4975173812390934,1,0,0
0.7488888888888889,1.3619677,0.53500247,3.015898,0.4509090909090909,0.4590122459343729,0.5744233493404541,1,0,0
0.7288888888888889,1.9024475,0.51890945,4.6695237,0.37681159420289856,0.46192240867695117,0.5032246587952047,1,0,0
0.6888888888888889,3.0267322,0.669073,7.74205,0.3308270676691729,0.3909819836967603,0.48851204351333277,2,0,0
0.7822222222222223,1.6751496,0.4854125,4.0546236,0.5415162454873647,0.5354133077126623,0.8134336007962797,2,0,0
0.7311111111111112,1.5967972,0.77166146,3.2470686,0.48301886792452836,0.5259243129448898,0.5327801350249776,2,0,0
0.7177777777777777,2.20656,0.30875874,6.0021625,0.2907801418439716,0.2949044003012037,0.29808064228528064,1,0,0
0.7244444444444444,1.6636388,0.5161061,3.958704,0.37090909090909097,0.3966523428065078,0.4376863808474614,1,0,0
