ACC,Loss,LossPrivileged,LossUnprivileged,AEQ,OEQ,OPP,MEQ,MPP,drift-id,gm-id,gm-name
0.8074454428754814,0.38171712,0.39828423,0.21391639,0.8422019917083386,0.8666587793321388,0.8556530296367195,0.7979274611398965,0.8527131782945736,0,0,0
0.8189987163029525,0.43625763,0.34218758,1.2697896,0.8359207069500837,0.582559601338677,0.7363876529477197,0.17337164750957854,0.632183908045977,4,0,0
0.7881899871630296,0.41435662,0.40393385,0.51992404,0.8395817586293777,0.7936400746705052,0.7591879578820528,0.7111702127659574,0.6088861076345431,4,5,5
0.8189987163029525,0.35211593,0.33023992,0.5736882,0.6955970327829625,0.6004835125991012,0.5970260092211311,0.369047619047619,0.4317460317460317,4,9,6-4-5
0.8125802310654685,0.39053708,0.38041484,0.48843142,0.9570490867579909,0.8476551956815115,0.6692069765182973,0.7583333333333333,0.39166666666666666,1,9,6-4-5
0.8228498074454429,0.3758581,0.38959622,0.2344942,0.9240360193950587,0.8183594367335367,0.6723855010401208,0.6435643564356435,0.4521452145214521,1,0,0
0.8254172015404364,0.38916716,0.32239884,1.0762031,0.7190913694567027,0.765324348621538,0.8326311093486667,0.5702479338842975,0.6717557251908397,3,0,0
0.8600770218228498,0.3400607,0.33383533,0.39445478,0.9708333333333333,0.8156552898050379,0.9771783247423629,0.7598116169544741,0.975653339289703,3,10,3-1-2
0.8318356867779204,0.34553978,0.33181038,0.4890925,0.8932160804020101,0.7152303348325837,0.9434785558084526,0.6786606696651675,0.9078055964653903,3,10,3-1-2
