ACC,Loss,LossPrivileged,LossUnprivileged,AEQ,OEQ,OPP,drift-id,gm-id,gm-name
0.832,0.54591614,0.3589771,1.2936723,0.6917293233082706,0.685795878191839,0.8315907878378993,0,0,0
0.7733333333333333,1.7687002,0.5238562,6.748076,0.2804428044280443,0.29108534565223876,0.5209857553354766,4,0,0
0.8133333333333334,1.3708936,0.39625818,5.2694354,0.3884892086330935,0.4104502041284955,0.4530079046252761,4,0,0
0.8053333333333333,1.2461089,0.5390014,4.074539,0.4249084249084249,0.388580171033545,0.5707234908748186,4,0,0
0.7706666666666667,1.6232679,0.2726068,7.0259123,0.08480565371024736,0.07420548016603355,0.2070782413580245,1,0,0
0.808,1.3702922,0.25812006,5.81898,0.31316725978647686,0.29781200315668627,0.4257033209478374,1,0,0
0.8053333333333333,1.0881255,0.32840788,4.126996,0.29893238434163705,0.30924980046226724,0.44297533226127717,3,0,0
0.808,1.2296436,0.4031309,4.535694,0.3440860215053763,0.41294730383496403,0.5108872923661002,3,0,0
0.816,1.1522995,0.5364325,3.6157675,0.4671532846715329,0.49935620882198556,0.4330128872854356,3,0,0
