ACC,Loss,LossPrivileged,LossUnprivileged,AEQ,OEQ,OPP,MEQ,MPP,drift-id,gm-id,gm-name
0.9114285714285715,0.32975104,0.27548277,0.81816554,0.8829604130808949,0.8535843342174445,0.8697894649926313,0.5909090909090909,0.7004310344827586,0,0,0
0.9485714285714286,0.28786206,0.15211305,1.5096035,0.812807881773399,0.7412361201373299,0.7648375291390996,0.0,0.0,2,0,0
0.8342857142857143,0.7678328,0.70484084,1.3347607,0.8059701492537313,0.784623406161794,0.7450733440781334,0.28444444444444444,0.3481481481481481,2,8,8
0.8828571428571429,0.4666079,0.44791982,0.6348007,0.8617021276595744,0.7728826418087724,0.8310241135233085,0.5734767025089605,0.478021978021978,2,12,12
0.8542857142857143,0.90633684,0.54003346,4.203067,0.49206349206349204,0.4875698054519386,0.49563540342946577,0.0,0.0,1,6,6
0.91,0.451734,0.37164822,1.1725057,0.7832764505119454,0.7638001209659855,0.7760358968991585,0.480295566502463,0.46551724137931033,1,2,2
0.8285714285714286,0.7799216,0.7334749,1.1979427,0.8490566037735849,0.7337461504121169,0.816700655073781,0.3771428571428571,0.5403225806451613,1,18,18
0.9142857142857143,0.46667254,0.45736942,0.55040073,0.9653979238754326,0.8802080091820326,0.8696485882889924,0.6224489795918366,0.6688524590163933,1,2,2
0.9828571428571429,0.053683233,0.05170328,0.07150276,0.9870967741935485,0.9647720964299265,0.9497227478905088,0.8625730994152048,0.8117647058823529,1,2,2
