ACC,Loss,LossPrivileged,LossUnprivileged,BalancedACC,drift-id,gm-id,gm-name
0.9142857142857143,0.37016934,0.38455597,0.35578272,0.9937694704049844,0,0,0
0.85,1.5649937,0.21186098,2.9181266,0.797583081570997,1,0,0
0.8214285714285714,0.900306,0.7028507,1.0977612,0.9896193771626298,1,4,4
0.9157142857142857,0.36957994,0.46009052,0.27906942,0.9483282674772038,1,2,2
0.9114285714285715,0.48441446,0.4961656,0.47266343,0.9875389408099688,1,2,2
0.94,0.22363292,0.15665829,0.29060757,0.9879154078549849,1,3,3
0.9385714285714286,0.24091871,0.28749382,0.19434357,0.984894259818731,1,3,3
0.9271428571428572,0.37392,0.48857945,0.2592605,0.9607250755287008,1,3,3
0.9857142857142858,0.064496644,0.1055806,0.023412703,0.9770773638968482,1,3,3
