ACC,Loss,LossPrivileged,LossUnprivileged,BalancedACC,drift-id,gm-id,gm-name
0.8528571428571429,0.41044956,0.37848574,0.6981237,0.8950276243093923,0,0,0
0.8685714285714285,0.3806773,0.38037038,0.38343954,0.9963570127504555,0,0,0
0.9028571428571428,0.33956957,0.33767772,0.35659617,0.9861111111111112,0,0,0
0.89,0.43707436,0.409279,0.6872335,0.9591474245115452,0,0,0
0.9028571428571428,0.42122716,0.37783018,0.81180036,0.9440559440559441,0,0,0
0.9128571428571428,0.4400291,0.36891478,1.0800577,0.9155172413793105,0,0,0
0.9085714285714286,0.39586452,0.36556172,0.66858935,0.9031141868512111,0,0,0
0.8914285714285715,0.46237153,0.35290372,1.4475819,0.7839721254355401,1,0,0
0.8842857142857142,0.67330444,0.5644622,1.6528848,0.7395104895104895,1,0,0
