ACC,Loss,LossPrivileged,LossUnprivileged,AEQ,OEQ,OPP,MEQ,MPP,drift-id,gm-id,gm-name
0.7907573812580231,0.45402423,0.47185177,0.28911948,0.8570309439874657,0.7610659085197286,0.9140965639810426,0.532608695652174,0.8481931279620852,0,0,0
0.8164313222079589,0.40729317,0.4177897,0.3026232,0.9284217240750867,0.923591846108806,0.9468251644920262,0.8642322097378277,0.9276639344262294,0,0,0
0.8023106546854942,0.3996977,0.40125126,0.38573518,0.9897071548936557,0.7632679720650233,0.6553180864875662,0.6526315789473683,0.4316888045540797,0,0,0
0.8318356867779204,0.3981859,0.40474826,0.34163684,0.9898027979099951,0.8115399898900683,0.8437863520865361,0.7062937062937065,0.7781278127812782,0,0,0
0.7830551989730423,0.5229667,0.35122263,2.5091033,0.2123700791641984,0.493765825136554,0.40346504227552615,0.2576929405956887,0.04396712158808933,2,0,0
0.7894736842105263,0.46927604,0.45148453,0.6786907,0.9600278551532033,0.12849162011173185,0.42515151515151517,0.0,0.0,2,3,3
0.7894736842105263,0.42757142,0.42695892,0.43453288,0.9330135975545483,0.17204568023833167,0.40283018867924525,0.0,0.0,2,9,4-2-5-1-3
0.8074454428754814,0.4049159,0.40750313,0.3749959,0.9800092980009297,0.2988826815642458,0.37378859589812935,0.0,0.0,2,9,4-2-5-1-3
0.8177150192554558,0.36252564,0.37020358,0.2737332,0.9728033472803346,0.23513513513513518,0.42863954227590595,0.0,0.0,2,9,4-2-5-1-3
