ACC,Loss,LossPrivileged,LossUnprivileged,BalancedACC,drift-id,gm-id,gm-name
0.9185714285714286,0.27787182,0.2047316,0.35101202,0.9603658536585366,0,0,0
0.9414285714285714,0.19044133,0.15220487,0.22867778,0.9909365558912386,0,0,0
0.9642857142857143,0.14519589,0.13845529,0.15193647,0.9970414201183432,0,0,0
0.96,0.22035871,0.33268073,0.10803664,0.9706744868035191,0,0,0
0.85,1.9043466,0.22580715,3.582886,0.7761194029850746,1,0,0
0.9371428571428572,0.36764467,0.37687793,0.35841128,0.9878787878787878,1,1,1
0.9271428571428572,0.3457208,0.45095536,0.24048623,0.9607250755287008,1,1,1
0.8657142857142858,1.7079962,0.17687519,3.2391176,0.7876106194690267,0,1,1
0.9714285714285714,0.1547986,0.19246145,0.11713575,0.9825072886297377,0,0,0
