ACC,Loss,LossPrivileged,LossUnprivileged,AEQ,OEQ,OPP,MEQ,MPP,drift-id,gm-id,gm-name
0.83,0.48492607,0.4624892,0.6868581,0.9034090909090908,0.7904893513500466,0.8397754447270336,0.4382716049382716,0.43703703703703706,0,0,0
0.8685714285714285,0.50231063,0.31445503,2.193011,0.7540106951871658,0.6826091868606277,0.6481160794561789,0.0,0.0,1,0,0
0.8671428571428571,0.49960843,0.37940794,1.5814123,0.7206405693950179,0.6937608905857581,0.714832009390937,0.0,0.0,1,0,0
0.8928571428571429,0.48005062,0.4028716,1.1746615,0.782608695652174,0.6972123696839981,0.7067646747892941,0.0,0.0,1,0,0
0.8814285714285715,0.47435513,0.39243072,1.2116752,0.7764084507042253,0.6584778102907209,0.7148428699708468,0.0,0.0,1,0,0
0.9028571428571428,0.39478284,0.28584152,1.3752544,0.7900172117039586,0.7439117729082745,0.735318938138015,0.0,0.0,1,0,0
0.8871428571428571,0.5189861,0.36635897,1.8926302,0.7031250000000001,0.6427804862691782,0.6012562657141379,0.0,0.0,1,0,0
0.8942857142857142,0.43325874,0.40659016,0.6732765,0.8669001751313485,0.8382618427623137,0.8190544219982661,0.3272727272727272,0.3515151515151515,0,0,0
0.9314285714285714,0.30142915,0.23966911,0.8572695,0.8954468802698146,0.8534146592863164,0.869046027368306,0.627906976744186,0.7395348837209301,0,0,0
