ACC,Loss,LossPrivileged,LossUnprivileged,BalancedACC,drift-id,gm-id,gm-name
0.9028571428571428,0.33433643,0.32269955,0.34597334,0.9627329192546583,0,0,0
0.9485714285714286,0.20000434,0.23340672,0.16660191,0.993993993993994,0,0,0
0.9614285714285714,0.15894726,0.17044584,0.14744866,0.9970326409495549,0,0,0
0.9514285714285714,0.18485765,0.23472735,0.134988,0.9646017699115044,0,0,0
0.8642857142857143,1.6193222,0.2094217,3.0292222,0.8005952380952381,2,0,0
0.9285714285714286,0.2822839,0.17435862,0.39020917,0.9938650306748467,2,14,1-3-4-2-5
0.94,0.30070072,0.29110914,0.31029233,0.993939393939394,2,14,1-3-4-2-5
0.9028571428571428,1.225426,0.094669506,2.3561826,0.8318840579710144,0,14,1-3-4-2-5
0.9485714285714286,0.22345646,0.2761016,0.17081133,0.9880239520958083,0,0,0
