ACC,Loss,LossPrivileged,LossUnprivileged,AEQ,OEQ,OPP,drift-id,gm-id,gm-name
0.5,5.6722007,5.7254744,5.192729,0.375,0.15532879818594106,0.15842490842490842,0,0,0
0.5483333333333333,4.7778716,4.768344,4.863625,0.3406940063091483,0.1622685185185185,0.18361823361823365,1,0,0
0.5683333333333334,4.6534343,4.654864,4.640566,0.3282674772036474,0.1555383022774327,0.19452011403230918,1,0,0
0.5916666666666667,4.6409073,4.64252,4.6263995,0.39705882352941174,0.20214285714285715,0.23466073608930751,1,0,0
0.5583333333333333,4.632439,4.634279,4.615882,0.19207317073170732,0.11460348162475822,0.10924036281179138,1,0,0
0.5966666666666667,4.6254897,4.6274023,4.608272,0.1274787535410765,0.05638297872340425,0.060628019323671505,1,0,0
0.595,4.621162,4.6220374,4.6132784,0.3673469387755102,0.21333333333333337,0.2038054538054538,1,0,0
0.585,4.620654,4.6209936,4.617593,0.29117647058823526,0.17842399146746973,0.1682866736438165,0,0,0
0.5833333333333334,4.6186814,4.61892,4.61653,0.1836734693877551,0.09431486880466472,0.13487224157955865,0,0,0
