ACC,Loss,LossPrivileged,LossUnprivileged,AEQ,OEQ,OPP,drift-id,gm-id,gm-name
0.58,4.742147,4.7566786,4.611362,0.3492537313432836,0.16050724637681157,0.17591089466089466,0,0,0
0.5716666666666667,4.6410313,4.643881,4.6153884,0.3262839879154079,0.17439574314574313,0.20470446950710108,1,0,0
0.5583333333333333,4.640828,4.644467,4.608077,0.1641337386018237,0.09999999999999999,0.10880681818181819,1,0,0
0.5916666666666667,4.638643,4.6416187,4.611854,0.2608695652173913,0.14415113871635613,0.15085470085470085,1,0,0
0.5633333333333334,4.615504,4.615971,4.611296,0.30275229357798167,0.158600583090379,0.17174185463659147,1,0,0
0.58,4.6345134,4.6373253,4.609203,0.21176470588235294,0.11796536796536795,0.15030864197530866,1,0,0
0.5933333333333334,4.613861,4.61434,4.609554,0.26011560693641617,0.13707955404383976,0.12450396825396827,1,0,0
0.5733333333333334,4.613704,4.6143427,4.607958,0.2694610778443114,0.11956521739130437,0.16232247284878862,1,0,0
0.5966666666666667,4.6120276,4.6122055,4.610428,0.36627906976744184,0.2001842129501704,0.239589775304061,1,0,0
