ACC,BalancedACC,drift-id,gm-id
0.07861635220125786,0.5704787234042553,0,0
0.9166666666666666,0.9873809523809525,0,0
0.0959119496855346,0.8631368631368631,1,0
0.8789308176100629,0.9753224206349206,1,0
0.8820754716981132,0.8362573099415205,1,0
0.9355345911949685,0.892097966728281,1,0
0.9135220125786163,0.8785444234404537,1,0
0.910377358490566,0.8818785578747628,1,0
0.9544025157232704,0.9803473491773309,0,0
0.9245283018867925,0.9968100189035918,0,0
0.9795597484276729,0.9772727272727273,0,0
