ACC,Loss,LossPrivileged,LossUnprivileged,AEQ,OEQ,OPP,MEQ,MPP,drift-id,gm-id,gm-name
0.9357142857142857,0.2307632,0.21671318,0.49771413,0.8168789808917198,0.7022661821458154,0.7315771446723838,0.0,0.0,0,0,0
0.9514285714285714,0.2497071,0.2416586,0.40262905,0.8962264150943395,0.8628484659912325,0.8798762441092883,0.6888888888888889,0.626865671641791,0,0,0
0.9628571428571429,0.21879625,0.11197746,2.248353,0.823529411764706,0.739317180800628,0.7110665162848288,0.0,0.0,3,0,0
0.8971428571428571,0.49047947,0.36948475,2.7893791,0.657331136738056,0.6390631412464961,0.6234605745132062,0.0,0.0,2,5,3-4
0.9642857142857143,0.15147538,0.123571835,0.68164337,0.9145962732919254,0.8855544057696978,0.8795002682369665,0.5166666666666666,0.34848484848484845,2,0,0
0.9614285714285714,0.355164,0.096767984,5.2646875,0.6420890937019968,0.743288156255719,0.7018410498876129,0.0,0.0,3,0,0
0.9528571428571428,0.1597179,0.13433392,0.64201325,0.7398753894080997,0.7296276464265505,0.7683674036729223,0.0,0.0,3,5,3-4
0.9457142857142857,0.34774956,0.15652448,3.9810264,0.5919003115264797,0.5402663488331592,0.5490588770108794,0.0,0.0,2,5,3-4
0.9614285714285714,0.16085623,0.14473844,0.46709448,0.8555900621118013,0.8316795458387117,0.8730188574492551,0.0,0.38114754098360654,2,0,0
