ACC,Loss,LossPrivileged,LossUnprivileged,AEQ,OEQ,OPP,MEQ,MPP,drift-id,gm-id,gm-name
0.9214285714285714,0.27360064,0.27063185,0.3003198,0.9061433447098975,0.8310560766626157,0.8410400194320162,0.47017543859649125,0.6825396825396826,0,0,0
0.9471428571428572,0.22773315,0.15802552,0.85510176,0.8303130148270181,0.8195006935785448,0.8009949021293888,0.4453781512605042,0.42857142857142855,0,0,0
0.97,0.121447735,0.123811536,0.10017338,0.9822866344605475,0.9603323550440681,0.9500009950829945,0.9025641025641025,0.8333333333333334,0,0,0
0.9557142857142857,0.15158717,0.15273856,0.14122473,0.9983416252072967,0.9273114326354527,0.935870879273551,0.6428571428571428,0.8035714285714286,0,0,0
0.9642857142857143,0.27499655,0.122806124,1.6447105,0.8780487804878049,0.7398814942880902,0.7644067971368639,0.0,0.0,2,0,0
0.9457142857142857,0.29438958,0.16157451,1.4897252,0.8316831683168318,0.7504922680723006,0.7316134599284848,0.0,0.0,2,0,0
0.9357142857142857,0.33388925,0.34108806,0.26910025,0.9409780775716694,0.9211849516331604,0.907176563923794,0.7435897435897435,0.8296296296296297,2,16,12-10-11-13
0.9642857142857143,0.10456057,0.08913102,0.24342643,0.959016393442623,0.9218337323894424,0.9237147219711792,0.8045977011494253,0.8112676056338028,2,17,0-12-10-11-13
0.94,0.30971897,0.27325407,0.6379031,0.8864774624373957,0.8746320656467717,0.8781549316120827,0.5968253968253968,0.5555555555555556,2,17,0-12-10-11-13
