ACC,Loss,LossPrivileged,LossUnprivileged,BalancedACC,drift-id,gm-id
0.09777015437392796,2.3998883,2.3963444,2.4319668,0.16163793103448273,0,0
0.8970840480274442,0.40570682,0.40884697,0.37728298,0.9568418750455638,0,0
0.9365351629502573,0.27383214,0.23379,0.63628244,0.912472191323693,0,0
0.9382504288164666,0.38223824,0.13650708,2.606529,0.6949158294868314,1,0
0.9382504288164666,0.22522324,0.15523125,0.8587713,0.7722701149425288,1,0
0.9279588336192109,0.2968585,0.21902873,1.0013521,0.7422413793103448,1,0
0.9656946826758147,0.13960117,0.11920059,0.3242617,0.8822343214357733,1,0
0.9399656946826758,0.23067686,0.14769967,0.9817635,0.7127341840890579,1,0
0.9399656946826758,0.21220961,0.1635185,0.65294796,0.7319934707202611,1,0
0.9794168096054888,0.07205159,0.024629394,0.50130427,0.8686875372294658,1,0
0.9382504288164666,0.2567095,0.122282974,1.4735008,0.7722701149425288,1,0
0.9485420240137221,0.18690933,0.11461405,0.8413062,0.7824673125127023,1,0
