ACC,Loss,LossPrivileged,LossUnprivileged,AEQ,OEQ,OPP,drift-id,gm-id,gm-name
0.832,0.48384917,0.37691787,0.9115741,0.7272727272727273,0.751254228681074,0.821804238494209,0,0,0
0.84,0.7503882,0.3311074,2.4275115,0.5652173913043478,0.5299346884529536,0.8218568676366459,0,0,0
0.6293333333333333,2.4776564,1.5087866,6.353136,0.3703703703703704,0.37229988494583327,0.45752838182907435,1,8,8
0.632,2.1594176,1.5304016,4.6754804,0.6019417475728156,0.6015847315524004,0.8202355787838982,1,11,11
0.7546666666666667,1.3891481,0.75219744,3.9369507,0.639344262295082,0.6217669159531994,0.7108845374701107,1,11,11
0.7413333333333333,1.9731319,0.9125992,6.215262,0.34375,0.33864822554024704,0.5066557648825625,0,11,11
0.824,1.3256994,0.5415977,4.462106,0.5608856088560886,0.5552474920947326,0.8100806036987771,0,0,0
0.768,2.0800254,0.5632164,8.147263,0.25092250922509224,0.24700956477983227,0.5676716103847635,1,0,0
0.7973333333333333,1.3358283,0.7151522,3.8185332,0.5475285171102661,0.5339201301020928,0.7053763083247864,1,11,11
