ACC,Loss,LossPrivileged,LossUnprivileged,AEQ,OEQ,OPP,MEQ,MPP,drift-id,gm-id,gm-name
0.8082099596231493,0.42279968,0.43106446,0.3017861,0.9319931265452122,0.9699670091352877,0.7318879374989101,0.9586776859504132,0.5696969696969697,0,0,0
0.8277254374158816,0.3619765,0.36789897,0.22362371,0.9145135566188198,0.9490956014620315,0.9059740591077884,0.9152542372881356,0.9053497942386831,0,0,0
0.7907133243606999,0.43929443,0.39366835,1.1820436,0.7386410659604404,0.8247832020839916,0.849528226107141,0.6706133080748283,0.7048816949327285,3,0,0
0.7543741588156124,0.49971893,0.4799114,0.9546519,0.6315602732030395,0.7354125929007289,0.6865272174840655,0.54543063773833,0.5087108013937282,2,9,9
0.8358008075370121,0.35422376,0.33582076,0.7264915,0.9194805194805196,0.598462974439427,0.7784104498706269,0.21847345132743362,0.6305309734513275,2,0,0
0.8156123822341858,0.39510456,0.37100738,0.813086,0.8402751078644966,0.816795979843335,0.8886696094910265,0.6414534668149795,0.8068212906952001,3,11,1-2-3
0.8169582772543742,0.3759531,0.36978662,0.49884865,0.8918571670989794,0.7605600394172869,0.8652290025891614,0.7323383084577115,0.8488211235414411,3,25,8-4-9-18
0.7994616419919246,0.40497229,0.3791199,0.8846018,0.6130434782608696,0.5679629308248462,0.5668089581786686,0.4775132275132275,0.3611111111111111,2,29,24-8-4-9-18
0.8283983849259757,0.3509918,0.35061753,0.35917282,0.942133659271331,0.8700369408637052,0.9113134841428255,0.7601626016260163,0.8657407407407408,2,21,14-12-6-7
