ACC,Loss,LossPrivileged,LossUnprivileged,BalancedACC,drift-id,gm-id,gm-name
0.9014285714285715,0.39484715,0.3716617,0.4180326,0.9780564263322884,0,0,0
0.8457142857142858,1.5031149,0.23204468,2.774185,0.8103975535168195,2,0,0
0.8328571428571429,0.78026557,0.66241616,0.89811504,0.9498327759197324,2,3,3
0.7771428571428571,1.8581587,0.7174406,2.998877,0.8758620689655172,0,3,3
0.9642857142857143,0.17153162,0.20620878,0.13685443,0.9852941176470588,0,0,0
0.9785714285714285,0.143861,0.1146365,0.1730855,0.9970845481049563,0,0,0
0.8614285714285714,1.7995243,0.08662227,3.5124269,0.7580174927113703,2,0,0
0.96,0.22270928,0.172956,0.27246255,0.9823008849557522,2,1,1
0.9457142857142857,0.23488104,0.3079529,0.16180918,0.9820359281437125,2,1,1
