ACC,Loss,LossPrivileged,LossUnprivileged,BalancedACC,drift-id,gm-id,gm-name
0.9271428571428572,0.23663904,0.20990908,0.7445082,0.8247588424437299,0,0,0
0.9471428571428572,0.25355867,0.12661675,2.6654549,0.7136150234741785,2,0,0
0.9528571428571428,0.14531678,0.08736585,1.2463843,0.648062015503876,2,0,0
0.97,0.10086867,0.07839759,0.52781904,0.8172043010752689,0,0,0
0.9614285714285714,0.16025352,0.12245147,0.8784923,0.7330246913580247,2,0,0
0.9714285714285714,0.17001931,0.12084293,1.1043702,0.9075500770416025,2,0,0
0.96,0.16311908,0.09313125,1.4928876,0.6733436055469953,1,0,0
0.9757142857142858,0.110110745,0.06123905,1.0386729,0.7519025875190259,1,0,0
0.9728571428571429,0.12880531,0.0843582,0.9733007,0.7240853658536586,1,0,0
