ACC,Loss,LossPrivileged,LossUnprivileged,BalancedACC,drift-id,gm-id
0.94,0.23980157,0.23438188,0.28857878,0.9865092748735245,0,<federated.algorithms.fair_fed_drift.ClientIdentity.ClientIdentity object at 0x7f9ee6ba6c50>
0.9357142857142857,0.3514307,0.16932584,1.9903748,0.7761194029850746,1,<federated.algorithms.fair_fed_drift.ClientIdentity.ClientIdentity object at 0x7f9ec7767460>
0.8757142857142857,0.6130188,0.5915469,0.80626607,0.8694096601073346,1,<federated.algorithms.fair_fed_drift.ClientIdentity.ClientIdentity object at 0x7f9e0c21dc60>
0.9428571428571428,0.1777167,0.14386293,0.48240063,0.867109634551495,1,<federated.algorithms.fair_fed_drift.ClientIdentity.ClientIdentity object at 0x7f9e0c4c1cf0>
0.95,0.18727662,0.12167299,0.7777092,0.7794117647058824,1,<federated.algorithms.fair_fed_drift.ClientIdentity.ClientIdentity object at 0x7f9ec77897b0>
0.9557142857142857,0.1622053,0.16075522,0.17525616,0.9850746268656716,1,<federated.algorithms.fair_fed_drift.ClientIdentity.ClientIdentity object at 0x7f9e207ac8b0>
0.9542857142857143,0.12892644,0.10521328,0.3423448,0.8719211822660099,1,<federated.algorithms.fair_fed_drift.ClientIdentity.ClientIdentity object at 0x7f9df4347730>
0.9257142857142857,0.3188115,0.18502183,1.5229185,0.6716417910447762,0,<federated.algorithms.fair_fed_drift.ClientIdentity.ClientIdentity object at 0x7f9e681ada50>
0.8171428571428572,1.0039383,0.94658697,1.5201014,0.7685009487666035,0,<federated.algorithms.fair_fed_drift.ClientIdentity.ClientIdentity object at 0x7f9df4a96170>
0.9585714285714285,0.15986647,0.110121556,0.60757065,0.8195121951219513,0,<federated.algorithms.fair_fed_drift.ClientIdentity.ClientIdentity object at 0x7f9e681ae6b0>
