ACC,Loss,LossPrivileged,LossUnprivileged,AEQ,OEQ,OPP,MEQ,MPP,drift-id,gm-id,gm-name
0.95,0.16842552,0.15545207,0.28518644,0.9750000000000001,0.9184931643559923,0.9110186634371278,0.8450704225352113,0.6904761904761904,0,0,0
0.9428571428571428,0.19235292,0.17093264,0.38513535,0.9664429530201343,0.8907239786166816,0.8980507446432089,0.7142857142857142,0.7705479452054794,0,0,0
0.9642857142857143,0.16010688,0.12189362,0.50402623,0.8780487804878049,0.8852447033069296,0.8694152747953667,0.515625,0.725,0,0,0
0.9471428571428572,0.2186754,0.20354001,0.354894,0.9450000000000001,0.9185128387306113,0.9071756783642361,0.8202020202020202,0.7619047619047619,0,0,0
0.9585714285714285,0.41051024,0.092792705,3.2699678,0.7718446601941747,0.749406720307299,0.7291549772428136,0.0,0.0,2,0,0
0.8557142857142858,0.7303096,0.65237767,1.4316975,0.7840290381125227,0.7167630041414879,0.7374072779682567,0.0,0.0,2,12,12
0.95,0.356088,0.16875525,2.0420828,0.8114754098360656,0.7347765077055821,0.7208241498804384,0.0,0.0,2,0,0
0.9557142857142857,0.3267694,0.091721244,2.4422028,0.7902439024390244,0.7662590778984222,0.7407868777756611,0.0,0.0,0,15,8-11-12
0.9771428571428571,0.13208246,0.12918916,0.15812214,0.9935064935064936,0.9521504404867797,0.9644222186796213,0.8571428571428571,0.8571428571428571,0,0,0
