ACC,Loss,LossPrivileged,LossUnprivileged,AEQ,OEQ,OPP,MEQ,MPP,drift-id,gm-id,gm-name
0.9371428571428572,0.23474327,0.22863157,0.28974834,0.9898477157360407,0.8920562364372626,0.8926681036323192,0.6944444444444444,0.5888888888888889,0,0,0
0.9342857142857143,0.3747624,0.16682944,2.2461586,0.7936772046589018,0.7457541067028324,0.7529902644419397,0.0,0.0,1,0,0
0.8742857142857143,0.6146947,0.59274054,0.81228244,0.8357142857142857,0.7383098268370341,0.7734112096805879,0.0,0.0,1,3,3
0.9085714285714286,0.38823128,0.34256208,0.7992538,0.9202772963604853,0.8630907014362548,0.8324529298195952,0.72,0.6666666666666666,1,1,1
0.9585714285714285,0.18192838,0.14962962,0.47261733,0.9,0.8795808898687006,0.8937604928639857,0.7763157894736842,0.7763157894736842,1,8,1-5-3-4
0.9414285714285714,0.22409943,0.22257286,0.23783855,0.9817578772802653,0.9143110075231974,0.9413201174167822,0.7259953161592506,0.8421052631578947,1,8,1-5-3-4
0.9628571428571429,0.15875939,0.15517102,0.19105461,0.9769736842105263,0.942701403703572,0.9315001964544102,0.8866995073891625,0.7356076759061834,1,8,1-5-3-4
0.9214285714285714,0.6140531,0.24653494,3.9217162,0.6911519198664441,0.7322783224415368,0.7130004311080824,0.0,0.0,0,8,1-5-3-4
0.8171428571428572,0.9961874,0.93595785,1.5382538,0.75,0.6531348273621043,0.6400552747655445,0.0,0.0,0,17,17
