ACC,Loss,LossPrivileged,LossUnprivileged,BalancedACC,drift-id,gm-id
0.9585714285714285,0.17524192,0.22061308,0.12987077,0.9910979228486647,0,<federated.algorithms.fair_fed_drift.ClientIdentity.ClientIdentity object at 0x17f048cd0>
0.8514285714285714,1.2278706,0.11960576,2.3361351,0.7738095238095238,1,<federated.algorithms.fair_fed_drift.ClientIdentity.ClientIdentity object at 0x297ab3520>
0.8114285714285714,0.8194947,0.74040306,0.8985862,0.9452054794520548,1,<federated.algorithms.fair_fed_drift.ClientIdentity.ClientIdentity object at 0x2d7ee0280>
0.8542857142857143,0.5739157,0.57080716,0.57702416,0.9933333333333334,1,<federated.algorithms.fair_fed_drift.ClientIdentity.ClientIdentity object at 0x2f12bf9d0>
0.9357142857142857,0.27893794,0.1994026,0.3584733,0.937869822485207,1,<federated.algorithms.fair_fed_drift.ClientIdentity.ClientIdentity object at 0x29b731f40>
0.8942857142857142,0.3825959,0.39334238,0.37184945,0.9873015873015872,1,<federated.algorithms.fair_fed_drift.ClientIdentity.ClientIdentity object at 0x29af0e7f0>
0.9114285714285715,0.37635306,0.42234096,0.33036515,0.981366459627329,1,<federated.algorithms.fair_fed_drift.ClientIdentity.ClientIdentity object at 0x29c737dc0>
0.8457142857142858,1.7499081,0.19918565,3.3006306,0.7671641791044777,0,<federated.algorithms.fair_fed_drift.ClientIdentity.ClientIdentity object at 0x434ca1b50>
0.9728571428571429,0.08569183,0.010062525,0.16132115,0.9568965517241379,0,<federated.algorithms.fair_fed_drift.ClientIdentity.ClientIdentity object at 0x3562af820>
0.9714285714285714,0.07399509,0.058319125,0.08967104,0.9883040935672516,0,<federated.algorithms.fair_fed_drift.ClientIdentity.ClientIdentity object at 0x29add46a0>
