ACC,Loss,LossPrivileged,LossUnprivileged,BalancedACC,drift-id,gm-id
0.9557142857142857,0.17230183,0.18671823,0.15788548,0.9910714285714286,0,<federated.algorithms.fair_fed_drift.ClientIdentity.ClientIdentity object at 0x7f08a17e6bf0>
0.8414285714285714,1.3508061,0.1455126,2.5560994,0.7740963855421686,1,<federated.algorithms.fair_fed_drift.ClientIdentity.ClientIdentity object at 0x7f08a15aba30>
0.8014285714285714,1.0161908,0.9191753,1.1132059,0.9344827586206895,1,<federated.algorithms.fair_fed_drift.ClientIdentity.ClientIdentity object at 0x7f07d8770f40>
0.8428571428571429,0.78992903,0.82036394,0.7594942,0.9865319865319866,1,<federated.algorithms.fair_fed_drift.ClientIdentity.ClientIdentity object at 0x7f08a482b370>
0.93,0.3135857,0.2579182,0.36925316,0.9667673716012084,1,<federated.algorithms.fair_fed_drift.ClientIdentity.ClientIdentity object at 0x7f07f845d690>
0.9028571428571428,0.4241987,0.45431903,0.3940784,0.9874213836477987,1,<federated.algorithms.fair_fed_drift.ClientIdentity.ClientIdentity object at 0x7f0880010c70>
0.91,0.40365174,0.47345957,0.33384398,0.96,1,<federated.algorithms.fair_fed_drift.ClientIdentity.ClientIdentity object at 0x7f07f84078e0>
0.8357142857142857,1.8312402,0.27036828,3.3921123,0.7781155015197568,0,<federated.algorithms.fair_fed_drift.ClientIdentity.ClientIdentity object at 0x7f08a15c0970>
0.9714285714285714,0.116023734,0.024887368,0.2071601,0.9596541786743515,0,<federated.algorithms.fair_fed_drift.ClientIdentity.ClientIdentity object at 0x7f084292c430>
0.9728571428571429,0.118103266,0.093692705,0.14251383,0.9854227405247814,0,<federated.algorithms.fair_fed_drift.ClientIdentity.ClientIdentity object at 0x7f0880103580>
