ACC,Loss,LossPrivileged,LossUnprivileged,BalancedACC,drift-id,gm-id
0.9085714285714286,0.38326734,0.34712675,0.7085325,0.8860103626943006,0,0
0.9528571428571428,0.23505042,0.21171857,0.44503698,0.9717607973421927,0,0
0.9357142857142857,0.2376732,0.20246017,0.5545904,0.8086522462562395,0,0
0.9585714285714285,0.1342531,0.12502368,0.21731798,0.9489291598023064,0,0
0.9385714285714286,0.39796522,0.15246819,2.6074386,0.725328947368421,2,0
0.9514285714285714,0.18600929,0.15657626,0.45090666,0.8262295081967214,2,0
0.9571428571428572,0.15804909,0.07608956,0.8956848,0.7572815533980584,2,0
0.9557142857142857,0.12891059,0.09085994,0.4713666,0.8221859706362153,2,0
0.9557142857142857,0.15107091,0.0994403,0.6157465,0.8221859706362153,2,0
0.9614285714285714,0.11247221,0.10590306,0.1715945,0.9295081967213115,0,0
