ACC,Loss,LossPrivileged,LossUnprivileged,AEQ,OEQ,OPP,MEQ,MPP,drift-id,gm-id,gm-name
0.9228571428571428,0.28589684,0.2796607,0.342022,0.9554794520547945,0.91657495765355,0.8919766336869902,0.7769423558897244,0.645,0,0,0
0.9471428571428572,0.19471072,0.13714142,0.71283424,0.8141447368421052,0.7785481930365709,0.7595492754436017,0.43681318681318676,0.42857142857142855,0,0,0
0.9685714285714285,0.10845046,0.106378876,0.12709482,0.9967320261437909,0.9496975850017618,0.9429783104285707,0.9,0.8482142857142858,0,0,0
0.9771428571428571,0.054114293,0.044532556,0.14034984,0.9611650485436893,0.9210079760808197,0.9464023584652885,0.6777777777777777,0.8571428571428571,0,0,0
0.9628571428571429,0.24063031,0.09293671,1.5698727,0.927986906710311,0.7722178428959987,0.7611251351445449,0.0,0.0,2,0,0
0.9714285714285714,0.21379237,0.07008521,1.507157,0.8392282958199357,0.7757458385932963,0.7717203210749588,0.0,0.0,2,0,0
0.9571428571428572,0.21465428,0.11990159,1.0674286,0.8208469055374593,0.7657563278783384,0.7513144841269841,0.0,0.0,2,0,0
0.9842857142857143,0.05951616,0.062690996,0.030942723,0.9983896940418678,0.9742066267066267,0.9711171467769791,0.9,0.8484848484848485,0,0,0
0.9685714285714285,0.11768633,0.08803049,0.38458887,0.9058441558441558,0.8789180003713251,0.8933237222794597,0.696078431372549,0.696078431372549,0,0,0
