ACC,Loss,LossPrivileged,LossUnprivileged,AEQ,OEQ,OPP,MEQ,MPP,drift-id,gm-id,gm-name
0.8161953727506427,0.38136414,0.3957666,0.23794846,0.8959733026874115,0.8479805236270754,0.8827896394385757,0.7708333333333334,0.8391608391608392,0,0,0
0.8496143958868895,0.3116907,0.31633598,0.26395804,0.9402384093907821,0.7186860063678194,0.8340760733115742,0.48396501457725943,0.7142857142857143,1,0,0
0.8161953727506427,0.36823133,0.3573457,0.4766281,0.9819922998196794,0.8610881207400196,0.8869017439468876,0.726923076923077,0.7762237762237761,1,0,0
0.8290488431876607,0.35216784,0.35374072,0.3336803,0.9126410549004691,0.9617539106037896,0.9084082915033159,0.9348072562358277,0.875,1,0,0
0.8419023136246787,0.3465655,0.34290773,0.38807836,0.9991826187839478,0.8109869646182495,0.8793870802527629,0.6666666666666666,0.7876106194690266,1,0,0
0.8059125964010283,0.35820293,0.36396992,0.3033386,0.9410173160173161,0.9665301026492887,0.9187994201370585,0.9641025641025641,0.9,1,0,0
0.8573264781491002,0.3468857,0.34587795,0.35740754,0.9756509161041467,0.9468607476946636,0.9702846947116897,0.8978328173374613,0.9649122807017544,1,0,0
0.8534704370179949,0.31521106,0.3141831,0.3247066,0.9976769669077361,0.9679097057761712,0.9408568970676241,0.9550561797752809,0.90625,1,0,0
0.8290488431876607,0.36864728,0.36105242,0.43056747,0.9608318890814559,0.6108367094874941,0.692708014379841,0.24089635854341734,0.41456582633053224,1,0,0
