ACC,Loss,LossPrivileged,LossUnprivileged,BalancedACC,drift-id,gm-id,gm-name
0.9428571428571428,0.18039553,0.16854255,0.2870722,0.949748743718593,0,0,0
0.93,0.31438008,0.13227558,1.9533205,0.8305369127516778,1,0,0
0.8714285714285714,0.5490651,0.4809936,1.1617092,0.6825396825396826,1,2,2
0.8914285714285715,0.50856197,0.45088372,1.027666,0.8181818181818182,1,1,1
0.9128571428571428,0.6361439,0.24560198,4.1510215,0.6493288590604027,2,1,1
0.8471428571428572,0.7969571,0.74213934,1.2903166,0.7926605504587155,2,9,9
0.9557142857142857,0.32435685,0.12460972,2.122081,0.8221859706362153,2,0,0
0.9442857142857143,0.4383495,0.09925595,3.4901907,0.7205882352941176,1,9,9
0.9657142857142857,0.15011027,0.12689263,0.3590691,0.9411764705882353,1,1,1
