ACC,Loss,LossPrivileged,LossUnprivileged,BalancedACC,drift-id,gm-id,gm-name
0.8471428571428572,0.45000306,0.401746,0.8843167,0.7747252747252746,0,0,0
0.8728571428571429,0.3623389,0.33094734,0.6448629,0.9439421338155516,0,0,0
0.8728571428571429,0.62125796,0.42057088,2.4274416,0.8021390374331552,1,0,0
0.7785714285714286,0.75038826,0.7261478,0.9685532,0.949290060851927,1,1,1
0.8814285714285715,0.54350275,0.41947618,1.6597418,0.7421052631578947,1,0,0
0.8671428571428571,0.67838174,0.5319569,1.9962047,0.7379679144385027,1,0,0
0.8728571428571429,0.5819597,0.5374316,0.98271245,0.8725314183123879,1,0,0
0.8985714285714286,0.49119368,0.43571478,0.990504,0.8452173913043479,0,0,0
0.9,0.49967682,0.44979557,0.9486072,0.8608695652173913,0,0,0
