ACC,Loss,LossPrivileged,LossUnprivileged,BalancedACC,drift-id,gm-id,gm-name
0.9033333333333333,0.275603,0.26863006,0.34334007,0.9872241579558653,0,0,0
0.8616666666666667,0.34958243,0.26593134,1.3338177,0.5978636914028714,2,0,0
0.8616666666666667,0.33450967,0.28134492,0.79584247,0.7276661932778792,2,3,3
0.8766666666666667,0.29817402,0.24826409,0.8854123,0.6865448007192089,0,14,3-7-6-5-1-2
0.9083333333333333,0.2326447,0.2114009,0.44744307,0.8225308641975309,0,15,0-4
0.8833333333333333,0.28118575,0.2565922,0.52009404,0.8577295394543855,0,15,0-4
0.87,0.3200866,0.23685254,1.2560449,0.5894502962475313,2,15,0-4
0.885,0.25807542,0.24687533,0.35354286,0.9649595687331536,2,14,3-7-6-5-1-2
0.9083333333333333,0.23094495,0.21254955,0.4028467,0.8819415593408115,2,14,3-7-6-5-1-2
