ACC,Loss,LossPrivileged,LossUnprivileged,BalancedACC,drift-id,gm-id,gm-name
0.7984595635430038,0.47369227,0.49331856,0.2838816,0.8565176948120587,0,0,0
0.3684210526315789,1.4149468,1.5245154,0.33904183,0.3695761281197244,2,0,0
0.37997432605905007,0.9589697,1.0205293,0.3811296,0.4190340909090909,2,0,0
0.7573812580231065,0.51273966,0.5400996,0.2893531,0.8283406643409675,0,0,0
0.496790757381258,0.78671104,0.8290495,0.3367862,0.5029010867563087,2,0,0
0.44801026957637996,0.84646297,0.8993135,0.32750082,0.4714148834238262,2,0,0
0.7766367137355584,0.51965547,0.43437457,1.2753091,0.33436828278003344,1,0,0
0.7265725288831836,0.57508916,0.5285437,0.98751736,0.4959380313621765,1,0,0
0.7188703465982028,0.5447337,0.51819694,0.90101475,0.4972565157750342,1,0,0
