ACC,Loss,LossPrivileged,LossUnprivileged,BalancedACC,drift-id,gm-id
0.9014285714285715,0.41201225,0.38535222,0.4386722,0.9780564263322884,0,<federated.algorithms.fair_fed_drift.ClientIdentity.ClientIdentity object at 0x7f7fcb7ee9e0>
0.93,0.22070383,0.2328407,0.20856698,0.9908256880733946,0,<federated.algorithms.fair_fed_drift.ClientIdentity.ClientIdentity object at 0x7f7f2055b1f0>
0.9185714285714286,0.3178816,0.23695064,0.39881256,0.9484848484848485,0,<federated.algorithms.fair_fed_drift.ClientIdentity.ClientIdentity object at 0x7f7f205ae740>
0.9485714285714286,0.1967811,0.22902165,0.1645405,0.9880239520958083,0,<federated.algorithms.fair_fed_drift.ClientIdentity.ClientIdentity object at 0x7f7f2027dcc0>
0.8642857142857143,1.4054105,0.20714231,2.603679,0.8333333333333334,2,<federated.algorithms.fair_fed_drift.ClientIdentity.ClientIdentity object at 0x7f7ef044ce20>
0.8471428571428572,0.6989444,0.7526036,0.6452852,0.9506578947368421,2,<federated.algorithms.fair_fed_drift.ClientIdentity.ClientIdentity object at 0x7f7f20417b20>
0.9085714285714286,0.3905468,0.22297858,0.55811507,0.950920245398773,2,<federated.algorithms.fair_fed_drift.ClientIdentity.ClientIdentity object at 0x7f7e6c78f010>
0.9357142857142857,0.2369165,0.16319299,0.31064,0.9610778443113772,2,<federated.algorithms.fair_fed_drift.ClientIdentity.ClientIdentity object at 0x7f7e8c254af0>
0.9257142857142857,0.40173057,0.4974127,0.30604836,0.9938461538461538,2,<federated.algorithms.fair_fed_drift.ClientIdentity.ClientIdentity object at 0x7f7ef044eb60>
0.8614285714285714,1.5445606,0.1646318,2.9244895,0.8053892215568862,0,<federated.algorithms.fair_fed_drift.ClientIdentity.ClientIdentity object at 0x7f7f6c1bbbb0>
