ACC,Loss,LossPrivileged,LossUnprivileged,AEQ,OEQ,OPP,drift-id,gm-id,gm-name
0.7133333333333334,0.950304,0.82795084,1.1950102,0.8533333333333334,0.8403595376262846,0.9150861963661312,0,0,0
0.8511111111111112,0.606024,0.33061537,1.1568414,0.8161764705882353,0.8155353340069277,0.8420208028551678,0,0,0
0.8222222222222222,0.90934473,0.7123005,1.3034333,0.8244274809160306,0.8203893594603603,0.8642125044791147,0,0,0
0.6266666666666667,2.7265508,2.56728,3.0450933,0.9841269841269841,0.9956823101289152,0.9003269168137599,0,6,6
0.78,1.8237048,0.35480613,4.7615023,0.5527272727272728,0.5026816599518646,0.561653593670419,2,0,0
0.6688888888888889,2.9157538,2.5936785,3.5599053,0.8130841121495326,0.7668785719046156,0.8493446646269904,2,9,9
0.5688888888888889,4.5356917,3.717705,6.1716657,0.7379679144385027,0.706920199510217,0.8117373562844581,2,14,14
0.7777777777777778,1.1044691,0.23505855,2.84329,0.44755244755244755,0.4653365659331168,0.4039081339570319,2,0,0
0.7911111111111111,0.79613763,0.3116738,1.7650653,0.5338078291814947,0.5172135128697181,0.5562579049311539,2,0,0
