ACC,Loss,LossPrivileged,LossUnprivileged,AEQ,OEQ,OPP,MEQ,MPP,drift-id,gm-id,gm-name
0.8242857142857143,0.4819983,0.47494447,0.5454834,0.9482758620689654,0.8099779887796762,0.7830562220494544,0.0,0.0,0,0,0
0.88,0.37739787,0.35069063,0.6177621,0.9000000000000001,0.8627835040661263,0.8538379527270669,0.6666666666666666,0.6850961538461539,0,0,0
0.8842857142857142,0.54656756,0.32376865,2.551757,0.7565674255691769,0.7029225091015093,0.7262851950385644,0.0,0.0,3,0,0
0.7642857142857142,1.1488488,0.90166885,3.373468,0.63,0.628829577389969,0.6724693299327421,0.0,0.0,2,10,10
0.88,0.49993113,0.38185942,1.5625767,0.7263157894736842,0.7561209452788274,0.6773591928754603,0.11914893617021277,0.11111111111111112,2,0,0
0.8914285714285715,0.54463065,0.41545346,1.7072254,0.75,0.6989415802368899,0.705186652201322,0.0,0.0,3,0,0
0.8785714285714286,0.60669607,0.41449323,2.336522,0.6428571428571429,0.6577921169149239,0.6880954997383569,0.0,0.0,3,0,0
0.7385714285714285,1.2057616,1.0582706,2.5331805,0.7752100840336135,0.5987470636641358,0.573599717963013,0.0,0.0,2,22,22
0.77,0.8995075,0.749756,2.2472713,0.8597560975609755,0.7060389277331812,0.7781666495731512,0.13421052631578947,0.5185185185185185,2,24,24
