ACC,Loss,LossPrivileged,LossUnprivileged,BalancedACC,drift-id,gm-id,gm-name
0.8029589778076665,0.43514463,0.44093883,0.32904187,0.8903792784458834,0,0,0
0.7612642905178211,0.5122947,0.45667166,1.7490387,0.4202717146714671,1,0,0
0.7874915938130465,0.4479939,0.439768,0.61204803,0.9267832194237813,1,3,3
0.8130464021519839,0.41482636,0.41013417,0.50316536,0.9658898550724637,1,8,2-4
0.7962340282447882,0.41304776,0.3974767,0.69056714,0.9014185751350623,1,11,3-5-2-4
0.7753866845998655,0.45744726,0.44525126,0.6381804,0.8997827320949715,1,18,18
0.8244788164088769,0.3606342,0.35334054,0.5311392,0.8907427714773531,1,1,1
0.8190988567585743,0.41225865,0.3514859,1.5726888,0.270281522154961,0,11,3-5-2-4
0.8507061197041023,0.33342755,0.34114102,0.14673506,0.8919942977190876,0,0,0
