ACC,Loss,LossPrivileged,LossUnprivileged,AEQ,OEQ,OPP,MEQ,MPP,drift-id,gm-id,gm-name
0.9428571428571428,0.24865778,0.25213063,0.18267362,1.0,0.87509899607523,0.8595354343184622,0.5192307692307693,0.0,0,0,0
0.95,0.24064216,0.15733108,1.8235531,0.8040752351097179,0.7583649453516289,0.7335560168500406,0.0,0.0,1,0,0
0.9528571428571428,0.21109024,0.1597765,1.1860512,0.7091757387247278,0.7272602438983939,0.7202793467894004,0.0,0.0,1,0,0
0.9671428571428572,0.12361917,0.073899694,1.068289,0.7892307692307693,0.7268634062069843,0.7239050362164277,0.0,0.0,1,0,0
0.97,0.14326043,0.086793825,1.216126,0.7565084226646248,0.7863940609272164,0.7289987811532312,0.0,0.0,1,0,0
0.9614285714285714,0.16381156,0.123969376,0.92081296,0.7330246913580247,0.782578674352868,0.7568365281094307,0.0,0.0,1,0,0
0.9728571428571429,0.10017075,0.06792866,0.71277016,0.8147013782542114,0.819401946896226,0.8219992004621985,0.25362318840579706,0.41333333333333333,1,0,0
0.9571428571428572,0.15504704,0.14120744,0.41799966,0.859594383775351,0.8616623890092491,0.8611660797542516,0.33796296296296297,0.6173913043478261,0,0,0
0.9842857142857143,0.04385382,0.03717685,0.1707162,0.8951367781155015,0.8427905012545069,0.8998365361561955,0.0,0.5,0,0,0
