ACC,Loss,LossPrivileged,LossUnprivileged,BalancedACC,drift-id,gm-id,gm-name
0.9128571428571428,0.3077854,0.27566245,0.9181211,0.8058727569331158,0,0,0
0.9457142857142857,0.22360845,0.1464454,1.689707,0.6838810641627543,2,0,0
0.9528571428571428,0.23583208,0.20995699,0.7274592,0.7706708268330733,2,0,0
0.9785714285714285,0.10020136,0.04800031,1.0920212,0.8097412480974125,2,0,0
0.9685714285714285,0.11119042,0.07957899,0.7118077,0.7880184331797235,1,0,0
0.9728571428571429,0.16093002,0.105128035,1.2211677,0.8147013782542114,1,0,0
0.9814285714285714,0.078713916,0.040762715,0.7997865,0.8373860182370821,1,0,0
0.9528571428571428,0.17748198,0.11624794,1.3409287,0.648062015503876,1,0,0
0.9842857142857143,0.061513208,0.026582722,0.7251924,0.8048411497730711,1,0,0
