ACC,Loss,LossPrivileged,LossUnprivileged,BalancedACC,drift-id,gm-id,gm-name
0.8342857142857143,0.4275214,0.42078674,0.555479,0.9927927927927929,0,0,0
0.8714285714285714,0.4234833,0.3972111,0.92265517,0.9140893470790378,0,0,0
0.8857142857142857,0.3428551,0.30690297,1.0259447,0.7651006711409396,0,0,0
0.8814285714285715,0.41221827,0.40415314,0.56545633,0.903225806451613,0,0,0
0.8871428571428571,0.41425854,0.40279675,0.63203377,0.964467005076142,0,0,0
0.8657142857142858,0.4879753,0.4309359,1.5717235,0.6484641638225256,0,0,0
0.88,0.42744324,0.397869,0.9893541,0.8372881355932205,0,0,0
0.9042857142857142,0.36692017,0.33842322,0.9083618,0.8465346534653466,0,0,0
0.9157142857142857,0.27439606,0.25954723,0.5565237,0.9328968903436987,0,0,0
