ACC,Loss,LossPrivileged,LossUnprivileged,AEQ,OEQ,OPP,MEQ,MPP,drift-id,gm-id,gm-name
0.8241335044929397,0.37154517,0.3732945,0.35626036,0.9842937608318891,0.7800981790258885,0.8098313308939278,0.6474056603773585,0.7019867549668874,0,0,0
0.8485237483953787,0.31915656,0.31806928,0.33052504,0.9579934364744491,0.9574511310995243,0.9162435233160622,0.9527472527472527,0.85,1,0,0
0.8472400513478819,0.3481285,0.34453294,0.3823836,0.9946639648767308,0.9436883488727954,0.990131944851004,0.8998060762766645,0.9806034482758619,1,0,0
0.8228498074454429,0.36519662,0.3776399,0.2411143,0.9200520132723522,0.8964382392452754,0.9417673811097473,0.8213114754098361,0.9266720171214553,1,8,8
0.8267008985879333,0.3444008,0.3507815,0.26508218,0.9353566669386201,0.7771400183012893,0.8083999469057872,0.609720176730486,0.7481884057971014,1,8,8
0.8331193838254172,0.32999414,0.3425299,0.18244183,0.8823730635781655,0.8520759271008524,0.8794915186985419,0.7459893048128342,0.8680000000000001,1,0,0
0.82798459563543,0.35483548,0.33970672,0.51560664,0.9523682681131344,0.7375117562507764,0.8626285860328413,0.5504587155963303,0.7364864864864865,1,0,0
0.7792041078305519,0.41760463,0.42231524,0.36754593,0.90799329785137,0.9184414547942084,0.8927155172413793,0.8899441340782124,0.8357758620689655,0,21,21
0.8305519897304237,0.36459512,0.38663772,0.17975597,0.869934423813734,0.8309945702957823,0.8166285052012664,0.7515337423312882,0.7145833333333335,0,0,0
