ACC,Loss,LossPrivileged,LossUnprivileged,BalancedACC,drift-id,gm-id,gm-name
0.885,0.26052505,0.24911144,0.36718282,0.9074522656027357,0,0,0
0.8583333333333333,0.36853552,0.24410644,1.4106288,0.5733921161825726,2,0,0
0.8633333333333333,0.33853677,0.31271696,0.575291,0.8300802854594111,2,2,2
0.8216666666666667,0.49103317,0.31609848,2.1575162,0.5736276174306734,1,8,2-1-3
0.895,0.2636542,0.2447066,0.44415513,0.9137486573576798,1,7,4-5
0.8883333333333333,0.25915065,0.2521843,0.33414108,0.9686033922771563,1,7,4-5
0.8566666666666667,0.44652507,0.2568934,2.9659183,0.4268502581755594,2,7,4-5
0.8816666666666667,0.27694774,0.25678077,0.48508632,0.8900856224090505,2,8,2-1-3
0.8983333333333333,0.24478711,0.24497186,0.24279824,0.9724450645273806,2,8,2-1-3
