ACC,Loss,LossPrivileged,LossUnprivileged,BalancedACC,drift-id,gm-id,gm-name
0.8883333333333333,0.26866072,0.24576664,0.5099289,0.8550475893275082,0,0,0
0.87,0.34319592,0.25114906,1.1277856,0.7073700849634459,1,0,0
0.86,0.33725178,0.32414517,0.4509836,0.8899917287014061,1,3,3
0.8633333333333333,0.29169485,0.26251227,0.5992338,0.8106508875739645,1,10,1-3
0.8583333333333333,0.3960527,0.24433686,1.6666722,0.6294363256784968,2,12,12
0.9166666666666666,0.22324072,0.20999147,0.3658648,0.9129829446571528,2,13,7-5-6
0.865,0.29425457,0.29108444,0.33747658,0.9257753688647998,2,13,7-5-6
0.895,0.28086913,0.2793417,0.2984343,0.998988877654196,2,13,7-5-6
0.865,0.31571147,0.2832779,0.6436512,0.7987987987987988,2,13,7-5-6
