ACC,Loss,LossPrivileged,LossUnprivileged,AEQ,OEQ,OPP,MEQ,MPP,drift-id,gm-id,gm-name
0.8267008985879333,0.35967907,0.36947903,0.2619556,0.9248273697426238,0.8968523401911078,0.9470738222438077,0.8468899521531099,0.9441476444876152,0,0,0
0.810012836970475,0.43075994,0.3706271,1.1261672,0.888060112297699,0.6416504960170987,0.8512420834243284,0.31410256410256404,0.825,2,0,0
0.8023106546854942,0.40722322,0.40463024,0.43230078,0.9705286513602162,0.881748148529969,0.8785795376358881,0.7878959276018098,0.7610946745562129,2,1,1
0.8202824133504493,0.3817912,0.38423294,0.3592052,0.9712837837837838,0.9286154736736132,0.9154237807646899,0.8831168831168831,0.8642266824085006,2,3,1-2
0.834403080872914,0.36202875,0.36000848,0.39086637,0.9198518872431916,0.9080181812458934,0.8981384148066838,0.8578717201166182,0.8611670020120724,1,0,0
0.858793324775353,0.29087365,0.29849267,0.21935658,0.973334194214876,0.8670866765835674,0.876882587899025,0.7452907452907452,0.7939189189189189,1,0,0
0.8485237483953787,0.32263884,0.3132773,0.44350323,0.8983183079056867,0.7272763466505592,0.8730514337347697,0.49504950495049505,0.861431334622824,1,0,0
0.8485237483953787,0.32610103,0.33018968,0.28655878,0.9989719455359591,0.4683908045977011,0.9778412751771858,0.0,0.9778412751771858,1,0,0
0.8600770218228498,0.3310172,0.33492795,0.29536358,0.9871794871794871,0.9908953545531303,0.9266578692842737,0.9900047596382676,0.8884615384615384,1,0,0
