ACC,Loss,LossPrivileged,LossUnprivileged,BalancedACC,drift-id,gm-id,gm-name
0.9128571428571428,0.36739048,0.37893093,0.35585007,0.9968750000000001,0,0,0
0.8514285714285714,1.5718026,0.21105458,2.9325507,0.7951807228915663,1,0,0
0.8642857142857143,0.62565553,0.22165558,1.0296555,0.7952522255192878,1,0,0
0.8757142857142857,0.46300167,0.08333998,0.8426633,0.7871720116618076,1,0,0
0.9042857142857142,0.4949278,0.5863913,0.40346417,0.9968454258675078,1,1,1
0.9128571428571428,0.41488242,0.34609148,0.4836734,0.9601226993865031,1,1,1
0.9328571428571428,0.21178842,0.22806296,0.19551389,0.9908536585365855,1,1,1
0.93,0.4516477,0.54398954,0.35930598,0.9787234042553192,1,1,1
0.9871428571428571,0.044285145,0.0804774,0.008092896,0.9799426934097422,1,1,1
