ACC,Loss,LossPrivileged,LossUnprivileged,BalancedACC,drift-id,gm-id,gm-name
0.8633333333333333,0.28454185,0.26918718,0.47856906,0.8597938144329896,0,0,0
0.8716666666666667,0.33215982,0.2617368,1.0442148,0.7030220404453533,2,0,0
0.845,0.36320898,0.28249055,1.1033555,0.6591177840685133,2,0,0
0.8666666666666667,0.2907624,0.2881874,0.32497257,0.9825632083696602,2,2,2
0.8533333333333334,0.4718574,0.2494881,2.7202587,0.4539682539682539,1,2,2
0.8683333333333333,0.34733805,0.32582158,0.5156727,0.8674275680421422,1,1,1
0.9033333333333333,0.24378046,0.23134133,0.3971966,0.8774703557312253,1,6,6
0.8683333333333333,0.43885848,0.26429582,2.359048,0.5311871227364184,2,1,1
0.8745819397993311,0.32554993,0.2630033,0.9078806,0.7088122605363986,2,8,8
