ACC,Loss,LossPrivileged,LossUnprivileged,AEQ,OEQ,OPP,MEQ,MPP,drift-id,gm-id,gm-name
0.9342857142857143,0.22891207,0.2175707,0.330984,0.9258010118043846,0.9087986278539555,0.9150001176845703,0.7806122448979591,0.7213114754098361,0,0,0
0.93,0.44672593,0.24154605,2.293345,0.7813021702838064,0.7192499582107744,0.7468235461699283,0.0,0.0,1,0,0
0.8414285714285714,0.7323851,0.6432915,1.5342278,0.7266055045871559,0.6014983503896623,0.6400020128111203,0.0,0.0,1,6,6
0.8157142857142857,1.094625,1.1327139,0.75182414,0.9786407766990292,0.850815292994057,0.8801192595333607,0.7172413793103448,0.7631578947368421,1,10,10
0.8685714285714285,0.62913525,0.52840537,1.535704,0.6678445229681979,0.6399196858353376,0.6878177901949714,0.22962962962962963,0.3641975308641975,1,12,12
0.8771428571428571,0.6333007,0.521899,1.635916,0.7632508833922261,0.7008707537653518,0.6924669660341576,0.0,0.0,1,20,20
0.9257142857142857,0.4116552,0.36036974,0.8732241,0.8847457627118644,0.8546826744398478,0.848681321817543,0.646551724137931,0.7,1,3,3
0.9328571428571428,0.25915572,0.23359022,0.48924518,0.9106239460370995,0.8538451167736513,0.8804924340948087,0.26953125,0.6746031746031745,1,5,5
0.9314285714285714,0.35232463,0.38340542,0.07259746,0.9388083735909822,0.9222585829066274,0.9204740658877215,0.7868852459016394,0.855072463768116,1,5,5
