ACC,Loss,LossPrivileged,LossUnprivileged,BalancedACC,drift-id,gm-id,gm-name
0.9571428571428572,0.19146602,0.22131574,0.16161628,0.9940476190476191,0,0,0
0.8528571428571429,1.4322438,0.12978044,2.734707,0.7927927927927929,1,0,0
0.8514285714285714,0.61175495,0.11451075,1.1089993,0.7738095238095238,1,0,0
0.86,0.576773,0.13171421,1.0218319,0.7758112094395281,1,0,0
0.8642857142857143,0.60126054,0.099221505,1.1032996,0.7536231884057971,1,0,0
0.9,0.49623257,0.49582124,0.49664402,0.9811320754716981,1,1,1
0.8728571428571429,0.5379971,0.23951106,0.8364832,0.8023598820058997,1,0,0
0.8514285714285714,1.9098902,0.13027209,3.689508,0.7529411764705882,0,1,1
0.97,0.13831417,0.0011334205,0.27549487,0.94,0,0,0
