ACC,Loss,LossPrivileged,LossUnprivileged,BalancedACC,drift-id,gm-id,gm-name
0.8228571428571428,0.5049972,0.51106733,0.49892706,0.9862068965517242,0,0,0
0.74,1.7856817,0.5181446,3.053219,0.7923875432525951,1,0,0
0.8,0.51638705,0.50623757,0.5265365,1.0,1,1,1
0.8428571428571429,0.5812395,0.52140033,0.6410788,0.9536423841059603,1,1,1
0.7528571428571429,2.4748967,0.48117283,4.468621,0.7000000000000001,2,1,1
0.8657142857142858,0.58509886,0.39410627,0.77609146,0.9177215189873419,2,2,2
0.8642857142857143,0.6041209,0.6429072,0.5653345,0.9966996699669967,2,2,2
0.8728571428571429,0.50894094,0.52216655,0.49571532,0.9396825396825397,2,2,2
0.8628571428571429,0.69678146,0.7140866,0.6794765,0.961038961038961,2,2,2
