ACC,Loss,LossPrivileged,LossUnprivileged,AEQ,OEQ,OPP,MEQ,MPP,drift-id,gm-id,gm-name
0.9271428571428572,0.25802258,0.25532752,0.28227818,0.9168081494057725,0.8806123831150428,0.9003719721732413,0.6923076923076923,0.8112676056338028,0,0,0
0.9485714285714286,0.23417597,0.22653036,0.30298617,0.9600000000000001,0.9113398270906525,0.9081274963535904,0.7777777777777778,0.617910447761194,0,0,0
0.9471428571428572,0.37763098,0.12087736,2.6884134,0.8141447368421052,0.7658471972191674,0.7569816195901564,0.0,0.0,1,0,0
0.8085714285714286,1.079292,1.1119032,0.78579223,0.9686888454011742,0.8243188867039418,0.8585709197539495,0.5583333333333333,0.7307692307692307,1,10,10
0.8657142857142858,0.6494601,0.49473527,2.0419831,0.6702127659574467,0.6269256357332668,0.6805124786854905,0.31382978723404253,0.26595744680851063,1,9,9
0.85,0.9028002,0.5136999,4.404702,0.49468085106382975,0.4953189894487065,0.42244919622204247,0.0,0.0,3,14,14
0.9271428571428572,0.33860317,0.2804534,0.8619509,0.8499156829679596,0.8260264426798354,0.8449094309849196,0.5974025974025974,0.75,3,1,1
0.9057142857142857,0.67266375,0.2067507,4.8658824,0.6060606060606061,0.6039954072636607,0.5708987653540301,0.0,0.0,2,3,3
0.9414285714285714,0.24320194,0.26453277,0.051224362,0.9500805152979066,0.9492639582840283,0.9342659991754931,0.8888888888888888,0.8636363636363636,2,8,8
