ACC,Loss,LossPrivileged,LossUnprivileged,BalancedACC,drift-id,gm-id,gm-name
0.8357142857142857,0.46851802,0.4548553,0.5914821,0.8780487804878049,0,0,0
0.8585714285714285,0.3868086,0.36457548,0.5869066,0.8704379562043795,0,0,0
0.8757142857142857,0.34115353,0.29743537,0.7346171,0.8167259786476867,0,0,0
0.8742857142857143,0.46312678,0.38570622,1.1599118,0.7486725663716813,0,0,0
0.87,0.46619585,0.44124198,0.69078064,0.8402154398563735,1,0,0
0.8771428571428571,0.38572955,0.30243185,1.1354085,0.6777583187390543,1,0,0
0.8971428571428571,0.3527263,0.31369528,0.70400584,0.8984238178633975,1,0,0
0.8671428571428571,0.56912196,0.44359267,1.6988858,0.7379679144385027,0,0,0
0.8628571428571429,0.53301245,0.47418323,1.0624752,0.8656987295825771,0,0,0
