ACC,Loss,LossPrivileged,LossUnprivileged,AEQ,OEQ,OPP,MEQ,MPP,drift-id,gm-id,gm-name
0.8228571428571428,0.47248274,0.4692768,0.5333968,0.9344262295081968,0.7223963309556412,0.7982006117875684,0.0,0.0,0,0,0
0.8985714285714286,0.3578903,0.33317372,0.82750493,0.9183333333333334,0.7917944048354495,0.7903905172197856,0.0,0.0,0,0,0
0.8957142857142857,0.4102864,0.3646669,1.2770565,0.821963394342762,0.7245970630763529,0.6380318830025555,0.0,0.0,2,0,0
0.8942857142857142,0.5155713,0.4242326,2.2510066,0.7247097844112769,0.6525098236541176,0.6647625522625522,0.0,0.0,2,0,0
0.8842857142857142,0.5171765,0.42606187,2.2483554,0.7001675041876047,0.6438519653946239,0.6382480064942182,0.0,0.0,2,0,0
0.8942857142857142,0.43874085,0.42276326,0.74231535,0.8896321070234114,0.8905312330737049,0.83120101585569,0.44,0.5,0,0,0
0.9,0.45757398,0.4149737,1.266979,0.8178807947019867,0.7356311009547958,0.7011783794612899,0.4680851063829788,0.0,0,0,0
0.8971428571428571,0.4656751,0.40540442,1.6108189,0.7223140495867768,0.7024963373337545,0.6395361762374746,0.0,0.0,1,0,0
0.9128571428571428,0.40679565,0.29766896,2.4802024,0.582258064516129,0.6250915071895861,0.682191753271105,0.0,0.0,1,0,0
