ACC,Loss,LossPrivileged,LossUnprivileged,BalancedACC,drift-id,gm-id
0.9242857142857143,0.23895872,0.22254106,0.38671795,0.9368600682593856,0,<federated.algorithms.fair_fed_drift.ClientIdentity.ClientIdentity object at 0x7f62e4116c50>
0.9414285714285714,0.18821049,0.13069318,0.70586646,0.787128712871287,0,<federated.algorithms.fair_fed_drift.ClientIdentity.ClientIdentity object at 0x7f62d02a97b0>
0.9528571428571428,0.13527547,0.08611154,0.57775074,0.7768729641693811,0,<federated.algorithms.fair_fed_drift.ClientIdentity.ClientIdentity object at 0x7f6224197eb0>
0.9628571428571429,0.108994775,0.08320982,0.34105945,0.927986906710311,0,<federated.algorithms.fair_fed_drift.ClientIdentity.ClientIdentity object at 0x7f6224499e70>
0.9657142857142857,0.11270396,0.09526388,0.2696648,0.9411764705882353,2,<federated.algorithms.fair_fed_drift.ClientIdentity.ClientIdentity object at 0x7f62d0104430>
0.9657142857142857,0.11148994,0.07136912,0.47257724,0.8766233766233766,2,<federated.algorithms.fair_fed_drift.ClientIdentity.ClientIdentity object at 0x7f62e41ef5e0>
0.9671428571428572,0.12790115,0.0998435,0.3804199,0.8912337662337663,2,<federated.algorithms.fair_fed_drift.ClientIdentity.ClientIdentity object at 0x7f62681bdea0>
0.9714285714285714,0.089484654,0.059934694,0.3554344,0.9189627228525122,0,<federated.algorithms.fair_fed_drift.ClientIdentity.ClientIdentity object at 0x7f63012a3520>
0.9642857142857143,0.13249964,0.08901842,0.5238306,0.8941368078175896,0,<federated.algorithms.fair_fed_drift.ClientIdentity.ClientIdentity object at 0x7f620445c550>
0.9642857142857143,0.13011937,0.09674606,0.43047914,0.9102773246329526,0,<federated.algorithms.fair_fed_drift.ClientIdentity.ClientIdentity object at 0x7f62d0388ee0>
