ACC,Loss,LossPrivileged,LossUnprivileged,BalancedACC,drift-id,gm-id,gm-name
0.9214285714285714,0.2566699,0.2501741,0.3151323,0.923076923076923,0,0,0
0.95,0.2115959,0.14967614,0.7688738,0.8275862068965517,0,0,0
0.9685714285714285,0.096525855,0.090594746,0.14990574,0.9543230016313214,0,0,0
0.9742857142857143,0.10112993,0.09669325,0.14105989,0.996742671009772,0,0,0
0.9657142857142857,0.14561315,0.101529896,0.54236245,0.8766233766233766,2,0,0
0.9657142857142857,0.13158455,0.08749534,0.5283874,0.8446601941747574,2,0,0
0.9571428571428572,0.20967352,0.15240073,0.7251289,0.836867862969005,2,0,0
0.9842857142857143,0.06433628,0.04862563,0.20573208,0.9534510433386837,0,0,0
0.9614285714285714,0.16590708,0.13976225,0.4012105,0.9132569558101472,0,0,0
