ACC,Loss,LossPrivileged,LossUnprivileged,BalancedACC,drift-id,gm-id,gm-name
0.788836583725622,0.43587413,0.43484673,0.45303416,0.9162277321000343,0,0,0
0.37323470073974446,1.4921663,1.5560153,0.180024,0.37331408674189004,2,0,0
0.4229993275050437,1.0632213,1.0949565,0.3689539,0.45870654131813354,2,0,0
0.8029589778076665,0.46486226,0.41970122,1.3655382,0.4789215567849636,1,0,0
0.8016139878950908,0.4391719,0.40017414,1.1945539,0.500082521868295,1,0,0
0.7868190988567586,0.4552167,0.42250648,1.2331733,0.4346823324630113,1,0,0
0.4714189643577673,0.9956536,1.0247662,0.37864333,0.5434481891348089,2,0,0
0.45796906523201075,1.047385,1.0874956,0.3419395,0.48850315825300067,2,0,0
0.4633490248823134,0.977892,1.009462,0.39176878,0.5000370225414389,2,0,0
