ACC,Loss,LossPrivileged,LossUnprivileged,AEQ,OEQ,OPP,drift-id,gm-id,gm-name
0.7888888888888889,0.67748386,0.4285823,1.1752872,0.751937984496124,0.7637505402357841,0.8092418893692327,0,0,0
0.6955555555555556,2.2630785,0.9268839,4.9354677,0.5655737704918032,0.5574435254207218,0.6002939652233923,4,0,0
0.7555555555555555,1.6103581,0.40964827,4.0117774,0.4285714285714286,0.4288795275274319,0.5031290816497067,4,0,0
0.7155555555555555,1.8968775,0.43922323,4.8121862,0.3249097472924188,0.3240229369194442,0.4986033301159565,4,0,0
0.6444444444444445,3.4102373,0.49443588,9.24184,0.14022140221402216,0.14284515253614258,0.30659850196171673,1,0,0
0.7244444444444444,2.2896366,0.75399065,5.3609276,0.4790874524714829,0.44365927477950357,0.47681311167978746,1,0,0
0.7355555555555555,2.4300053,0.5115418,6.266933,0.381294964028777,0.40903022186367116,0.3646559907259807,3,0,0
0.7933333333333333,1.7159245,0.64453554,3.8587024,0.5591397849462365,0.5882039802390142,0.5857468438782465,3,0,0
0.7533333333333333,1.9006795,0.4727073,4.7566237,0.4214285714285714,0.4311432512069245,0.47400294277085103,3,0,0
