ACC,Loss,LossPrivileged,LossUnprivileged,BalancedACC,drift-id,gm-id
0.9214285714285714,0.30247313,0.23480777,0.9114615,0.8389830508474576,0,<federated.algorithms.fair_fed_drift.ClientIdentity.ClientIdentity object at 0x16c8a23d0>
0.9357142857142857,0.377305,0.12416537,2.6555617,0.6957236842105262,1,<federated.algorithms.fair_fed_drift.ClientIdentity.ClientIdentity object at 0x16b0410d0>
0.9414285714285714,0.2948483,0.17451331,1.377863,0.771004942339374,1,<federated.algorithms.fair_fed_drift.ClientIdentity.ClientIdentity object at 0x177ceb1f0>
0.9742857142857143,0.10110992,0.067531325,0.40331733,0.8840579710144927,1,<federated.algorithms.fair_fed_drift.ClientIdentity.ClientIdentity object at 0x2ee7af040>
0.9528571428571428,0.13594355,0.08981031,0.5511427,0.8088235294117647,1,<federated.algorithms.fair_fed_drift.ClientIdentity.ClientIdentity object at 0x172302040>
0.9442857142857143,0.17294647,0.07738225,1.0330244,0.6574675324675325,1,<federated.algorithms.fair_fed_drift.ClientIdentity.ClientIdentity object at 0x1776b6970>
0.9642857142857143,0.08997947,0.05590089,0.3966867,0.8300970873786409,1,<federated.algorithms.fair_fed_drift.ClientIdentity.ClientIdentity object at 0x16c7953a0>
0.9414285714285714,0.19259372,0.13802946,0.6836723,0.7549342105263157,1,<federated.algorithms.fair_fed_drift.ClientIdentity.ClientIdentity object at 0x177733370>
0.9642857142857143,0.111972466,0.019280488,0.9462004,0.72,1,<federated.algorithms.fair_fed_drift.ClientIdentity.ClientIdentity object at 0x2ee7499d0>
0.9757142857142858,0.07560871,0.05305044,0.2786332,0.9145161290322581,0,<federated.algorithms.fair_fed_drift.ClientIdentity.ClientIdentity object at 0x2ed2bf160>
