ACC,Loss,LossPrivileged,LossUnprivileged,AEQ,OEQ,OPP,MEQ,MPP,drift-id,gm-id,gm-name
0.8485714285714285,0.45856878,0.401196,0.9749238,0.7912087912087912,0.7508616449050287,0.746991166006479,0.1875,0.35326086956521735,0,0,0
0.8557142857142858,0.3588926,0.32853356,0.63212377,0.9099264705882353,0.858396958755786,0.8677040961450053,0.6341463414634146,0.6310160427807486,0,0,0
0.88,0.40518576,0.41454884,0.32091793,0.9891891891891892,0.8862522380111353,0.8965113538395512,0.7058823529411764,0.7236842105263158,0,0,0
0.8814285714285715,0.45213997,0.40541598,0.87265617,0.8632326820603907,0.8416748180179443,0.8535694336660189,0.5084745762711864,0.6046511627906977,0,0,0
0.8842857142857142,0.7870678,0.49293226,3.4342873,0.7395104895104895,0.7305094128587097,0.7406683646550222,0.0,0.0,2,0,0
0.8057142857142857,0.5410097,0.5193385,0.73605096,0.9334637964774951,0.8019659584067366,0.844852448448135,0.2904761904761905,0.5227272727272727,2,2,2
0.8671428571428571,0.41750884,0.41341108,0.4543889,0.9327272727272727,0.9069239433921703,0.89442480566776,0.747457627118644,0.7525510204081632,2,2,2
0.8671428571428571,0.6711007,0.49431744,2.2621498,0.8788426763110307,0.7527121095461763,0.7097485135963173,0.0,0.0,0,2,2
0.8885714285714286,0.60907185,0.5973556,0.7145181,0.9255319148936171,0.898848706403142,0.8971684770862323,0.7317073170731707,0.7364341085271318,0,0,0
