ACC,Loss,LossPrivileged,LossUnprivileged,AEQ,OEQ,OPP,drift-id,gm-id,gm-name
0.832,0.57773036,0.3614943,1.4426744,0.6394052044609666,0.6233792271161969,0.7296682552726709,0,0,0
0.8693333333333333,0.73634106,0.28699937,2.533708,0.624113475177305,0.6189878772091995,0.7994872728988233,0,0,0
0.8693333333333333,0.7508171,0.3324215,2.4243996,0.6738351254480287,0.6744268913768777,0.8874083576394962,0,0,0
0.8746666666666667,0.6299193,0.3413203,1.7843153,0.7025089605734767,0.7121731121472183,0.8670235689422573,0,0,0
0.8693333333333333,0.77367014,0.37677252,2.361261,0.7075812274368231,0.7093604727896644,0.8705461174240839,0,0,0
0.9066666666666666,0.36062926,0.28217167,0.67446005,0.8571428571428572,0.872343275967321,0.9554467185647267,0,0,0
0.848,0.7443306,0.35449058,2.3036904,0.6423357664233577,0.6685954338515944,0.7904400168910497,0,0,0
0.8186666666666667,1.0993692,0.34466204,4.118197,0.4332129963898917,0.42016899950076725,0.5965019177858106,1,0,0
0.8266666666666667,0.7108754,0.29523566,2.3734343,0.460431654676259,0.406094108639727,0.5069863612095326,1,0,0
