ACC,Loss,LossPrivileged,LossUnprivileged,BalancedACC,drift-id,gm-id,gm-name
0.9242857142857143,0.22621007,0.21690221,0.30998072,0.9030612244897959,0,0,0
0.9457142857142857,0.39554518,0.18772727,2.265906,0.7832512315270935,2,0,0
0.8385714285714285,0.7492779,0.6757402,1.4111171,0.729281767955801,2,7,7
0.9571428571428572,0.16619848,0.16844888,0.1459449,1.0,0,0,0
0.9614285714285714,0.15113963,0.13029242,0.33876464,0.9132569558101472,0,0,0
0.96,0.21925697,0.13886924,0.9427464,0.9310344827586207,0,0,0
0.9757142857142858,0.12583806,0.09244207,0.42640185,0.9145161290322581,0,0,0
0.95,0.4903327,0.12938868,3.7388284,0.747557003257329,1,0,0
0.96,0.15450954,0.16385236,0.070423976,0.996694214876033,1,10,2-1-3
