ACC,Loss,LossPrivileged,LossUnprivileged,BalancedACC,drift-id,gm-id,gm-name
0.9371428571428572,0.26332152,0.2433031,0.64367133,0.8471337579617835,0,0,0
0.9442857142857143,0.27800837,0.13497753,2.995594,0.5928237129485179,1,0,0
0.9614285714285714,0.15376328,0.14152366,0.3863158,0.8555900621118013,1,0,0
0.9242857142857143,0.23845541,0.20401758,0.89277476,0.6373801916932907,1,0,0
0.94,0.17980024,0.17073725,0.35199744,0.9076433121019108,1,0,0
0.9442857142857143,0.20978455,0.19418846,0.50611013,0.8404423380726699,1,0,0
0.9614285714285714,0.13879043,0.095849395,0.95467025,0.8248062015503876,1,0,0
0.9557142857142857,0.1737712,0.12291323,1.1400728,0.6764705882352942,0,0,0
0.99,0.037404038,0.028042652,0.21527036,0.9500000000000001,0,0,0
