ACC,Loss,LossPrivileged,LossUnprivileged,BalancedACC,drift-id,gm-id
0.9014285714285715,0.41757238,0.38161203,0.45353273,0.9905362776025237,0,<federated.algorithms.fair_fed_drift.ClientIdentity.ClientIdentity object at 0x7f3f4e7daa40>
0.8442857142857143,1.5039085,0.28488764,2.7229297,0.8184615384615385,1,<federated.algorithms.fair_fed_drift.ClientIdentity.ClientIdentity object at 0x7f3ecc2987c0>
0.8357142857142857,0.8094432,0.70337,0.91551644,0.9565217391304348,1,<federated.algorithms.fair_fed_drift.ClientIdentity.ClientIdentity object at 0x7f3e78144400>
0.8385714285714285,0.75821584,0.81567746,0.7007543,0.983108108108108,1,<federated.algorithms.fair_fed_drift.ClientIdentity.ClientIdentity object at 0x7f3e5469c520>
0.7414285714285714,2.332727,0.6488443,4.016609,0.7242524916943522,2,<federated.algorithms.fair_fed_drift.ClientIdentity.ClientIdentity object at 0x7f3e4c1389a0>
0.91,0.40189594,0.17566851,0.6281234,0.9071856287425151,2,<federated.algorithms.fair_fed_drift.ClientIdentity.ClientIdentity object at 0x7f3f4e7af7c0>
0.9428571428571428,0.23449454,0.12879334,0.34019572,0.9819819819819819,2,<federated.algorithms.fair_fed_drift.ClientIdentity.ClientIdentity object at 0x7f3e547d05e0>
0.8585714285714285,1.4072963,0.0946604,2.719932,0.7624633431085044,0,<federated.algorithms.fair_fed_drift.ClientIdentity.ClientIdentity object at 0x7f3df42a1cc0>
0.8428571428571429,0.8269791,0.85764825,0.7963099,0.9798657718120806,0,<federated.algorithms.fair_fed_drift.ClientIdentity.ClientIdentity object at 0x7f3ee5b30a30>
0.8757142857142857,0.5282642,0.49623182,0.5602965,0.9902597402597403,0,<federated.algorithms.fair_fed_drift.ClientIdentity.ClientIdentity object at 0x7f3db77a9cc0>
