ACC,Loss,LossPrivileged,LossUnprivileged,BalancedACC,drift-id,gm-id,gm-name
0.7686375321336761,0.4484608,0.45204934,0.4162561,0.9633179723502305,0,0,0
0.34575835475578404,1.4137603,1.5081263,0.34278283,0.37663512957630607,2,0,0
0.7904884318766067,0.49394062,0.499818,0.4472595,0.9495296671490593,2,2,2
0.31876606683804626,1.2449232,1.2281635,1.4257263,0.9463051568314726,1,2,2
0.7904884318766067,0.44601095,0.4229829,0.66508895,0.9343629343629344,1,1,1
0.3059125964010283,1.6051081,1.6462778,1.2459029,0.5453125,2,1,1
0.916452442159383,0.2131083,0.20414443,0.30670205,0.9881511289961995,2,2,2
0.39331619537275064,2.0916512,2.1409461,1.6082864,0.9489247311827957,1,2,2
0.8046272493573264,0.3830924,0.36134562,0.66347027,0.8332118561710399,1,1,1
