ACC,Loss,LossPrivileged,LossUnprivileged,BalancedACC,drift-id,gm-id,gm-name
0.8076664425016813,0.41089055,0.41404286,0.33963904,0.9397237827715357,0,0,0
0.7942165433759247,0.4921606,0.40058592,2.2162066,0.3905272255834054,1,0,0
0.7861466039004708,0.45376748,0.43741512,0.7046239,0.8738350257337599,1,1,1
0.8184263618022865,0.4019612,0.39194345,0.58050567,0.8919081268225555,1,13,1-3
0.3214525891055817,1.7995939,1.8183658,1.4558516,0.43132456408687675,2,13,1-3
0.8924008069939475,0.244255,0.24065739,0.3021477,0.991264367816092,2,22,9-10-5-6-7-8
0.9098856758574311,0.20632793,0.1983313,0.39326528,0.9343632262698301,2,22,9-10-5-6-7-8
0.4182918628110289,2.6761594,2.7969296,0.30268806,0.4436395759717314,0,22,9-10-5-6-7-8
0.7874915938130465,0.44922194,0.4541518,0.35373202,0.923449833462609,0,28,28
