ACC,Loss,LossPrivileged,LossUnprivileged,BalancedACC,drift-id,gm-id,gm-name
0.7686375321336761,0.4484608,0.4520493,0.41625616,0.9633179723502305,0,0,0
0.34575835475578404,1.4137603,1.5081263,0.34278283,0.37663512957630607,2,0,0
0.42287917737789205,0.93615866,1.0122983,0.33141616,0.44940906898215144,2,0,0
0.7082262210796915,0.6490602,0.54293036,1.7939762,0.4912885975504571,1,0,0
0.7904884318766067,0.44601098,0.4229829,0.6650889,0.9343629343629344,1,5,3-1-2
0.3059125964010283,1.6051081,1.646278,1.245903,0.5453125,2,5,3-1-2
0.5886889460154242,0.6039349,0.64402115,0.18538707,0.6004918399284597,2,0,0
0.7300771208226221,0.68022484,0.5527661,1.9300276,0.48937153419593343,1,0,0
0.8046272493573264,0.38309237,0.36134562,0.66347027,0.8332118561710399,1,5,3-1-2
