ACC,Loss,LossPrivileged,LossUnprivileged,BalancedACC,drift-id,gm-id,gm-name
0.8314285714285714,0.46322286,0.4370434,0.6988383,0.9204545454545455,0,0,0
0.8614285714285714,0.467405,0.341308,1.6022785,0.7607913669064748,2,0,0
0.87,0.39667028,0.38133082,0.5347253,0.8579136690647482,2,0,0
0.8314285714285714,0.5520133,0.42313838,1.7118871,0.6286764705882352,1,0,0
0.8657142857142858,0.38302207,0.32495925,0.90558743,0.7741935483870969,1,0,0
0.8714285714285714,0.4090312,0.36628243,0.79376996,0.7340425531914894,1,0,0
0.8771428571428571,0.43554327,0.33206773,1.366823,0.6777583187390543,2,0,0
0.8957142857142857,0.3384638,0.31013134,0.59345573,0.8481675392670157,2,0,0
0.8614285714285714,0.49398887,0.45909885,0.807999,0.8672727272727272,2,0,0
