ACC,Loss,LossPrivileged,LossUnprivileged,BalancedACC,drift-id,gm-id,gm-name
0.8185714285714286,0.44952148,0.4332498,0.75868356,0.8306010928961749,0,0,0
0.8757142857142857,0.42311972,0.32795084,2.231328,0.5747899159663865,2,0,0
0.7814285714285715,0.8373375,0.7826247,1.8768805,0.6465028355387523,2,1,1
0.8042857142857143,0.96975535,0.7630347,4.8974495,0.4845173041894354,1,3,3
0.85,0.56061494,0.50791645,1.5618869,0.7985989492119089,1,6,6
0.88,0.5021667,0.47383845,1.0404034,0.8372881355932205,1,6,6
0.87,0.7561664,0.47860122,6.0299044,0.4797979797979798,2,6,6
0.87,0.6334106,0.5705635,1.8275062,0.8133561643835616,2,7,7
0.7728571428571429,0.725709,0.7050169,1.1188602,0.6539196940726576,2,10,10
