ACC,Loss,LossPrivileged,LossUnprivileged,BalancedACC,drift-id,gm-id,gm-name
0.9585714285714285,0.19093926,0.2186906,0.16318798,0.9910979228486647,0,0,0
0.8428571428571429,1.3933704,0.1503038,2.636437,0.7717717717717718,1,0,0
0.8771428571428571,0.35398284,0.16510202,0.54286367,0.8606060606060606,1,0,0
0.9028571428571428,0.30961815,0.14135225,0.47788396,0.8865671641791044,1,0,0
0.91,0.2936952,0.112656415,0.47473398,0.8463768115942029,1,0,0
0.8542857142857143,0.42249358,0.23028891,0.6146983,0.8513931888544892,1,0,0
0.88,0.32215402,0.21277618,0.431532,0.8780487804878049,1,0,0
0.88,0.9422189,0.066158,1.8182799,0.7855072463768115,0,0,0
0.9357142857142857,0.20216411,0.019225497,0.38510272,0.8821839080459769,0,0,0
