ACC,Loss,LossPrivileged,LossUnprivileged,BalancedACC,drift-id,gm-id,gm-name
0.7676508344030809,0.47559667,0.49544966,0.27451435,0.8237834978843442,0,0,0
0.8112965340179717,0.41707867,0.43397278,0.26738375,0.9060816326530613,0,0,0
0.3992297817715019,0.8920669,0.81998,1.6222034,0.5132722007722007,1,0,0
0.37098844672657255,0.8882717,0.8779493,0.9928236,0.852374236013164,1,0,0
0.7637997432605905,0.47581244,0.43202794,0.89926213,0.6412824667354053,1,0,0
0.7702182284980744,0.47149584,0.44472343,0.74697983,0.5988804539529177,1,0,0
0.41335044929396664,0.8140769,0.80162215,0.94223475,0.9799861973775018,1,0,0
0.4980744544287548,0.7182216,0.7503125,0.43782702,0.5583734339099147,0,0,0
0.8177150192554558,0.4267334,0.4240431,0.45486242,0.9294117647058823,0,0,0
