ACC,Loss,LossPrivileged,LossUnprivileged,BalancedACC,drift-id,gm-id,gm-name
0.8442857142857143,0.42534834,0.4177979,0.49330193,0.9981203007518797,0,0,0
0.8728571428571429,0.38709307,0.35623956,0.6647749,0.8725314183123879,0,0,0
0.8942857142857142,0.34741813,0.31126848,0.67276484,0.8496503496503497,0,0,0
0.8928571428571429,0.42264146,0.40363565,0.5936935,0.8857644991212654,0,0,0
0.89,0.4772854,0.46704024,0.5694926,0.9238938053097345,0,0,0
0.8771428571428571,0.59470516,0.534316,1.1382084,0.8855098389982111,0,0,0
0.9014285714285715,0.48007384,0.44685915,0.77900594,0.9109947643979058,0,0,0
0.8942857142857142,0.49499717,0.4457063,0.93861467,0.8842105263157896,0,0,0
0.9114285714285715,0.37768245,0.31701025,0.92373246,0.8829604130808949,0,0,0
