ACC,Loss,LossPrivileged,LossUnprivileged,AEQ,OEQ,OPP,drift-id,gm-id,gm-name
0.8583333333333333,0.81929404,0.7394561,1.5378352,0.8687012065294535,0.8471731057107699,0.8643316469261835,0,0,0
0.8611111111111112,1.0591208,0.7358632,3.96844,0.6807772380291464,0.677504556910777,0.6672520664654817,1,0,0
0.8627777777777778,1.0779645,0.7937765,3.6356554,0.7197496522948539,0.6726255858854817,0.6609135344910186,1,0,0
0.8466666666666667,1.1443046,0.9035385,3.3111992,0.727659574468085,0.7040756763906462,0.6948028333317611,1,0,0
0.86,1.0654908,0.81583554,3.3123894,0.729050279329609,0.692508863608606,0.6873421209709055,2,0,0
0.8644444444444445,1.0830334,0.8999018,2.7312188,0.793006993006993,0.7156386019102982,0.7180745145194501,2,0,0
0.8622222222222222,1.1416332,0.87314767,3.5580034,0.720250521920668,0.6912164372294752,0.6883757767974654,2,0,0
0.8544444444444445,1.1487739,0.8540529,3.8012617,0.6932773109243697,0.6510684110108599,0.6300845259355308,1,0,0
0.8672222222222222,1.0926149,0.8787453,3.0174415,0.7834261838440111,0.7239594083172,0.7242812276963442,1,0,0
