ACC,Loss,LossPrivileged,LossUnprivileged,AEQ,OEQ,OPP,MEQ,MPP,drift-id,gm-id,gm-name
0.8059125964010283,0.44210055,0.4524941,0.3501372,0.9606580829756795,0.9141689214133173,0.8440988835725678,0.856873822975518,0.7636363636363636,0,0,0
0.8290488431876607,0.3825627,0.39223498,0.28317735,0.9317209646465815,0.8956104720113852,0.8509328877749931,0.8015625000000001,0.7919799498746867,0,0,0
0.7802056555269923,0.4896999,0.40616733,1.3345724,0.6754707506904343,0.704791696978515,0.6506221494700757,0.4708860759493671,0.5895325872284397,3,0,0
0.7647814910025706,0.46017304,0.43231723,0.7996356,0.647067646617669,0.8055726048177314,0.6855192263068494,0.6149977137631458,0.6377799415774099,2,3,3
0.800771208226221,0.41824874,0.4121865,0.48054084,0.9853667136812411,0.9486141662187895,0.9387414951730304,0.9124293785310734,0.8814814814814815,2,2,2
0.7866323907455013,0.42116258,0.3955403,0.7170586,0.7860158756966729,0.7626698401417452,0.8402245389136622,0.5585106382978723,0.7597527528756804,3,2,2
0.8149100257069408,0.39172527,0.38330153,0.4684144,0.9691756759819588,0.5884124398243322,0.9841230363677658,0.43582375478927204,0.9794894589789179,3,3,3
0.7802056555269923,0.43354502,0.3963243,0.848789,0.6619764397905759,0.5574003039160854,0.7119567239439968,0.47749490835030556,0.5750962772785623,2,3,3
0.8161953727506427,0.36112383,0.35200644,0.44412768,0.9973054366777617,0.9023122767368958,0.8904414173424217,0.8549999999999999,0.8300653594771242,2,2,2
