ACC,Loss,LossPrivileged,LossUnprivileged,BalancedACC,drift-id,gm-id,gm-name
0.8342857142857143,0.449134,0.42626163,0.6549851,0.9545454545454546,0,0,0
0.8642857142857143,0.413508,0.35961792,0.89851886,0.8108108108108109,0,0,0
0.8971428571428571,0.40903202,0.42253408,0.2875137,0.9791666666666667,0,0,0
0.8628571428571429,0.4779066,0.43465444,0.867177,0.8478260869565217,0,0,0
0.8714285714285714,0.5305565,0.3408946,2.2375135,0.7168141592920354,2,0,0
0.9185714285714286,0.43197417,0.32881635,1.3603945,0.8251273344651953,2,0,0
0.8757142857142857,0.5789385,0.45276725,1.71448,0.7819148936170212,2,0,0
0.92,0.3590317,0.362601,0.3269082,0.9416809605488851,0,0,0
0.8928571428571429,0.5485375,0.55450356,0.49484193,0.9381625441696113,0,0,0
