ACC,Loss,LossPrivileged,LossUnprivileged,BalancedACC,drift-id,gm-id,gm-name
0.85,0.44696668,0.4287492,0.79309875,0.8681898066783832,0,0,0
0.8571428571428571,0.58557403,0.41900584,3.7503705,0.7231833910034602,1,0,0
0.7585714285714286,0.8227351,0.74546146,2.2909336,0.6284046692607004,1,1,1
0.8214285714285714,0.6812984,0.63072085,1.6422721,0.7202166064981949,1,3,3
0.8614285714285714,0.7783743,0.6197811,3.7916455,0.6518010291595197,2,3,3
0.7985714285714286,0.75263375,0.66745615,2.3710096,0.7050092764378478,2,13,13
0.8557142857142858,0.5145882,0.5046514,0.7033866,0.8275261324041812,2,11,11
0.8671428571428571,0.56336474,0.40502048,3.5719044,0.5143824027072758,1,11,11
0.8385714285714285,0.8087078,0.7437347,2.043195,0.7398230088495575,1,2,2
