ACC,Loss,LossPrivileged,LossUnprivileged,AEQ,OEQ,OPP,drift-id,gm-id,gm-name
0.7466666666666667,0.89098746,0.79767716,1.0776083,0.896551724137931,0.9010028858326201,0.992471107482923,0,0,0
0.8533333333333334,0.7606559,0.46123683,1.3594939,0.802919708029197,0.8149229927153039,0.9991654103428742,0,0,0
0.8666666666666667,0.6424379,0.41460678,1.0981,0.8676470588235294,0.8667138372633184,0.8454379061523603,0,0,0
0.8466666666666667,0.7755904,0.44744104,1.431889,0.8432835820895522,0.8461367809873533,0.8899345779239884,0,0,0
0.7244444444444444,2.7351968,0.5462712,7.1130476,0.3970588235294118,0.40988864610803255,0.5109012425175347,2,0,0
0.7,2.6484025,1.596299,4.7526097,0.625,0.6622711436724924,0.7804054756042358,2,10,10
0.68,2.375798,1.6816181,3.7641578,0.6042553191489362,0.5814169673894197,0.8110270868646536,2,9,9
0.7244444444444444,2.8578005,0.6569855,7.2594314,0.4237918215613383,0.4414338045085411,0.47870884665329433,0,8,8
0.8511111111111112,0.9297227,0.52632505,1.7365184,0.8265682656826568,0.8040577123163898,0.7025112857861328,0,0,0
