ACC,Loss,LossPrivileged,LossUnprivileged,BalancedACC,drift-id,gm-id,gm-name
0.7907573812580231,0.45402423,0.47185177,0.28911948,0.8570309439874657,0,0,0
0.8164313222079589,0.4072931,0.4177897,0.3026232,0.9284217240750867,0,0,0
0.8112965340179717,0.3928147,0.40185747,0.3115461,0.9228832759922799,0,0,0
0.834403080872914,0.39836055,0.41019276,0.2963994,0.9463456959522175,0,0,0
0.7933247753530167,0.52842677,0.3495165,2.5974376,0.46725317693059626,2,0,0
0.7766367137355584,0.4674575,0.45687217,0.5920519,0.9005892304999709,2,10,10
0.79204107830552,0.4435225,0.42329964,0.67335695,0.8727111554336685,2,16,1-9-11-10-12
0.7869062901155327,0.44642907,0.408621,0.88366044,0.8072960648539098,2,16,1-9-11-10-12
0.8074454428754814,0.38565466,0.3588896,0.6951794,0.8911014140521432,2,8,3-2-4-5
