ACC,Loss,LossPrivileged,LossUnprivileged,AEQ,OEQ,OPP,MEQ,MPP,drift-id,gm-id,gm-name
0.7947510094212651,0.41974276,0.42686006,0.27358,0.8788558289890045,0.8116306023772045,0.8379918453485964,0.6643437862950058,0.7816432272390822,0,0,0
0.7839838492597577,0.48757577,0.38422385,2.610034,0.21373354953052529,0.5947790668045625,0.42885264820834385,0.23677248677248675,0.1154372551795743,2,0,0
0.784656796769852,0.44722846,0.44591185,0.4719981,0.9003434552690399,0.2755905511811024,0.34714569098523257,0.0,0.0,2,8,8
0.7960969044414535,0.4363603,0.37598845,1.6049278,0.3667834766910905,0.28983588802337507,0.5582412939386036,0.14234587075427105,0.28397844194022537,0,15,1-4-2-3-6-7-5-8
0.8384925975773889,0.32579863,0.32798037,0.26794264,0.9211891460494812,0.770292819648315,0.6386794061327807,0.5688225538971807,0.3656716417910448,0,0,0
0.8364737550471063,0.337601,0.34422427,0.20158416,0.897042607621736,0.8735753849025387,0.9137450419116793,0.7872691292875988,0.9017221657346213,0,0,0
0.8472409152086138,0.3259387,0.33265272,0.19962585,0.9456614870368216,0.9381382412771144,0.8899525342074772,0.8937823834196892,0.8419689119170984,0,0,0
0.823014804845222,0.3985779,0.343728,1.4022585,0.6507582172273112,0.6604301949301534,0.648021896215419,0.3896940418679549,0.55410830855987,1,0,0
0.8129205921938089,0.3653321,0.34950107,0.72291267,0.5949076883656322,0.391840032536532,0.7633580619214309,0.18166325835037492,0.6555504796710827,1,15,1-4-2-3-6-7-5-8
