ACC,Loss,LossPrivileged,LossUnprivileged,AEQ,OEQ,OPP,MEQ,MPP,drift-id,gm-id,gm-name
0.8408215661103979,0.35999808,0.36671358,0.2836768,0.9231108497500735,0.8967783968368082,0.8420862299868919,0.8701923076923077,0.7172413793103448,0,0,0
0.834403080872914,0.42909274,0.3066851,1.4986298,0.6810323383084578,0.5267584897750592,0.5089719043774215,0.05387783115991764,0.3377659574468085,3,0,0
0.79204107830552,0.46326542,0.37976933,1.2136599,0.7753024557602023,0.665387838272399,0.8085106822084269,0.38336713995943206,0.7107713644168538,3,0,0
0.8472400513478819,0.33141154,0.3346182,0.30217654,0.9871794871794873,0.9459326654678515,0.9456612901508051,0.9233944954128441,0.9008264462809917,1,0,0
0.8459563543003851,0.34216273,0.3288563,0.47908458,0.936990114214416,0.8137265312537616,0.9235187327292591,0.6321913380736911,0.9157509157509157,1,0,0
0.8138639281129654,0.42424706,0.37294635,0.93580854,0.7984259903543921,0.5932529013756329,0.8272825420193841,0.25,0.7571291866028708,3,0,0
0.8177150192554558,0.37885717,0.37065917,0.45580855,0.9402878526194589,0.7380437754206701,0.9608840467594979,0.670807453416149,0.9583333333333333,3,3,1-2
0.82798459563543,0.32734147,0.32726812,0.32803965,0.9696724079702804,0.9757336974511752,0.9192779686200738,0.9536603773584907,0.847027972027972,1,4,0-1-2
0.82798459563543,0.36567008,0.36345768,0.39317268,0.9323275862068966,0.8513399778516058,0.8727579365079364,0.7352380952380952,0.7885714285714285,1,4,0-1-2
