ACC,Loss,LossPrivileged,LossUnprivileged,BalancedACC,drift-id,gm-id,gm-name
0.8683333333333333,0.3425636,0.29990757,0.7336978,0.8040055199745232,0,0,0
0.8933333333333333,0.26264495,0.23939477,0.45401195,0.846786957898069,0,0,0
0.885,0.2887825,0.26002556,0.6708389,0.7395626242544731,0,0,0
0.8866666666666667,0.25743484,0.24589159,0.39645594,0.9527295175941441,0,0,0
0.8533333333333334,0.35560852,0.2687062,1.2714254,0.6096630642085187,2,0,0
0.8316666666666667,0.4397049,0.3140169,1.4742138,0.5828656322218554,2,0,0
0.8666666666666667,0.3344117,0.25899073,1.0392076,0.715856357535518,2,0,0
0.8883333333333333,0.27924913,0.23142074,0.76284766,0.7323943661971831,0,0,0
0.8916666666666667,0.26538822,0.2436174,0.46501586,0.9037691852573697,0,0,0
