ACC,Loss,LossPrivileged,LossUnprivileged,BalancedACC,drift-id,gm-id,gm-name
0.785622593068036,0.45249262,0.45862412,0.39228475,0.9369165487977369,0,0,0
0.730423620025674,0.57664067,0.42487037,2.113857,0.2554954954954955,2,0,0
0.7946084724005135,0.46305603,0.44184035,0.651043,0.968649335329613,2,5,5
0.772785622593068,0.46582755,0.4804247,0.30813417,0.8519266883780635,2,14,8-6-5-7
0.7971758664955071,0.5102586,0.38103625,1.9539148,0.6269929846938775,1,14,8-6-5-7
0.8523748395378691,0.332798,0.35856616,0.10447251,0.8357142857142857,1,13,3-1-2-4
0.8600770218228498,0.31572947,0.33354837,0.15784031,0.8691465677179964,1,13,3-1-2-4
0.7804878048780488,0.49477062,0.35455334,1.8306237,0.4085346066478142,2,13,3-1-2-4
0.8074454428754814,0.3731445,0.3888724,0.20600584,0.8605699528814788,2,14,8-6-5-7
