ACC,Loss,LossPrivileged,LossUnprivileged,AEQ,OEQ,OPP,drift-id,gm-id,gm-name
0.44333333333333336,4.8174796,4.8500867,4.524009,0.3151750972762646,0.1214105339105339,0.17301939758836313,0,0,0
0.5466666666666666,5.179237,5.2295833,4.726115,0.2830188679245283,0.10916919959473152,0.12321937321937322,1,0,0
0.585,4.944284,4.9833107,4.593045,0.29117647058823526,0.12792553191489361,0.19747899159663865,1,0,0
0.6083333333333333,4.802283,4.807323,4.7569184,0.3059490084985836,0.17367724867724868,0.19444444444444445,1,0,0
0.5916666666666667,4.772924,4.767843,4.8186545,0.2608695652173913,0.10629629629629629,0.13076923076923075,1,0,0
0.6133333333333333,4.6878805,4.6954923,4.6193748,0.2,0.1396103896103896,0.14625850340136054,1,0,0
0.59,4.703945,4.7127542,4.6246705,0.20809248554913296,0.09821428571428571,0.16929824561403506,1,0,0
0.6083333333333333,4.712432,4.7229624,4.6176615,0.5494186046511628,0.26458333333333334,0.34144841269841275,0,0,0
0.6416666666666667,4.63201,4.632593,4.626759,0.2647058823529412,0.14666666666666667,0.19117305458768874,0,0,0
