ACC,Loss,LossPrivileged,LossUnprivileged,AEQ,OEQ,OPP,MEQ,MPP,drift-id,gm-id,gm-name
0.9328571428571428,0.29143122,0.26370588,0.54095936,0.8939393939393939,0.8712549668252667,0.8634606924592164,0.6020408163265306,0.6783625730994152,0,0,0
0.9342857142857143,0.49579543,0.11181487,3.9516206,0.665024630541872,0.7318802355231118,0.7443456277395797,0.0,0.0,1,0,0
0.8757142857142857,0.5443776,0.4962881,0.97718334,0.7992895204262878,0.7926832889003917,0.7560466541326157,0.3660130718954248,0.4409937888198757,1,3,3
0.8728571428571429,0.62173504,0.58722246,0.9323486,0.784697508896797,0.716528299298947,0.7090088548222498,0.0,0.0,1,2,2
0.9228571428571428,0.35022357,0.35447678,0.31194457,0.9896907216494845,0.8877971775105106,0.935726715579302,0.7083333333333333,0.8333333333333334,1,2,2
0.9471428571428572,0.2707531,0.22157152,0.7133872,0.9450000000000001,0.9166049930592288,0.9073420894399252,0.7738095238095237,0.7058823529411764,1,2,2
0.9657142857142857,0.16317599,0.14642793,0.31390864,0.9737704918032787,0.9381138128882064,0.9306321477794139,0.8,0.6666666666666666,1,2,2
0.9257142857142857,0.5018573,0.13697787,3.7857728,0.6716417910447762,0.712806135286064,0.6978496022565108,0.0,0.0,0,2,2
0.99,0.03410842,0.029522717,0.07537973,0.9792,0.968404661177004,0.9656665156763774,0.8,0.8145454545454547,0,0,0
