ACC,BalancedACC,drift-id,gm-id
0.0770440251572327,0.7820241981947378,0,0
0.8679245283018868,0.9748882741008724,0,0
0.0959119496855346,0.6936705027256208,1,0
0.860062893081761,0.8747698297178331,1,0
0.8820754716981132,0.9783372970737256,1,0
0.8946540880503144,0.906954249253326,1,0
0.940251572327044,0.9236252875797932,1,0
0.9292452830188679,0.9165616252230426,1,0
0.9591194968553459,0.9980353634577603,1,0
0.9355345911949685,0.9498911388675167,1,0
0.9827044025157232,0.9820089719860715,1,0
