ACC,Loss,LossPrivileged,LossUnprivileged,BalancedACC,drift-id,gm-id,gm-name
0.8271428571428572,0.48710197,0.5158809,0.458323,0.996551724137931,0,0,0
0.8657142857142858,0.38604304,0.39254677,0.3795393,0.9675324675324675,0,0,0
0.7814285714285715,2.0109642,0.4298657,3.5920627,0.8112582781456953,1,0,0
0.75,1.024137,1.0836842,0.96459,0.9230769230769229,1,8,8
0.8585714285714285,0.5657039,0.46177796,0.66962993,0.9966777408637874,1,9,9
0.8285714285714286,0.7067845,0.6258182,0.78775084,0.9727891156462586,1,9,9
0.8642857142857143,0.59703803,0.71847934,0.4755968,0.9579288025889968,1,9,9
0.7757142857142857,2.2179246,0.53969353,3.896156,0.7803278688524591,0,9,9
0.8742857142857143,0.6611567,0.6606648,0.66164863,0.9870129870129871,0,0,0
