ACC,Loss,LossPrivileged,LossUnprivileged,AEQ,OEQ,OPP,MEQ,MPP,drift-id,gm-id,gm-name
0.9114285714285715,0.31626174,0.2805649,0.9945016,0.8071895424836601,0.8252798306223355,0.7874756804971748,0.5172413793103449,0.33830845771144274,0,0,0
0.9642857142857143,0.16428888,0.16409034,0.16806109,0.9455676516329704,0.8743434434698607,0.9131421922817807,0.35384615384615387,0.6666666666666666,0,0,0
0.9471428571428572,0.33471477,0.22567983,2.406378,0.7755102040816327,0.6437023490605581,0.6817928998190522,0.0,0.0,3,0,0
0.8957142857142857,0.46023807,0.3884182,1.8248155,0.59375,0.5376574796052894,0.5205999725207899,0.0,0.0,2,10,10
0.9342857142857143,0.30996713,0.29497787,0.594763,0.8816,0.8297604256713331,0.828387010792096,0.6305084745762711,0.6736842105263158,2,4,4
0.92,0.49701595,0.19747512,6.188291,0.39144215530903326,0.48337676676958097,0.49472127728785525,0.0,0.0,3,4,4
0.8357142857142857,0.7333315,0.68988985,1.5587223,0.7074468085106382,0.6363883446880111,0.6699235050465778,0.0,0.37777777777777777,3,15,15
0.8885714285714286,0.6923318,0.4405128,5.476891,0.5016501650165016,0.5720514614059216,0.5414474574004755,0.0,0.0,2,8,8
0.99,0.025347715,0.024186457,0.047411673,0.9802731411229135,0.9579706852616401,0.9767763772175536,0.6666666666666666,0.8571428571428571,2,4,4
