ACC,Loss,LossPrivileged,LossUnprivileged,BalancedACC,drift-id,gm-id
0.9271428571428572,0.24841352,0.20604703,0.629712,0.9,0,<federated.algorithms.fair_fed_drift.ClientIdentity.ClientIdentity object at 0x7f6f575ae050>
0.9385714285714286,0.2011546,0.15904088,0.58017814,0.8714524207011687,0,<federated.algorithms.fair_fed_drift.ClientIdentity.ClientIdentity object at 0x7f6e9c7eebc0>
0.9571428571428572,0.16557248,0.1030919,0.72789764,0.8852459016393442,0,<federated.algorithms.fair_fed_drift.ClientIdentity.ClientIdentity object at 0x7f6e583093c0>
0.9671428571428572,0.1444488,0.14533217,0.13649829,0.9950980392156864,0,<federated.algorithms.fair_fed_drift.ClientIdentity.ClientIdentity object at 0x7f6e78320f10>
0.9428571428571428,0.39860752,0.13051535,2.8114371,0.7058823529411765,2,<federated.algorithms.fair_fed_drift.ClientIdentity.ClientIdentity object at 0x7f6e583829b0>
0.9428571428571428,0.22858517,0.19018285,0.57420623,0.8507462686567163,2,<federated.algorithms.fair_fed_drift.ClientIdentity.ClientIdentity object at 0x7f6e5830ba30>
0.9414285714285714,0.20746325,0.11817514,1.0110564,0.7389162561576355,2,<federated.algorithms.fair_fed_drift.ClientIdentity.ClientIdentity object at 0x7f6e585abc10>
0.97,0.111391,0.079891965,0.3948822,0.9043760129659644,0,<federated.algorithms.fair_fed_drift.ClientIdentity.ClientIdentity object at 0x7f6f50302920>
0.9685714285714285,0.10985198,0.082424,0.3567037,0.9219512195121952,0,<federated.algorithms.fair_fed_drift.ClientIdentity.ClientIdentity object at 0x7f6e1809e6e0>
0.9714285714285714,0.11791375,0.09979882,0.28094822,0.9189627228525122,0,<federated.algorithms.fair_fed_drift.ClientIdentity.ClientIdentity object at 0x7f6f377ac220>
