ACC,Loss,LossPrivileged,LossUnprivileged,BalancedACC,drift-id,gm-id,gm-name
0.9371428571428572,0.22829464,0.23032433,0.18973057,0.9936204146730463,0,0,0
0.9628571428571429,0.13824758,0.12524351,0.38532487,0.9160186625194401,0,0,0
0.9685714285714285,0.14464824,0.14358237,0.16489975,0.9411764705882353,0,0,0
0.9728571428571429,0.10693404,0.07032159,0.8025703,0.9061538461538462,0,0,0
0.9771428571428571,0.10691372,0.08989842,0.4302045,0.9019908116385911,0,0,0
0.96,0.1797072,0.16763762,0.40902898,0.9812206572769954,0,0,0
0.9742857142857143,0.09308572,0.05872085,0.74601823,0.8437978560490046,0,0,0
0.9671428571428572,0.20425515,0.19255029,0.42664775,0.9736024844720497,0,0,0
0.9885714285714285,0.052901596,0.03365849,0.41852045,0.9212121212121213,0,0,0
