ACC,Loss,LossPrivileged,LossUnprivileged,AEQ,OEQ,OPP,MEQ,MPP,drift-id,gm-id,gm-name
0.9342857142857143,0.26054922,0.26173964,0.24983512,0.9734660033167496,0.9217041393089846,0.913224728476127,0.7777777777777779,0.5952380952380952,0,0,0
0.9328571428571428,0.50145113,0.13810132,3.7715995,0.7462686567164178,0.7342317507691888,0.7312292763376356,0.0,0.0,3,0,0
0.9071428571428571,0.46686685,0.44005078,0.7082112,0.853448275862069,0.79228487744519,0.8630770385938893,0.36538461538461536,0.7537190082644628,3,3,3
0.8957142857142857,0.64743197,0.22143981,4.481361,0.5969387755102041,0.5031729699230048,0.5170557426112982,0.0,0.0,1,3,3
0.9642857142857143,0.18873239,0.15824437,0.46312475,0.9427168576104746,0.8945663014212247,0.9274775453061099,0.5086206896551724,0.7344632768361582,1,1,1
0.9028571428571428,0.88465595,0.19572833,7.0850043,0.5436241610738255,0.5611698383331131,0.5710466976092111,0.0,0.0,3,1,1
0.9528571428571428,0.21485166,0.18356358,0.49644458,0.9223140495867768,0.8772475441225442,0.8698529809762151,0.5818181818181818,0.625,3,3,3
0.8857142857142857,1.0519563,0.31184602,7.7129498,0.4256756756756757,0.550716820775751,0.5044459887938149,0.0,0.0,1,3,3
0.9785714285714285,0.0719583,0.055052474,0.22411077,0.9435483870967742,0.9239252992789394,0.9265678528883509,0.7142857142857143,0.6767676767676768,1,1,1
