ACC,Loss,LossPrivileged,LossUnprivileged,AEQ,OEQ,OPP,MEQ,MPP,drift-id,gm-id,gm-name
0.8357142857142857,0.48293537,0.4228178,1.0239937,0.7680890538033396,0.741959956201198,0.735140456736562,0.18351063829787234,0.15602836879432622,0,0,0
0.8485714285714285,0.5369774,0.32965922,2.4028409,0.72,0.6572932126010049,0.7299666386775294,0.0,0.0,2,0,0
0.8657142857142858,0.5657434,0.44830808,1.6226616,0.8093525179856116,0.7182881587249866,0.7427827276685642,0.0,0.0,2,0,0
0.8557142857142858,0.73592675,0.48144448,3.0262675,0.7310469314079423,0.6661829314939561,0.6968941665705385,0.0,0.0,4,0,0
0.8757142857142857,0.665399,0.45175436,2.5881996,0.7301587301587301,0.7209819879975978,0.7032435544509581,0.0,0.0,4,0,0
0.8642857142857143,0.76292706,0.5599507,2.5897138,0.7755834829443448,0.715480094089036,0.7258671830114256,0.0,0.0,4,0,0
0.8842857142857142,0.5512479,0.4557345,1.4108689,0.8253968253968254,0.7554189231510757,0.7546276912649291,0.14166666666666666,0.18888888888888888,2,0,0
0.8885714285714286,0.6592782,0.47103462,2.3534713,0.7356521739130434,0.6744702807674067,0.6930495393647066,0.0,0.0,3,0,0
0.8728571428571429,0.6542661,0.61296135,1.0260092,0.9439421338155516,0.90013509749699,0.8975316729549736,0.7499999999999999,0.6124999999999999,3,4,4
