ACC,Loss,LossPrivileged,LossUnprivileged,BalancedACC,drift-id,gm-id,gm-name
0.92,0.33305728,0.30067256,0.9483671,0.8636363636363636,0,0,0
0.9542857142857143,0.17007436,0.16438869,0.27810216,0.8934169278996865,0,0,0
0.9485714285714286,0.27790722,0.2384437,1.0277144,0.8677165354330709,0,0,0
0.9771428571428571,0.10048368,0.075215265,0.5805835,0.8412213740458016,0,0,0
0.9685714285714285,0.122809075,0.113720015,0.29550138,0.910355486862442,0,0,0
0.9557142857142857,0.15414219,0.10745042,1.0412855,0.6460587326120556,0,0,0
0.9757142857142858,0.08002178,0.069451004,0.28086683,0.9646153846153847,0,0,0
0.9342857142857143,0.24284847,0.1679556,1.6658127,0.5993690851735015,1,0,0
0.9842857142857143,0.058424726,0.039233904,0.42305043,0.8649468892261002,1,0,0
