ACC,Loss,LossPrivileged,LossUnprivileged,AEQ,OEQ,OPP,MEQ,MPP,F1Score,F1 Score Equality,drift-id,gm-id,gm-name
0.9571428571428572,0.17805286,0.1704254,0.31873745,0.8948009041905757,0.8395742240779885,0.8683526760417098,0.3464912280701754,0.5197368421052632,1.0,1.0,0,0,0
0.9528571428571428,0.18609759,0.12306997,1.3486072,0.778125,0.6789136211011211,0.7416366002613726,0.0,0.0,1.0,0.0,2,0,0
0.9514285714285714,0.24759687,0.12739135,2.4647207,0.6597546224295835,0.6628108498066496,0.608262641071853,0.0,0.0,1.0,1.0,2,0,0
0.89,0.57761353,0.450613,2.9200685,0.6434108527131783,0.5397894174277335,0.5084354156335581,0.0,0.0,1.0,1.0,4,4,4
0.9214285714285714,0.35866812,0.29679394,1.4999034,0.6820292961772061,0.58547067886303,0.6306380767207076,0.0,0.0,1.0,1.0,4,6,6
0.9,0.56507283,0.38837695,3.824131,0.48063698878031125,0.34016477775098464,0.3324577474087278,0.0,0.0,1.0,0.0,2,6,6
0.9285714285714286,0.34183997,0.33592355,0.45096472,0.9550521395181588,0.8444734294349955,0.8837578305896017,0.35978835978835977,0.46060606060606063,1.0,1.0,2,4,4
0.9671428571428572,0.20526145,0.15417296,1.1475601,0.8254458161865569,0.8041369934012832,0.8695385635254822,0.0,0.0,1.0,1.0,2,0,0
0.9742857142857143,0.10905192,0.10629067,0.1599818,0.9977674738107505,0.9598973762297376,0.9506573309181257,0.8253968253968255,0.75,1.0,1.0,2,4,4
