ACC,Loss,LossPrivileged,LossUnprivileged,AEQ,OEQ,OPP,drift-id,gm-id,gm-name
0.57,1.7768413,1.6816831,3.584851,0.33928571428571436,0.15749752877855197,0.18487308330282898,0,0,0
0.6461111111111111,1.7938772,1.6685141,4.175773,0.5548672566371681,0.3398131624809015,0.37642311011819357,1,0,0
0.5416666666666666,1.9549005,1.8642997,3.6763136,0.4794952681388013,0.1843885619083724,0.23756581728682113,1,1,1
0.5977777777777777,2.6495545,2.447693,6.484924,0.37819905213270144,0.22756785579564429,0.25871482900029613,1,1,1
0.6466666666666666,2.4771833,2.3397186,5.089012,0.5198587819947043,0.3211332922323635,0.3126642759073926,1,1,1
0.6505555555555556,2.4202561,2.2325823,5.986062,0.5681618293755497,0.35318522376867795,0.347521453959704,1,1,1
0.6588888888888889,2.358781,2.202007,5.3374853,0.5099567099567099,0.2989678457150211,0.35278032214365923,1,1,1
0.6566666666666666,2.4400496,2.248203,6.085134,0.49479166666666663,0.2993212835907007,0.3367634746033857,0,1,1
0.6794444444444444,2.263643,2.0493212,6.3357587,0.510495382031906,0.2845789040220431,0.3556986268996073,0,0,0
