ACC,Loss,LossPrivileged,LossUnprivileged,BalancedACC,drift-id,gm-id,gm-name
0.808338937457969,0.42170277,0.42692435,0.3205616,0.9030682189098029,0,0,0
0.7807666442501682,0.42947254,0.43306464,0.34960467,0.9219957835558678,0,0,0
0.8090114324142569,0.39794967,0.40340814,0.29372326,0.932037331917905,0,0,0
0.8486886348352387,0.34963378,0.35253987,0.29252166,0.9524734982332156,0,0,0
0.7989240080699395,0.42246395,0.38438818,1.3776993,0.473353194306521,1,0,0
0.796906523201076,0.4663026,0.4384443,1.1405698,0.3943948600168619,1,0,0
0.8143913920645595,0.45649573,0.42494547,1.1357818,0.3799465240641711,1,0,0
0.8090114324142569,0.46492392,0.46720535,0.41066545,0.9123243114595867,0,0,0
0.800941492938803,0.46783194,0.4709003,0.40477505,0.9571075622118642,0,0,0
