ACC,Loss,LossPrivileged,LossUnprivileged,BalancedACC,drift-id,gm-id,gm-name
0.8542857142857143,0.44414094,0.41492924,0.99916184,0.76,0,0,0
0.8585714285714285,0.34882116,0.3316448,0.67517084,0.8937282229965157,0,0,0
0.8842857142857142,0.39088222,0.3855343,0.4924928,0.967741935483871,0,0,0
0.8942857142857142,0.4218154,0.41119444,0.62361264,0.9229480737018426,0,0,0
0.89,0.63045126,0.4668845,3.7382197,0.7612687813021703,2,0,0
0.7757142857142857,0.9170393,0.79312104,3.2714858,0.5768500948766603,2,18,18
0.8385714285714285,0.5291609,0.51269704,0.8419758,0.9516994633273704,2,15,15
0.87,0.5001374,0.45838192,1.2934906,0.8814432989690721,0,15,15
0.7771428571428571,0.85736275,0.8090152,1.775964,0.7629063097514339,0,26,26
