ACC,Loss,LossPrivileged,LossUnprivileged,BalancedACC,drift-id,gm-id,gm-name
0.8285714285714286,0.46025208,0.4508595,0.6387105,0.9276672694394213,0,0,0
0.8542857142857143,0.4781953,0.36058003,2.7128875,0.76,1,0,0
0.9028571428571428,0.38706064,0.27311385,2.5520499,0.6530278232405892,1,0,0
0.9128571428571428,0.4269101,0.40552062,0.83331007,0.7736156351791531,1,0,0
0.9028571428571428,0.4951915,0.46097165,1.1453685,0.75,1,0,0
0.8728571428571429,0.53939676,0.4490307,2.256353,0.6097972972972973,1,0,0
0.8985714285714286,0.46938717,0.4309145,1.200368,0.7537190082644628,1,0,0
0.8985714285714286,0.54256946,0.5045376,1.2651752,0.9515859766277128,0,0,0
0.9142857142857143,0.36401546,0.3389851,0.8395931,0.9018003273322422,0,0,0
