ACC,Loss,LossPrivileged,LossUnprivileged,AEQ,OEQ,OPP,MEQ,MPP,drift-id,gm-id,gm-name
0.82798459563543,0.37541017,0.3939705,0.19590905,0.9070950296162761,0.9781133552355963,0.8717578753778228,0.967590346834829,0.8376623376623377,0,0,0
0.8023106546854942,0.48073184,0.3715194,1.5531375,0.7074042309891366,0.7381057020509353,0.7917216024340772,0.4888888888888889,0.6459432048681543,3,0,0
0.834403080872914,0.3749111,0.34517163,0.6540656,0.7991986644407346,0.836593711683564,0.8140457943025148,0.780564263322884,0.8027327369303886,3,0,0
0.7984595635430038,0.40079692,0.342289,0.87849694,0.5761668522830818,0.6146659361054694,0.6867012284458469,0.30067189249720044,0.5207708779443254,3,0,0
0.8433889602053916,0.3199118,0.30739728,0.45290184,0.9133834957444185,0.8663391376451077,0.8259751471550032,0.8516666666666668,0.6807272727272726,2,0,0
0.8305519897304237,0.36817062,0.3510065,0.5367124,0.9669401999622713,0.7657561943273503,0.8796741667112036,0.5766990291262135,0.8174603174603173,2,0,0
0.8356867779204108,0.39659122,0.3318299,0.9704258,0.8502749009078123,0.5867747600475595,0.811400406321774,0.20914542728635682,0.786206896551724,4,0,0
0.8125802310654685,0.4228736,0.37120488,0.8806977,0.7599279154091669,0.6508079293686491,0.7370069940154301,0.32383808095952027,0.7260869565217392,4,0,0
0.8189987163029525,0.3889293,0.36747062,0.677032,0.7792825993489343,0.6982413408883997,0.7224855006105007,0.5071895424836602,0.6285714285714286,4,0,0
