ACC,Loss,LossPrivileged,LossUnprivileged,BalancedACC,drift-id,gm-id,gm-name
0.7676508344030809,0.47559667,0.49544966,0.27451435,0.8237834978843442,0,0,0
0.8241335044929397,0.39870143,0.41284135,0.2734105,0.9222040816326531,0,0,0
0.748395378690629,0.5857342,0.41230634,2.342311,0.3042150429076224,1,0,0
0.3337612323491656,1.0147532,0.9899427,1.2660474,0.9362545018007203,1,11,6-1-3-5-2-4
0.754813863928113,0.57319254,0.40062946,2.2420897,0.3405363688983214,1,0,0
0.6559691912708601,0.59622175,0.5964162,0.59422076,0.8738730422474538,1,11,6-1-3-5-2-4
0.6456996148908858,0.6297014,0.6273595,0.6537986,0.9374705272092804,1,11,6-1-3-5-2-4
0.6123234916559692,0.63248384,0.6528865,0.45421514,0.7003608566609015,0,11,6-1-3-5-2-4
0.8421052631578947,0.3356899,0.34270293,0.26236305,0.9677465493813917,0,0,0
