ACC,Loss,LossPrivileged,LossUnprivileged,BalancedACC,drift-id,gm-id,gm-name
0.9228571428571428,0.2611764,0.25611314,0.35737875,0.9253246753246753,0,0,0
0.9442857142857143,0.21722905,0.1670933,1.1698077,0.6541471048513302,0,0,0
0.9728571428571429,0.10054158,0.096891485,0.1698933,0.9675925925925926,0,0,0
0.9685714285714285,0.10860929,0.083280206,0.5898619,0.8489984591679508,0,0,0
0.9728571428571429,0.15007174,0.068832636,1.6936144,0.8147013782542114,2,0,0
0.9771428571428571,0.11831112,0.061657738,1.1947254,0.7207890743550835,2,0,0
0.9557142857142857,0.24597953,0.19109303,1.2888227,0.7682737169517885,2,0,0
0.9714285714285714,0.09657309,0.0625251,0.74348515,0.8769230769230769,2,0,0
0.9671428571428572,0.13285358,0.08903729,0.9653635,0.8503086419753088,2,0,0
