ACC,Loss,LossPrivileged,LossUnprivileged,BalancedACC,drift-id,gm-id,gm-name
0.8783333333333333,0.2635811,0.25544146,0.41823497,0.8277227722772277,0,0,0
0.8933333333333333,0.26451758,0.26059458,0.36293453,0.9723626558813616,0,0,0
0.89,0.25510183,0.25288105,0.33126163,0.9911594695681741,0,0,0
0.8766666666666667,0.2943463,0.28634238,0.42355257,0.941937338315608,0,0,0
0.8816666666666667,0.30996034,0.26327187,1.2292407,0.5352527619685303,2,0,0
0.8766666666666667,0.29547846,0.2760664,0.74195564,0.7681728880157171,2,2,2
0.89,0.263305,0.2359035,0.70564336,0.6936383928571429,2,2,2
0.8833333333333333,0.2776115,0.262837,0.5583267,0.8228346456692913,2,2,2
0.89,0.2815886,0.27540007,0.39143524,0.9452662721893491,2,2,2
