ACC,Loss,LossPrivileged,LossUnprivileged,BalancedACC,drift-id,gm-id,gm-name
0.8057142857142857,0.5269397,0.51815546,0.535724,0.9859154929577466,0,0,0
0.86,0.36553037,0.31956437,0.41149628,0.9737704918032787,0,0,0
0.8928571428571429,0.36936143,0.3551567,0.3835661,0.9968051118210863,0,0,0
0.8928571428571429,0.4642378,0.36941114,0.5590645,0.9841269841269841,0,0,0
0.7971428571428572,2.0138943,0.6307637,3.3970253,0.8175895765472313,2,0,0
0.7414285714285714,0.9757596,0.82264185,1.1288774,0.8872727272727273,2,6,6
0.8628571428571429,0.4816179,0.44231,0.52092576,0.9868421052631579,2,12,7-8-6-9
0.8371428571428572,0.64296246,0.65552926,0.63039565,0.9664429530201342,2,12,7-8-6-9
0.8542857142857143,0.8043429,0.714444,0.89424187,0.9801324503311258,2,12,7-8-6-9
