ACC,Loss,LossPrivileged,LossUnprivileged,BalancedACC,drift-id,gm-id,gm-name
0.8010269576379975,0.4488383,0.4647198,0.2714114,0.890393816709606,0,0,0
0.8048780487804879,0.40414593,0.41176698,0.32572642,0.971830985915493,0,0,0
0.8048780487804879,0.37676668,0.38254318,0.3269891,0.9699354231706796,0,0,0
0.8151476251604621,0.38279635,0.37831852,0.43038228,0.9923391215526046,0,2,0-1
0.79204107830552,0.42047033,0.3695463,0.8533247,0.6208695652173913,2,2,0-1
0.7676508344030809,0.44544134,0.40707746,0.83401227,0.5726400807672892,2,2,0-1
0.8125802310654685,0.37209672,0.34051558,0.6729712,0.6770476059816161,2,2,0-1
0.8125802310654685,0.38790503,0.36212897,0.653137,0.6940880318693942,0,2,0-1
0.7894736842105263,0.37802863,0.34029493,0.75430274,0.5654130971395382,0,2,0-1
