ACC,Loss,LossPrivileged,LossUnprivileged,AEQ,OEQ,OPP,MEQ,MPP,drift-id,gm-id,gm-name
0.8466711499663753,0.3432197,0.3456092,0.28920916,0.9504037921348315,0.7532793682388004,0.9291462047448835,0.5899159663865546,0.8598265895953756,0,0,0
0.8406186953597848,0.35057136,0.34060854,0.53813815,0.9825364758698092,0.8158915661090738,0.9815610994180033,0.6557275541795666,0.972332725151796,1,0,0
0.8446536650975117,0.3349304,0.3353139,0.32904705,0.9711925573972652,0.9099801078296417,0.9356988783433995,0.8319672131147541,0.9065573770491803,1,0,0
0.8547410894418291,0.31755823,0.31142393,0.42688814,0.9761857240401282,0.7749176991869965,0.9133609730391641,0.5968087639914265,0.8800398208063713,1,0,0
0.8520511096166778,0.32275814,0.31017554,0.5531666,0.9581697372395047,0.6198816701248875,0.8266655622244422,0.2979094076655052,0.7235772357723577,2,0,0
0.8507061197041023,0.347762,0.34780768,0.3470261,0.9722086466165413,0.9486032958317154,0.960362662013958,0.908893372652491,0.9419117647058823,2,7,4-3-1-2
0.8352387357094821,0.33768263,0.33995804,0.28449073,0.9232054060946068,0.8923781736281736,0.8791853797261806,0.8351351351351352,0.8064056939501779,2,7,4-3-1-2
0.8379287155346334,0.33429137,0.330009,0.4184526,0.8903104026845637,0.7964915613818435,0.609588575110405,0.7768595041322314,0.3191489361702127,0,7,4-3-1-2
0.8379287155346334,0.33708376,0.33954924,0.28932735,0.938015449896638,0.942371278815677,0.9261734543044176,0.9285067873303167,0.9040723981900451,0,0,0
