ACC,Loss,LossPrivileged,LossUnprivileged,AEQ,OEQ,OPP,MEQ,MPP,drift-id,gm-id,gm-name
0.8238063214525891,0.3612586,0.3645603,0.2622753,0.9881862404447532,0.7892247031828415,0.6946605665914232,0.5996955859969559,0.4535768645357686,0,0,0
0.8238063214525891,0.36526147,0.33504933,1.0055784,0.8269087134303039,0.8223161575888633,0.8031457027091979,0.6655,0.7560624976355313,3,0,0
0.8379287155346334,0.3528042,0.3541412,0.32044443,0.9300116272924264,0.7069691867261809,0.8850538506359773,0.5691721132897604,0.871764705882353,3,3,3
0.8406186953597848,0.34088007,0.3308201,0.5760525,0.792770071458596,0.6956720487696708,0.7557962711672128,0.6707558622452239,0.5657142857142857,1,3,3
0.8466711499663753,0.32841364,0.3276738,0.34361815,0.989696636465779,0.714076228851118,0.9746228385325388,0.48439913500154463,0.960648148148148,1,0,0
0.8480161398789509,0.32916045,0.31459337,0.59230167,0.9024530839684878,0.7479717385050462,0.8572418058309823,0.4966019417475728,0.8126213592233009,2,0,0
0.8453261600537996,0.33204386,0.32580695,0.47301722,0.897396510299736,0.8411546864810147,0.8418583841714692,0.7399223648850403,0.7550761421319797,2,5,1-2
0.843981170141224,0.31875825,0.31697428,0.35542053,0.9777890687377513,0.6982377174244736,0.8234731781929422,0.41371681415929207,0.6592920353982301,2,5,1-2
0.8365837256220578,0.33755767,0.3338599,0.41845384,0.8970453813968459,0.865286373246204,0.9368627450980391,0.7417355371900827,0.8737254901960784,2,5,1-2
