ACC,Loss,LossPrivileged,LossUnprivileged,BalancedACC,drift-id,gm-id,gm-name
0.9242857142857143,0.24915852,0.22209784,0.76331174,0.8594507269789985,0,0,0
0.9628571428571429,0.11943631,0.10945982,0.30898938,0.9470404984423675,0,0,0
0.96,0.11955367,0.078908846,0.8918053,0.8260869565217391,0,0,0
0.9728571428571429,0.085272335,0.07672689,0.24763554,0.9061538461538462,0,0,0
0.9642857142857143,0.16256945,0.10966079,1.1678338,0.6702453987730062,1,0,0
0.9628571428571429,0.16524404,0.10262364,1.3550317,0.7015384615384616,1,0,0
0.9657142857142857,0.14118518,0.088059306,1.1505767,0.8209876543209877,1,0,0
0.9771428571428571,0.089121155,0.06616242,0.5253371,0.9019908116385911,0,0,0
0.9785714285714285,0.094328426,0.088924356,0.19700582,0.9310872894333844,0,0,0
