ACC,Loss,LossPrivileged,LossUnprivileged,BalancedACC,drift-id,gm-id,gm-name
0.7740693196405648,0.47448328,0.48705748,0.34712398,0.8935119887165022,0,0,0
0.7625160462130937,0.55174744,0.40762767,1.7936684,0.4262967325393709,1,0,0
0.7637997432605905,0.4997175,0.39828056,1.4807383,0.4597240980127339,1,0,0
0.7946084724005135,0.45179585,0.4461736,0.5105814,0.999323269130661,1,1,1
0.32605905006418484,1.4712167,1.4817282,1.3613094,0.6562269259168102,2,1,1
0.9037227214377407,0.2701661,0.24955158,0.47896183,0.9093763821318002,2,8,5-2-3-4
0.9075738125802311,0.21830755,0.1969141,0.4252085,0.9132278722592136,2,8,5-2-3-4
0.9037227214377407,0.20956914,0.19779049,0.32522905,0.9148550724637681,2,8,5-2-3-4
0.9101412066752247,0.22393021,0.2177752,0.3004434,0.983887051907836,2,8,5-2-3-4
