ACC,Loss,LossPrivileged,LossUnprivileged,BalancedACC,drift-id,gm-id,gm-name
0.7982515131136516,0.42422462,0.42437395,0.42095685,0.9780272271315978,0,0,0
0.8177538668459986,0.37561882,0.38163942,0.25900075,0.944848566489302,0,0,0
0.8224613315400134,0.3677516,0.36991486,0.3196537,0.9736342104578226,0,0,0
0.8298587760591796,0.3588903,0.3588141,0.36014798,0.9769048220146428,0,0,0
0.40685944855413586,1.8662165,1.930619,0.47961092,0.5155524278676988,2,0,0
0.9058507061197041,0.22007276,0.21944031,0.2314976,0.9752919224750211,2,7,4-1-2-3
0.9233355749831876,0.21179967,0.20659323,0.31264782,0.9781262118623638,2,7,4-1-2-3
0.4055144586415602,2.7505813,2.8619814,0.42592525,0.4590334186417418,0,7,4-1-2-3
0.8271687962340283,0.35469943,0.3429142,0.5829781,0.7525453535727508,0,0,0
