ACC,Loss,LossPrivileged,LossUnprivileged,BalancedACC,drift-id,gm-id,gm-name
0.7930591259640103,0.44144318,0.46466157,0.25938952,0.8813080639167596,0,0,0
0.7326478149100257,0.5899841,0.4190403,2.146239,0.21247872414838304,2,0,0
0.7776349614395887,0.44048956,0.41581196,0.6824672,0.7502471332542507,2,0,0
0.7866323907455013,0.43293214,0.41273773,0.64043677,0.8351001177856301,1,0,0
0.8161953727506427,0.38689578,0.3773316,0.486757,0.9901115618661257,1,0,0
0.7699228791773779,0.46520573,0.3887645,1.203439,0.3508792719343983,2,0,0
0.8071979434447301,0.3791354,0.36385754,0.50706446,0.9667444199533479,2,0,0
0.8136246786632391,0.3914119,0.37198436,0.6118996,0.847818470908454,1,0,0
0.8149100257069408,0.3888526,0.39857605,0.27849963,0.8750421991801303,1,0,0
