ACC,Loss,LossPrivileged,LossUnprivileged,AEQ,OEQ,OPP,MEQ,MPP,drift-id,gm-id,gm-name
0.8393316195372751,0.3462627,0.36615166,0.19031523,0.8880876634853306,0.8612456890651454,0.8989782180009611,0.7630057803468209,0.8963170917396271,0,0,0
0.8406169665809768,0.33566958,0.34192666,0.2787062,0.987541272287035,0.7341598749916329,0.8522632961055261,0.525030525030525,0.7520661157024794,0,0,0
0.8521850899742931,0.33268797,0.32815188,0.3771668,0.9885771726217673,0.9739766045816711,0.828482431940111,0.9631507775524002,0.7183641975308643,1,0,0
0.8071979434447301,0.36281806,0.34422576,0.5538608,0.8503748125937032,0.8519567281606076,0.8114662794037852,0.8210526315789473,0.7210526315789473,1,0,0
0.8483290488431876,0.32279953,0.31469935,0.40737495,0.9577464788732394,0.9366590602793433,0.9297455771751421,0.874107142857143,0.9152196118488253,1,0,0
0.8444730077120822,0.33547786,0.33526295,0.3375534,0.9594193262411348,0.9980503211819418,0.8835301307248764,0.9970674486803517,0.8258064516129032,0,0,0
0.8431876606683805,0.3162659,0.31633374,0.31569806,0.9842778268097946,0.9129927411679475,0.9102713152580334,0.8365853658536586,0.8208255159474671,0,0,0
0.8547557840616966,0.33208594,0.32575256,0.4039641,0.9426865208624167,0.9293074527343351,0.9049828917983076,0.9160044433051355,0.8113026819923372,1,0,0
0.8174807197943444,0.38253316,0.3746445,0.4720634,0.926465824425008,0.8978114191248623,0.9073092393776157,0.8781842558896763,0.8246268656716418,1,0,0
