ACC,BalancedACC,drift-id,gm-id
0.10534591194968554,0.0716874748288361,0,0
0.7610062893081762,0.9024488619994238,0,0
0.7578616352201258,0.763777710469762,1,0
0.8050314465408805,0.7525332467497328,1,0
0.8317610062893082,0.8222975053895903,1,0
0.8380503144654088,0.9040275959860383,1,0
0.8584905660377359,0.7956957433397225,1,0
0.8459119496855346,0.8515161984744998,1,0
0.8066037735849056,0.6807601513972595,0,0
0.8694968553459119,0.9568997756170531,0,0
0.8789308176100629,0.9756956440853642,0,0
