ACC,Loss,LossPrivileged,LossUnprivileged,AEQ,OEQ,OPP,drift-id,gm-id,gm-name
0.5,1.9520266,1.739837,2.4471357,0.6969696969696969,0.3600311432589912,0.4142802783213741,0,0,0
0.555,1.8266369,1.6016462,2.3516157,0.7018229166666665,0.4101577622919086,0.40622519841269844,0,0,0
0.5266666666666666,2.0265982,1.7596033,2.6495848,0.700960219478738,0.36066796208841667,0.39872161944946755,0,0,0
0.585,1.8767167,1.7318405,2.214761,0.8410852713178295,0.43706666666666677,0.539801036155203,0,0,0
0.51,2.4650378,1.9663031,3.628753,0.6541143654114366,0.34411027568922303,0.36340358215358215,2,0,0
0.5266666666666666,2.3590581,2.1267211,2.9011767,0.6885245901639344,0.4194386372435152,0.42232397232397234,2,0,0
0.5416666666666666,2.1441822,1.7661439,3.0262725,0.7368421052631579,0.3755102040816327,0.43949166164356035,2,0,0
0.49666666666666665,2.4843583,2.016237,3.5766406,0.5518672199170125,0.29156369298774365,0.3736003861003861,0,0,0
0.5066666666666667,2.6525567,2.35511,3.346599,0.7641921397379914,0.37289915966386566,0.4454412026329834,0,0,0
