ACC,Loss,LossPrivileged,LossUnprivileged,BalancedACC,drift-id,gm-id,gm-name
0.93,0.25713614,0.24935254,0.40502387,0.9500000000000001,0,0,0
0.9542857142857143,0.20336674,0.16338396,0.9630393,0.83125,0,0,0
0.9714285714285714,0.10507364,0.101869464,0.16595273,0.9690880989180835,0,0,0
0.9742857142857143,0.097365156,0.0732515,0.55552477,0.9047619047619047,0,0,0
0.9757142857142858,0.13456568,0.10337309,0.7272248,0.9033742331288342,2,0,0
0.9785714285714285,0.09336305,0.056083497,0.80167466,0.8399390243902439,2,0,0
0.9628571428571429,0.19079182,0.15063798,0.95371455,0.8542635658914729,2,0,0
0.9742857142857143,0.06683234,0.05573166,0.27774516,0.9047619047619047,0,0,0
0.9728571428571429,0.11019334,0.08063156,0.67186767,0.8450920245398773,0,0,0
