ACC,Loss,LossPrivileged,LossUnprivileged,AEQ,OEQ,OPP,MEQ,MPP,drift-id,gm-id,gm-name
0.8426361802286483,0.3439972,0.35109773,0.17800738,0.8975664968873798,0.7776243552656488,0.8758264093629947,0.5652173913043478,0.8606271777003485,0,0,0
0.8392737054472091,0.36010906,0.317456,1.0636338,0.7748914330833004,0.6149417224736847,0.7830071680509728,0.2968253968253968,0.7189555125725339,3,0,0
0.8224613315400134,0.37306985,0.36594877,0.51100534,0.9468972485255762,0.8081015572359063,0.9180110753000779,0.6939058171745153,0.9086260173216696,3,3,3
0.8386012104909213,0.35711744,0.35137838,0.4529737,0.9633264671432611,0.772950525807401,0.9919278220842477,0.7149321266968325,0.9880573248407643,3,3,3
0.8076664425016813,0.4181336,0.375261,1.4035109,0.5687135307717713,0.5676443436426694,0.5324288996952716,0.5408450704225352,0.33239436619718304,2,3,3
0.8386012104909213,0.36488438,0.3581386,0.5281555,0.8852445158290714,0.9312564427482617,0.8959936461732279,0.9253700283536664,0.8842637151106834,2,2,2
0.8285137861466039,0.35255912,0.33908445,0.65216064,0.8818697257383966,0.9525636222045902,0.8538372335048021,0.906578947368421,0.8201005025125628,4,2,2
0.8426361802286483,0.349882,0.34005067,0.5684764,0.8856846473029045,0.9445777435727185,0.899915631589398,0.9185185185185184,0.8411846466374425,4,4,4
0.8365837256220578,0.34863403,0.34385163,0.44126856,0.9130575157972417,0.9627775265236921,0.9388082896292929,0.9284040558963871,0.919824371466378,4,4,4
