ACC,Loss,LossPrivileged,LossUnprivileged,BalancedACC,drift-id,gm-id,gm-name
0.7891373801916933,0.4448975,0.48806924,0.35018387,0.9006444382179881,0,0,0
0.8258785942492013,0.3677133,0.38591725,0.33139256,0.9794861253854059,0,0,0
0.6677316293929713,0.8460621,0.38579148,1.9689202,0.35423754327863916,1,0,0
0.6565495207667732,0.8730815,0.38246426,1.9414816,0.3868631187002749,1,0,0
0.7747603833865815,0.49376193,0.46369222,0.56173223,0.9451449805068225,1,16,8-9
0.2827476038338658,1.2562096,1.1660863,1.4386328,0.34852992929583776,2,16,8-9
0.8434504792332268,0.35647133,0.32636663,0.42202914,0.9724914818162855,2,15,2-3-4-5-6-1-7
0.5718849840255591,1.4497688,2.0006611,0.3184237,0.45535083777364055,0,15,2-3-4-5-6-1-7
0.8386581469648562,0.32650107,0.39206105,0.20028289,0.8718793342579749,0,0,0
