ACC,Loss,LossPrivileged,LossUnprivileged,AEQ,OEQ,OPP,MEQ,MPP,drift-id,gm-id,gm-name
0.9342857142857143,0.23236315,0.22858743,0.2663446,0.9425675675675675,0.9165023590250885,0.8987263478536734,0.7195767195767195,0.7666666666666666,0,0,0
0.9542857142857143,0.2317568,0.23067419,0.24150033,0.9867109634551494,0.951607582548165,0.9200471505950096,0.9051724137931034,0.7727272727272727,0,0,0
0.97,0.09829257,0.09778309,0.10287784,0.9852941176470589,0.9412026486989633,0.9347415253773281,0.7023809523809523,0.8,0,0,0
0.97,0.12781921,0.12629838,0.14150678,0.9852941176470589,0.950912921161529,0.9540823899021273,0.8571428571428572,0.875,0,0,0
0.9628571428571429,0.1446107,0.10588095,0.49317852,0.8794788273615635,0.8608684210456696,0.8474829520582015,0.6774193548387096,0.6666666666666666,0,0,0
0.9728571428571429,0.11824373,0.072031505,0.5341538,0.8695652173913042,0.878906101339137,0.8562460983250055,0.45578231292517,0.6,0,0,0
0.9757142857142858,0.109809525,0.07218916,0.44839293,0.9305331179321487,0.9019388792105628,0.9193108163240531,0.6096774193548388,0.7625000000000001,0,0,0
0.9571428571428572,0.18008883,0.08688255,1.0189456,0.7572815533980584,0.7556279839703821,0.7813574215947778,0.1726190476190476,0.09235209235209235,1,0,0
0.9571428571428572,0.15479317,0.07328449,0.8883716,0.7415185783521809,0.7684963981838981,0.7530421832300309,0.0,0.0,1,0,0
