ACC,Loss,LossPrivileged,LossUnprivileged,AEQ,OEQ,OPP,MEQ,MPP,drift-id,gm-id,gm-name
0.7886944818304172,0.441606,0.44520563,0.3665432,0.9556719725972195,0.8917435979927888,0.8977603652436377,0.8128342245989305,0.8148148148148147,0,0,0
0.7880215343203231,0.45970485,0.42921555,1.0498606,0.6668643206350743,0.6024613866775532,0.8168946816604501,0.22183098591549297,0.6461133069828722,1,0,0
0.8149394347240915,0.41600996,0.4056545,0.61083084,0.8610592976396084,0.9366715534793302,0.7220125797573671,0.936372269705603,0.7074235807860262,1,0,0
0.8162853297442799,0.39632285,0.38946474,0.53505206,0.9607698001480384,0.9344891193259715,0.7875654879854932,0.9272727272727271,0.7335616438356165,1,0,0
0.8021534320323015,0.39169204,0.38576818,0.5277494,0.9944382022471911,0.8133669934206802,0.7501868881724597,0.6712837498745358,0.6887491264849754,1,0,0
0.8236877523553163,0.3645876,0.36464256,0.3634047,0.987887323943662,0.5202040120060791,0.9323073641142331,0.43296051745047837,0.8886297376093293,1,0,0
0.800807537012113,0.3951658,0.38943854,0.5076429,0.8793532338308458,0.4045058968005536,0.9730696605829601,0.318803715265734,0.9681581685744016,1,0,0
0.8270524899057874,0.37095043,0.3649402,0.5023433,0.9464672848374037,0.532626773592995,0.8932366975130133,0.47108155002891844,0.8482142857142856,1,0,0
0.8216689098250336,0.3671346,0.35672882,0.5408121,0.9537414965986395,0.7317684713176362,0.9291586913234308,0.6419365499008592,0.9172864548118098,1,0,0
