ACC,Loss,LossPrivileged,LossUnprivileged,AEQ,OEQ,OPP,MEQ,MPP,drift-id,gm-id,gm-name
0.8109017496635262,0.3589947,0.36411706,0.25217876,0.931462312638952,0.923985288995431,0.8408668361821604,0.9233716475095786,0.6946564885496184,0,0,0
0.8398384925975774,0.3505439,0.3428459,0.4995484,0.9775840597758405,0.6010809776629837,0.8837491789263823,0.24950495049504948,0.8047808764940239,1,0,0
0.845222072678331,0.34310412,0.34364557,0.33291772,0.9432814665157557,0.9404168961522879,0.9381645692554423,0.9125874125874125,0.9294871794871794,1,0,0
0.8586810228802153,0.314351,0.3165876,0.26910833,0.9846485134759656,0.7765056899688103,0.9269394417156832,0.6188637617209045,0.8758454106280192,1,0,0
0.8425302826379543,0.3318604,0.32688642,0.44610146,0.9659280066583438,0.9272854901126073,0.9457866835463069,0.901098901098901,0.8999999999999999,1,0,0
0.8580080753701211,0.31804702,0.31915563,0.2941958,0.9579374552399141,0.9345031969309463,0.8946983180392791,0.9320652173913043,0.7974481658692185,1,0,0
0.8337819650067295,0.34738377,0.35045764,0.2870169,0.9666468951042569,0.9821198286595823,0.9776445648504594,0.9810526315789473,0.9650990622576324,1,0,0
0.8492597577388964,0.33107415,0.33041307,0.3455267,0.9961761519342298,0.8970008100492664,0.92993035145506,0.8292079207920792,0.8922261484098939,1,0,0
0.8532974427994616,0.32176185,0.32055384,0.3419244,0.9952448882548741,0.7351327413630289,0.9725531081229838,0.5181950509461426,0.9606986899563318,1,0,0
