ACC,Loss,LossPrivileged,LossUnprivileged,BalancedACC,drift-id,gm-id,gm-name
0.8716666666666667,0.2997927,0.25715014,0.39324355,0.9062104657849338,0,0,0
0.8683333333333333,0.29289737,0.24342513,0.38964847,0.9471881885674989,0,0,0
0.88,0.30561858,0.23534662,0.43517208,0.8984313463720713,0,0,0
0.84,0.37052035,0.3193217,0.46990603,0.9195046439628483,0,2,0-1
0.765,0.5382407,0.29265592,1.007951,0.6543178334184976,2,2,0-1
0.8016666666666666,0.4595352,0.23157,0.8987851,0.6263522139353624,2,2,0-1
0.765,0.5050634,0.2989337,0.9464616,0.5514738578498172,2,2,0-1
0.8466666666666667,0.3272625,0.2580187,0.45680478,0.8918994102592633,0,2,0-1
0.86,0.30737495,0.2305707,0.47058406,0.8627384196185286,0,2,0-1
