ACC,Loss,LossPrivileged,LossUnprivileged,AEQ,OEQ,OPP,MEQ,MPP,drift-id,gm-id,gm-name
0.9328571428571428,0.24176651,0.21098505,0.51879966,0.9441624365482233,0.8717471998908044,0.8899709380441477,0.6521739130434782,0.6264705882352941,0,0,0
0.9528571428571428,0.18291382,0.17543244,0.25024617,0.9552238805970149,0.8978028800036864,0.9078853702568574,0.5403225806451613,0.765,0,0,0
0.9528571428571428,0.1964992,0.17786592,0.36419877,0.9387417218543046,0.9109703783732759,0.9066224589363662,0.8137931034482758,0.7777777777777778,0,0,0
0.9514285714285714,0.18269968,0.12948224,0.6616565,0.7781402936378466,0.7195815313953636,0.7492307960303194,0.2537878787878788,0.26136363636363635,0,0,0
0.8271428571428572,1.0353307,0.8930322,2.316016,0.6679035250463822,0.6969934054146906,0.6535665541577197,0.0,0.0,2,11,11
0.8642857142857143,0.6083594,0.5152064,1.4467373,0.7232142857142858,0.7111457886435115,0.6983711931214527,0.29245283018867924,0.38383838383838387,2,15,15
0.8857142857142857,0.5327631,0.4765326,1.0388377,0.7894736842105263,0.7903143449862481,0.7989138874863814,0.46527777777777773,0.5947521865889213,2,20,20
0.9371428571428572,0.3667026,0.19508934,1.9112217,0.7910447761194029,0.6978226786418636,0.7259823920369007,0.0,0.0,0,12,12
0.9342857142857143,0.26271105,0.19798166,0.84527576,0.8592964824120604,0.7943666174684294,0.85000190015817,0.5166666666666666,0.5277777777777778,0,1,1
