ACC,Loss,LossPrivileged,LossUnprivileged,BalancedACC,drift-id,gm-id,gm-name
0.8716666666666667,0.28986022,0.2799809,0.40095162,0.881043551441195,0,0,0
0.865,0.34681982,0.27293995,1.0938272,0.7536231884057971,1,0,0
0.8483333333333334,0.3605228,0.2879922,1.0792352,0.6426397869912513,1,0,0
0.8516666666666667,0.32109722,0.31506068,0.38897786,0.9809379070777248,0,0,0
0.8716666666666667,0.29821387,0.27384794,0.53033113,0.8533991228070176,0,0,0
0.8833333333333333,0.29480034,0.28439468,0.40219462,0.995721342720448,0,0,0
0.8516666666666667,0.31888458,0.2668889,0.7125662,0.7133680024472315,1,0,0
0.87,0.27956408,0.24618812,0.63129574,0.7111845210004719,1,0,0
0.89,0.25040463,0.21214367,0.60123837,0.6628548090667756,1,0,0
