ACC,Loss,LossPrivileged,LossUnprivileged,AEQ,OEQ,OPP,MEQ,MPP,drift-id,gm-id,gm-name
0.8428571428571429,0.470049,0.45001286,0.8507355,0.7359154929577465,0.6311345562866706,0.5998805683649105,0.0,0.0,0,0,0
0.8657142857142858,0.48031804,0.31289765,3.6613054,0.6820512820512821,0.6945720927320813,0.6978987191861767,0.0,0.0,2,0,0
0.7728571428571429,0.89509463,0.8614789,1.5337911,0.7673076923076924,0.5146707221490101,0.5315046785485754,0.0,0.0,2,2,2
0.8314285714285714,0.8196536,0.59462565,5.095184,0.5026455026455027,0.48296289524472885,0.4805580902590538,0.0,0.0,4,6,2-3
0.8928571428571429,0.59125704,0.47292936,2.839484,0.693200663349917,0.6164003157988749,0.5832590579846059,0.0,0.0,4,0,0
0.8771428571428571,0.6431387,0.58612,1.7264935,0.8064516129032259,0.7339577468304754,0.6567043350891055,0.0,0.0,4,0,0
0.9,0.537355,0.3998951,3.149094,0.7524752475247525,0.7268255466628755,0.6772043862209898,0.0,0.0,2,0,0
0.8671428571428571,0.65844595,0.54916555,2.7347715,0.7145299145299145,0.5599550902060041,0.5614768246177982,0.0,0.0,3,6,2-3
0.86,0.55543554,0.531413,1.011865,0.7889273356401384,0.7539526542263444,0.7897801504051505,0.3623188405797101,0.43125,3,5,5
