ACC,Loss,LossPrivileged,LossUnprivileged,BalancedACC,drift-id,gm-id,gm-name
0.8271428571428572,0.4562769,0.44750613,0.5352139,0.9827586206896551,0,0,0
0.88,0.40411082,0.36789343,0.73006725,0.847246891651865,0,0,0
0.9142857142857143,0.31535056,0.29141694,0.5307535,0.9653979238754326,0,0,0
0.9085714285714286,0.3890182,0.38975143,0.3824191,0.9547826086956522,0,0,0
0.91,0.375867,0.3155884,0.9183743,0.9186851211072665,0,0,0
0.9,0.44398573,0.42053384,0.6550527,0.9299474605954466,0,0,0
0.9,0.4667235,0.40768632,0.99805844,0.9125874125874126,0,0,0
0.8642857142857143,0.7462205,0.6741461,1.3948894,0.8285198555956679,1,0,0
0.8942857142857142,0.51266235,0.3965663,1.557527,0.7474048442906575,1,0,0
