ACC,Loss,LossPrivileged,LossUnprivileged,AEQ,OEQ,OPP,MEQ,MPP,drift-id,gm-id,gm-name
0.9328571428571428,0.23266108,0.22856896,0.2694903,0.9106239460370995,0.8884823880049078,0.8890020730598953,0.6792452830188679,0.7555555555555555,0,0,0
0.9542857142857143,0.23188707,0.23061898,0.24330005,0.9701492537313433,0.9421240016119359,0.925261814978368,0.8142361111111112,0.7723880597014926,0,0,0
0.9728571428571429,0.10051546,0.10063387,0.09944971,0.99836867862969,0.9465153367824222,0.9602787439454143,0.6900584795321637,0.9147540983606558,0,0,0
0.9685714285714285,0.1265225,0.124248944,0.14698467,0.9869067103109657,0.9427573811845376,0.9544026242927505,0.8571428571428572,0.8725961538461539,0,0,0
0.97,0.13474531,0.09323224,0.5083629,0.9365853658536585,0.9243342228073992,0.9109483901477233,0.7142857142857142,0.7023809523809523,0,0,0
0.9742857142857143,0.12672025,0.081073195,0.5375437,0.9159935379644589,0.9109862865553,0.9247587889429264,0.6077097505668934,0.7142857142857143,0,0,0
0.9871428571428571,0.11483226,0.08264983,0.40447432,0.9503999999999999,0.9261893099266532,0.9513461605402395,0.4,0.7777777777777778,0,0,0
0.9485714285714286,0.49163443,0.12037237,3.8329926,0.7170731707317073,0.7180243355458382,0.7543452150342373,0.0,0.0,1,0,0
0.9542857142857143,0.20629244,0.22207826,0.064219914,0.964573268921095,0.9334290186703095,0.947418328593051,0.8463541666666666,0.9125000000000001,1,1,1
