ACC,Loss,LossPrivileged,LossUnprivileged,BalancedACC,drift-id,gm-id,gm-name
0.9185714285714286,0.28999776,0.28404224,0.34359768,0.9604130808950085,0,0,0
0.9457142857142857,0.1937239,0.13752614,0.6995038,0.799342105263158,0,0,0
0.97,0.11423391,0.11304779,0.124908924,0.9983660130718953,0,0,0
0.9785714285714285,0.05867315,0.050247762,0.13450165,0.9596122778675283,0,0,0
0.9671428571428572,0.23767237,0.0918649,1.5499396,0.9234527687296418,2,0,0
0.9714285714285714,0.17505968,0.06817826,1.1369925,0.8234349919743178,2,0,0
0.9557142857142857,0.20383127,0.11871954,0.96983665,0.8382352941176471,2,0,0
0.9828571428571429,0.06562547,0.06558265,0.066010945,0.9870967741935485,0,0,0
0.9642857142857143,0.13137923,0.09032398,0.50087655,0.862012987012987,0,0,0
