ACC,Loss,LossPrivileged,LossUnprivileged,BalancedACC,drift-id,gm-id,gm-name
0.82,0.50591785,0.504555,0.50728065,0.986159169550173,0,0,0
0.8685714285714285,0.3796154,0.31672573,0.44250506,0.9487179487179487,0,0,0
0.8871428571428571,0.371809,0.33881748,0.40480044,0.9967845659163986,0,0,0
0.8971428571428571,0.48020363,0.37229225,0.5881151,0.9936507936507936,0,0,0
0.7857142857142857,2.076724,0.6140525,3.5393956,0.7973856209150326,2,0,0
0.7785714285714286,0.85998046,0.9014695,0.8184914,0.9890510948905109,2,7,7
0.8314285714285714,0.6338588,0.6438942,0.6238234,0.9863481228668942,2,11,11
0.7528571428571429,1.9685943,0.73005885,3.20713,0.8047945205479451,0,11,11
0.8742857142857143,0.74769014,0.6934783,0.80190206,0.993485342019544,0,0,0
