ACC,Loss,LossPrivileged,LossUnprivileged,BalancedACC,drift-id,gm-id
0.9442857142857143,0.24212734,0.24497674,0.18798894,0.998407643312102,0,<federated.algorithms.fair_fed_drift.ClientIdentity.ClientIdentity object at 0x7f3d13ab0e80>
0.9442857142857143,0.20852444,0.14428927,1.4289919,0.7779527559055118,1,<federated.algorithms.fair_fed_drift.ClientIdentity.ClientIdentity object at 0x7f3c941c5780>
0.8885714285714286,0.54087967,0.51126933,1.1034755,0.8288590604026846,1,<federated.algorithms.fair_fed_drift.ClientIdentity.ClientIdentity object at 0x7f3c7c770880>
0.8371428571428572,0.8193352,0.7659672,1.8333298,0.7061946902654866,1,<federated.algorithms.fair_fed_drift.ClientIdentity.ClientIdentity object at 0x7f3c1c0b1b10>
0.8428571428571429,0.7084536,0.65633637,1.6986811,0.5296167247386759,1,<federated.algorithms.fair_fed_drift.ClientIdentity.ClientIdentity object at 0x7f3d100c1810>
0.9428571428571428,0.25349188,0.23793481,0.5490758,0.9364069952305246,1,<federated.algorithms.fair_fed_drift.ClientIdentity.ClientIdentity object at 0x7f3bfc23c700>
0.8628571428571429,0.61651605,0.57008183,1.4987673,0.5502555366269165,1,<federated.algorithms.fair_fed_drift.ClientIdentity.ClientIdentity object at 0x7f3c5c45b100>
0.8214285714285714,0.8304248,0.7589154,2.1891031,0.6492805755395683,0,<federated.algorithms.fair_fed_drift.ClientIdentity.ClientIdentity object at 0x7f3b87026020>
0.83,0.96209186,0.94797164,1.2303772,0.677361853832442,0,<federated.algorithms.fair_fed_drift.ClientIdentity.ClientIdentity object at 0x7f3b503bd0c0>
0.8557142857142858,0.6495489,0.6133693,1.3369627,0.7930434782608695,0,<federated.algorithms.fair_fed_drift.ClientIdentity.ClientIdentity object at 0x7f3b854326e0>
