ACC,Loss,LossPrivileged,LossUnprivileged,BalancedACC,drift-id,gm-id,gm-name
0.8728571428571429,0.38600218,0.37960994,0.4435323,0.9800362976406533,0,0,0
0.8285714285714286,0.65535015,0.39260802,3.0200293,0.6846011131725418,1,0,0
0.8642857142857143,0.46951944,0.38983485,1.1866804,0.7406082289803221,1,0,0
0.8814285714285715,0.53424186,0.34470022,2.2401161,0.7080419580419581,1,0,0
0.8785714285714286,0.5441899,0.42735198,1.5957302,0.7275922671353251,2,0,0
0.8871428571428571,0.4947445,0.4124766,1.2351552,0.7880910683012259,2,0,0
0.8828571428571429,0.4984274,0.45209807,0.9153911,0.8617021276595744,2,0,0
0.9028571428571428,0.49268126,0.3891662,1.4243169,0.8578856152512998,2,0,0
0.88,0.68777055,0.5830002,1.6307039,0.7950530035335689,2,0,0
