ACC,Loss,LossPrivileged,LossUnprivileged,AEQ,OEQ,OPP,MEQ,MPP,drift-id,gm-id,gm-name
0.9314285714285714,0.23668213,0.2047212,0.5243304,0.9457627118644067,0.8702087383523427,0.8878150487991435,0.6521739130434782,0.6264705882352941,0,0,0
0.96,0.17537962,0.1716407,0.20902999,0.9801980198019802,0.9214341739900194,0.9324171832754908,0.5583333333333333,0.7647058823529412,0,0,0
0.9671428571428572,0.12759078,0.11566578,0.23491581,0.9885245901639345,0.926187553450071,0.942068110371523,0.6103448275862069,0.875,0,0,0
0.9728571428571429,0.095198266,0.073962316,0.28632182,0.93354943273906,0.9057173647399411,0.9041019144789637,0.7730769230769231,0.6266666666666666,0,0,0
0.94,0.58660555,0.21479018,3.9329438,0.7241379310344828,0.7496775793650794,0.7449584899584899,0.0,0.0,2,0,0
0.92,0.29802188,0.23361811,0.8776556,0.7740303541315345,0.7742964811713893,0.767753079087629,0.32298136645962733,0.6198547215496367,2,2,2
0.95,0.24843493,0.18804815,0.79191566,0.84375,0.820906330812117,0.8416142915477266,0.5828779599271403,0.5776223776223777,2,2,2
0.9685714285714285,0.26421192,0.038308352,2.2973442,0.8102893890675241,0.750943147047,0.7551936862420734,0.0,0.0,0,2,2
0.9857142857142858,0.058679342,0.03719959,0.2519971,0.9678972712680578,0.944458155687664,0.9576450108626162,0.8333333333333334,0.8474576271186441,0,0,0
