ACC,Loss,LossPrivileged,LossUnprivileged,AEQ,OEQ,OPP,MEQ,MPP,drift-id,gm-id,gm-name
0.9528571428571428,0.1752521,0.1648409,0.26895273,0.9717607973421927,0.9147496052543241,0.9084189908676766,0.823529411764706,0.703030303030303,0,0,0
0.9471428571428572,0.2110449,0.19059895,0.39505854,0.9782608695652175,0.9092820693994306,0.920051123679492,0.75,0.84,0,0,0
0.9671428571428572,0.15190078,0.11958789,0.4427168,0.9073170731707317,0.908353563372622,0.8906467174964041,0.7333333333333333,0.712280701754386,0,0,0
0.9485714285714286,0.23704015,0.22593887,0.33695123,0.9600000000000001,0.9059973601920787,0.9159040632941376,0.6357758620689655,0.7412398921832885,0,0,0
0.9571428571428572,0.39312482,0.08328108,3.1817183,0.773095623987034,0.7491134066354792,0.7417748311004357,0.0,0.0,2,0,0
0.8514285714285714,0.76242983,0.6871153,1.4402603,0.7883211678832117,0.7092378211286137,0.7330802848214185,0.0,0.0,2,9,9
0.9528571428571428,0.34109628,0.17035909,1.8777311,0.840983606557377,0.7508969112412154,0.747035267230901,0.0,0.0,2,0,0
0.9528571428571428,0.32897246,0.07869088,2.5815067,0.7768729641693811,0.7504614167389188,0.7441411603348078,0.0,0.0,0,12,8-6-7-9
0.9785714285714285,0.11223381,0.10324103,0.19316882,0.9918962722852512,0.9538037395182567,0.9687215140293406,0.8571428571428571,0.8571428571428571,0,0,0
