ACC,Loss,LossPrivileged,LossUnprivileged,BalancedACC,drift-id,gm-id,gm-name
0.8766666666666667,0.29875317,0.2793575,0.49094683,0.8821757952192736,0,0,0
0.8866666666666667,0.2707504,0.24380687,0.5671293,0.8701825557809331,0,0,0
0.86,0.33642215,0.3060209,0.6568048,0.885585003232062,0,0,0
0.8916666666666667,0.25411707,0.25043544,0.29374853,0.9875267284390592,0,0,0
0.8816666666666667,0.29009864,0.23647226,0.8673704,0.6930997751213162,2,0,0
0.86,0.33113438,0.27879176,0.78533334,0.6898366851127008,2,2,2
0.8916666666666667,0.26395977,0.25213295,0.391272,0.9170743348049158,2,2,2
0.8516666666666667,0.3488221,0.29016808,0.9075786,0.7004643962848298,0,2,2
0.8916666666666667,0.27607933,0.24828602,0.54607165,0.8275862068965517,0,0,0
