ACC,Loss,LossPrivileged,LossUnprivileged,AEQ,OEQ,OPP,drift-id,gm-id,gm-name
0.13333333333333333,4.607498,4.6075845,4.606727,0.6,0.04565217391304348,0.04698355575548558,0,0,0
0.175,4.609716,4.6099114,4.607949,0.2647058823529412,0.03333333333333333,0.06899509803921569,0,0,0
0.165,4.6083064,4.608457,4.6069474,0.28125,0.023214285714285715,0.07662337662337662,0,0,0
0.18833333333333332,4.607177,4.6072745,4.6063037,0.33027522935779813,0.05833333333333333,0.08933333333333332,0,0,0
0.19666666666666666,4.6068406,4.606954,4.605817,0.23478260869565218,0.03680555555555556,0.03340874811463047,2,0,0
0.20833333333333334,4.6066456,4.6067257,4.605926,0.2213114754098361,0.04844961240310078,0.10344827586206896,2,0,0
0.17833333333333334,4.606308,4.606367,4.605782,0.34951456310679613,0.03571428571428571,0.09894736842105263,2,0,0
0.17166666666666666,4.6060486,4.60609,4.605675,0.1782178217821782,0.01627906976744186,0.05570291777188329,2,0,0
0.185,4.6060205,4.6060576,4.6056814,0.25,0.03344407530454042,0.08333333333333333,2,0,0
