ACC,Loss,LossPrivileged,LossUnprivileged,BalancedACC,drift-id,gm-id
0.1232876712328767,2.4178128,2.4201913,2.3962421,0.6767884714359238,0,0
0.9041095890410958,0.4242854,0.40962973,0.55719745,0.9068965517241379,0,0
0.9417808219178082,0.25319427,0.24510251,0.32657808,0.9873470522803115,0,0
0.9503424657534246,0.18047886,0.16073295,0.3595539,0.957480423135046,0,0
0.9554030874785592,0.16888428,0.14339663,0.39959133,0.9123279269456182,0,0
0.9399656946826758,0.23902588,0.2202907,0.40861142,0.9489710789766407,0,0
0.12521440823327615,2.4818285,2.4726264,2.5651217,0.0,2,0
0.8987993138936535,0.5208989,0.54012924,0.3468303,0.9972238457042665,2,0
0.9399656946826758,0.23086083,0.23939309,0.15362914,0.9902683982683982,2,0
0.9828473413379074,0.089824624,0.09487875,0.044076115,0.9809523809523809,0,0
0.967409948542024,0.12326313,0.11770993,0.17352913,0.978084140640878,0,0
0.9759862778730704,0.08864041,0.037762105,0.54917675,0.9104248649369706,0,0
