ACC,Loss,LossPrivileged,LossUnprivileged,BalancedACC,drift-id,gm-id,gm-name
0.8022328548644339,0.38379458,0.4235204,0.3049104,0.8730841413825462,0,0,0
0.8293460925039873,0.38223016,0.41804135,0.32249394,0.9514290790943243,0,0,0
0.8210862619808307,0.3918596,0.42750874,0.3207319,0.9379982047881247,0,0,0
0.7987220447284346,0.4053358,0.45425954,0.29391256,0.8834510455615565,0,0,0
0.5511182108626198,1.0860544,1.5438647,0.21706246,0.39579051628079726,2,0,0
0.8115015974440895,0.46546876,0.504544,0.3875052,0.953710174717369,2,16,16
0.6437699680511182,0.60806143,0.72639114,0.33652583,0.675734525606782,2,10,1-2
0.4584664536741214,0.91521806,1.2292768,0.30626872,0.29309728892946457,0,21,14-17-12-13-15
0.8562300319488818,0.2988077,0.34249407,0.21037957,0.9609221327598415,0,0,0
