ACC,Loss,LossPrivileged,LossUnprivileged,BalancedACC,drift-id,gm-id,gm-name
0.93,0.22011909,0.20484231,1.7325208,0.30508474576271183,0,0,0
0.9471428571428572,0.24787964,0.23152702,1.8667872,0.45,1,0,0
0.96,0.11658955,0.10918185,0.8499507,0.7421289355322339,1,0,0
0.95,0.17748937,0.17012069,0.9069893,0.9013657056145674,1,0,0
0.9642857142857143,0.16583802,0.15276791,1.4597776,0.7388059701492538,1,0,0
0.9614285714285714,0.11529697,0.10089416,1.5411764,0.29508196721311475,1,0,0
0.9657142857142857,0.11935648,0.10974918,1.0704792,0.5892857142857142,1,0,0
0.9671428571428572,0.13055383,0.11864398,1.3096297,0.4406528189910979,1,0,0
0.9557142857142857,0.14493452,0.13417087,1.2105356,0.5954887218045113,1,0,0
