ACC,Loss,LossPrivileged,LossUnprivileged,BalancedACC,drift-id,gm-id
0.9328571428571428,0.24733561,0.20609346,0.2885778,0.972809667673716,0,<federated.algorithms.fair_fed_drift.ClientIdentity.ClientIdentity object at 0x7f0ca449abf0>
0.8457142857142858,1.6078418,0.20338488,3.0122983,0.7831325301204819,1,<federated.algorithms.fair_fed_drift.ClientIdentity.ClientIdentity object at 0x7f0ca416af80>
0.8585714285714285,0.5540141,0.5277411,0.5802871,0.9704918032786884,1,<federated.algorithms.fair_fed_drift.ClientIdentity.ClientIdentity object at 0x7f0ca050ce20>
0.91,0.32021227,0.36312157,0.27730304,0.9782608695652175,1,<federated.algorithms.fair_fed_drift.ClientIdentity.ClientIdentity object at 0x7f0ca42697b0>
0.7714285714285715,2.1735418,0.3414463,4.0056376,0.6770186335403727,2,<federated.algorithms.fair_fed_drift.ClientIdentity.ClientIdentity object at 0x7f0bd419f7c0>
0.9614285714285714,0.1292192,0.09965444,0.15878396,0.9852507374631269,2,<federated.algorithms.fair_fed_drift.ClientIdentity.ClientIdentity object at 0x7f0c0c34c3d0>
0.9671428571428572,0.1286559,0.15272388,0.104587905,0.9911764705882353,2,<federated.algorithms.fair_fed_drift.ClientIdentity.ClientIdentity object at 0x7f0bec0abbe0>
0.9914285714285714,0.028109534,0.00827623,0.047942836,0.9885386819484242,2,<federated.algorithms.fair_fed_drift.ClientIdentity.ClientIdentity object at 0x7f0bdc4adf00>
0.9685714285714285,0.12598455,0.101501115,0.15046799,0.9709302325581395,2,<federated.algorithms.fair_fed_drift.ClientIdentity.ClientIdentity object at 0x7f0bdc4eaa40>
0.9385714285714286,0.17826146,0.099627696,0.2568952,0.8988439306358381,0,<federated.algorithms.fair_fed_drift.ClientIdentity.ClientIdentity object at 0x7f0c3622dc90>
