ACC,Loss,LossPrivileged,LossUnprivileged,BalancedACC,drift-id,gm-id,gm-name
0.9542857142857143,0.19256195,0.22308783,0.16203609,0.9880952380952381,0,0,0
0.8671428571428571,1.2975082,0.15465142,2.440365,0.8065476190476191,2,0,0
0.7985714285714286,1.0378498,0.9313821,1.1443176,0.9893238434163701,2,4,4
0.7414285714285714,2.6171768,0.6203016,4.614052,0.6905537459283388,1,1,1
0.9185714285714286,0.3965116,0.20451106,0.58851224,0.9194029850746268,1,6,6
0.9214285714285714,0.3499437,0.39050823,0.30937925,0.9969040247678019,1,6,6
0.9428571428571428,0.24494864,0.3547573,0.13513997,0.952662721893491,1,6,6
0.8571428571428571,1.9103909,0.118180044,3.702602,0.7543859649122807,0,6,6
0.9785714285714285,0.082300484,0.0013045908,0.16329639,0.9571428571428572,0,0,0
