ACC,Loss,LossPrivileged,LossUnprivileged,AEQ,OEQ,OPP,drift-id,gm-id,gm-name
0.8186666666666667,0.6432973,0.39651734,1.6304172,0.7049808429118773,0.6931900564018999,0.7519532524545426,0,0,0
0.856,0.70321745,0.24501865,2.536013,0.4895104895104895,0.5263135564889498,0.5664670541030925,0,0,0
0.7706666666666667,1.9802632,0.63652164,7.355229,0.39543726235741444,0.3596945947554392,0.5807861153649821,2,0,0
0.584,3.4903178,2.562573,7.2012963,0.3582089552238806,0.3411634621949136,0.9570929164524967,2,12,12
0.6666666666666666,3.151597,2.1340983,7.221592,0.42477876106194695,0.436008086055614,0.8004916442048516,2,11,11
0.8373333333333334,1.1151242,0.51749724,3.5056314,0.5672727272727273,0.5435251867027464,0.8011880799131541,0,0,0
0.8613333333333333,0.8469534,0.29194868,3.0669718,0.5815602836879432,0.5963431653212967,0.6139888276590926,0,0,0
0.7626666666666667,1.5803968,0.41633466,6.2366457,0.22140221402214025,0.2768951202380989,0.45738313701906913,1,0,0
0.6586666666666666,2.4583137,2.0702798,4.0104494,0.6384976525821596,0.6665967955297284,0.9005473051801623,1,21,21
