ACC,Loss,LossPrivileged,LossUnprivileged,BalancedACC,drift-id,gm-id,gm-name
0.8135935397039031,0.40860647,0.41377547,0.3085547,0.9397769015603412,0,0,0
0.797442799461642,0.45001963,0.40220156,1.3891139,0.632960704607046,1,0,0
0.8149394347240915,0.38788664,0.36125115,0.9996436,0.6033898305084746,1,0,0
0.8337819650067295,0.35439116,0.35768998,0.2940281,0.9966952196739431,0,0,0
0.8344549125168237,0.34822804,0.3524305,0.25005504,0.9587156570671963,0,0,0
0.8310901749663526,0.35768926,0.3507789,0.4745003,0.8782968329878287,0,0,0
0.82907133243607,0.34190246,0.33590773,0.47958928,0.9513265890437106,1,0,0
0.8485868102288021,0.34477383,0.33439294,0.5681211,0.8329589136837902,1,0,0
0.8257065948855989,0.35939386,0.34807447,0.57234913,0.9334245794126034,1,0,0
