ACC,Loss,LossPrivileged,LossUnprivileged,BalancedACC,drift-id,gm-id,gm-name
0.8185714285714286,0.4758104,0.46234548,0.4892754,0.9826989619377162,0,0,0
0.7628571428571429,1.5384413,0.38164532,2.6952374,0.7740863787375415,2,0,0
0.7757142857142857,0.8594487,0.867465,0.8514324,0.946236559139785,2,2,2
0.7685714285714286,1.5721636,0.505467,2.6388605,0.7993311036789297,0,15,6-1-7-2-5
0.8014285714285714,1.8833269,0.47205794,3.2945964,0.798076923076923,2,0,0
0.8728571428571429,0.6596582,0.64269036,0.6766261,0.9837662337662338,2,15,6-1-7-2-5
0.7185714285714285,2.832929,0.52455586,5.141302,0.6710963455149502,1,15,6-1-7-2-5
0.8728571428571429,0.6431715,0.6368478,0.6494951,0.9967320261437909,1,17,8-9-10
0.8757142857142857,0.66560644,0.6229097,0.70830303,0.9710610932475884,1,17,8-9-10
