ACC,Loss,LossPrivileged,LossUnprivileged,BalancedACC,drift-id,gm-id,gm-name
0.7892030848329049,0.4616282,0.47128952,0.3639108,0.9129001883239171,0,0,0
0.7634961439588689,0.54256725,0.4243816,1.7765632,0.43962848297213625,1,0,0
0.7750642673521851,0.46317554,0.44460046,0.65712094,0.7617228386016328,1,4,4
0.7789203084832905,0.45646802,0.4219214,0.73812425,0.8301176470588235,1,9,1-3-2-4-5
0.794344473007712,0.4513054,0.45070225,0.45712933,0.9121918270854442,1,9,1-3-2-4-5
0.8046272493573264,0.41042557,0.3937522,0.59029657,0.9568379446640317,1,9,1-3-2-4-5
0.8354755784061697,0.36144918,0.3441284,0.55144435,0.8746230513672374,1,9,1-3-2-4-5
0.8277634961439588,0.36923924,0.3528697,0.53744256,0.9404568901989683,1,9,1-3-2-4-5
0.8367609254498715,0.35219398,0.33618286,0.48809323,0.9575984990619137,1,9,1-3-2-4-5
