ACC,Loss,LossPrivileged,LossUnprivileged,BalancedACC,drift-id,gm-id,gm-name
0.7935440484196369,0.44447458,0.45055813,0.3194528,0.8627510242460877,0,0,0
0.3503698722259583,1.578489,1.6320355,0.2824843,0.37264328808446456,2,0,0
0.47074646940147946,0.91029006,0.94372797,0.24341767,0.4982786016949153,2,0,0
0.7700067249495629,0.5002563,0.50665724,0.36459374,0.9350832266325223,0,0,0
0.5487558843308675,0.6942126,0.7152285,0.32459563,0.6254442075337598,2,0,0
0.4277067921990585,0.86752695,0.9016346,0.2342902,0.44260931192801894,2,0,0
0.769334229993275,0.5538748,0.5044087,1.6537211,0.4967465370866846,1,0,0
0.8224613315400134,0.35779476,0.35366118,0.45442593,0.9964641594342655,1,5,2-1-3
0.8459986550100874,0.3443637,0.33633724,0.52282566,0.9586961028192372,1,5,2-1-3
