ACC,Loss,LossPrivileged,LossUnprivileged,AEQ,OEQ,OPP,MEQ,MPP,drift-id,gm-id,gm-name
0.9528571428571428,0.1759667,0.16595824,0.2660427,0.9717607973421927,0.9149284428102108,0.9108527875134893,0.823529411764706,0.703030303030303,0,0,0
0.9471428571428572,0.20531288,0.18610448,0.37818828,0.9782608695652175,0.9087074416067302,0.9126069913333671,0.75,0.788135593220339,0,0,0
0.9671428571428572,0.1511341,0.115508355,0.4717659,0.8912337662337663,0.8971965475692245,0.8801601313055695,0.6187499999999999,0.7245614035087719,0,0,0
0.95,0.23769656,0.22473943,0.35431072,0.9584026622296172,0.8743053166897585,0.9284222304427321,0.6984126984126984,0.7569296375266525,0,0,0
0.9585714285714285,0.3898908,0.08354214,3.1470284,0.7718446601941747,0.7541699132019588,0.7406478290128313,0.0,0.0,2,0,0
0.8542857142857143,0.75168616,0.67757183,1.4187155,0.7854545454545454,0.7060131870386808,0.7290651410743567,0.0,0.0,2,10,10
0.9514285714285714,0.3126409,0.16517358,1.6398468,0.8262295081967214,0.745934818228433,0.7345106707295143,0.0,0.0,2,0,0
0.9485714285714286,0.35541317,0.103890486,2.6191173,0.7806873977086742,0.7552455021738516,0.7584030844306533,0.0,0.0,0,14,9-7-8-10
0.9742857142857143,0.12997991,0.1275379,0.15195802,0.996742671009772,0.9487397736333951,0.9644644935565188,0.8571428571428571,0.8571428571428571,0,0,0
