ACC,Loss,LossPrivileged,LossUnprivileged,BalancedACC,drift-id,gm-id,gm-name
0.93,0.25389478,0.21907301,0.28871652,0.9727272727272728,0,0,0
0.9542857142857143,0.20744766,0.27706483,0.13783051,0.9880952380952381,0,0,0
0.9642857142857143,0.13441871,0.1607526,0.10808483,0.9911504424778761,0,0,0
0.9642857142857143,0.12264243,0.143896,0.10138888,0.9911504424778761,0,0,0
0.8614285714285714,1.7768878,0.14301996,3.4107552,0.7840236686390532,2,0,0
0.8557142857142858,0.6891615,0.5272286,0.85109454,0.9198717948717948,2,13,13
0.9385714285714286,0.2825417,0.29999578,0.26508757,0.9789156626506024,2,17,11-10-12-14
0.8857142857142857,1.40395,0.05371685,2.7541828,0.8023255813953488,0,18,13-11-10-12-14
0.99,0.07473309,0.08141656,0.06804965,0.9913793103448276,0,0,0
