ACC,Loss,LossPrivileged,LossUnprivileged,AEQ,OEQ,OPP,MEQ,MPP,drift-id,gm-id,gm-name
0.94,0.2107018,0.20697299,0.2815487,0.9712460063897763,0.9003113942547568,0.8758342152295373,0.6974358974358974,0.5076923076923077,0,0,0
0.9571428571428572,0.23784134,0.23465198,0.29843935,0.9843014128728415,0.9245726631404064,0.9176076340369017,0.7101449275362318,0.7238095238095238,0,0,0
0.9742857142857143,0.10165667,0.10329311,0.07056432,0.9729323308270676,0.9736250911297691,0.9733311548047862,0.942857142857143,0.9420289855072463,0,0,0
0.9657142857142857,0.13268411,0.1265089,0.25001368,0.9440993788819876,0.919237122411538,0.8889246587133084,0.6956521739130435,0.5,0,0,0
0.9771428571428571,0.11638712,0.10142585,0.4006512,0.9631336405529953,0.9495578563180376,0.9450975723622781,0.6885245901639344,0.7058823529411764,0,0,0
0.9771428571428571,0.095429674,0.06889295,0.5996276,0.9019908116385911,0.8812981332623206,0.9192070490652672,0.5,0.7613636363636364,0,0,0
0.9785714285714285,0.1234245,0.09453606,0.6723047,0.8399390243902439,0.8325127195601333,0.8803936919192002,0.33854166666666663,0.6357758620689655,0,0,0
0.9671428571428572,0.13069926,0.092134446,0.86343116,0.7588325652841782,0.7271212259187307,0.7384388088392665,0.0,0.0,1,0,0
0.9742857142857143,0.101217665,0.061378077,0.8581698,0.7832061068702291,0.7700724921630094,0.7644928553558584,0.0,0.0,1,0,0
