ACC,Loss,LossPrivileged,LossUnprivileged,BalancedACC,drift-id,gm-id,gm-name
0.8130990415335463,0.40324938,0.47671455,0.27231815,0.8527567220562454,0,0,0
0.5191693290734825,1.1597213,1.613663,0.24087344,0.36001371045549185,2,0,0
0.8003194888178914,0.48642483,0.5296907,0.41683885,0.9127338625283952,2,5,5
0.8146964856230032,0.45637196,0.49945015,0.36528626,0.8975133689839572,2,9,9
0.268370607028754,1.4160898,1.3232421,1.6153156,0.9618783573037601,1,17,9-8-6-7
0.7619808306709265,0.4897518,0.46562433,0.5378912,0.9882257653252537,1,19,19
0.8258785942492013,0.4022334,0.36906627,0.46474653,0.9849113185373299,1,27,2-3-1-4-18-21
0.3274760383386581,1.4391572,1.5244296,1.2677929,0.8915899241603467,2,27,2-3-1-4-18-21
0.8993610223642172,0.24847396,0.22925392,0.2915946,0.9704808237419084,2,31,15-9-8-6-7-23-28
