ACC,Loss,LossPrivileged,LossUnprivileged,BalancedACC,drift-id,gm-id,gm-name
0.8457142857142858,0.43507075,0.4033143,0.72087914,0.9033457249070633,0,0,0
0.87,0.61325306,0.33721262,3.0976174,0.770053475935829,1,0,0
0.8314285714285714,0.5008627,0.4854737,0.6393635,0.9204545454545455,1,1,1
0.8271428571428572,0.86891156,0.6117304,3.183542,0.7951127819548871,0,1,1
0.8957142857142857,0.46976855,0.44551954,0.6880096,0.9876106194690265,0,0,0
0.9057142857142857,0.45748582,0.41840747,0.8091906,0.9062500000000001,0,0,0
0.8785714285714286,0.71400976,0.45034412,3.0870001,0.8138297872340424,1,0,0
0.9071428571428571,0.39285427,0.36886385,0.60876805,0.921875,1,1,1
0.8671428571428571,0.69264805,0.6683193,0.9116069,0.9147005444646098,1,1,1
