ACC,Loss,LossPrivileged,LossUnprivileged,AEQ,OEQ,OPP,MEQ,MPP,drift-id,gm-id,gm-name
0.93,0.23731543,0.2113801,0.7300866,0.8221153846153847,0.6928694545154241,0.8000477159360253,0.0,0.532258064516129,0,0,0
0.95,0.23160234,0.12704037,2.2182803,0.7730829420970267,0.7579129465326508,0.7360299484953413,0.0,0.0,3,0,0
0.9542857142857143,0.16599686,0.08001034,1.7997411,0.7080745341614907,0.6152808337362935,0.642424019049406,0.0,0.0,3,0,0
0.9642857142857143,0.16416098,0.090563215,1.5625185,0.7004608294930875,0.7515306199177167,0.6922722819031344,0.0,0.0,3,0,0
0.96,0.20784472,0.12614127,1.7602104,0.7037037037037037,0.6577326090993535,0.662437922754824,0.0,0.0,2,0,0
0.9671428571428572,0.19115101,0.13077542,1.3382875,0.8197226502311249,0.7328583180682724,0.7883630103520259,0.0,0.0,2,0,0
0.95,0.2064098,0.109307736,2.0513492,0.6806853582554517,0.663731509961303,0.6658988600133784,0.0,0.0,4,0,0
0.9757142857142858,0.1141895,0.06803721,0.99108285,0.7519025875190259,0.7414605806228234,0.7450943661708183,0.0,0.0,4,0,0
0.97,0.13739036,0.08692855,1.0961643,0.7262996941896025,0.7144209057068346,0.689720615135603,0.0,0.0,4,0,0
