ACC,Loss,LossPrivileged,LossUnprivileged,AEQ,OEQ,OPP,MEQ,MPP,drift-id,gm-id,gm-name
0.93,0.2379617,0.21234716,0.7246377,0.8221153846153847,0.6903009182981202,0.8032626824266988,0.0,0.532258064516129,0,0,0
0.9485714285714286,0.23481981,0.12879159,2.2493563,0.774294670846395,0.7579129465326508,0.7372278740007776,0.0,0.0,3,0,0
0.9528571428571428,0.16582917,0.08150335,1.7680197,0.7091757387247278,0.6152808337362935,0.6399105978890878,0.0,0.0,3,0,0
0.9642857142857143,0.15833199,0.08683495,1.5167756,0.7004608294930875,0.7513462881204817,0.6902741563382476,0.0,0.0,3,0,0
0.9585714285714285,0.20516004,0.12501799,1.7278589,0.7047913446676971,0.6562833337370346,0.6641086053586054,0.0,0.0,2,0,0
0.9642857142857143,0.19260481,0.13168232,1.3501326,0.7611710323574731,0.6735770720387954,0.7135398724997368,0.0,0.0,2,0,0
0.9514285714285714,0.20858313,0.110734545,2.0677059,0.6490683229813664,0.6310904843202775,0.6495251399512801,0.0,0.0,4,0,0
0.9728571428571429,0.11822741,0.06697069,1.0921049,0.6940639269406393,0.6939332582184516,0.6654081889221409,0.0,0.0,4,0,0
0.9685714285714285,0.1306443,0.08542751,0.9897636,0.7576687116564417,0.7398972663604491,0.7355890367543315,0.0,0.0,4,0,0
