ACC,Loss,LossPrivileged,LossUnprivileged,BalancedACC,drift-id,gm-id,gm-name
0.8557142857142858,0.39254108,0.38459453,0.4640597,0.9281767955801105,0,0,0
0.8271428571428572,0.68849546,0.44056618,2.9198594,0.6679035250463822,1,0,0
0.87,0.43678737,0.39102563,0.8486429,0.8050089445438283,1,0,0
0.8814285714285715,0.44169468,0.32869947,1.458652,0.7080419580419581,1,0,0
0.8728571428571429,0.47382033,0.40195665,1.1205935,0.7499999999999999,1,0,0
0.8542857142857143,0.49387407,0.35608253,1.7339981,0.6107142857142857,1,0,0
0.8814285714285715,0.48367077,0.41202965,1.1284409,0.8457446808510638,1,0,0
0.9028571428571428,0.3424234,0.2964342,0.75632626,0.8408304498269897,0,0,0
0.88,0.4509694,0.3889969,1.0087215,0.8123893805309734,0,0,0
