ACC,Loss,LossPrivileged,LossUnprivileged,BalancedACC,drift-id,gm-id
0.92,0.2786436,0.20621665,0.35107055,0.9634146341463414,0,<federated.algorithms.fair_fed_drift.ClientIdentity.ClientIdentity object at 0x7f12560e60b0>
0.9285714285714286,0.23605755,0.19908397,0.27303118,0.9877675840978593,0,<federated.algorithms.fair_fed_drift.ClientIdentity.ClientIdentity object at 0x7f11d83768f0>
0.9414285714285714,0.25094494,0.27299458,0.2288953,0.9909365558912386,0,<federated.algorithms.fair_fed_drift.ClientIdentity.ClientIdentity object at 0x7f1184452ce0>
0.9442857142857143,0.342495,0.4657603,0.21922977,0.9731343283582089,0,<federated.algorithms.fair_fed_drift.ClientIdentity.ClientIdentity object at 0x7f11d8533880>
0.8271428571428572,1.9683051,0.272483,3.6641273,0.7652439024390244,1,<federated.algorithms.fair_fed_drift.ClientIdentity.ClientIdentity object at 0x7f11d80e0430>
0.9257142857142857,0.38225186,0.45065194,0.31385174,0.9756097560975608,1,<federated.algorithms.fair_fed_drift.ClientIdentity.ClientIdentity object at 0x7f11a418b070>
0.9014285714285715,0.45586643,0.5627879,0.34894496,0.971875,1,<federated.algorithms.fair_fed_drift.ClientIdentity.ClientIdentity object at 0x7f118439bbe0>
0.8485714285714285,1.6766901,0.2618783,3.0915022,0.7837837837837838,0,<federated.algorithms.fair_fed_drift.ClientIdentity.ClientIdentity object at 0x7f10c72f0940>
0.9485714285714286,0.28082713,0.31048426,0.25117004,0.9880239520958084,0,<federated.algorithms.fair_fed_drift.ClientIdentity.ClientIdentity object at 0x7f11d85ec400>
0.9614285714285714,0.2141167,0.20600666,0.22222678,0.9911242603550295,0,<federated.algorithms.fair_fed_drift.ClientIdentity.ClientIdentity object at 0x7f1184298850>
