ACC,Loss,LossPrivileged,LossUnprivileged,BalancedACC,drift-id,gm-id,gm-name
0.9314285714285714,0.22985858,0.19675201,0.8588834,0.7891373801916933,0,0,0
0.9528571428571428,0.15573694,0.1438593,0.3814124,0.9574803149606299,0,0,0
0.9657142857142857,0.12163158,0.08964807,0.7293182,0.8209876543209877,0,0,0
0.9685714285714285,0.119849704,0.1202479,0.112283915,0.9969040247678019,0,0,0
0.96,0.34694988,0.16573468,3.7900386,0.7341576506955179,2,0,0
0.8657142857142858,0.65011376,0.62436146,1.1394081,0.7495711835334476,2,6,6
0.85,0.7622221,0.7029895,1.88764,0.6608695652173913,2,6,6
0.9428571428571428,0.2256564,0.20963952,0.5299773,0.873217115689382,2,9,9
0.9457142857142857,0.24750675,0.23154733,0.55073535,0.9334389857369254,2,9,9
