ACC,Loss,LossPrivileged,LossUnprivileged,BalancedACC,drift-id,gm-id,gm-name
0.8228571428571428,0.46394584,0.45424524,0.551251,0.9923371647509577,0,0,0
0.8714285714285714,0.47602627,0.33394244,1.7547808,0.7513321492007103,2,0,0
0.8828571428571429,0.40628257,0.29981264,1.3645115,0.7408056042031523,2,0,0
0.9071428571428571,0.51821196,0.3384824,2.135777,0.785958904109589,1,0,0
0.8871428571428571,0.47802877,0.3587739,1.5513227,0.7031250000000001,1,0,0
0.8914285714285715,0.50827765,0.39863336,1.4950764,0.8010471204188482,2,0,0
0.8814285714285715,0.53513634,0.46375713,1.1775492,0.8109540636042403,2,0,0
0.85,0.6752973,0.60798293,1.2811269,0.7186932849364791,1,0,0
0.9014285714285715,0.4968828,0.38817802,1.4752259,0.7409948542024013,1,0,0
