ACC,Loss,LossPrivileged,LossUnprivileged,BalancedACC,drift-id,gm-id,gm-name
0.9057142857142857,0.3614367,0.35251334,0.53098035,0.877887788778878,0,0,0
0.9485714285714286,0.23091647,0.16016233,1.5752453,0.774294670846395,2,0,0
0.9585714285714285,0.16846298,0.13483113,0.8074681,0.8582554517133957,2,0,0
0.9814285714285714,0.08510031,0.064018,0.48566398,0.8978658536585366,0,0,0
0.9714285714285714,0.11690427,0.082791135,0.76505375,0.7856049004594181,0,0,0
0.9742857142857143,0.10231017,0.09091816,0.31875837,0.9353846153846154,0,0,0
0.9757142857142858,0.11829289,0.041481648,1.5777062,0.7519025875190259,2,0,0
0.9757142857142858,0.11178233,0.089496404,0.5352149,0.8425076452599389,2,0,0
0.9814285714285714,0.068196036,0.03171196,0.7613934,0.8373860182370821,2,0,0
