ACC,Loss,LossPrivileged,LossUnprivileged,AEQ,OEQ,OPP,MEQ,MPP,drift-id,gm-id,gm-name
0.8357142857142857,0.46869728,0.45528114,0.5894427,0.8966165413533834,0.8004547090338663,0.849019157532466,0.243161094224924,0.29500000000000004,0,0,0
0.8742857142857143,0.3475394,0.333655,0.47249913,0.8886894075403949,0.8562396367227697,0.8486775117371467,0.495,0.6075,0,0,0
0.8785714285714286,0.3753616,0.3442142,0.65568763,0.8487544483985764,0.7695019877947922,0.8302117125135755,0.5192307692307693,0.5034013605442177,0,0,0
0.8971428571428571,0.45949838,0.39994967,0.9954367,0.8466898954703833,0.8230818136195701,0.8466777059628583,0.5454545454545454,0.45073891625615764,0,0,0
0.87,0.83281994,0.49848017,3.8418775,0.7008849557522123,0.6999450419530809,0.7022244377545459,0.0,0.0,1,0,0
0.8685714285714285,0.5454192,0.45736787,1.3378812,0.8064516129032259,0.7337356419032858,0.7195460062093029,0.29411764705882354,0.24509803921568624,1,7,1-3-4
0.8771428571428571,0.51820797,0.4769876,0.88919127,0.9388489208633094,0.8654280680364476,0.7898752807664577,0.6092307692307692,0.4351648351648351,1,7,1-3-4
0.86,0.8634442,0.5648449,3.5508382,0.779783393501805,0.7151258265568683,0.715601085158063,0.0,0.0,0,7,1-3-4
0.8771428571428571,0.8550764,0.7759767,1.5669739,0.903225806451613,0.8880788701963718,0.8419050051893594,0.7805429864253394,0.6413043478260869,0,0,0
