ACC,Loss,LossPrivileged,LossUnprivileged,BalancedACC,drift-id,gm-id
0.9257142857142857,0.24524589,0.2407412,0.3308349,0.9808612440191388,0,<federated.algorithms.fair_fed_drift.ClientIdentity.ClientIdentity object at 0x7f0613948cd0>
0.9457142857142857,0.21144962,0.18400352,0.7329251,0.8078740157480315,0,<federated.algorithms.fair_fed_drift.ClientIdentity.ClientIdentity object at 0x7f06135ae860>
0.96,0.11954538,0.1068348,0.36104608,0.8569206842923796,0,<federated.algorithms.fair_fed_drift.ClientIdentity.ClientIdentity object at 0x7f057c7cf550>
0.9542857142857143,0.15227109,0.12633845,0.6449915,0.8003120124804992,0,<federated.algorithms.fair_fed_drift.ClientIdentity.ClientIdentity object at 0x7f053c73dea0>
0.9685714285714285,0.106329665,0.09936862,0.23858935,0.9411764705882353,2,<federated.algorithms.fair_fed_drift.ClientIdentity.ClientIdentity object at 0x7f05b2101f90>
0.9571428571428572,0.15531763,0.13596217,0.5230712,0.890625,2,<federated.algorithms.fair_fed_drift.ClientIdentity.ClientIdentity object at 0x7f059421c130>
0.9514285714285714,0.21794298,0.20126773,0.5347722,0.8962264150943395,2,<federated.algorithms.fair_fed_drift.ClientIdentity.ClientIdentity object at 0x7f04c42005e0>
0.9742857142857143,0.07987675,0.06690064,0.32642287,0.8742331288343558,0,<federated.algorithms.fair_fed_drift.ClientIdentity.ClientIdentity object at 0x7f053c7ea230>
0.9514285714285714,0.17156026,0.1466653,0.6445641,0.7718750000000001,0,<federated.algorithms.fair_fed_drift.ClientIdentity.ClientIdentity object at 0x7f053c7ea9b0>
0.96,0.17052029,0.14298242,0.69373983,0.8569206842923796,0,<federated.algorithms.fair_fed_drift.ClientIdentity.ClientIdentity object at 0x7f057c55a710>
