ACC,Loss,LossPrivileged,LossUnprivileged,BalancedACC,drift-id,gm-id,gm-name
0.785622593068036,0.44544047,0.46282855,0.2772766,0.8410849435541838,0,0,0
0.8125802310654685,0.4648188,0.40289125,1.0548044,0.6426325144706259,1,0,0
0.7779204107830552,0.47887588,0.49829984,0.28518337,0.834658843980878,1,4,4
0.7984595635430038,0.44582406,0.4566896,0.33221504,0.9300160046558998,1,8,1-2-4
0.7958921694480102,0.40294185,0.42429072,0.16843295,0.8342517334802774,1,8,1-2-4
0.8549422336328626,0.32849023,0.34704724,0.13446005,0.8694540340109961,1,15,3-1-2-4
0.8459563543003851,0.3226725,0.34565973,0.07434037,0.8605802945301543,1,15,3-1-2-4
0.7894736842105263,0.54913324,0.393214,1.9913862,0.6953671328671329,0,15,3-1-2-4
0.8369704749679076,0.33447766,0.34582162,0.18514997,0.9146408839779007,0,0,0
