ACC,Loss,LossPrivileged,LossUnprivileged,AEQ,OEQ,OPP,drift-id,gm-id,gm-name
0.535,5.054432,5.0960736,4.679657,0.23003194888178916,0.0974702380952381,0.15025252525252528,0,0,0
0.5866666666666667,5.9107394,5.9217544,5.811605,0.3727810650887574,0.19690393518518515,0.226195987654321,0,0,0
0.5683333333333334,5.183378,5.193411,5.0930834,0.3282674772036474,0.15962962962962962,0.18910714285714286,0,0,0
0.5766666666666667,4.881379,4.888366,4.8184896,0.3233532934131737,0.17267729377104377,0.24338115588115583,0,0,0
0.6066666666666667,4.734218,4.744394,4.642635,0.22816901408450702,0.11330532212885154,0.1483159117305459,2,0,0
0.6183333333333333,4.749663,4.7656574,4.60571,0.2493074792243767,0.1516049382716049,0.15861801242236023,2,0,0
0.6316666666666667,4.689091,4.695087,4.635132,0.3452054794520548,0.23337646652864044,0.23827639751552795,2,0,0
0.61,4.6849446,4.690721,4.632962,0.25280898876404495,0.1371265172735761,0.15499283325370286,2,0,0
0.625,4.6870713,4.6941085,4.6237345,0.2975206611570248,0.19999999999999998,0.1845990965556183,2,0,0
