ACC,Loss,LossPrivileged,LossUnprivileged,AEQ,OEQ,OPP,drift-id,gm-id,gm-name
0.19833333333333333,4.667524,4.671915,4.627994,0.39473684210526316,0.08034188034188035,0.15994414706178925,0,0,0
0.235,4.6057334,4.6043787,4.617917,0.4701492537313433,0.08610301263362488,0.11338030635595199,0,0,0
0.26166666666666666,4.6307244,4.6328177,4.6118827,0.23529411764705882,0.06075650118203309,0.0793103448275862,0,0,0
0.22833333333333333,4.6287317,4.6300154,4.6171775,0.3409090909090909,0.0553030303030303,0.043920688365132805,0,0,0
0.185,4.6022296,4.6100163,4.5321445,0.25,0.05319148936170213,0.06137566137566137,2,0,0
0.19,4.5971637,4.5969996,4.598645,0.32727272727272727,0.05952380952380953,0.1257459505541347,2,0,0
0.19,4.6266723,4.6303673,4.5934124,0.4128440366972477,0.04030612244897958,0.06888888888888889,2,0,0
0.17666666666666667,4.611625,4.610834,4.6187444,0.17307692307692307,0.028455284552845524,0.05214453584018802,2,0,0
0.15833333333333333,4.622291,4.6240096,4.606834,0.29347826086956524,0.0425531914893617,0.03145299145299145,2,0,0
