ACC,Loss,LossPrivileged,LossUnprivileged,BalancedACC,drift-id,gm-id,gm-name
0.7955271565495208,0.40610573,0.45465773,0.3063965,0.8677795618307036,0,0,0
0.6054313099041534,0.9495063,0.45709848,1.8582228,0.38913738019169325,1,0,0
0.7523961661341853,0.55665255,0.5378097,0.59424806,0.9208777556268237,1,4,4
0.7859424920127795,0.4820825,0.44961727,0.5468576,0.9932853717026379,1,7,4-2-1-3
0.7987220447284346,0.46058473,0.42407647,0.5412775,0.9472527472527472,1,7,4-2-1-3
0.8115015974440895,0.43498224,0.42098522,0.4582711,0.9409956340902632,1,7,4-2-1-3
0.8370607028753994,0.3963075,0.3782459,0.43157867,0.9786366076221148,1,7,4-2-1-3
0.597444089456869,0.799558,0.44154382,1.4510795,0.29388394605785906,0,7,4-2-1-3
0.8450479233226837,0.32977462,0.36423168,0.25529167,0.951974501647669,0,0,0
