ACC,Loss,LossPrivileged,LossUnprivileged,BalancedACC,drift-id,gm-id
0.9285714285714286,0.24674287,0.17281193,0.32067385,0.9696969696969697,0,0
0.9314285714285714,0.20435295,0.1395643,0.26914153,0.9757575757575758,0,0
0.9414285714285714,0.19444078,0.12669513,0.26218644,0.9497041420118343,0,0
0.9342857142857143,0.20328155,0.19514589,0.21141718,0.963963963963964,0,0
0.8357142857142857,1.4882064,0.1521155,2.8242972,0.7410714285714286,2,0
0.9157142857142857,0.25769272,0.22605222,0.28933328,0.9191616766467066,2,0
0.8914285714285715,0.3398086,0.25772634,0.42189085,0.92,2,0
0.9128571428571428,0.2903044,0.082342274,0.49826652,0.8849557522123894,0,0
0.9671428571428572,0.13069685,0.13245633,0.12893735,0.9853372434017594,0,0
0.9657142857142857,0.122378536,0.077906854,0.16685021,0.9651162790697675,0,0
