ACC,Loss,LossPrivileged,LossUnprivileged,AEQ,OEQ,OPP,MEQ,MPP,drift-id,gm-id,gm-name
0.9528571428571428,0.16700771,0.15049966,0.48066026,0.8948194662480377,0.8707870423465547,0.870305828558997,0.6444444444444445,0.5245901639344263,0,0,0
0.9471428571428572,0.1637219,0.15082079,0.40884292,0.9319620253164557,0.8767060684562906,0.88477381967349,0.689655172413793,0.6187499999999999,0,0,0
0.9685714285714285,0.13838401,0.10083027,0.85190517,0.8184615384615386,0.8326534780633505,0.838509676696202,0.33830845771144274,0.5153846153846153,0,0,0
0.96,0.20382348,0.19638298,0.34519282,0.9500000000000001,0.8969371785583702,0.8631275943307865,0.5075757575757576,0.5083333333333333,0,0,0
0.9714285714285714,0.2000359,0.066189796,2.7431118,0.7553516819571866,0.7218585605427711,0.6760157282832739,0.0,0.0,2,0,0
0.9771428571428571,0.090589695,0.06940268,0.49314287,0.8715596330275229,0.830183632351939,0.7659003782925655,0.0,0.0,2,0,0
0.97,0.13427839,0.10371871,0.71491235,0.8782742681047766,0.7674622746592263,0.7394672671668969,0.0,0.0,2,0,0
0.9842857142857143,0.06564559,0.021625727,0.902023,0.8048411497730711,0.840835275835276,0.8151337792642142,0.25,0.41159420289855075,0,0,0
0.9842857142857143,0.055861004,0.046568733,0.23241414,0.9254185692541856,0.8880081991697825,0.8324029788933969,0.0,0.0,0,0,0
