ACC,Loss,LossPrivileged,LossUnprivileged,AEQ,OEQ,OPP,MEQ,MPP,drift-id,gm-id,gm-name
0.8331193838254172,0.4098122,0.4246899,0.2779849,0.8904892367906067,0.9578110193583322,0.9217390106863501,0.9317269076305221,0.8865814696485623,0,0,0
0.8267008985879333,0.3991052,0.40534014,0.3430706,0.9425190903750944,0.8212874739017646,0.9093432622565216,0.6912539515279241,0.8528037383177569,0,0,0
0.8048780487804879,0.41455087,0.42186072,0.3201749,0.9136534281762497,0.7881940660189368,0.8629200624931586,0.6031746031746031,0.8526315789473684,0,0,0
0.8023106546854942,0.41329855,0.41682795,0.37810382,0.9272020005557099,0.8114667546544065,0.8160362129883618,0.6563706563706564,0.7588235294117648,0,0,0
0.7779204107830552,0.51877993,0.3680952,2.2613761,0.21379777717538628,0.27110178897270454,0.2962160782755602,0.22033898305084748,0.13198017914999047,2,0,0
0.7612323491655969,0.51729447,0.37070617,1.83471,0.2813377926421405,0.26025459688826025,0.38883888388838883,0.0,0.0,2,0,0
0.7779204107830552,0.46003294,0.35546604,1.553372,0.2472674880763116,0.2570300869354907,0.4242020834085601,0.11911294010059441,0.024954032046230628,2,0,0
0.7715019255455713,0.4715691,0.39473078,1.2377876,0.4147728659652891,0.4787904881764589,0.4881382883388518,0.24001825233858087,0.056614843062481664,2,0,0
0.7907573812580231,0.41401443,0.34397092,1.1234556,0.3751322751322751,0.2844285714285714,0.4497777777777778,0.0,0.0,2,0,0
