ACC,Loss,LossPrivileged,LossUnprivileged,BalancedACC,drift-id,gm-id,gm-name
0.8003194888178914,0.42681983,0.48843783,0.297483,0.879743782161235,0,0,0
0.6325878594249201,0.9637776,0.4027612,2.0993614,0.361456176673568,2,0,0
0.7492012779552716,0.5195124,0.48834324,0.5790963,0.9820429000044782,2,1,1
0.7699680511182109,0.4948632,0.44022956,0.5993023,0.9234633273703041,2,1,1
0.7971246006389776,0.44535375,0.47742295,0.38699356,0.940728583727938,1,1,1
0.8194888178913738,0.39719918,0.4009758,0.38885176,0.9714887620457491,1,1,1
0.8338658146964856,0.36093363,0.36860824,0.34446594,0.94834159359512,1,1,1
0.8354632587859425,0.3853855,0.40604058,0.33762753,0.9383815269398794,1,1,1
0.8210862619808307,0.37432998,0.37652278,0.36979392,0.9955991875423156,1,1,1
