ACC,Loss,LossPrivileged,LossUnprivileged,BalancedACC,drift-id,gm-id,gm-name
0.8242857142857143,0.4755307,0.46007943,0.76910466,0.7888086642599278,0,0,0
0.8657142857142858,0.3611732,0.32959896,0.96108323,0.8175559380378657,0,0,0
0.8942857142857142,0.33507508,0.30013987,0.9988457,0.7574750830564784,0,0,0
0.9057142857142857,0.4344341,0.36544335,1.7452579,0.7799671592775042,0,0,0
0.8885714285714286,0.65148854,0.49604675,3.6048818,0.7956448911222781,2,0,0
0.9014285714285715,0.45898497,0.36059615,2.3283737,0.5898692810457515,2,0,0
0.9042857142857142,0.46473488,0.40202916,1.6561446,0.7163934426229509,2,0,0
0.8914285714285715,0.5923018,0.5100793,2.1545286,0.76,2,0,0
0.8942857142857142,0.67260915,0.547351,3.0525146,0.6920529801324503,2,0,0
