ACC,Loss,LossPrivileged,LossUnprivileged,BalancedACC,drift-id,gm-id,gm-name
0.8642857142857143,0.39240256,0.3922891,0.3945573,0.9913043478260869,0,0,0
0.86,0.41842964,0.39674264,0.8304817,0.857638888888889,0,0,0
0.8714285714285714,0.5263704,0.38296112,3.2511475,0.5446880269814502,1,0,0
0.7814285714285715,0.83581877,0.74894506,2.4864197,0.6837121212121212,1,8,8
0.8571428571428571,0.52720153,0.4765263,1.4900315,0.689119170984456,1,7,7
0.8571428571428571,0.6279404,0.6354751,0.48477942,0.9649737302977233,1,7,7
0.8571428571428571,0.6675591,0.6683122,0.6532505,0.9300699300699301,1,7,7
0.8628571428571429,0.6421565,0.51116097,3.1310713,0.7521514629948365,0,7,7
0.8771428571428571,0.63252574,0.61976117,0.87505245,0.8401360544217688,0,0,0
