ACC,Loss,LossPrivileged,LossUnprivileged,BalancedACC,drift-id,gm-id,gm-name
0.8229665071770335,0.4211379,0.4592134,0.35404447,0.926530612244898,0,0,0
0.4864433811802233,1.1444607,1.513834,0.40038675,0.3890075227846864,2,0,0
0.810207336523126,0.46744373,0.522482,0.361225,0.9124118328245079,2,2,2
0.47368421052631576,0.94062895,1.2777303,0.31699142,0.30440967283072545,0,15,3-4-5-6-1-7
0.48165869218500795,1.3733629,1.9109645,0.2746719,0.336230576308072,2,0,0
0.8022328548644339,0.48682687,0.49851114,0.46055236,0.998424260442991,2,22,22
0.3189792663476874,1.4856877,1.4129703,1.6332306,0.9783582089552239,1,27,21-3-4-5-6-1-7-22
0.8229665071770335,0.41248873,0.38912106,0.46543112,0.9910214703968769,1,26,18-16-17-10-8-9
0.8421052631578947,0.3787605,0.3719581,0.39188835,0.9982275217531421,1,26,18-16-17-10-8-9
