ACC,Loss,LossPrivileged,LossUnprivileged,AEQ,OEQ,OPP,MEQ,MPP,drift-id,gm-id,gm-name
0.9242857142857143,0.25227123,0.22566256,0.7578361,0.8594507269789985,0.7106978944120852,0.8330527708253688,0.0,0.5725806451612904,0,0,0
0.9542857142857143,0.13547435,0.12611666,0.3132705,0.9246467817896389,0.8714132186569706,0.881749815965928,0.5409836065573771,0.5153846153846153,0,0,0
0.9614285714285714,0.1328597,0.09341318,0.8823433,0.8248062015503876,0.7905745849769437,0.7444919226437754,0.44136460554371,0.0,0,0,0
0.9714285714285714,0.1046637,0.09756229,0.23959026,0.9382716049382716,0.9271214388210355,0.8811094393356924,0.7777777777777778,0.5327868852459017,0,0,0
0.9628571428571429,0.19505408,0.1174416,1.6696912,0.6712749615975422,0.7315745288037109,0.734438114068959,0.0,0.0,1,0,0
0.9342857142857143,0.3356931,0.3236786,0.5639689,0.9134615384615384,0.870455206690442,0.8644448241380359,0.6964285714285714,0.582089552238806,1,1,1
0.9085714285714286,0.393989,0.35269257,1.1786213,0.7450980392156863,0.6643279636889879,0.7545194654824847,0.4076923076923077,0.43137254901960786,1,1,1
0.9485714285714286,0.31346396,0.16683652,3.0993853,0.6817472698907956,0.7088227143886096,0.7080582466314173,0.0,0.0,0,1,1
0.9771428571428571,0.11307141,0.097821735,0.40281534,0.9019908116385911,0.8821835458679503,0.8947651255556931,0.5,0.6,0,0,0
