ACC,Loss,LossPrivileged,LossUnprivileged,AEQ,OEQ,OPP,MEQ,MPP,drift-id,gm-id,gm-name
0.8493611297915266,0.34219134,0.3468005,0.23970912,0.9878234204305884,0.7343944184202115,0.8968922277715708,0.5004672897196262,0.8018691588785046,0,0,0
0.8386012104909213,0.3492,0.34727776,0.3864338,0.9702521272535417,0.5948406522044652,0.6510039897243818,0.21710526315789472,0.34090909090909094,1,0,0
0.8419636852723604,0.32047468,0.3195337,0.33702472,0.9900079434758979,0.8659851923791153,0.9682038524588655,0.7457865168539325,0.9480337078651686,1,0,0
0.812373907195696,0.37755105,0.3514526,0.8365574,0.8549479166666666,0.7563338225809573,0.8627530666140986,0.5213519530459421,0.8457247124631699,2,0,0
0.8581035642232683,0.3203039,0.31955552,0.34055263,0.9455485820548581,0.9597571201632927,0.9001418628375557,0.9510204984189462,0.8238263503281171,2,0,0
0.8453261600537996,0.33936843,0.3143007,0.8393116,0.8261666102664037,0.7437903397110608,0.7982859238418394,0.5280494081317549,0.7663364077828113,4,0,0
0.859448554135844,0.32847714,0.30054006,0.8940028,0.7728791922943019,0.6331017000715741,0.744743450803226,0.28835978835978837,0.7165532879818594,4,0,0
0.8076664425016813,0.3930184,0.3534807,1.088388,0.5279266723842195,0.48893783564934984,0.4527521131047151,0.33526640086988035,0.26568352059925093,3,4,4
0.8446536650975117,0.3355735,0.3264854,0.47832823,0.899103393485416,0.7730544084798847,0.9290170613583935,0.766602192134107,0.9214767616191903,3,3,1-2
