ACC,Loss,LossPrivileged,LossUnprivileged,AEQ,OEQ,OPP,drift-id,gm-id,gm-name
0.7977777777777778,0.79914415,0.5814742,1.2344838,0.8379446640316205,0.8507770008002151,0.8721898089988473,0,0,0
0.6977777777777778,2.7646308,0.5997108,7.094471,0.369811320754717,0.38181667735402686,0.5043803191253659,1,0,0
0.6133333333333333,2.1218,1.8181492,2.7291014,0.6538461538461537,0.6724664114252045,0.8759721104853848,1,6,6
0.7555555555555555,1.5788946,0.8364225,3.0638385,0.7091633466135459,0.6996314595236409,0.77217789688877,1,6,6
0.7577777777777778,1.6473778,0.64111555,3.6599028,0.6030534351145038,0.5835018546332263,0.7404288290536556,1,6,6
0.7644444444444445,1.6000051,0.5851947,3.6296265,0.5671641791044777,0.5773270190614365,0.8182386022221171,1,6,6
0.7866666666666666,1.1375562,0.51285046,2.3869677,0.6818181818181818,0.6906476126629271,0.9912276748267944,1,6,6
0.6977777777777778,2.8215868,1.0647806,6.3352,0.48221343873517786,0.4595417660289594,0.6113118724048148,0,6,6
0.86,0.73263264,0.3950945,1.4077089,0.8145454545454546,0.8078507759828846,0.7131129465949744,0,0,0
