ACC,Loss,LossPrivileged,LossUnprivileged,BalancedACC,drift-id,gm-id,gm-name
0.9057142857142857,0.33555794,0.28276628,0.38834947,0.95679012345679,0,0,0
0.8571428571428571,1.320298,0.19503431,2.4455614,0.7910447761194029,2,0,0
0.86,0.6468631,0.844252,0.44947413,0.9111111111111111,2,2,2
0.8014285714285714,1.5943773,0.5663474,2.6224065,0.8333333333333333,0,12,2-4-6
0.87,1.6216611,0.2025792,3.0407429,0.7911764705882353,2,0,0
0.9485714285714286,0.19723901,0.1103392,0.28413883,0.9587020648967552,2,15,1-2-4-6-3-5
0.81,2.4644122,0.26678458,4.6620398,0.6925373134328358,1,15,1-2-4-6-3-5
0.9785714285714285,0.09688518,0.08621373,0.10755662,0.9970845481049563,1,17,8-9-10
0.94,0.2885658,0.25407064,0.32306096,0.9879154078549849,1,17,8-9-10
