ACC,Loss,LossPrivileged,LossUnprivileged,AEQ,OEQ,OPP,drift-id,gm-id,gm-name
0.856,0.5951703,0.3352032,1.6350386,0.7205882352941176,0.7496355371715737,0.9587853859898409,0,0,0
0.784,1.6174954,0.5860449,5.743296,0.35555555555555557,0.32448485393363835,0.41582330333254364,1,0,0
0.8053333333333333,1.5506488,0.92299277,4.0612726,0.5931558935361216,0.604184868125813,0.7416015180965891,1,1,1
0.7946666666666666,1.479778,0.8538428,3.9835188,0.5670498084291188,0.5666173873875975,0.7410954988860121,1,1,1
0.7013333333333334,2.5978444,0.7834037,9.855607,0.061776061776061784,0.10140983810778445,0.4162133632064802,2,1,1
0.84,1.1165191,0.53467005,3.4439156,0.6666666666666666,0.6730898994287612,0.6516923658046325,2,2,2
0.8133333333333334,1.0970633,0.4794364,3.5675712,0.5018450184501845,0.4956406620520732,0.7761528459691338,2,2,2
0.856,0.94422835,0.4819914,2.793177,0.6861313868613139,0.7234408208807251,0.9738398189699989,2,2,2
0.8213333333333334,1.1241759,0.56988204,3.341352,0.5799256505576209,0.5933572767866556,0.6608591182958371,2,2,2
