ACC,Loss,LossPrivileged,LossUnprivileged,BalancedACC,drift-id,gm-id,gm-name
0.89,0.27585068,0.2590086,0.619911,0.7948860478043357,0,0,0
0.89,0.24726968,0.23604147,0.5167457,0.8854368932038834,0,0,0
0.8816666666666667,0.27742645,0.2559795,0.7509086,0.7330228365384616,0,0,0
0.8466666666666667,0.343626,0.33669984,0.47522298,0.9010309278350517,0,0,0
0.85,0.32522345,0.2969148,0.90352786,0.8338192419825072,2,0,0
0.885,0.305966,0.26155752,1.2484124,0.6169250645994833,2,0,0
0.8783333333333333,0.3004515,0.29135963,0.43879488,0.8538157395872826,2,1,1
0.885,0.26601642,0.2361188,0.81478244,0.7183889905940282,0,1,1
0.885,0.26041028,0.24290445,0.5817261,0.7933329108308512,0,0,0
