ACC,Loss,LossPrivileged,LossUnprivileged,AEQ,OEQ,OPP,drift-id,gm-id,gm-name
0.47833333333333333,5.845684,5.9888473,4.5572186,0.2913669064748201,0.13687423687423686,0.15655363155363156,0,0,0
0.5666666666666667,4.7301717,4.718416,4.8359733,0.38650306748466257,0.18603174603174605,0.2199503968253968,0,0,0
0.5733333333333334,4.672171,4.677177,4.6271205,0.3253012048192771,0.15629133597883596,0.19413067552602437,0,0,0
0.6266666666666667,4.640775,4.642445,4.6257424,0.4,0.22449534161490683,0.2532193732193732,0,0,0
0.5683333333333334,4.6316175,4.633013,4.619057,0.29999999999999993,0.16845238095238096,0.15086580086580084,2,0,0
0.57,4.624451,4.6255503,4.614558,0.2155688622754491,0.1624031007751938,0.1382832080200501,2,0,0
0.605,4.6222577,4.6233945,4.612032,0.3342857142857143,0.1782716049382716,0.20438869992441416,2,0,0
0.5916666666666667,4.620942,4.6223264,4.608491,0.2608695652173913,0.13771825396825396,0.12168109668109667,0,0,0
0.6,4.618703,4.619273,4.613567,0.2836676217765043,0.1306712962962963,0.19242252456538173,0,0,0
