ACC,Loss,LossPrivileged,LossUnprivileged,BalancedACC,drift-id,gm-id,gm-name
0.9042857142857142,0.41413575,0.3763833,0.4518882,0.9843260188087773,0,0,0
0.8414285714285714,1.5203353,0.27907112,2.7615995,0.8067484662576687,1,0,0
0.8371428571428572,0.8063215,0.6966198,0.9160233,0.9533333333333334,1,1,1
0.9014285714285715,0.4500026,0.5032902,0.39671504,0.971875,1,3,3
0.8028571428571428,2.2669137,0.35777393,4.176053,0.7345679012345679,2,3,3
0.9442857142857143,0.26636326,0.265452,0.26727453,0.9790419161676647,2,6,6
0.94,0.27142745,0.14324686,0.39960808,0.9700598802395209,2,6,6
0.86,1.6153301,0.10750156,3.1231585,0.7758112094395281,0,6,6
0.9642857142857143,0.1699026,0.2281035,0.11170169,0.9970414201183432,0,0,0
