ACC,Loss,LossPrivileged,LossUnprivileged,AEQ,OEQ,OPP,drift-id,gm-id,gm-name
0.5811111111111111,1.6522553,1.5012968,3.0108836,0.5379939209726443,0.32771078043513946,0.40817683364225427,0,0,0
0.6261111111111111,2.2229028,1.963409,4.5583506,0.5328947368421052,0.3830999726701298,0.41391765476914716,1,0,0
0.5022222222222222,2.1729965,1.9878849,3.8390002,0.3840830449826989,0.2224932617087577,0.27718989299470875,1,1,1
0.5527777777777778,2.9135518,2.597047,5.7620935,0.3671548117154812,0.23314742782148953,0.2878649745316412,1,1,1
0.6211111111111111,2.7110162,2.4577582,4.99034,0.6195028680688337,0.40785085605038635,0.4507403507159401,1,1,1
0.6505555555555556,2.4142423,2.0770435,5.4490347,0.486048604860486,0.33567373756742674,0.3747930818893442,1,1,1
0.6383333333333333,2.614874,2.263112,5.7807317,0.5220994475138121,0.379989790617573,0.3849090938844968,1,1,1
0.6294444444444445,2.6862073,2.3847985,5.398886,0.5656660412757974,0.39954842873138363,0.44044414671313786,0,1,1
0.6361111111111111,2.7171972,2.46139,5.019462,0.6398503274087932,0.44431606580808847,0.4826004653965,0,0,0
