ACC,Loss,LossPrivileged,LossUnprivileged,BalancedACC,drift-id,gm-id
0.9242857142857143,0.24779347,0.22029437,0.7702768,0.8594507269789985,0,<federated.algorithms.fair_fed_drift.ClientIdentity.ClientIdentity object at 0x7f5482f9dff0>
0.9471428571428572,0.1639195,0.14458434,0.5312874,0.8690851735015773,0,<federated.algorithms.fair_fed_drift.ClientIdentity.ClientIdentity object at 0x7f546060b4f0>
0.95,0.16614072,0.119180284,1.0583886,0.7113884555382215,0,<federated.algorithms.fair_fed_drift.ClientIdentity.ClientIdentity object at 0x7f547c1aa4d0>
0.9571428571428572,0.14469028,0.12909402,0.44101906,0.859594383775351,0,<federated.algorithms.fair_fed_drift.ClientIdentity.ClientIdentity object at 0x7f53b46640d0>
0.9542857142857143,0.15808354,0.13896038,0.52142376,0.7387247278382582,1,<federated.algorithms.fair_fed_drift.ClientIdentity.ClientIdentity object at 0x7f542290b970>
0.95,0.21098328,0.17507932,0.89315844,0.7730829420970267,1,<federated.algorithms.fair_fed_drift.ClientIdentity.ClientIdentity object at 0x7f54607772e0>
0.9342857142857143,0.21568115,0.15769525,1.3174136,0.6613924050632911,1,<federated.algorithms.fair_fed_drift.ClientIdentity.ClientIdentity object at 0x7f53b41a27d0>
0.9685714285714285,0.111842915,0.079974644,0.7173402,0.8184615384615386,0,<federated.algorithms.fair_fed_drift.ClientIdentity.ClientIdentity object at 0x7f54606b5450>
0.9671428571428572,0.13395774,0.11352091,0.52225775,0.8197226502311249,0,<federated.algorithms.fair_fed_drift.ClientIdentity.ClientIdentity object at 0x7f53b4174160>
0.9628571428571429,0.14840311,0.121368065,0.6620694,0.7318952234206472,0,<federated.algorithms.fair_fed_drift.ClientIdentity.ClientIdentity object at 0x7f53d0759ab0>
