ACC,Loss,LossPrivileged,LossUnprivileged,BalancedACC,drift-id,gm-id,gm-name
0.8142857142857143,0.46730694,0.44130057,0.49331334,0.9587628865979382,0,0,0
0.8628571428571429,0.4327008,0.44190764,0.423494,0.980327868852459,0,0,0
0.8828571428571429,0.49403426,0.50967765,0.47839084,0.9935483870967743,0,0,0
0.8785714285714286,0.49010572,0.47450998,0.5057015,0.9838709677419355,0,0,0
0.7985714285714286,1.8568585,0.51297253,3.2007446,0.8090614886731391,2,0,0
0.82,0.81388587,0.7655767,0.8621949,0.9133333333333333,2,5,5
0.8185714285714286,1.0316099,0.9784295,1.0847903,0.9895833333333333,2,5,5
0.7557142857142857,1.8194205,0.55277765,3.0860634,0.7811447811447811,0,4,4
0.8757142857142857,0.72499293,0.73121834,0.7187675,0.9838187702265372,0,0,0
