ACC,Loss,LossPrivileged,LossUnprivileged,AEQ,drift-id,gm-id,gm-name
0.6571428571428571,4.3595524,3.1854029,7.294927,0.594170403587444,0,0,0
0.6428571428571429,5.2636366,2.641863,11.818069,0.2892561983471075,1,0,0
0.6357142857142857,4.8007035,2.7176094,10.008439,0.40217391304347827,1,0,0
0.7047619047619048,4.092397,1.6966844,10.081679,0.4019607843137255,1,0,0
0.6738095238095239,4.6343727,2.413162,10.1874,0.3643724696356275,1,0,0
0.7119047619047619,4.095836,1.866887,9.668211,0.419921875,1,0,0
0.7404761904761905,3.7356384,1.8133665,8.541319,0.5019305019305019,1,0,0
0.7238095238095238,3.9960315,1.8467674,9.369191,0.40076335877862596,1,0,0
0.7261904761904762,3.8098745,1.8628399,8.677461,0.43269230769230765,1,0,0
