ACC,Loss,LossPrivileged,LossUnprivileged,BalancedACC,drift-id,gm-id,gm-name
0.9528571428571428,0.19386391,0.2232892,0.16443862,0.991044776119403,0,0,0
0.8657142857142858,1.292578,0.15316367,2.4319925,0.8089552238805969,2,0,0
0.8657142857142858,0.5513006,0.08195665,1.0206444,0.7719298245614036,2,0,0
0.8585714285714285,0.6805461,0.1609347,1.2001576,0.7886904761904762,1,0,0
0.8671428571428571,0.4264284,0.109066926,0.74378985,0.7645348837209303,1,0,0
0.8728571428571429,0.39549878,0.10145924,0.68953836,0.8023598820058997,1,0,0
0.8757142857142857,0.43536195,0.22986084,0.640863,0.8353293413173652,1,0,0
0.9528571428571428,0.27225798,0.0556395,0.48887646,0.9166666666666666,0,0,0
0.9442857142857143,0.20312084,0.0060402965,0.4002014,0.8939828080229227,0,0,0
