ACC,Loss,LossPrivileged,LossUnprivileged,AEQ,OEQ,OPP,MEQ,MPP,drift-id,gm-id,gm-name
0.9542857142857143,0.16474853,0.16412598,0.17035154,0.9371900826446281,0.8933701586934332,0.9150492283084134,0.6777777777777777,0.78125,0,0,0
0.9414285714285714,0.36346954,0.13330689,2.4349337,0.7389162561576355,0.711490051842828,0.7187677103242095,0.0,0.0,1,0,0
0.9485714285714286,0.2092533,0.08078445,1.3654728,0.7012987012987013,0.6697309998744425,0.6683117237100534,0.0,0.0,1,0,0
0.9414285714285714,0.23630562,0.15879197,0.9339285,0.803305785123967,0.7608342059668161,0.7370402535122942,0.0,0.0,1,0,0
0.9557142857142857,0.24997604,0.08128404,1.7682043,0.6956521739130435,0.7347897113054305,0.7215703306419486,0.0,0.0,1,0,0
0.9471428571428572,0.23753789,0.13283238,1.1798874,0.75,0.6954651192477261,0.6861307221098476,0.12903225806451613,0.14478764478764478,1,0,0
0.9614285714285714,0.17244162,0.10386962,0.78958946,0.8327922077922079,0.7980746430929896,0.7927502127502127,0.0,0.0,1,0,0
0.9842857142857143,0.17236708,0.18899642,0.022703163,0.9825396825396825,0.9817290454093197,0.9822783471277166,0.9298245614035088,0.9692307692307691,0,0,0
0.9828571428571429,0.06909205,0.058487605,0.16453204,0.923076923076923,0.9292132791944951,0.9098995865651041,0.7777777777777778,0.7625000000000001,0,0,0
