ACC,Loss,LossPrivileged,LossUnprivileged,BalancedACC,drift-id,gm-id,gm-name
0.8414285714285714,0.43148628,0.4246232,0.5618849,0.9839285714285716,0,0,0
0.8671428571428571,0.49376047,0.36447674,2.9501503,0.7145299145299145,2,0,0
0.7342857142857143,1.037657,0.9288778,3.1044626,0.7292929292929292,2,1,1
0.9014285714285715,0.4943793,0.40154505,2.25823,0.7838283828382838,1,0,0
0.7957142857142857,0.7122185,0.7142778,0.6730916,0.994360902255639,1,8,8
0.7385714285714285,0.9063448,0.78797513,3.1553662,0.646,2,14,14
0.89,0.52311057,0.48826495,1.1851782,0.794314381270903,2,0,0
0.8985714285714286,0.45554578,0.4287247,0.96514684,0.8851913477537438,0,0,0
0.91,0.4144212,0.399397,0.69988126,0.9390444810543657,0,0,0
