ACC,Loss,LossPrivileged,LossUnprivileged,AEQ,OEQ,OPP,drift-id,gm-id,gm-name
0.848,0.56793016,0.34799048,1.4476888,0.676470588235294,0.6984366480130484,0.8975808491974212,0,0,0
0.7786666666666666,1.9638324,0.6582928,7.1859913,0.29411764705882354,0.28665139593705846,0.6694410312289893,1,0,0
0.6106666666666667,2.7020137,2.0310764,5.3857627,0.4901960784313725,0.47856327354960926,0.5637285859206447,1,9,9
0.808,1.5070956,0.3645921,6.0771093,0.29787234042553196,0.3507318423467492,0.5974370111031281,1,0,0
0.776,1.2356731,0.4871031,4.2299533,0.2952029520295203,0.32695983937517165,0.4725405612881021,1,0,0
0.8453333333333334,0.7723933,0.35749677,2.4319794,0.5285714285714286,0.5116672590310284,0.6697253399561032,1,0,0
0.7866666666666666,1.1322762,0.45174745,3.8543916,0.2909090909090909,0.35264615147098766,0.6059735610146517,1,0,0
0.36,4.863443,4.945053,4.536999,0.9541284403669725,0.9507114850616881,0.7573747750449908,1,19,19
0.8346666666666667,0.8520657,0.2924608,3.090485,0.4555160142348755,0.39541541888712295,0.6168495436727138,1,0,0
