ACC,Loss,LossPrivileged,LossUnprivileged,BalancedACC,drift-id,gm-id,gm-name
0.8088829071332436,0.42281413,0.4310076,0.30284446,0.9207642936952698,0,0,0
0.8223418573351279,0.39835802,0.36645922,1.1435342,0.6888146173712486,1,0,0
0.7934051144010767,0.43868953,0.4431468,0.3661299,0.9586317907444669,1,8,8
0.7873485868102288,0.4527914,0.4156001,1.3069916,0.6666099242488722,0,12,7-6-8
0.8432032301480484,0.33353105,0.33516207,0.30053747,0.9496309458720613,0,0,0
0.8364737550471063,0.33791244,0.3479973,0.1629837,0.8852500468252482,0,0,0
0.8236877523553163,0.4056099,0.32717016,1.9688807,0.5178683163524315,1,0,0
0.8351278600269179,0.34789842,0.35857388,0.14984019,0.8624113475177304,1,12,7-6-8
0.8432032301480484,0.32777026,0.33603016,0.14719577,0.8786974189008195,1,12,7-6-8
