ACC,Loss,LossPrivileged,LossUnprivileged,BalancedACC,drift-id,gm-id,gm-name
0.9328571428571428,0.25290328,0.23239441,0.6425722,0.8512000000000001,0,0,0
0.9542857142857143,0.25616843,0.113264956,2.9713345,0.616692426584235,2,0,0
0.9614285714285714,0.18719783,0.13137351,1.2478603,0.7330246913580247,2,0,0
0.9542857142857143,0.20951904,0.15376616,1.268824,0.7387247278382582,1,0,0
0.9542857142857143,0.18541951,0.1523746,0.81327283,0.8003120124804992,1,0,0
0.9642857142857143,0.15070382,0.12303181,0.6764717,0.7916666666666667,1,0,0
0.9757142857142858,0.123296246,0.0869601,0.8136827,0.9033742331288342,1,0,0
0.97,0.1148227,0.100379035,0.3892524,0.8782742681047766,0,0,0
0.9957142857142857,0.007975119,0.0025138475,0.11173927,0.9442771084337349,0,0,0
