ACC,Loss,LossPrivileged,LossUnprivileged,BalancedACC,drift-id,gm-id,gm-name
0.8257142857142857,0.41288966,0.4063468,0.5372046,0.9963702359346641,0,0,0
0.8728571428571429,0.35308537,0.3353727,0.68962634,0.8105802047781571,0,0,0
0.8928571428571429,0.4429079,0.42538893,0.77576786,0.8911222780569515,0,0,0
0.89,0.4385808,0.44352752,0.34459475,0.9949324324324323,0,0,0
0.9,0.51715046,0.43905586,2.0009465,0.8837209302325582,2,0,0
0.8842857142857142,0.5273906,0.50772303,0.90107536,0.8665540540540541,2,6,6
0.8657142857142858,0.6656767,0.6050359,1.8178518,0.8517241379310345,2,6,6
0.7728571428571429,0.98898613,0.8027604,4.527275,0.5418250950570342,0,9,9
0.8971428571428571,0.64315397,0.61347073,1.2071362,0.8205980066445183,0,0,0
