ACC,Loss,LossPrivileged,LossUnprivileged,AEQ,OEQ,OPP,MEQ,MPP,drift-id,gm-id,gm-name
0.9142857142857143,0.35977075,0.28227141,0.6697681,0.9325626204238922,0.8851173076971935,0.9128398678232259,0.6628571428571428,0.7941176470588236,0,0,0
0.9571428571428572,0.16680193,0.16695875,0.16617465,0.9814126394052044,0.9445433999760923,0.9544786242339273,0.8251748251748252,0.8313725490196079,0,0,0
0.9485714285714286,0.30561045,0.24576898,0.54497594,0.927643784786642,0.9288178214784109,0.8865339320959531,0.6363636363636364,0.7184325108853411,0,0,0
0.9871428571428571,0.049244177,0.050133973,0.045684986,0.9891696750902527,0.962954822954823,0.9699932484339264,0.875,0.9230769230769231,0,0,0
0.9614285714285714,0.12118312,0.10976533,0.16685426,0.9759704251386321,0.9488475359284967,0.9430473512650781,0.8912337662337663,0.8461538461538461,0,0,0
0.97,0.13216598,0.091150194,0.29622912,0.9652650822669104,0.9524404909661556,0.9401709648062428,0.8668730650154799,0.7647058823529411,0,0,0
0.9914285714285714,0.040253907,0.020658337,0.11863621,0.974910394265233,0.9612456140350878,0.9749293948817165,0.8,0.8823529411764706,0,0,0
0.9242857142857143,0.32955518,0.11005326,1.2075628,0.7661141804788214,0.7700670741566513,0.7535885138608568,0.0,0.0,1,0,0
0.9528571428571428,0.21426597,0.017143423,1.0027561,0.7899461400359066,0.8070693531649947,0.7929684942716857,0.0,0.0,1,0,0
