ACC,Loss,LossPrivileged,LossUnprivileged,AEQ,OEQ,OPP,MEQ,MPP,drift-id,gm-id,gm-name
0.8571428571428571,0.3895793,0.3915543,0.35205367,0.966044142614601,0.7903886678953684,0.7456396027743656,0.0,0.0,0,0,0
0.8514285714285714,0.5070143,0.36902624,3.1287873,0.6256499133448873,0.5728413337988301,0.5529611447320819,0.0,0.0,1,0,0
0.7985714285714286,0.71009135,0.69845366,0.93120664,0.7783985102420856,0.5688972959848361,0.5720422439556943,0.0,0.0,1,1,1
0.8385714285714285,0.62638605,0.5517187,2.0450656,0.6010544815465729,0.45679357585218117,0.4012128631961259,0.0,0.0,1,1,1
0.8742857142857143,0.55635214,0.49864098,1.6528648,0.8430034129692833,0.7242971012961108,0.6940385691393701,0.0,0.0,1,5,5
0.87,0.5601745,0.54582655,0.8327848,0.8133561643835616,0.6933922930057881,0.6956879963068067,0.0,0.0,1,5,5
0.86,0.6646832,0.67579633,0.45353398,0.9965034965034965,0.7919115554940853,0.8088113710485271,0.34972677595628415,0.5081967213114754,1,5,5
0.8885714285714286,0.62894875,0.47353902,3.581735,0.7295492487479133,0.6238310901480189,0.683379429230641,0.0,0.0,0,5,5
0.8871428571428571,0.7055366,0.666034,1.4560869,0.9307432432432433,0.7549165241139644,0.7473492395779274,0.0,0.0,0,0,0
