ACC,Loss,LossPrivileged,LossUnprivileged,BalancedACC,drift-id,gm-id
0.9314285714285714,0.23198888,0.19922905,0.8544251,0.7891373801916933,0,<federated.algorithms.fair_fed_drift.ClientIdentity.ClientIdentity object at 0x7f172a5f2050>
0.9457142857142857,0.18348078,0.15477416,0.72890663,0.7767295597484277,0,<federated.algorithms.fair_fed_drift.ClientIdentity.ClientIdentity object at 0x7f172a3b6ec0>
0.9585714285714285,0.1689709,0.13437127,0.82636404,0.8273716951788491,0,<federated.algorithms.fair_fed_drift.ClientIdentity.ClientIdentity object at 0x7f17245aff10>
0.9485714285714286,0.1772788,0.17733349,0.17624018,0.9620253164556961,0,<federated.algorithms.fair_fed_drift.ClientIdentity.ClientIdentity object at 0x7f17242f20e0>
0.9471428571428572,0.3310039,0.17139357,3.3635993,0.7445141065830722,2,<federated.algorithms.fair_fed_drift.ClientIdentity.ClientIdentity object at 0x7f16644d4970>
0.8685714285714285,0.64597213,0.6188812,1.160699,0.7808219178082192,2,<federated.algorithms.fair_fed_drift.ClientIdentity.ClientIdentity object at 0x7f171020fb20>
0.8228571428571428,0.77135897,0.7180801,1.7836561,0.6129032258064516,2,<federated.algorithms.fair_fed_drift.ClientIdentity.ClientIdentity object at 0x7f172a699f90>
0.8728571428571429,0.5785324,0.51184154,1.8456602,0.41304347826086957,2,<federated.algorithms.fair_fed_drift.ClientIdentity.ClientIdentity object at 0x7f15fc0c7c40>
0.97,0.12865084,0.12357564,0.22507986,0.9089506172839507,2,<federated.algorithms.fair_fed_drift.ClientIdentity.ClientIdentity object at 0x7f15a4b34070>
0.9671428571428572,0.15575524,0.13292697,0.589492,0.8503086419753088,0,<federated.algorithms.fair_fed_drift.ClientIdentity.ClientIdentity object at 0x7f17244cf790>
