ACC,Loss,LossPrivileged,LossUnprivileged,AEQ,OEQ,OPP,drift-id,gm-id,gm-name
0.7977777777777778,0.7042646,0.45328602,1.2062215,0.7509578544061303,0.7841633624220541,0.8437401039162101,0,0,0
0.66,3.1277068,0.7742172,7.8346868,0.29343629343629346,0.31375918643817413,0.6325326570086416,1,0,0
0.49777777777777776,3.2095728,2.6794116,4.269896,0.6508875739644969,0.6602550639088473,0.8420171590241666,1,4,4
0.7311111111111112,1.5579923,1.2060071,2.2619624,0.7763713080168776,0.7717611121126395,0.8843600486235005,1,3,3
0.6133333333333333,3.702588,0.9918315,9.124101,0.2530612244897959,0.2466232606454142,0.3941825008788972,2,3,3
0.7666666666666667,1.3076283,0.24590047,3.431084,0.4381625441696113,0.44060976673192404,0.39519810356088714,2,0,0
0.7511111111111111,1.4057262,0.30262423,3.61193,0.40569395017793597,0.4135741831632646,0.4263560287705147,2,0,0
0.7844444444444445,1.1065042,0.3513773,2.6167579,0.5487364620938628,0.5317187290155913,0.5092473372555895,2,0,0
0.7911111111111111,0.9791686,0.37752897,2.1824477,0.5890909090909091,0.5841836787232234,0.5974390327142883,2,0,0
