ACC,BalancedACC,drift-id,gm-id
0.09105180533751962,0.6631944444444444,0,0
0.9340659340659341,0.8936575785582255,0,0
0.9560439560439561,0.9604261363636363,0,0
0.9560439560439561,0.9066455696202531,0,0
0.9481946624803768,0.8611898820326679,0,0
0.9403453689167975,0.6235212053571428,2,0
0.9529042386185244,0.8565263989169675,2,0
0.9466248037676609,0.7743243243243243,2,0
0.9529042386185244,0.8036916517055654,2,0
0.9654631083202512,0.7750938604240283,2,0
0.9638932496075353,0.8458389037433155,2,0
