ACC,Loss,LossPrivileged,LossUnprivileged,BalancedACC,drift-id,gm-id
0.6775,1.1696421,1.1163214,1.649527,0.8135729613733905,0,0
0.7336666666666667,1.227743,0.9695692,3.5513077,0.7245949926362297,1,0
0.588,1.7275231,1.6331822,2.5765908,0.6422714849681141,1,1
0.6311666666666667,1.6435338,1.5691359,2.3131177,0.6881750994883457,1,1
0.6701666666666667,1.8738805,1.7603133,2.8959866,0.6426858513189448,1,1
0.5978333333333333,2.233572,2.0869582,3.553097,0.6829634073185363,1,1
0.5805,2.217986,2.0921357,3.3506386,0.6068035550107262,1,1
0.5563333333333333,2.1555946,1.9970671,3.582341,0.579719387755102,0,1
0.77,0.9959922,0.96783346,1.2494214,0.9094375595805528,0,0
0.7991666666666667,1.1516287,1.082671,1.7722479,0.8572407492005482,0,0
