ACC,Loss,LossPrivileged,LossUnprivileged,BalancedACC,drift-id,gm-id
0.9357142857142857,0.23886839,0.22996692,0.31898123,0.9746192893401014,0,0
0.9585714285714285,0.15100035,0.13691223,0.27779356,0.9325657894736842,0,0
0.9442857142857143,0.19992955,0.16624261,0.5031119,0.8656716417910448,0,0
0.96,0.1365967,0.10368703,0.4327836,0.8985270049099836,0,0
0.9671428571428572,0.15457514,0.110021345,0.55555946,0.8592233009708738,0,0
0.9328571428571428,0.19440554,0.14265646,0.66014725,0.7624584717607973,0,0
0.9614285714285714,0.10300317,0.06848325,0.41368255,0.8487804878048781,0,0
0.9357142857142857,0.22060464,0.15634947,0.7989013,0.8086522462562395,0,0
0.9742857142857143,0.07113387,0.045279093,0.30382678,0.9,0,0
0.9642857142857143,0.13854747,0.07546939,0.7062502,0.8460291734197731,0,0
