ACC,Loss,LossPrivileged,LossUnprivileged,AEQ,OEQ,OPP,MEQ,MPP,drift-id,gm-id,gm-name
0.8393316195372751,0.3462627,0.36615166,0.19031523,0.8880876634853306,0.8612456890651454,0.8989782180009611,0.7630057803468209,0.8963170917396271,0,0,0
0.8341902313624678,0.3286452,0.33428088,0.27733883,0.995981795981796,0.7622980896490815,0.8596349450682119,0.5756358768406961,0.7545454545454545,0,0,0
0.8663239074550129,0.31858927,0.31425795,0.36106,0.9394797836724181,0.8845643780426389,0.8897778899545684,0.8173913043478261,0.8214285714285714,1,0,0
0.8187660668380463,0.3646274,0.33657923,0.6528324,0.894272147202849,0.8578252765752765,0.8704011800165646,0.7619047619047619,0.8317836010143702,1,0,0
0.8534704370179949,0.29822278,0.30217707,0.25693536,0.982095965624254,0.8321633446767136,0.9435701553348612,0.6844919786096257,0.9019607843137255,1,0,0
0.8560411311053985,0.3241613,0.32855,0.28177702,0.9574031642116749,0.917098789061406,0.9314899265178188,0.8491508491508492,0.9105180533751963,0,0,0
0.8444730077120822,0.3000102,0.306313,0.24723357,0.9703237410071941,0.9827795175180845,0.979788866100627,0.9766763848396501,0.9728325186519167,0,0,0
0.8470437017994858,0.32187325,0.31719747,0.37493968,0.9925873539734926,0.9914257276197131,0.988112230969374,0.9906726842897056,0.9781209781209782,1,0,0
0.8136246786632391,0.35905045,0.35584384,0.39544252,0.9447552447552449,0.9159573685377009,0.9026682515719879,0.8722513089005235,0.8340425531914893,1,0,0
