ACC,Loss,LossPrivileged,LossUnprivileged,BalancedACC,drift-id,gm-id,gm-name
0.8242857142857143,0.48589578,0.51812196,0.45366958,0.9625850340136056,0,0,0
0.7871428571428571,1.385007,0.39346907,2.376545,0.788961038961039,2,0,0
0.8042857142857143,0.79819953,0.4767364,1.1196626,0.8642384105960265,2,0,0
0.78,1.3629801,0.47801998,2.2479403,0.7785016286644951,1,0,0
0.8271428571428572,0.6652569,0.5906735,0.73984045,0.9494949494949495,1,1,1
0.8642857142857143,0.5257568,0.5783972,0.47311628,0.983606557377049,1,1,1
0.7285714285714285,2.8641627,0.47765997,5.2506647,0.6088328075709779,2,1,1
0.8385714285714285,0.7467519,0.55375636,0.9397474,0.8996763754045307,2,0,0
0.8114285714285714,1.0493562,0.8128221,1.2858905,0.9060402684563759,2,0,0
