ACC,Loss,LossPrivileged,LossUnprivileged,BalancedACC,drift-id,gm-id,gm-name
0.82,0.4897423,0.46953642,0.6715949,0.8776290630975142,0,0,0
0.8928571428571429,0.3344865,0.30284914,0.61922294,0.851138353765324,0,0,0
0.8814285714285715,0.6061461,0.370862,2.7237027,0.7421052631578947,1,0,0
0.8885714285714286,0.55931735,0.45703465,1.4798617,0.7867132867132868,1,0,0
0.8714285714285714,0.52829003,0.4530524,1.2054293,0.8211091234347049,1,0,0
0.8942857142857142,0.44723737,0.34533802,1.3643316,0.78125,2,0,0
0.8871428571428571,0.48480123,0.39077327,1.3310527,0.7709790209790209,2,0,0
0.9028571428571428,0.48779795,0.43038544,1.0045103,0.9267015706806283,0,0,0
0.92,0.33715174,0.28017777,0.84991777,0.9076923076923077,0,0,0
