ACC,Loss,LossPrivileged,LossUnprivileged,BalancedACC,drift-id,gm-id,gm-name
0.9428571428571428,0.19757283,0.18773454,1.1715642,0.6036585365853658,0,0,0
0.9614285714285714,0.1395744,0.12271988,1.808172,0.5919282511210763,1,0,0
0.9771428571428571,0.09744809,0.092576616,0.5797237,0.8761061946902655,1,0,0
0.9785714285714285,0.10831554,0.0667775,4.2205815,0.43548387096774194,1,0,0
0.97,0.18734917,0.14433981,4.4452753,0.5866666666666667,2,0,0
0.9785714285714285,0.11365606,0.0851885,2.9319446,0.5814977973568282,2,0,0
0.9728571428571429,0.13350351,0.08478067,4.957063,0.43805309734513276,2,0,0
0.9885714285714285,0.030102696,0.012337872,1.7888203,0.4310595065312046,1,0,0
0.9928571428571429,0.040963434,0.026768792,1.4462329,0.8621190130624092,1,0,0
