ACC,Loss,LossPrivileged,LossUnprivileged,AEQ,OEQ,OPP,MEQ,MPP,drift-id,gm-id,gm-name
0.9157142857142857,0.27701408,0.23913354,0.6179391,0.8615384615384616,0.7571102258112216,0.8444014778947058,0.22641509433962267,0.6875,0,0,0
0.9457142857142857,0.15994902,0.13601762,0.37533143,0.93,0.886578927202571,0.9143089866040786,0.6210526315789474,0.7466666666666666,0,0,0
0.96,0.1516458,0.10265759,0.5925396,0.9147540983606557,0.8972260562674661,0.8767822972123043,0.7631578947368421,0.5087719298245614,0,0,0
0.9728571428571429,0.11287117,0.11118698,0.12802887,0.99836867862969,0.9521216027202131,0.9540392573991803,0.8695652173913042,0.8493589743589743,0,0,0
0.9571428571428572,0.41201738,0.14474665,2.8174546,0.788961038961039,0.7794807183409892,0.7373957600281491,0.0,0.0,1,0,0
0.9514285714285714,0.22935776,0.20583385,0.44107297,0.9733777038269551,0.9228308681250514,0.9308195656091607,0.7758620689655173,0.875,1,7,3-1-2
0.9357142857142857,0.2703476,0.20708717,0.8396913,0.8909395973154363,0.8705224368354214,0.8763021443834281,0.5795918367346938,0.7630402384500745,1,7,3-1-2
0.9542857142857143,0.4675604,0.10241175,3.7538989,0.7281553398058253,0.7574976146121638,0.7557848389132638,0.0,0.0,0,7,3-1-2
0.9757142857142858,0.16095425,0.1443405,0.3104779,0.9466019417475728,0.9247466988889677,0.9378652911577448,0.7629310344827586,0.8112676056338028,0,0,0
