ACC,Loss,LossPrivileged,LossUnprivileged,BalancedACC,drift-id,gm-id,gm-name
0.9457142857142857,0.18298021,0.17142327,0.28699258,0.9465776293823039,0,0,0
0.93,0.31768185,0.1344336,1.9669166,0.8305369127516778,1,0,0
0.8685714285714285,0.5440178,0.47600436,1.1561391,0.6678445229681979,1,2,2
0.9014285714285715,0.46151713,0.42351025,0.8035786,0.8082901554404146,1,5,1-4
0.9342857142857143,0.5463751,0.12749802,4.3162694,0.680921052631579,2,7,1-4-2-3
0.8485714285714285,0.7971393,0.74209577,1.2925314,0.7912087912087912,2,11,11
0.9585714285714285,0.26973882,0.11426349,1.6690165,0.8355048859934854,2,0,0
0.9442857142857143,0.44857827,0.10508982,3.5399742,0.7205882352941176,1,14,10-9-8-11
0.9814285714285714,0.10590342,0.095909365,0.19584994,0.9725806451612904,1,7,1-4-2-3
