ACC,Loss,LossPrivileged,LossUnprivileged,BalancedACC,drift-id,gm-id,gm-name
0.7792041078305519,0.45276338,0.4646269,0.30798835,0.874599358974359,0,0,0
0.386392811296534,1.4121797,1.5316662,0.20195277,0.3448203271372334,2,0,0
0.79204107830552,0.48650977,0.4881929,0.46738052,0.9765034505422282,2,2,2
0.2888318356867779,1.2382206,1.2024896,1.5593406,0.8289146128951953,1,12,1-3-2-4
0.8267008985879333,0.41079924,0.3950764,0.592626,0.8895781637717122,1,11,5-6-7
0.8177150192554558,0.41317302,0.39034456,0.63395244,0.8776975042221806,1,11,5-6-7
0.3196405648267009,1.5855949,1.6278706,1.2404264,0.5982758620689655,2,11,5-6-7
0.9152759948652118,0.2093859,0.20908907,0.2127021,0.9892652671755726,2,12,1-3-2-4
0.9293966623876765,0.18843597,0.18549813,0.21819225,0.9821645021645021,2,12,1-3-2-4
