ACC,Loss,LossPrivileged,LossUnprivileged,AEQ,OEQ,OPP,MEQ,MPP,drift-id,gm-id,gm-name
0.7984595635430038,0.42257375,0.42887545,0.36593935,0.9217109885664404,0.6524716553287981,0.8071810082642852,0.326530612244898,0.6938775510204082,0,0,0
0.7766367137355584,0.45330426,0.4651502,0.35261387,0.9138959931798807,0.8453266016758079,0.8517391811248214,0.7176870748299319,0.8027210884353742,0,0,0
0.7830551989730423,0.4284207,0.44569713,0.25877523,0.9165487977369167,0.8142813257473742,0.6452848184102207,0.6360759493670887,0.41591320072332727,0,0,0
0.8254172015404364,0.3834184,0.39527002,0.26523632,0.9567935537649349,0.9834693240592116,0.9767443783068784,0.9781746031746033,0.9601851851851853,0,0,0
0.7869062901155327,0.5941732,0.36379653,2.7566423,0.30024691358024697,0.5078944110543986,0.510662178925707,0.13109697320223634,0.25523330604607647,2,0,0
0.7894736842105263,0.47781193,0.46755013,0.58867055,0.9815554791076768,0.22548716362511598,0.3820754716981132,0.0,0.0,2,13,13
0.8023106546854942,0.4174436,0.41840348,0.40756685,0.9151408450704225,0.1314655172413793,0.4180327868852459,0.0,0.0,2,15,10-13
0.7573812580231065,0.53903097,0.40611333,1.9749439,0.3205087524459252,0.25526315789473686,0.19119025304592313,0.0,0.0,0,15,10-13
0.834403080872914,0.33524382,0.3494331,0.14473994,0.8565517241379311,0.7874958700563458,0.8625050770414028,0.6521739130434783,0.8430913348946136,0,0,0
