ACC,Loss,LossPrivileged,LossUnprivileged,BalancedACC,drift-id,gm-id,gm-name
0.9185714285714286,0.27702165,0.33755577,0.2164875,0.9784615384615384,0,0,0
0.8414285714285714,1.7839303,0.18949227,3.3783684,0.7634730538922155,1,0,0
0.88,0.34107098,0.16650099,0.5156409,0.8554216867469878,1,0,0
0.87,0.3947018,0.21370286,0.5757009,0.8125000000000001,1,0,0
0.8671428571428571,0.42858127,0.14672367,0.71043885,0.8065476190476191,1,0,0
0.8328571428571429,0.6531101,0.14239208,1.1638281,0.7197640117994101,1,0,0
0.8528571428571429,0.6089747,0.1716893,1.0462601,0.7927927927927929,1,0,0
0.8785714285714286,0.31945217,0.10312839,0.5357759,0.8303571428571429,0,0,0
0.95,0.13577081,0.073032565,0.19850908,0.9331395348837209,0,0,0
