ACC,Loss,LossPrivileged,LossUnprivileged,BalancedACC,drift-id,gm-id,gm-name
0.9285714285714286,0.25888836,0.25128284,0.40339366,0.9515347334410339,0,0,0
0.9542857142857143,0.20197852,0.16278842,0.94659054,0.7694704049844237,0,0,0
0.97,0.104533754,0.1009689,0.17226629,0.9705882352941176,0,0,0
0.9757142857142858,0.095994614,0.072811745,0.53646904,0.8122137404580153,0,0,0
0.9728571428571429,0.13122533,0.098222315,0.7582826,0.8147013782542114,2,0,0
0.9771428571428571,0.10981684,0.06593038,0.9436598,0.8109756097560976,2,0,0
0.9614285714285714,0.18185377,0.14472388,0.8873213,0.8248062015503876,2,0,0
0.8685714285714285,0.58846617,0.55404145,1.2425346,0.747008547008547,0,8,8
0.9814285714285714,0.091478586,0.06860527,0.52607167,0.8978658536585366,0,0,0
