ACC,Loss,LossPrivileged,LossUnprivileged,AEQ,OEQ,OPP,MEQ,MPP,drift-id,gm-id,gm-name
0.9385714285714286,0.25141746,0.23043339,0.6501143,0.8773885350318472,0.7744627406133548,0.7668729814999085,0.0,0.0,0,0,0
0.9542857142857143,0.30551857,0.11435945,3.9375422,0.616692426584235,0.7004529802819736,0.7655885524499656,0.0,0.0,1,0,0
0.97,0.16615793,0.10620128,1.305334,0.7565084226646248,0.7342903503827334,0.7685805971365072,0.0,0.0,1,0,0
0.9542857142857143,0.15608533,0.12807013,0.6883741,0.7694704049844237,0.7260326002857782,0.7541277210735772,0.0,0.0,1,0,0
0.9557142857142857,0.21964905,0.16775237,1.2056853,0.7990654205607477,0.73408702413957,0.732345628549854,0.0,0.0,1,0,0
0.9628571428571429,0.17635489,0.12333743,1.1836865,0.7623456790123457,0.7765311643309779,0.7344162678754628,0.0,0.0,1,0,0
0.9785714285714285,0.12952104,0.082446426,1.0239388,0.8399390243902439,0.7702294388861554,0.7564627650897846,0.0,0.0,1,0,0
0.9714285714285714,0.090473294,0.08107906,0.2689641,0.8769230769230769,0.8473566377945355,0.8531888083093195,0.5092592592592593,0.5081967213114754,0,0,0
0.9957142857142857,0.014715522,0.012714285,0.052739035,0.9954887218045114,0.8952578771343074,0.8953665750955683,0.0,0.0,0,0,0
