ACC,Loss,LossPrivileged,LossUnprivileged,BalancedACC,drift-id,gm-id,gm-name
0.8414285714285714,0.4534351,0.43909204,0.5825225,0.9642857142857143,0,0,0
0.8457142857142858,0.67822075,0.4265493,2.943264,0.8121546961325966,1,0,0
0.87,0.48446834,0.40299112,1.2177637,0.8050089445438283,1,0,0
0.87,0.5184614,0.37228972,1.8340067,0.632688927943761,1,0,0
0.8857142857142857,0.60301095,0.4206677,2.2441,0.8586572438162544,2,0,0
0.88,0.5719782,0.4692982,1.4960985,0.7092819614711033,2,0,0
0.8785714285714286,0.6383929,0.46515986,2.197491,0.7447183098591549,2,0,0
0.8871428571428571,0.5354966,0.4392537,1.401683,0.8224956063268893,1,0,0
0.8657142857142858,0.71060354,0.6036026,1.6736121,0.7392857142857143,1,0,0
