ACC,Loss,LossPrivileged,LossUnprivileged,AEQ,OEQ,OPP,MEQ,MPP,drift-id,gm-id,gm-name
0.9271428571428572,0.24913278,0.2215194,0.773787,0.856682769726248,0.7162896968024384,0.7477442289117754,0.0,0.0,0,0,0
0.9614285714285714,0.123778395,0.113905184,0.3113696,0.9174454828660435,0.8788197726764277,0.8861464201166184,0.5409836065573771,0.5151515151515151,0,0,0
0.9571428571428572,0.12898383,0.09934188,0.6921807,0.859594383775351,0.7455522225403515,0.7556010574220143,0.0,0.0,0,0,0
0.9714285714285714,0.110603444,0.108282596,0.1546997,0.9690880989180835,0.9438021863888799,0.8998841199771477,0.796875,0.5166666666666666,0,0,0
0.9614285714285714,0.32315716,0.13562778,3.8862152,0.7026194144838213,0.7628268875560696,0.7728353937728938,0.0,0.0,1,0,0
0.9485714285714286,0.2874327,0.2513645,0.97272754,0.9304897314375987,0.7817405100624176,0.775925150887101,0.0,0.0,1,1,1
0.9457142857142857,0.25010264,0.20902798,1.0305209,0.8078740157480315,0.7541165067684327,0.793768965470831,0.40540540540540543,0.41403508771929826,1,1,1
0.9528571428571428,0.2947859,0.13024473,3.4210675,0.648062015503876,0.6605998622724155,0.697829707669007,0.0,0.0,0,1,1
0.9771428571428571,0.14429985,0.12414077,0.5273224,0.9019908116385911,0.9080713608604537,0.8924008420969469,0.6169014084507042,0.6666666666666666,0,0,0
