ACC,Loss,LossPrivileged,LossUnprivileged,BalancedACC,drift-id,gm-id,gm-name
0.93,0.26996642,0.18528113,0.35465166,0.9667673716012084,0,0,0
0.9442857142857143,0.17910004,0.14251211,0.21568796,0.9909638554216866,0,0,0
0.96,0.14717942,0.13643518,0.1579237,0.9764705882352942,0,0,0
0.9685714285714285,0.14745374,0.1945658,0.100341685,0.9766763848396501,0,0,0
0.8485714285714285,1.9649919,0.20234948,3.7276347,0.7784431137724551,2,0,0
0.82,0.86388975,0.9738689,0.7539108,0.9930555555555556,2,6,6
0.8271428571428572,0.7786197,0.678179,0.8790602,0.9896907216494846,2,9,9
0.8557142857142858,1.4040551,0.2949253,2.513185,0.8206686930091186,0,11,8-10
0.9714285714285714,0.110573895,0.13664044,0.08450734,1.0,0,0,0
