ACC,Loss,LossPrivileged,LossUnprivileged,BalancedACC,drift-id,gm-id,gm-name
0.8157142857142857,0.523919,0.54092264,0.5069153,0.9965034965034965,0,0,0
0.8114285714285714,1.1231313,0.32149112,1.9247715,0.8263665594855306,2,0,0
0.76,0.82776874,0.85538965,0.8001479,0.9850746268656717,2,1,1
0.7471428571428571,1.8295212,0.56320965,3.0958326,0.7550335570469799,0,2,2
0.7942857142857143,1.997096,0.54343617,3.4507558,0.8051948051948051,2,0,0
0.8457142857142858,0.64604455,0.55732715,0.7347619,0.9602649006622517,2,2,2
0.7414285714285714,2.6196144,0.51795125,4.721277,0.7072368421052633,1,2,2
0.8685714285714285,0.66764927,0.7194557,0.6158428,1.0,1,9,9
0.8442857142857143,0.7321105,0.6757394,0.78848153,0.9634551495016612,1,9,9
