ACC,Loss,LossPrivileged,LossUnprivileged,BalancedACC,drift-id,gm-id,gm-name
0.8049764626765299,0.42617512,0.42794788,0.38675982,0.9707898540155663,0,0,0
0.7874915938130465,0.4542576,0.42504057,1.08331,0.7417683906199807,1,0,0
0.8056489576328177,0.41162956,0.38544518,0.9844639,0.7361518550474547,1,0,0
0.8103564223268326,0.39833784,0.3686348,0.9072737,0.8978591969325806,1,0,0
0.8190988567585743,0.39299893,0.36241123,0.99413234,0.8062678062678063,1,0,0
0.8419636852723604,0.34836358,0.33550248,0.6087094,0.8948051948051948,1,0,0
0.8312037659717552,0.35785764,0.34068343,0.72762394,0.7947427293064877,1,0,0
0.8426361802286483,0.33550674,0.3324391,0.41246682,0.8915470494417863,0,0,0
0.8285137861466039,0.35083392,0.35116297,0.3440711,0.967428462145299,0,0,0
