ACC,Loss,LossPrivileged,LossUnprivileged,BalancedACC,drift-id,gm-id,gm-name
0.8014804845222072,0.42875677,0.43387502,0.30274156,0.9268627450980393,0,0,0
0.8149394347240915,0.4042092,0.41324925,0.22922675,0.8821286349568507,0,0,0
0.82907133243607,0.37792447,0.37538844,0.42563498,0.9700566973777461,0,0,0
0.819650067294751,0.3763038,0.37693116,0.3648241,0.9981109799291618,0,0,0
0.8135935397039031,0.3862007,0.38262132,0.47126973,0.8976251788268954,0,0,0
0.8109017496635262,0.37901443,0.3583846,0.7963257,0.6586852735952993,0,0,0
0.8129205921938089,0.40751046,0.36686274,1.0946038,0.5639358116812846,0,0,0
0.8270524899057874,0.36775464,0.3530296,0.63720334,0.8409615915998895,1,0,0
0.8257065948855989,0.37684977,0.3542695,0.9043394,0.7872167055671413,1,0,0
