ACC,Loss,LossPrivileged,LossUnprivileged,BalancedACC,drift-id,gm-id,gm-name
0.9557142857142857,0.16982082,0.15606841,0.4311169,0.8609375000000001,0,0,0
0.9528571428571428,0.24633035,0.14103095,2.2470186,0.7398753894080997,1,0,0
0.9628571428571429,0.14840485,0.084422104,1.364077,0.7015384615384616,1,0,0
0.9485714285714286,0.19337241,0.1614064,0.80072707,0.7125,1,0,0
0.9628571428571429,0.17387846,0.11094428,1.3696281,0.6712749615975422,2,0,0
0.9571428571428572,0.2065723,0.13117379,1.6391437,0.6754250386398764,2,0,0
0.97,0.15195297,0.1496642,0.19543941,0.9397217928902627,2,0,0
0.9785714285714285,0.14815824,0.1402164,0.29905367,0.900611620795107,2,0,0
0.97,0.112226956,0.056932785,1.1628165,0.7262996941896025,2,0,0
