ACC,Loss,LossPrivileged,LossUnprivileged,AEQ,OEQ,OPP,MEQ,MPP,drift-id,gm-id,gm-name
0.9057142857142857,0.3714518,0.3359337,0.69111514,0.8719723183391004,0.7942512240734284,0.8501063945371428,0.5,0.6881720430107526,0,0,0
0.9314285714285714,0.42130712,0.16146386,2.7598968,0.7637271214642262,0.7347745729423647,0.731799157581753,0.0,0.0,1,0,0
0.9357142857142857,0.26732227,0.15721893,1.2582521,0.743801652892562,0.7203433127372956,0.6898599205941406,0.0,0.0,1,0,0
0.9585714285714285,0.1654619,0.07550078,0.97511196,0.7560581583198708,0.7616006416704088,0.7486852310145173,0.0,0.0,1,0,0
0.9557142857142857,0.21481578,0.09590364,1.285025,0.7743506493506493,0.7561588755662954,0.7158882693670134,0.14285714285714285,0.20327868852459016,2,0,0
0.9642857142857143,0.1440564,0.082905084,0.694418,0.8300970873786409,0.828579989000071,0.8184400861892043,0.13319672131147542,0.16666666666666666,2,0,0
0.97,0.13875781,0.065039806,0.8022198,0.8247588424437299,0.7801072994987469,0.7765225152187518,0.16666666666666666,0.2,2,0,0
0.97,0.10950435,0.06556184,0.504987,0.8723747980613893,0.856625915600584,0.8845516676657613,0.625,0.460448642266824,0,0,0
0.96,0.12338791,0.054795735,0.7407176,0.7864077669902914,0.7886588466241089,0.7247133147981317,0.0,0.0,0,0,0
