ACC,Loss,LossPrivileged,LossUnprivileged,BalancedACC,drift-id,gm-id,gm-name
0.803594351732991,0.4388613,0.44333282,0.3928495,0.9517241379310347,0,0,0
0.7779204107830552,0.54419047,0.43964443,1.5402037,0.4961993243243244,1,0,0
0.754813863928113,0.4987565,0.424051,1.189782,0.41074600355239793,1,0,0
0.8048780487804879,0.4287259,0.3635793,1.1565359,0.5222245409015025,1,0,0
0.785622593068036,0.43122545,0.3664821,1.1932871,0.5854961617411355,1,0,0
0.810012836970475,0.39868218,0.34982938,0.9841019,0.6612876254180603,1,0,0
0.8267008985879333,0.3763231,0.33967772,0.76574886,0.6850376218083138,1,0,0
0.8549422336328626,0.35689166,0.34091184,0.52952236,0.8958610495195861,0,0,0
0.8074454428754814,0.39439562,0.37419102,0.6056527,0.8056758662369057,0,0,0
