ACC,Loss,LossPrivileged,LossUnprivileged,BalancedACC,drift-id,gm-id,gm-name
0.8257142857142857,0.4771943,0.46609634,0.5770768,0.9655172413793104,0,0,0
0.8742857142857143,0.41697803,0.42612994,0.33461067,0.9856630824372761,0,0,0
0.88,0.37975898,0.38914698,0.29526713,0.9928315412186381,0,0,0
0.8785714285714286,0.47854698,0.40167785,1.170369,0.8663101604278076,0,0,0
0.8857142857142857,0.66312796,0.45637605,2.5238953,0.8761061946902654,2,0,0
0.7742857142857142,0.793112,0.74523264,1.2240251,0.8545454545454545,2,10,10
0.8557142857142858,0.5039451,0.4860499,0.66500187,0.8555758683729433,2,13,11-8-10
0.86,0.6781769,0.4074632,3.1145995,0.675,0,13,11-8-10
0.8857142857142857,0.69454956,0.6227606,1.3406501,0.8586572438162544,0,0,0
