ACC,Loss,LossPrivileged,LossUnprivileged,BalancedACC,drift-id,gm-id,gm-name
0.9214285714285714,0.32319003,0.36735353,0.27902648,0.9664634146341463,0,0,0
0.9557142857142857,0.15330288,0.17268077,0.13392502,0.9792899408284025,0,0,0
0.9642857142857143,0.1742308,0.27770185,0.070759736,0.967930029154519,0,0,0
0.9671428571428572,0.11362504,0.13439964,0.09285044,0.9970501474926254,0,0,0
0.9785714285714285,0.0944009,0.11023034,0.07857143,0.9970845481049563,0,0,0
0.9542857142857143,0.22437842,0.24968643,0.19907044,0.9940298507462686,0,0,0
0.9757142857142858,0.09606929,0.07631778,0.11582081,0.9854651162790697,0,0,0
0.95,0.23827787,0.2385372,0.23801856,0.9969969969969971,0,0,0
0.9814285714285714,0.06855289,0.076852605,0.06025318,0.9913043478260869,0,0,0
