ACC,Loss,LossPrivileged,LossUnprivileged,AEQ,OEQ,OPP,drift-id,gm-id,gm-name
0.7777777777777778,0.7952693,0.53147036,1.3228673,0.734375,0.7433213812732591,0.9416973593080658,0,0,0
0.6866666666666666,2.8856544,0.8343036,6.988356,0.3861003861003861,0.3932532151261231,0.6320993314231136,2,0,0
0.5777777777777777,3.8607652,3.1434557,5.295384,0.6804123711340206,0.6669647020989199,0.9161209512384446,2,5,5
0.74,2.3190205,0.48009312,5.9968753,0.47583643122676583,0.4790477333252741,0.5193480692691372,2,0,0
0.5733333333333334,4.3930573,1.6106008,9.957969,0.2631578947368421,0.24870090063008637,0.40332055670567984,1,8,8
0.7844444444444445,1.418536,0.7776543,2.700299,0.7153846153846154,0.7312306250280367,0.8891971692374508,1,3,3
0.84,1.120247,0.4551242,2.450493,0.7391304347826088,0.7455192955918466,0.883749547055268,1,3,3
0.6644444444444444,3.0507557,0.71276134,7.7267456,0.32684824902723736,0.2971990985501694,0.43587604524333345,2,3,3
0.7644444444444445,1.5681515,0.9635147,2.7774248,0.7301587301587301,0.7196031712454145,0.8462344340091319,2,12,12
