ACC,Loss,LossPrivileged,LossUnprivileged,AEQ,OEQ,OPP,MEQ,MPP,drift-id,gm-id,gm-name
0.9385714285714286,0.2358805,0.2002911,0.556185,0.9211409395973155,0.8682160650826279,0.8674692456771764,0.7446808510638298,0.626865671641791,0,0,0
0.9457142857142857,0.33231264,0.14829631,1.9884598,0.799342105263158,0.7379445023541502,0.7254611168787733,0.0,0.0,2,0,0
0.96,0.197151,0.08656441,1.1924305,0.8501628664495114,0.79430453198749,0.7893202835988513,0.0,0.0,2,0,0
0.9514285714285714,0.20819624,0.046523403,1.6632519,0.6366559485530546,0.6568882789603873,0.6723460727028819,0.0,0.0,1,0,0
0.95,0.22455809,0.11798741,1.1836941,0.7159090909090909,0.7166808694198401,0.7323573426845484,0.0,0.0,1,0,0
0.9642857142857143,0.1735797,0.08355565,0.98379594,0.7668810289389066,0.7618146438462092,0.7548835986179472,0.0,0.0,1,0,0
0.9557142857142857,0.23428223,0.12150994,1.2492326,0.7902439024390244,0.7573198102985024,0.732922744677902,0.0,0.0,2,0,0
0.9828571428571429,0.0674132,0.005588752,0.62383324,0.8598726114649681,0.7933005166876134,0.7914663942962429,0.0,0.0,3,0,0
0.9757142857142858,0.13753362,0.018445972,1.2093225,0.8352,0.8078754578754579,0.7857378262039278,0.0,0.0,3,0,0
