ACC,Loss,LossPrivileged,LossUnprivileged,BalancedACC,drift-id,gm-id,gm-name
0.9357142857142857,0.24092187,0.2328963,0.31315184,0.9746192893401014,0,0,0
0.9628571428571429,0.1287947,0.12688377,0.14599311,0.9769736842105263,0,0,0
0.9671428571428572,0.15759088,0.14949717,0.23043445,0.9396411092985318,0,0,0
0.9757142857142858,0.094961055,0.07769513,0.25035438,0.9788961038961039,0,0,0
0.9728571428571429,0.11562055,0.09047164,0.34196064,0.93354943273906,0,0,0
0.9671428571428572,0.122764796,0.12251789,0.124986924,0.9885245901639345,0,0,0
0.9742857142857143,0.09179784,0.06508728,0.33219293,0.9320388349514563,0,0,0
0.9671428571428572,0.15626428,0.12633534,0.42562473,0.9073170731707317,0,0,0
0.9842857142857143,0.06693683,0.042799354,0.28417408,0.9694533762057878,0,0,0
