ACC,Loss,LossPrivileged,LossUnprivileged,AEQ,OEQ,OPP,MEQ,MPP,drift-id,gm-id,gm-name
0.8442857142857143,0.4696772,0.45388725,0.7696861,0.8042328042328043,0.7208317467794372,0.67828546561027,0.0,0.0,0,0,0
0.8542857142857143,0.43393916,0.43523243,0.4093677,0.9964912280701755,0.845025068157289,0.8635196229703455,0.625,0.6171875,0,0,0
0.87,0.36399597,0.35321122,0.5689064,0.9156626506024096,0.8576826388189396,0.8272391377114559,0.631578947368421,0.35947712418300654,0,0,0
0.8714285714285714,0.41028038,0.34551314,1.6408571,0.5777027027027026,0.6026070389498728,0.5446829445002198,0.0,0.0,0,0,0
0.8842857142857142,0.44262108,0.3588034,2.0351574,0.7001675041876047,0.6043307484932048,0.5341381546551757,0.0,0.0,2,0,0
0.8685714285714285,0.41531748,0.35856494,1.4936154,0.5465313028764806,0.5623169646900009,0.6215331595619846,0.0,0.0,2,0,0
0.8842857142857142,0.40854484,0.38765103,0.8055275,0.8330522765598651,0.6933638294388149,0.7521584053715019,0.0,0.0,2,0,0
0.8828571428571429,0.38872832,0.32307872,1.636071,0.6026711185308848,0.5800062776632128,0.5974307059846456,0.0,0.0,0,0,0
0.8614285714285714,0.50518095,0.47919044,0.9990013,0.753448275862069,0.6811574629001663,0.710588015304769,0.0,0.0,0,0,0
