ACC,Loss,LossPrivileged,LossUnprivileged,BalancedACC,drift-id,gm-id,gm-name
0.812373907195696,0.40827763,0.41499388,0.27433056,0.8962747175141244,0,0,0
0.7800941492938803,0.49125892,0.40486118,2.0733478,0.2886255600791503,1,0,0
0.7975790181573639,0.42418215,0.42448178,0.41829315,0.9384232172855239,1,1,1
0.8063214525891056,0.40701205,0.39691648,0.6176829,0.8513710171568627,1,1,1
0.33221250840618693,1.8695861,1.8985714,1.3973969,0.5805909024425917,2,1,1
0.9038332212508406,0.24279547,0.23418894,0.4003949,0.9005748350010645,2,2,2
0.9125756556825824,0.20367998,0.1960391,0.322284,0.9724179935612981,2,2,2
0.9280430396772025,0.16856703,0.16287073,0.27890378,0.9111771675639719,2,2,2
0.9186281102891728,0.17390974,0.17419222,0.16782795,0.9936433589829374,2,2,2
