ACC,Loss,LossPrivileged,LossUnprivileged,AEQ,OEQ,OPP,MEQ,MPP,drift-id,gm-id,gm-name
0.9557142857142857,0.16950451,0.15602866,0.42554554,0.8609375000000001,0.7976480539032138,0.8517638655291815,0.3464912280701754,0.5263157894736842,0,0,0
0.9514285714285714,0.25153342,0.14710872,2.2356029,0.7410296411856474,0.6769269136660441,0.6870141637381008,0.0,0.0,1,0,0
0.9614285714285714,0.14749084,0.08843988,1.2694592,0.7026194144838213,0.6455055693319076,0.6009180009375708,0.0,0.0,1,0,0
0.9428571428571428,0.18919049,0.15547359,0.82981175,0.7169811320754718,0.7076065679664634,0.7281620915328209,0.0,0.0,1,0,0
0.9628571428571429,0.17353126,0.11207341,1.3412304,0.6712749615975422,0.6663124712442887,0.6699846154938063,0.0,0.0,2,0,0
0.96,0.19337627,0.12227834,1.5442364,0.6733436055469953,0.6368548510760826,0.5961580269961111,0.0,0.0,2,0,0
0.9728571428571429,0.1610156,0.15723614,0.23282492,0.9675925925925926,0.8097433555361944,0.8551463417505332,0.0,0.0,2,0,0
0.9771428571428571,0.14561902,0.13560185,0.33594576,0.9019908116385911,0.7845198468022371,0.7846259816522988,0.0,0.0,2,0,0
0.9771428571428571,0.12936018,0.06368548,1.37718,0.8109756097560976,0.8326432753332227,0.7795259706540951,0.0,0.0,2,0,0
