ACC,Loss,LossPrivileged,LossUnprivileged,BalancedACC,drift-id,gm-id,gm-name
0.8428571428571429,0.43448877,0.45535925,0.4136184,1.0,0,0,0
0.8785714285714286,0.38938084,0.40551934,0.37324232,0.9711538461538461,0,0,0
0.8928571428571429,0.39018035,0.35664025,0.42372048,0.9968051118210862,0,0,0
0.8714285714285714,0.50811505,0.5406055,0.47562474,0.9934640522875815,0,0,0
0.8928571428571429,0.55385,0.40685517,0.70084476,0.9778481012658229,0,0,0
0.89,0.5643852,0.622513,0.5062573,0.9840764331210192,0,0,0
0.8728571428571429,0.53259635,0.5943669,0.47082576,0.9583333333333334,0,0,0
0.7985714285714286,2.025762,0.62462115,3.426903,0.8208469055374593,1,0,0
0.84,0.8930996,0.8411507,0.94504863,0.9731543624161074,1,5,2-3
