ACC,Loss,LossPrivileged,LossUnprivileged,BalancedACC,drift-id,gm-id,gm-name
0.845,0.33540955,0.28453904,0.44350937,0.8928571428571429,0,0,0
0.85,0.33155045,0.28401586,0.43103004,0.9137505445041383,0,0,0
0.8683333333333333,0.3047052,0.25298005,0.40972295,0.907996632996633,0,0,0
0.855,0.34761456,0.29812464,0.44585562,0.8997505390892563,0,0,0
0.7983333333333333,0.47820255,0.26426393,0.91585374,0.661174523936394,2,0,0
0.8066666666666666,0.42716965,0.2380949,0.8081694,0.6940815187046343,2,0,0
0.8666666666666667,0.30215102,0.2529729,0.39150274,0.9295774647887325,2,2,2
0.8016666666666666,0.52009207,0.22438014,1.1582072,0.6473684210526316,0,2,2
0.8516666666666667,0.31587455,0.24673298,0.4500905,0.8609172482552344,0,0,0
