ACC,Loss,LossPrivileged,LossUnprivileged,BalancedACC,drift-id,gm-id,gm-name
0.9314285714285714,0.22259426,0.21260665,0.41235885,0.8844301765650081,0,0,0
0.9485714285714286,0.2940946,0.18995227,2.272799,0.7433489827856026,2,0,0
0.8671428571428571,0.68475753,0.6543178,1.2631115,0.6808873720136519,2,8,8
0.9628571428571429,0.14616863,0.1496645,0.07974705,0.9609022556390976,0,0,0
0.9628571428571429,0.16708885,0.14124008,0.65821546,0.8850931677018633,0,0,0
0.8628571428571429,0.6849707,0.5807073,2.6659734,0.38513513513513514,0,11,11
0.9742857142857143,0.14437777,0.104516834,0.9017356,0.8437978560490046,0,0,0
0.8371428571428572,0.71483314,0.64359164,2.068421,0.602112676056338,1,15,15
0.9542857142857143,0.21392846,0.21556568,0.18282087,0.9559748427672956,1,2,2
