ACC,Loss,LossPrivileged,LossUnprivileged,AEQ,OEQ,OPP,MEQ,MPP,drift-id,gm-id,gm-name
0.9428571428571428,0.2400497,0.24261786,0.19125518,1.0,0.789319277745515,0.8610565891289493,0.0,0.0,0,0,0
0.9442857142857143,0.234845,0.15163319,1.815869,0.7779527559055118,0.7287082668907707,0.7240036480001552,0.0,0.0,1,0,0
0.89,0.54145783,0.5132489,1.077427,0.860738255033557,0.5941781175647151,0.5759977395383356,0.0,0.0,1,4,4
0.8742857142857143,0.5961615,0.5687116,1.1177107,0.7755102040816327,0.6237573362952521,0.6229741836263576,0.0,0.0,1,3,3
0.8842857142857142,0.55606675,0.4536567,2.501857,0.5690515806988352,0.6554224398681449,0.6439740452255458,0.2701612903225806,0.2040229885057471,1,3,3
0.9414285714285714,0.28079984,0.2572338,0.72855574,0.9062003179650239,0.8038730886412931,0.8069462178536669,0.0,0.0,1,2,2
0.9428571428571428,0.29131132,0.24934833,1.0886084,0.7791798107255521,0.6732604048205457,0.713129042512599,0.0,0.0,1,5,5
0.8185714285714286,0.8332791,0.7618369,2.1906812,0.651624548736462,0.5777299713092027,0.5584898464464043,0.0,0.0,0,17,17
0.9828571428571429,0.056947034,0.03613363,0.45240182,0.9268292682926829,0.8594325749654107,0.8558748264383121,0.0,0.0,0,0,0
