ACC,Loss,LossPrivileged,LossUnprivileged,BalancedACC,drift-id,gm-id,gm-name
0.9171428571428571,0.31724632,0.28327143,0.9627692,0.8341463414634147,0,0,0
0.9557142857142857,0.27318,0.1472569,2.6657186,0.7069767441860465,1,0,0
0.9485714285714286,0.26369408,0.19941925,1.4849167,0.7125,1,0,0
0.9828571428571429,0.07157698,0.04881543,0.5040467,0.8662613981762918,0,0,0
0.97,0.10757623,0.10506945,0.15520531,0.9705882352941176,0,0,0
0.9657142857142857,0.14667195,0.1175722,0.69956714,0.790446841294299,0,0,0
0.9742857142857143,0.0783066,0.03235083,0.95146626,0.7229832572298326,1,0,0
0.9614285714285714,0.13609569,0.09715322,0.8760027,0.8248062015503876,1,0,0
0.9857142857142858,0.060838923,0.024606016,0.74926406,0.8036253776435045,1,0,0
