ACC,BalancedACC,drift-id,gm-id
0.0770440251572327,0.5828804347826088,0,0
0.8757861635220126,0.8428290766208251,0,0
0.9056603773584906,0.8495722433460076,0,0
0.9339622641509434,0.9302973977695167,0,0
0.9512578616352201,0.9476691042047531,0,0
0.16352201257861634,0.6449742268041236,2,0
0.5833333333333334,0.7713137925903883,2,0
0.8742138364779874,0.999000999000999,2,0
0.9339622641509434,0.9119897959183673,0,0
0.9544025157232704,0.944216757741348,0,0
0.960691823899371,0.8841052158273381,0,0
