ACC,Loss,LossPrivileged,LossUnprivileged,BalancedACC,drift-id,gm-id,gm-name
0.7637997432605905,0.45218444,0.45812985,0.40095147,0.8993553008595989,0,0,0
0.7573812580231065,0.5665825,0.4193843,2.1308372,0.23942678289660882,2,0,0
0.7779204107830552,0.45198703,0.3728269,1.4180095,0.28859367842418693,2,0,0
0.8125802310654685,0.41063833,0.35834065,0.8874295,0.6644508034338542,1,0,0
0.810012836970475,0.4045727,0.37920034,0.73214805,0.7581795302013423,1,0,0
0.8138639281129654,0.36800462,0.32192212,0.83475477,0.5918196994991652,1,0,0
0.7740693196405648,0.42360425,0.35015932,1.0836669,0.2923911134527573,2,0,0
0.7933247753530167,0.42183623,0.35843727,0.9916141,0.41058180398281924,2,0,0
0.7586649550706034,0.43222448,0.3772512,0.95595676,0.4738130670635111,2,0,0
