ACC,Loss,LossPrivileged,LossUnprivileged,BalancedACC,drift-id,gm-id,gm-name
0.8373205741626795,0.39524883,0.44205755,0.30230013,0.9178463680668368,0,0,0
0.5821371610845295,1.1043442,0.45989293,2.1576698,0.2962116885589187,1,0,0
0.8070175438596491,0.45268923,0.45124248,0.45558247,0.9940828402366864,1,2,2
0.7990430622009569,0.46447894,0.5159264,0.38263068,0.8927536231884058,1,10,3-4
0.7751196172248804,0.51592666,0.44705847,0.6517049,0.9586503761033088,2,14,3-4-1-2
0.7910685805422647,0.44036067,0.4006027,0.521029,0.9797762478485371,2,13,5-6-7-8
0.7862838915470495,0.4638649,0.43787703,0.51894355,0.9729682442480974,2,21,5-6-7-8-16-18
0.8165869218500797,0.43404707,0.41741824,0.46903372,0.9818950334624869,2,21,5-6-7-8-16-18
0.8006379585326954,0.39666036,0.38967595,0.41103807,0.8919725814657135,2,21,5-6-7-8-16-18
