ACC,Loss,LossPrivileged,LossUnprivileged,AEQ,OEQ,OPP,MEQ,MPP,drift-id,gm-id,gm-name
0.87,0.38563395,0.38069198,0.43011183,0.9836065573770492,0.8279417407265882,0.756707878264575,0.0,0.0,0,0,0
0.8257142857142857,0.67061913,0.39734018,3.13013,0.6871508379888269,0.6071938404621277,0.596477320443356,0.0,0.0,1,0,0
0.78,0.77981794,0.74388456,1.1032189,0.7888446215139443,0.6601416855912527,0.7908984470287511,0.2708333333333333,0.52,1,4,4
0.8514285714285714,0.5010511,0.4626303,0.84683895,0.8784530386740331,0.7846821097360319,0.8475534267761204,0.3214285714285714,0.6187499999999999,1,3,3
0.8442857142857143,0.8995384,0.54924774,4.052155,0.5837837837837837,0.5839019992793578,0.5926011107505794,0.0,0.0,2,3,3
0.8457142857142858,0.53757167,0.49806,0.89317673,0.8484288354898336,0.8234001440438649,0.770545425024172,0.5142857142857142,0.1813186813186813,2,8,8
0.8642857142857143,0.5283323,0.48438382,0.9238688,0.9180327868852459,0.8375104297055411,0.8633587743814873,0.6576819407008087,0.5566037735849056,2,8,8
0.88,0.44083416,0.40012884,0.80718297,0.8823529411764707,0.8383926075454144,0.8822989445934397,0.5797101449275363,0.7783094098883573,2,8,8
0.8714285714285714,0.5644339,0.48402143,1.2881466,0.9097472924187726,0.8613018790762365,0.831429877436334,0.3722222222222222,0.5166666666666666,2,8,8
