ACC,Loss,LossPrivileged,LossUnprivileged,BalancedACC,drift-id,gm-id,gm-name
0.7719298245614035,0.45744696,0.502386,0.3615022,0.8573345933138858,0,0,0
0.5103668261562998,1.0904454,1.4747101,0.3274054,0.38184836745987827,2,0,0
0.49122807017543857,1.1558024,1.5843866,0.22720335,0.32384190395240126,2,0,0
0.2583732057416268,1.3563801,1.3063976,1.4767188,0.8426630434782607,1,12,3-1-2-4
0.773524720893142,0.49465472,0.4540228,0.57196826,0.9367521367521366,1,10,6-5-7
0.773524720893142,0.5106312,0.4829809,0.56361693,0.9611059111527107,1,10,6-5-7
0.30303030303030304,1.376207,1.375324,1.3777734,0.6166133182702567,2,10,6-5-7
0.8995215311004785,0.25440973,0.24480931,0.27490646,0.9604755784061697,2,12,3-1-2-4
0.8740031897926634,0.26854277,0.24180132,0.32202566,0.954177897574124,2,12,3-1-2-4
