ACC,Loss,LossPrivileged,LossUnprivileged,AEQ,OEQ,OPP,MEQ,MPP,drift-id,gm-id,gm-name
0.9485714285714286,0.18323012,0.16329159,0.5620621,0.8990536277602523,0.8580566765243546,0.8672726368300916,0.6327272727272727,0.5241935483870968,0,0,0
0.94,0.20053218,0.12503344,1.6350079,0.8129952456418383,0.6406506077545364,0.6649865833016706,0.0,0.0,1,0,0
0.8771428571428571,0.51498455,0.4641,1.4817921,0.5083612040133779,0.4589646336156109,0.510668597771716,0.0,0.0,1,2,2
0.8971428571428571,0.54133826,0.53654927,0.63232833,0.8866666666666667,0.7320795786184651,0.7496377082036816,0.0,0.0,1,1,1
0.9214285714285714,0.4513987,0.2555758,4.172034,0.5766773162939297,0.5573877335075288,0.5690650650426169,0.0,0.0,2,1,1
0.8485714285714285,0.8355487,0.81500953,1.2257923,0.7307692307692307,0.6079613087148952,0.546844149786508,0.0,0.0,2,9,9
0.9685714285714285,0.1722858,0.12143796,1.1383948,0.8796296296296297,0.7386723556865016,0.752962669424363,0.0,0.0,2,0,0
0.9428571428571428,0.3049862,0.12447905,3.7346227,0.6551724137931034,0.6644879718234982,0.6492434385040992,0.0,0.0,1,9,9
0.95,0.20974047,0.19555081,0.47934347,0.8976377952755905,0.8790724179434335,0.8477765306023569,0.5583333333333333,0.5072463768115941,1,2,2
