ACC,Loss,LossPrivileged,LossUnprivileged,BalancedACC,drift-id,gm-id,gm-name
0.8642857142857143,0.3922882,0.3911074,0.41472328,0.9913043478260869,0,0,0
0.8557142857142858,0.41821715,0.39578024,0.84451884,0.8275261324041812,0,0,0
0.8757142857142857,0.48604357,0.38094932,2.4828336,0.6408094435075885,1,0,0
0.8871428571428571,0.46039787,0.33047605,2.9289124,0.6322795341098169,1,0,0
0.8885714285714286,0.4492909,0.3713696,1.9297965,0.6312292358803986,1,0,0
0.9,0.4233862,0.38964888,1.0643945,0.7524752475247525,1,0,0
0.9,0.45502824,0.42132875,1.0953192,0.7851239669421488,1,0,0
0.91,0.47956347,0.41257572,1.7523302,0.8085106382978723,0,0,0
0.9,0.5421286,0.48701608,1.5892677,0.7524752475247525,0,0,0
