ACC,Loss,LossPrivileged,LossUnprivileged,BalancedACC,drift-id,gm-id
0.9214285714285714,0.27900428,0.27449703,0.2835115,0.9604863221884499,0,0
0.94,0.21184947,0.20730706,0.21639186,0.9759759759759761,0,0
0.9614285714285714,0.14045167,0.16651334,0.114389986,0.9794117647058823,0,0
0.9571428571428572,0.13967991,0.16454588,0.11481395,0.9533527696793003,0,0
0.8728571428571429,1.5099504,0.17620508,2.8436959,0.7970588235294117,2,0
0.9142857142857143,0.3591912,0.25831616,0.46006623,0.9692307692307692,2,2
0.9371428571428572,0.31626403,0.37229684,0.26023123,0.9939209726443768,2,2
0.8928571428571429,1.0800258,0.09325811,2.0667934,0.8436578171091446,0,2
0.9442857142857143,0.19945782,0.19655317,0.20236252,0.9909638554216866,0,0
0.9685714285714285,0.11139842,0.1383903,0.08440653,0.9766763848396501,0,0
