ACC,Loss,LossPrivileged,LossUnprivileged,BalancedACC,drift-id,gm-id,gm-name
0.83,0.47733545,0.46489355,0.5893118,0.9222011385199241,0,0,0
0.8757142857142857,0.42133546,0.42993551,0.34393463,0.9700176366843033,0,0,0
0.8842857142857142,0.3642643,0.36821142,0.32874036,0.9660107334525939,0,0,0
0.8771428571428571,0.45281523,0.38521641,1.0612051,0.8502673796791445,0,0,0
0.9014285714285715,0.5762242,0.3816433,2.327453,0.8252595155709342,2,0,0
0.89,0.5057958,0.39398217,1.5121183,0.751304347826087,2,0,0
0.8685714285714285,0.64972305,0.4607617,2.3503742,0.6849557522123894,2,0,0
0.8985714285714286,0.47892582,0.43424553,0.8810482,0.8623693379790941,0,0,0
0.8857142857142857,0.58964956,0.49379206,1.4523678,0.7552447552447552,0,0,0
