ACC,Loss,LossPrivileged,LossUnprivileged,BalancedACC,drift-id,gm-id,gm-name
0.95,0.16173032,0.1447976,0.4834525,0.8976377952755905,0,0,0
0.9457142857142857,0.16637087,0.15231416,0.43344846,0.9334389857369254,0,0,0
0.9671428571428572,0.14276302,0.104959,0.8610392,0.8809891808346213,0,0,0
0.96,0.21325566,0.21180673,0.24078538,0.9812206572769954,0,0,0
0.97,0.24109785,0.07943293,3.3127313,0.7565084226646248,2,0,0
0.8585714285714285,0.74808455,0.7223783,1.2365019,0.7560553633217993,2,10,10
0.9642857142857143,0.21753015,0.17968984,0.9364962,0.9145962732919254,2,0,0
0.9885714285714285,0.07847678,0.033297963,0.93687415,0.8610271903323262,0,0,0
0.9814285714285714,0.0851816,0.089564525,0.0019058431,0.9804511278195489,0,0,0
