ACC,Loss,LossPrivileged,LossUnprivileged,BalancedACC,drift-id,gm-id,gm-name
0.8442857142857143,0.45666006,0.4279635,1.0018945,0.7346221441124781,0,0,0
0.85,0.49208435,0.3451438,3.2839558,0.626736111111111,1,0,0
0.8442857142857143,0.45495018,0.43888977,0.76009876,0.8392226148409894,1,1,1
0.8585714285714285,0.48204896,0.45984662,0.90389174,0.8937282229965157,1,1,1
0.8971428571428571,0.6584938,0.5027674,3.6172955,0.6897689768976898,2,1,1
0.8642857142857143,0.6488113,0.58050704,1.9465919,0.8189655172413793,2,2,2
0.8957142857142857,0.44493988,0.4411038,0.51782715,0.9882550335570469,2,2,2
0.8957142857142857,0.45298854,0.43246248,0.84298337,0.8550000000000001,2,2,2
0.9114285714285715,0.38782784,0.35933283,0.92923325,0.8721311475409838,2,2,2
