ACC,Loss,LossPrivileged,LossUnprivileged,AEQ,OEQ,OPP,MEQ,MPP,drift-id,gm-id,gm-name
0.82,0.49415252,0.48846403,0.6022337,0.9378427787934187,0.7047537572904345,0.8075038684874029,0.0,0.0,0,0,0
0.8871428571428571,0.3594636,0.32071263,1.095732,0.8636363636363636,0.6543033148836077,0.6747125366377393,0.0,0.0,2,0,0
0.8814285714285715,0.3774272,0.3405844,1.0774404,0.8358714043993232,0.6211057585717376,0.6011051346128012,0.0,0.0,2,0,0
0.8985714285714286,0.48453915,0.40955234,1.9092891,0.7211221122112211,0.6216957049267147,0.6408458657083838,0.0,0.0,2,0,0
0.88,0.51307404,0.4655404,1.4162132,0.7369308600337268,0.6684192746742503,0.6524746058162263,0.25,0.2572463768115942,1,0,0
0.9114285714285715,0.3979168,0.359245,1.1326809,0.839607201309329,0.7061888877144012,0.7634974203834539,0.0,0.0,1,0,0
0.8985714285714286,0.46352327,0.36777905,2.282664,0.5597381342062192,0.3740990730869462,0.374189284233594,0.0,0.0,1,0,0
0.8885714285714286,0.51608044,0.4838357,1.1287307,0.8288590604026846,0.6129713281828153,0.6320553417199233,0.0,0.0,2,0,0
0.9285714285714286,0.3066524,0.23128082,1.7387124,0.6343402225755167,0.6166979611885133,0.6340942794704414,0.0,0.0,2,0,0
