ACC,Loss,LossPrivileged,LossUnprivileged,BalancedACC,drift-id,gm-id
0.9157142857142857,0.2868717,0.21373032,0.3600131,0.9723076923076922,0,<federated.algorithms.fair_fed_drift.ClientIdentity.ClientIdentity object at 0x7f9ef4416050>
0.9257142857142857,0.22704385,0.17274658,0.28134114,0.9877300613496933,0,<federated.algorithms.fair_fed_drift.ClientIdentity.ClientIdentity object at 0x7f9e7871e9e0>
0.95,0.22332498,0.24383107,0.20281893,0.9969969969969972,0,<federated.algorithms.fair_fed_drift.ClientIdentity.ClientIdentity object at 0x7f9e9292c7c0>
0.9371428571428572,0.25124425,0.36294162,0.13954689,0.9640718562874251,0,<federated.algorithms.fair_fed_drift.ClientIdentity.ClientIdentity object at 0x7f9ef41af220>
0.8457142857142858,1.9356602,0.21294624,3.658374,0.7724550898203593,2,<federated.algorithms.fair_fed_drift.ClientIdentity.ClientIdentity object at 0x7f9e78211150>
0.8257142857142857,0.8777068,0.95248014,0.80293345,0.9931034482758619,2,<federated.algorithms.fair_fed_drift.ClientIdentity.ClientIdentity object at 0x7f9ddc448130>
0.8328571428571429,0.77444124,0.73239046,0.816492,0.9829931972789115,2,<federated.algorithms.fair_fed_drift.ClientIdentity.ClientIdentity object at 0x7f9e781333d0>
0.9414285714285714,0.24517958,0.26973233,0.22062682,0.9789789789789789,2,<federated.algorithms.fair_fed_drift.ClientIdentity.ClientIdentity object at 0x7f9e544ece80>
0.9157142857142857,0.33245513,0.28192472,0.3829856,0.9783950617283951,2,<federated.algorithms.fair_fed_drift.ClientIdentity.ClientIdentity object at 0x7f9e780ffdc0>
0.85,1.68202,0.2540134,3.1100273,0.7867867867867868,0,<federated.algorithms.fair_fed_drift.ClientIdentity.ClientIdentity object at 0x7f9e54769d80>
