ACC,Loss,LossPrivileged,LossUnprivileged,AEQ,OEQ,OPP,MEQ,MPP,drift-id,gm-id,gm-name
0.9342857142857143,0.25214678,0.21988837,0.5424726,0.9425675675675675,0.8637924097248254,0.8837394611795226,0.7446808510638298,0.6264705882352941,0,0,0
0.9385714285714286,0.40008518,0.14742559,2.6740215,0.7413509060955519,0.7256525767359132,0.7329701796374313,0.0,0.0,1,0,0
0.96,0.19785786,0.09283963,1.143022,0.8181818181818182,0.7785906623779758,0.7642643158569652,0.0,0.0,1,0,0
0.9542857142857143,0.17885624,0.06977355,1.1606007,0.6967741935483871,0.7094982628300146,0.7748660968660969,0.0,0.0,1,0,0
0.9514285714285714,0.4448714,0.12653129,3.3099315,0.7305194805194806,0.7548840408805032,0.7413359493767102,0.0,0.0,2,0,0
0.9642857142857143,0.2103476,0.079289705,1.3898684,0.7983870967741936,0.7784661600567896,0.7616038026181469,0.125,0.17692307692307693,2,0,0
0.9642857142857143,0.21124148,0.097659566,1.2334788,0.8142164781906301,0.7773853182862995,0.7529747824402848,0.0,0.0,2,0,0
0.9742857142857143,0.103399746,0.016488565,0.88560045,0.7894736842105263,0.7785569985569986,0.7808457892416225,0.0,0.0,1,0,0
0.9671428571428572,0.18545833,0.042981483,1.4677501,0.7644230769230769,0.767178086030545,0.7840941674812643,0.0,0.0,1,0,0
