ACC,Loss,LossPrivileged,LossUnprivileged,AEQ,OEQ,OPP,drift-id,gm-id,gm-name
0.7888888888888889,0.69859886,0.49063578,1.1145251,0.8063241106719368,0.8274310937853222,0.8685073379710199,0,0,0
0.7066666666666667,2.6023617,0.664828,6.4774294,0.4274809160305344,0.4195245641370682,0.5950921528838309,2,0,0
0.7333333333333333,1.5088186,0.5118954,3.5026648,0.47191011235955055,0.4898577441437927,0.6212934857903168,2,0,0
0.7311111111111112,1.6967049,0.53176445,4.0265856,0.4014598540145985,0.3785978401098588,0.44374870329651867,2,0,0
0.7511111111111111,2.1617074,0.40734908,5.670424,0.4671532846715329,0.47583008830155743,0.5400343789883764,1,0,0
0.7422222222222222,1.7842457,0.77499014,3.8027575,0.5207547169811321,0.48198810353207544,0.5590727308944785,1,0,0
0.7288888888888889,1.8310609,0.599148,4.294887,0.44776119402985076,0.4259771585845404,0.5254034152919512,1,0,0
0.74,1.6537513,0.5597284,3.8417969,0.5132075471698113,0.5141997254276308,0.6017194463692845,1,0,0
0.74,1.8114231,0.42474958,4.5847707,0.40433212996389895,0.4086628854516137,0.6768126181271128,1,0,0
