ACC,Loss,LossPrivileged,LossUnprivileged,AEQ,OEQ,OPP,drift-id,gm-id,gm-name
0.6377777777777778,4.350787,3.2851257,6.482111,0.6090909090909091,0.6140657702854768,0.0,0,0,0
0.6511111111111111,4.9310417,3.066873,8.659379,0.5701754385964912,0.5267620523247054,0.0,2,0,0
0.6733333333333333,4.5015597,2.2748344,8.955009,0.43373493975903615,0.4422114892993725,0.0,2,0,0
0.64,4.5978127,2.452143,8.889152,0.4100418410041841,0.3823786185994499,0.0,2,0,0
0.6888888888888889,4.3073125,1.7677085,9.386519,0.39382239382239387,0.40505903873175947,0.0,1,0,0
0.6711111111111111,4.36798,1.9275622,9.248816,0.4063745019920319,0.4175761606926225,0.0,1,0,0
0.6533333333333333,4.7029233,2.5220819,9.064607,0.44999999999999996,0.49650953092818695,0.0,1,0,0
0.6688888888888889,4.677601,2.1511638,9.730476,0.3794466403162055,0.39690643209918675,0.0,1,0,0
0.6644444444444444,4.6284566,2.0547755,9.775817,0.3730158730158731,0.3540391060947252,0.0,1,0,0
