ACC,Loss,LossPrivileged,LossUnprivileged,BalancedACC,drift-id,gm-id,gm-name
0.8130464021519839,0.4237595,0.42568427,0.37952092,0.9680701754385964,0,0,0
0.7921990585070612,0.42836452,0.40961504,0.81367946,0.7973826138077346,1,0,0
0.8036314727639543,0.42506942,0.37491685,1.135905,0.6707864565633439,1,0,0
0.796906523201076,0.3932336,0.36112,1.0243539,0.7043390637140636,1,0,0
0.8137188971082717,0.44122013,0.34598532,2.3690443,0.3056807286673058,2,0,0
0.8022864828513786,0.44195962,0.359537,2.368757,0.17769716437749225,2,0,0
0.8352387357094821,0.36477566,0.3053529,1.6860036,0.3454236508585446,2,0,0
0.8365837256220578,0.35328397,0.34230208,0.54144925,0.9140145804506309,1,0,0
0.8412911903160726,0.34752247,0.33583888,0.5738326,0.806405620886704,1,0,0
