ACC,Loss,LossPrivileged,LossUnprivileged,AEQ,OEQ,OPP,drift-id,gm-id,gm-name
0.4666666666666667,4.8163285,4.8143144,4.834453,0.19708029197080293,0.050333333333333334,0.06700603318250377,0,0,0
0.47833333333333333,4.683894,4.6909895,4.620034,0.358695652173913,0.1417989417989418,0.1574404761904762,1,0,0
0.455,4.6429167,4.642531,4.6463876,0.27169811320754716,0.06884057971014493,0.10085470085470086,1,0,0
0.5016666666666667,4.6541767,4.6376348,4.803055,0.30927835051546393,0.13284632034632035,0.17226190476190475,1,0,0
0.54,4.6137304,4.614185,4.609641,0.6237623762376238,0.23180641821946166,0.24945436507936503,1,0,0
0.525,4.612761,4.613035,4.6102877,0.29508196721311475,0.12644927536231884,0.15729548229548232,1,0,0
0.5166666666666667,4.6132083,4.6136518,4.609216,0.2691029900332226,0.10530045351473923,0.15383771929824558,1,0,0
0.5083333333333333,4.61199,4.6127515,4.605133,0.4006849315068493,0.17456709956709957,0.1956043956043956,1,0,0
0.5466666666666666,4.6116943,4.61197,4.609216,0.3417721518987342,0.12581699346405228,0.15648148148148147,1,0,0
