ACC,BalancedACC,drift-id,gm-id
0.06289308176100629,0.8098122350090853,0,0
0.860062893081761,0.9227696095510186,0,0
0.0880503144654088,0.9540177555201456,1,0
0.8836477987421384,0.981271766958046,1,0
0.8726415094339622,0.9802446569178853,1,0
0.9371069182389937,0.9790171657905642,1,0
0.9245283018867925,0.9941278526624849,1,0
0.9229559748427673,0.9959674724295421,1,0
0.9575471698113207,0.9878833208676141,1,0
0.940251572327044,0.9873492267760159,1,0
0.9229559748427673,0.9483158355205599,1,0
