ACC,Loss,LossPrivileged,LossUnprivileged,AEQ,OEQ,OPP,drift-id,gm-id,gm-name
0.8133333333333334,0.75297153,0.52329004,1.2123345,0.7727272727272728,0.7571983044146889,0.8303314333975004,0,0,0
0.8177777777777778,0.9388385,0.39391187,2.0286918,0.6763636363636364,0.698797956114678,0.8868896813998397,0,0,0
0.7155555555555555,2.5865395,0.62688804,6.5058417,0.40298507462686567,0.3906870148237252,0.5490465999038885,2,0,0
0.6511111111111111,2.9289641,1.6567731,5.4733467,0.5258620689655172,0.540785787153532,0.8010885189693651,2,4,4
0.7422222222222222,1.9779195,0.38672712,5.1603045,0.43795620437956206,0.41129235288506744,0.35568900188957375,2,0,0
0.7955555555555556,1.2165475,0.45160338,2.7464354,0.6227106227106227,0.6310976131370692,0.7577773767759469,0,0,0
0.8288888888888889,0.8290864,0.38184172,1.7235758,0.7028985507246376,0.6844197785045305,0.6177374155592156,0,0,0
0.6955555555555556,2.602104,0.43719217,6.9319286,0.33582089552238803,0.3710608321261386,0.4415376977489696,1,0,0
0.7933333333333333,1.3466271,1.0379392,1.9640023,0.8446215139442231,0.8396379975109953,0.9960333823524885,1,6,6
