ACC,Loss,LossPrivileged,LossUnprivileged,BalancedACC,drift-id,gm-id,gm-name
0.9214285714285714,0.27989492,0.20551088,0.35427892,0.9664634146341463,0,0,0
0.9414285714285714,0.18914956,0.15119237,0.22710678,0.9849397590361445,0,0,0
0.9585714285714285,0.14584024,0.13316044,0.15852006,0.9852071005917159,0,0,0
0.96,0.2199592,0.3309989,0.108919516,0.9649122807017544,0,0,0
0.8442857142857143,1.8943527,0.2284576,3.5602472,0.7854984894259819,1,0,0
0.9371428571428572,0.3832345,0.36326525,0.40320373,0.9818731117824774,1,14,1-3-2-4
0.9228571428571428,0.3522211,0.4728506,0.23159164,0.9695121951219512,1,14,1-3-2-4
0.8628571428571429,1.6810226,0.16540614,3.1966393,0.7869822485207101,0,14,1-3-2-4
0.9757142857142858,0.15204506,0.19375855,0.110331565,0.9912536443148688,0,0,0
