ACC,Loss,LossPrivileged,LossUnprivileged,AEQ,OEQ,OPP,MEQ,MPP,drift-id,gm-id,gm-name
0.9314285714285714,0.26620305,0.27322736,0.2381057,0.9942748091603054,0.9376359548994768,0.9374629359222231,0.8,0.8709677419354839,0,0,0
0.9571428571428572,0.13958433,0.13867605,0.1432175,0.9906890130353817,0.9559812241238808,0.9646415786912537,0.9169811320754717,0.9091680814940578,0,0,0
0.9685714285714285,0.16535696,0.17157191,0.14049718,0.9761467889908256,0.9435453383933197,0.9477242462081324,0.8045977011494253,0.8045977011494253,0,0,0
0.97,0.108418375,0.10144677,0.13630486,0.9834862385321101,0.9471884477854001,0.9463058338290535,0.75,0.7960526315789473,0,0,0
0.9771428571428571,0.11322461,0.09441515,0.18846245,0.9655172413793104,0.9483188646904617,0.9542928668256625,0.8,0.8794117647058823,0,0,0
0.9685714285714285,0.12396572,0.122678146,0.129116,0.994475138121547,0.9563277045108844,0.9592351442407209,0.8888888888888888,0.9015151515151515,0,0,0
0.9714285714285714,0.11523068,0.06347587,0.32224998,0.9544626593806922,0.9390513765790859,0.9572056403189869,0.7153846153846154,0.8673469387755102,0,0,0
0.9628571428571429,0.17280897,0.12734632,0.35465965,0.9107468123861567,0.9077135820892593,0.9019995564793228,0.631578947368421,0.7625000000000001,0,0,0
0.9814285714285714,0.078823864,0.04733912,0.20476282,0.9602888086642598,0.9538502654021757,0.9612302864744949,0.691358024691358,0.8461538461538461,0,0,0
