ACC,Loss,LossPrivileged,LossUnprivileged,BalancedACC,drift-id,gm-id,gm-name
0.9314285714285714,0.23789802,0.20408355,0.5422282,0.9121621621621622,0,0,0
0.94,0.3919301,0.12018189,2.8376641,0.7401315789473685,1,0,0
0.9571428571428572,0.20956504,0.09851195,1.2090429,0.8208469055374593,1,0,0
0.9514285714285714,0.16884914,0.061554246,1.1345034,0.6833602584814217,1,0,0
0.9514285714285714,0.27986127,0.17203942,1.250258,0.762214983713355,2,0,0
0.97,0.16926768,0.0907356,0.87605655,0.8089887640449438,2,0,0
0.9585714285714285,0.16321006,0.115607165,0.59163606,0.8676470588235294,2,0,0
0.9771428571428571,0.06864886,0.020678014,0.5003865,0.8496,2,0,0
0.9771428571428571,0.086191595,0.012287239,0.75133085,0.8496,2,0,0
