ACC,BalancedACC,drift-id,gm-id
0.22747747747747749,0.6877280265339967,0,0
0.786036036036036,0.9033245844269466,0,0
0.7972972972972973,0.8418461538461538,0,0
0.7702702702702703,0.9183714001986097,0,0
0.786036036036036,0.9152542372881356,0,0
0.46396396396396394,0.5688371605326623,2,0
0.5225225225225225,0.4916446789797714,2,0
0.49774774774774777,0.47941888619854717,2,0
0.5675675675675675,0.5680628272251309,2,0
0.5608108108108109,0.5244890609525524,2,0
0.6036036036036037,0.5489761821502118,2,0
