ACC,Loss,LossPrivileged,LossUnprivileged,BalancedACC,drift-id,gm-id,gm-name
0.8357142857142857,0.44965428,0.4478737,0.45143494,0.9965870307167234,0,0,0
0.7785714285714286,1.8482567,0.39981124,3.296702,0.792763157894737,1,0,0
0.7728571428571429,0.8460927,0.79981786,0.89236766,0.9744525547445257,1,3,3
0.7557142857142857,1.9097438,0.6739078,3.1455796,0.8368055555555556,0,6,2-3-4
0.8914285714285715,0.5205164,0.45992982,0.58110297,0.9809523809523809,0,0,0
0.8871428571428571,0.49799538,0.5643506,0.43164024,0.9777070063694268,0,0,0
0.7942857142857143,1.9935846,0.7690889,3.2180803,0.8720538720538721,1,0,0
0.8871428571428571,0.538703,0.61582637,0.4615797,0.9840255591054314,1,6,2-3-4
0.8628571428571429,0.77627426,0.6949118,0.8576367,0.980327868852459,1,6,2-3-4
