ACC,Loss,LossPrivileged,LossUnprivileged,AEQ,OEQ,OPP,MEQ,MPP,drift-id,gm-id,gm-name
0.8228571428571428,0.49024794,0.47602576,0.76046836,0.9927404718693285,0.7237591608640216,0.7465715798723493,0.0,0.0,0,0,0
0.8757142857142857,0.47537568,0.3583825,2.698246,0.6077441077441077,0.6199583903071935,0.5849357667868507,0.0,0.0,2,0,0
0.7871428571428571,0.7722422,0.73051053,1.5651442,0.8652751423149906,0.6169693218732137,0.5840697540284167,0.0,0.0,2,8,8
0.8057142857142857,0.7769657,0.6835468,2.5519252,0.6263736263736263,0.38085266567867454,0.3196775771885469,0.0,0.0,0,12,12
0.8885714285714286,0.42770997,0.40260968,0.9046162,0.8288590604026846,0.701076000568514,0.6195556368471256,0.0,0.0,0,0,0
0.9,0.44831648,0.41976514,0.99079156,0.8178807947019867,0.7939473980931099,0.758490196741171,0.4126984126984127,0.23076923076923078,0,0,0
0.8885714285714286,0.57804054,0.52766126,1.535247,0.8288590604026846,0.7983107815249737,0.7948999855979261,0.5096153846153846,0.5942028985507246,0,0,0
0.7271428571428571,0.95103663,0.8692901,2.5042205,0.6166328600405679,0.4300019834219097,0.5083602147739898,0.0,0.0,1,27,27
0.8385714285714285,0.6643719,0.62828285,1.3500636,0.774822695035461,0.5755999988252272,0.6147921867348399,0.0,0.0,1,26,26
