ACC,Loss,LossPrivileged,LossUnprivileged,BalancedACC,drift-id,gm-id
0.691,1.1325616,1.0854028,1.274038,0.9323427126146063,0,<federated.algorithms.fair_fed_drift.ClientIdentity.ClientIdentity object at 0x7f21885c7400>
0.7098333333333333,1.6317728,0.98221755,3.5804381,0.7458223394898856,1,<federated.algorithms.fair_fed_drift.ClientIdentity.ClientIdentity object at 0x7f217ee453f0>
0.41233333333333333,3.8247247,3.5554817,4.632453,0.8159383033419023,1,<federated.algorithms.fair_fed_drift.ClientIdentity.ClientIdentity object at 0x7f1f0c1a1c00>
0.7445,1.2454078,0.9004642,2.2802386,0.7791878172588832,1,<federated.algorithms.fair_fed_drift.ClientIdentity.ClientIdentity object at 0x7f210816c310>
0.7603333333333333,1.1522433,0.8603439,2.0279415,0.7890365448504983,1,<federated.algorithms.fair_fed_drift.ClientIdentity.ClientIdentity object at 0x7f1e84323c70>
0.7911666666666667,1.2641313,1.1843146,1.5035814,0.918822234452394,1,<federated.algorithms.fair_fed_drift.ClientIdentity.ClientIdentity object at 0x7f20301e5810>
0.7898333333333334,1.3260276,1.2683884,1.4989451,0.9436893203883495,1,<federated.algorithms.fair_fed_drift.ClientIdentity.ClientIdentity object at 0x7f1e8e502dd0>
0.7791666666666667,0.9354186,0.7806242,1.3998017,0.8215258855585831,1,<federated.algorithms.fair_fed_drift.ClientIdentity.ClientIdentity object at 0x7f205c626a40>
0.7911666666666667,1.1195742,0.6949828,2.3933487,0.7905243545381954,1,<federated.algorithms.fair_fed_drift.ClientIdentity.ClientIdentity object at 0x7f2070426bf0>
0.836,0.6798383,0.6235039,0.8488415,0.9444298820445609,0,<federated.algorithms.fair_fed_drift.ClientIdentity.ClientIdentity object at 0x7f1d8461b460>
