ACC,Loss,LossPrivileged,LossUnprivileged,AEQ,OEQ,OPP,MEQ,MPP,drift-id,gm-id,gm-name
0.9142857142857143,0.32679245,0.291507,0.99721557,0.7723577235772358,0.785618127860753,0.7819099090465285,0.25862068965517243,0.25362318840579706,0,0,0
0.9471428571428572,0.27154306,0.14348772,2.7045944,0.6521060842433697,0.6797255613520343,0.6911194474999167,0.0,0.0,1,0,0
0.9528571428571428,0.26544917,0.19996381,1.5096706,0.7706708268330733,0.7312021971426856,0.7222638523277513,0.0,0.0,1,0,0
0.9771428571428571,0.08787633,0.041266214,0.9734685,0.7808219178082192,0.7186335131067352,0.7866435738174868,0.0,0.0,1,0,0
0.9542857142857143,0.16188397,0.11987695,0.9600175,0.7387247278382582,0.7637963160000792,0.744844508753425,0.0,0.0,1,0,0
0.9614285714285714,0.13788152,0.098894194,0.87864053,0.7330246913580247,0.7038140963514098,0.6475835939966573,0.0,0.0,1,0,0
0.9771428571428571,0.08951413,0.044173196,0.9509917,0.7507598784194529,0.7426419082125604,0.7792203525412107,0.0,0.0,1,0,0
0.9585714285714285,0.1337061,0.09673743,0.8361107,0.8273716951788491,0.7794491345269401,0.7707175610235637,0.0,0.0,1,0,0
0.9828571428571429,0.08332107,0.05143996,0.6890623,0.7760968229954615,0.7524950779948508,0.7526041666666667,0.0,0.0,1,0,0
