ACC,Loss,LossPrivileged,LossUnprivileged,BalancedACC,drift-id,gm-id,gm-name
0.9171428571428571,0.32136428,0.2860757,0.99184775,0.801948051948052,0,0,0
0.9471428571428572,0.27437353,0.14526725,2.7273922,0.6521060842433697,1,0,0
0.9514285714285714,0.2649695,0.20007142,1.4980329,0.7718750000000001,1,0,0
0.9785714285714285,0.08507119,0.039820816,0.9448283,0.8097412480974125,1,0,0
0.9571428571428572,0.16061848,0.11554881,1.0169425,0.7364341085271318,1,0,0
0.9557142857142857,0.15315394,0.109197654,0.98832333,0.7069767441860465,1,0,0
0.9771428571428571,0.08428151,0.03925066,0.939868,0.7507598784194529,1,0,0
0.9585714285714285,0.1333183,0.09637428,0.83525467,0.8273716951788491,1,0,0
0.9828571428571429,0.0713871,0.042307448,0.6239004,0.7760968229954615,1,0,0
