ACC,Loss,LossPrivileged,LossUnprivileged,BalancedACC,drift-id,gm-id,gm-name
0.9171428571428571,0.32532775,0.36442748,0.286228,0.9693251533742332,0,0,0
0.95,0.1672354,0.18447904,0.14999174,0.9791666666666667,0,0,0
0.93,0.24233471,0.27969363,0.20497575,0.9847560975609756,0,0,0
0.9314285714285714,0.19003913,0.13678174,0.24329653,0.9520958083832335,0,0,0
0.9514285714285714,0.15493804,0.15575926,0.15411681,0.9762611275964391,0,0,0
0.8757142857142857,0.4197981,0.20424469,0.6353515,0.8575757575757577,0,0,0
0.9185714285714286,0.25613624,0.09312248,0.41914997,0.8856304985337243,0,0,0
0.8814285714285715,0.38520664,0.1832041,0.58720917,0.8696969696969696,0,0,0
0.9342857142857143,0.1786332,0.05323562,0.30403078,0.9011627906976744,0,0,0
