ACC,Loss,LossPrivileged,LossUnprivileged,BalancedACC,drift-id,gm-id,gm-name
0.8883333333333333,0.27434826,0.24952842,0.53050727,0.8373837498564813,0,0,0
0.865,0.34649017,0.26192945,1.2192208,0.6781604742164193,2,0,0
0.8883333333333333,0.2600146,0.23748566,0.55184275,0.8826024141305867,2,0,0
0.8483333333333334,0.44042146,0.27020556,1.9723647,0.5437500000000001,1,0,0
0.8883333333333333,0.30783558,0.24727313,0.9460709,0.6731153078458468,1,0,0
0.855,0.3683451,0.27810824,1.5086113,0.5393569844789357,2,0,0
0.865,0.32662314,0.29825872,0.68504626,0.7478664192949908,2,0,0
0.8333333333333334,0.35117534,0.25267977,1.1760759,0.5726495726495727,1,0,0
0.8678929765886287,0.31494915,0.26432422,1.0027075,0.6586844050258684,1,0,0
