ACC,Loss,LossPrivileged,LossUnprivileged,BalancedACC,drift-id,gm-id,gm-name
0.9114285714285715,0.33308604,0.27923796,0.8177189,0.8829604130808949,0,0,0
0.9485714285714286,0.2789517,0.14416555,1.492027,0.812807881773399,2,0,0
0.8342857142857143,0.7676147,0.70572495,1.3246237,0.7877094972067039,2,8,8
0.8828571428571429,0.45697066,0.436316,0.64286196,0.8617021276595744,2,13,13
0.8585714285714285,0.835787,0.47948918,4.0424676,0.522887323943662,1,6,6
0.91,0.45654497,0.37052003,1.2307694,0.7832764505119454,1,2,2
0.8285714285714286,0.78121597,0.73640853,1.1844825,0.8490566037735849,1,17,17
0.9314285714285714,0.26907605,0.16030109,1.2480507,0.7152317880794702,1,0,0
0.9085714285714286,0.4058269,0.39523906,0.50111705,0.8860103626943006,1,20,20
