ACC,BalancedACC,drift-id,gm-id
0.09119496855345911,0.5452823883257213,0,0
0.9040880503144654,0.9617042077775063,0,0
0.07389937106918239,0.6915106117353308,1,0
0.8836477987421384,0.9766513300544714,1,0
0.8647798742138365,0.9558329977178145,1,0
0.9323899371069182,0.999306125023655,1,0
0.9150943396226415,0.974169928039389,1,0
0.9355345911949685,0.9396300503803219,1,0
0.9150943396226415,0.9982279293739967,0,0
0.8946540880503144,0.9743639416246933,0,0
0.9528301886792453,0.9689533688897587,0,0
