ACC,Loss,LossPrivileged,LossUnprivileged,AEQ,OEQ,OPP,MEQ,MPP,drift-id,gm-id,gm-name
0.8267008985879333,0.35967907,0.36947903,0.2619556,0.9248273697426238,0.8968523401911078,0.9470738222438077,0.8468899521531099,0.9441476444876152,0,0,0
0.810012836970475,0.43075994,0.3706271,1.1261672,0.888060112297699,0.6416504960170987,0.8512420834243284,0.31410256410256404,0.825,2,0,0
0.8023106546854942,0.40722322,0.40463024,0.43230078,0.9705286513602162,0.881748148529969,0.8785795376358881,0.7878959276018098,0.7610946745562129,2,1,1
0.8267008985879333,0.35779342,0.36115754,0.3266751,0.9467649467649466,0.9658070756879812,0.9504072392413521,0.9540816326530612,0.9436716213398469,2,0,0
0.8421052631578947,0.36081493,0.35909572,0.385356,0.9511904761904763,0.9486868352406257,0.9662163981780441,0.9139941690962099,0.9487319334605944,1,0,0
0.8626444159178434,0.29223058,0.29774794,0.24044108,0.9462733957219251,0.8438215754867164,0.9509778911564626,0.7320997586484311,0.9416666666666665,1,0,0
0.8421052631578947,0.32455766,0.31624037,0.43194038,0.9508709375730653,0.8112058442776475,0.8457230958461273,0.6796116504854369,0.7953667953667953,1,6,0-5
0.8433889602053916,0.33105832,0.33477077,0.2951544,0.9580603753541078,0.6055427230563347,0.862631330364003,0.2934609250398724,0.7261146496815286,1,6,0-5
0.8485237483953787,0.33409783,0.3389522,0.28984106,0.9888414055080722,0.9952946862499727,0.9226027676858392,0.9929691916336915,0.8792096991468343,1,6,0-5
