ACC,Loss,LossPrivileged,LossUnprivileged,AEQ,OEQ,OPP,MEQ,MPP,drift-id,gm-id,gm-name
0.9328571428571428,0.26692185,0.2742768,0.23750223,0.9867424242424243,0.9321788524438844,0.9387660831570515,0.78,0.8709677419354839,0,0,0
0.9557142857142857,0.13928986,0.13726313,0.14739665,0.9925373134328357,0.9577954476362175,0.9696125642506205,0.9169811320754717,0.9091680814940578,0,0,0
0.9614285714285714,0.17770611,0.18580747,0.14530073,0.966789667896679,0.9311901217138849,0.9464981482348254,0.7667342799188642,0.8045977011494253,0,0,0
0.9742857142857143,0.10403074,0.103817984,0.10488174,0.9945255474452555,0.9706528312582895,0.9650218480597879,0.9330357142857143,0.8771929824561403,0,0,0
0.9771428571428571,0.12940297,0.097601905,0.25660723,0.9565217391304347,0.9375107528997374,0.9433739437699222,0.8,0.8794117647058823,0,0,0
0.9614285714285714,0.16921392,0.1519697,0.23819081,0.9851851851851852,0.939759508893907,0.9462758763084903,0.7777777777777778,0.8666666666666667,0,0,0
0.97,0.105790004,0.06229219,0.27978125,0.947176684881603,0.9289949484311928,0.940428478934745,0.7818411097099622,0.8877679697351828,0,0,0
0.9571428571428572,0.20276426,0.19113436,0.24928387,0.9814126394052044,0.9428899077227019,0.935091155373749,0.8425925925925926,0.8348794063079779,0,0,0
0.9828571428571429,0.047262225,0.042300534,0.06710898,0.9963768115942029,0.9714825726350854,0.9903544562817892,0.9183673469387756,0.9661016949152541,0,0,0
