ACC,Loss,LossPrivileged,LossUnprivileged,AEQ,OEQ,OPP,MEQ,MPP,drift-id,gm-id,gm-name
0.8657142857142858,0.39184153,0.39134687,0.40124017,0.9549393414211439,0.7441364301221535,0.7754127458127458,0.0,0.0,0,0,0
0.8471428571428572,0.5843921,0.40243226,4.0416274,0.663176265270506,0.6286348144090079,0.6491605160383963,0.0,0.0,4,0,0
0.8771428571428571,0.5059415,0.39663815,2.5827074,0.6728499156829679,0.6056474227256692,0.5935960441709843,0.0,0.0,4,0,0
0.8885714285714286,0.46192,0.39222255,1.7861713,0.5986733001658374,0.5681585515551293,0.6088313869183376,0.0,0.0,4,0,0
0.9028571428571428,0.45575207,0.3432127,2.594001,0.5889070146818922,0.5224534476131575,0.5103599364408398,0.0,0.0,1,0,0
0.8857142857142857,0.5064432,0.453177,1.5185013,0.7319932998324958,0.6786702060322584,0.6374714004947969,0.0,0.0,1,0,0
0.8957142857142857,0.5118666,0.4415172,1.8485055,0.821963394342762,0.7248972270104334,0.6998700211568275,0.0,0.0,3,0,0
0.9028571428571428,0.487425,0.4274552,1.6268518,0.75,0.706694828259165,0.7359954496721313,0.0,0.0,3,0,0
0.9,0.58588225,0.5229359,1.7818623,0.7851239669421488,0.6954123803868281,0.7250866828907083,0.0,0.0,3,0,0
