ACC,Loss,LossPrivileged,LossUnprivileged,AEQ,OEQ,OPP,MEQ,MPP,drift-id,gm-id,gm-name
0.9385714285714286,0.23633131,0.23010811,0.29234046,0.9881756756756758,0.8908447613451906,0.8891398399406171,0.6944444444444444,0.5777777777777777,0,0,0
0.9357142857142857,0.37408063,0.1666361,2.2410812,0.7761194029850746,0.7524448760200879,0.7416154799595228,0.0,0.0,1,0,0
0.87,0.6139035,0.5915793,0.8148213,0.8050089445438283,0.7162514688309636,0.7552431845681303,0.0,0.0,1,3,3
0.9071428571428571,0.4150994,0.37097475,0.81222117,0.904679376083189,0.8517658757076955,0.8154853932947155,0.7134502923976608,0.52,1,1,1
0.9485714285714286,0.18596461,0.1555387,0.45979804,0.9269102990033222,0.8903839664880232,0.905896414397086,0.7901785714285714,0.7767857142857143,1,9,2-4-1-3-5
0.9514285714285714,0.21674804,0.2095175,0.28182307,0.99,0.9214216257070404,0.9313417514274759,0.7259953161592506,0.8125,1,9,2-4-1-3-5
0.9642857142857143,0.15487474,0.14696305,0.22608002,0.9753694581280787,0.9415449482187583,0.9338077015050652,0.8866995073891625,0.7362637362637363,1,9,2-4-1-3-5
0.9157142857142857,0.6354397,0.27044818,3.920364,0.6957983193277311,0.7524228751049771,0.6821629544555365,0.0,0.0,0,9,2-4-1-3-5
0.9528571428571428,0.14902179,0.08650117,0.7117073,0.7928221859706363,0.7658308338127127,0.7473880604894756,0.0,0.0,0,19,10-12-13-14-0-11
