ACC,Loss,LossPrivileged,LossUnprivileged,BalancedACC,drift-id,gm-id,gm-name
0.8003194888178914,0.4129101,0.45993727,0.3236456,0.8771146860404775,0,0,0
0.6773162939297125,0.84707576,0.43168592,1.8222421,0.41734997029114673,1,0,0
0.6405750798722045,0.7231239,0.43043244,1.3285935,0.44506833036244803,1,0,0
0.6421725239616614,0.72312033,0.4587441,1.2660588,0.3961062459289281,1,0,0
0.6629392971246006,0.64241946,0.3784748,1.1364076,0.4538812283689502,1,0,0
0.6725239616613419,0.6243838,0.3847147,1.1274517,0.38324618978751807,1,0,0
0.6405750798722045,0.66642374,0.43341884,1.1182127,0.3959452410156636,1,0,0
0.670926517571885,0.612277,0.38289005,1.1590856,0.38959347158793145,1,0,0
0.6565495207667732,0.6471521,0.43915376,1.0310036,0.4955387205387205,1,0,0
