ACC,Loss,LossPrivileged,LossUnprivileged,BalancedACC,drift-id,gm-id,gm-name
0.9171428571428571,0.2893096,0.3770606,0.20155853,0.9573170731707317,0,0,0
0.8414285714285714,1.7118813,0.40402392,3.0197384,0.8179012345679012,1,0,0
0.84,0.7359987,0.7559581,0.7160393,0.9932203389830508,1,2,2
0.8842857142857142,0.53114575,0.6049913,0.45730016,0.9465408805031447,1,3,1-2
0.9157142857142857,0.3796217,0.2751914,0.48405203,0.9542682926829268,1,3,1-2
0.9457142857142857,0.2784435,0.27529317,0.28159374,0.9879879879879879,1,3,1-2
0.97,0.14877598,0.11990006,0.17765193,0.9912023460410558,1,3,1-2
0.9628571428571429,0.14226082,0.13067259,0.15384904,0.9940828402366864,1,3,1-2
0.9528571428571428,0.19226351,0.2969824,0.08754459,0.9502923976608189,1,3,1-2
