ACC,Loss,LossPrivileged,LossUnprivileged,BalancedACC,drift-id,gm-id,gm-name
0.9071428571428571,0.37285033,0.33753058,0.6907281,0.8875432525951558,0,0,0
0.9328571428571428,0.41888005,0.15802139,2.7666085,0.7624584717607973,1,0,0
0.8471428571428572,0.5925116,0.55845696,0.89900345,0.8468634686346862,1,2,2
0.95,0.30488193,0.119130634,1.9766438,0.7794117647058824,1,0,0
0.9457142857142857,0.25544623,0.12308328,1.4467126,0.7352941176470589,2,0,0
0.9571428571428572,0.1984467,0.09295145,1.1479042,0.788961038961039,2,0,0
0.9642857142857143,0.18188085,0.099348314,0.9246737,0.8460291734197731,2,0,0
0.9814285714285714,0.07866028,0.060180645,0.24497686,0.9245585874799357,0,0,0
0.9571428571428572,0.14066462,0.08484014,0.6430848,0.8208469055374593,0,0,0
