ACC,Loss,LossPrivileged,LossUnprivileged,AEQ,OEQ,OPP,MEQ,MPP,drift-id,gm-id,gm-name
0.9414285714285714,0.25087318,0.22991948,0.6489938,0.8746031746031747,0.7747199610497468,0.7667696511559117,0.0,0.0,0,0,0
0.9542857142857143,0.30664667,0.115681365,3.934987,0.6470588235294118,0.7465278676115867,0.7642691912985231,0.0,0.0,1,0,0
0.8785714285714286,0.5521372,0.51631165,1.2328205,0.7381756756756757,0.5795009266161414,0.6395293478442245,0.0,0.0,1,4,4
0.88,0.5332041,0.4631389,1.8644425,0.6046901172529313,0.5279729091839218,0.5328737128217618,0.0,0.0,1,1,1
0.95,0.25364912,0.17704824,1.7090658,0.8040752351097179,0.7299774350984742,0.7284436419958376,0.0,0.0,1,0,0
0.9214285714285714,0.38937163,0.39324299,0.31581667,0.9918433931484502,0.8837940138409355,0.8346073127093334,0.7589743589743589,0.3939393939393939,1,1,1
0.96,0.19821976,0.17141135,0.7075799,0.9500000000000001,0.9188598249862515,0.8976782237536065,0.7835820895522387,0.6763285024154588,1,1,1
0.9257142857142857,0.4095836,0.23896246,3.6513863,0.5428571428571428,0.4677650796874026,0.4933915444588333,0.0,0.0,0,1,1
0.9971428571428571,0.009420275,0.0033903886,0.1239881,0.9728915662650602,0.8818840579710144,0.8839901477832512,0.0,0.0,0,0,0
