ACC,Loss,LossPrivileged,LossUnprivileged,AEQ,OEQ,OPP,MEQ,MPP,drift-id,gm-id,gm-name
0.9057142857142857,0.41215065,0.36642992,0.8236375,0.8719723183391004,0.7927096114291061,0.8781980712034289,0.5090909090909091,0.6187499999999999,0,0,0
0.9357142857142857,0.39606172,0.14899094,2.6196983,0.7761194029850746,0.7428186426085766,0.733945479561554,0.0,0.0,1,0,0
0.9328571428571428,0.36444035,0.17278239,2.089362,0.7462686567164178,0.7120467459900086,0.6898902995390734,0.0,0.0,1,0,0
0.9614285714285714,0.20068674,0.0891031,1.2049396,0.8009708737864077,0.7580785023190643,0.7635775353307848,0.0,0.0,2,0,0
0.9571428571428572,0.17032212,0.09580814,0.8409479,0.8048780487804879,0.7780897966638907,0.762455156812121,0.16666666666666666,0.22222222222222224,2,0,0
0.96,0.26173037,0.09240186,1.7856871,0.7864077669902914,0.754512563138831,0.7634418550693145,0.0,0.0,4,0,0
0.9471428571428572,0.26585945,0.081888914,1.9215945,0.6397415185783522,0.6590257994693478,0.669682632779407,0.0,0.0,4,0,0
0.9614285714285714,0.33755496,0.068071514,2.7629058,0.7693548387096775,0.7289641290053787,0.7348746744891177,0.0,0.0,3,0,0
0.9585714285714285,0.18309078,0.17455605,0.25990328,0.9653465346534653,0.9208683406447694,0.8953041538014942,0.7569296375266525,0.7694805194805195,3,6,4-5
