ACC,Loss,LossPrivileged,LossUnprivileged,BalancedACC,drift-id,gm-id,gm-name
0.84,0.43828693,0.42106694,0.7654662,0.8085106382978723,0,0,0
0.8657142857142858,0.39040354,0.35796678,1.0067012,0.7495711835334476,0,0,0
0.8885714285714286,0.33338574,0.31383294,0.70488936,0.7295492487479133,0,0,0
0.8842857142857142,0.4013082,0.35603175,1.2615613,0.7996632996632996,0,0,0
0.88,0.546683,0.4235925,2.8854022,0.7369308600337268,2,0,0
0.8957142857142857,0.37288147,0.32898548,1.2069048,0.7562189054726368,2,0,0
0.89,0.3695595,0.34045973,0.92245454,0.7283333333333334,2,0,0
0.8828571428571429,0.46650857,0.42855725,1.1875836,0.7676767676767676,0,0,0
0.8757142857142857,0.47300196,0.4536232,0.84119856,0.8415672913117548,0,0,0
