ACC,Loss,LossPrivileged,LossUnprivileged,AEQ,OEQ,OPP,MEQ,MPP,drift-id,gm-id,gm-name
0.7784431137724551,0.44713137,0.4592759,0.3984318,0.8948217691066452,0.5824742268041238,0.9478571428571428,0.16494845360824742,0.8957142857142857,0,0,0
0.8203592814371258,0.41894683,0.40719923,0.4756357,0.9735822113423093,0.7258789271593131,0.8587971024587309,0.47058823529411764,0.7448979591836734,1,0,0
0.8263473053892215,0.38725874,0.39665422,0.33925012,0.9454435443208175,0.9646681232047086,0.910530515348914,0.9320557491289199,0.8885017421602788,1,0,0
0.8163672654690619,0.3899073,0.36317456,0.49577963,0.8893104879350211,0.8069478464992856,0.8670515932509936,0.6391304347826087,0.8385093167701864,2,0,0
0.812375249500998,0.3932894,0.35966602,0.55784595,0.8963064295485637,0.8291275162683207,0.8052926151303433,0.7336860670194002,0.6623093681917211,2,0,0
0.8023952095808383,0.40394083,0.35607398,0.6058792,0.8894954819277108,0.767952345890694,0.8487375847024969,0.5501567398119123,0.7999999999999999,4,0,0
0.8223552894211577,0.38966528,0.34011602,0.60994405,0.8943148688046647,0.8767931124864718,0.8702321748487034,0.8103896103896103,0.8267942583732057,4,0,0
0.7944111776447106,0.47993606,0.3914538,0.9009896,0.779189352692075,0.7572303571820597,0.787971688778062,0.5414634146341463,0.7117458466919265,3,0,0
0.7604790419161677,0.5291081,0.53339046,0.5065726,0.9591675149869924,0.8354661207276038,0.8559938687057331,0.7292755787901418,0.7307692307692307,3,11,11
