ACC,Loss,LossPrivileged,LossUnprivileged,BalancedACC,drift-id,gm-id,gm-name
0.8866666666666667,0.27158678,0.2636312,0.4545648,0.8518518518518519,0,0,0
0.8883333333333333,0.25469887,0.24540548,0.43768224,0.8879648411088573,0,0,0
0.8783333333333333,0.25165257,0.24200885,0.40733,0.8717142857142857,0,0,0
0.8966666666666666,0.24346507,0.2390036,0.3419604,0.9412641621943947,0,0,0
0.8633333333333333,0.33242956,0.29737118,1.0764455,0.6764054891544932,2,0,0
0.8683333333333333,0.30434325,0.25758594,1.3366007,0.6544542414107631,2,0,0
0.8516666666666667,0.33785188,0.32507536,0.5573757,0.921087160262418,2,2,2
0.8816666666666667,0.2682405,0.254458,0.6679327,0.7883495145631066,0,2,2
0.8733333333333333,0.2755271,0.26135123,0.5190942,0.8608125341592275,0,0,0
