ACC,Loss,LossPrivileged,LossUnprivileged,AEQ,OEQ,OPP,MEQ,MPP,drift-id,gm-id,gm-name
0.9185714285714286,0.3365231,0.30424294,0.94984543,0.8327922077922079,0.8472363480706313,0.7986439589385584,0.5803571428571428,0.33802816901408445,0,0,0
0.96,0.1524245,0.1424613,0.34172553,0.8878504672897195,0.8457647693301217,0.9093475854111626,0.3709677419354839,0.612987012987013,0,0,0
0.9557142857142857,0.26613674,0.23652935,0.8286768,0.892018779342723,0.8229966580996271,0.8348489654153879,0.5220588235294118,0.3480392156862745,0,0,0
0.9842857142857143,0.07586114,0.049183574,0.5827349,0.8649468892261002,0.8664492757754392,0.9080276684985534,0.6666666666666666,0.5,0,0,0
0.9685714285714285,0.10734473,0.10373005,0.17602366,0.9411764705882353,0.9246664903510433,0.919893131201626,0.7689873417721519,0.7730769230769231,0,0,0
0.97,0.11730378,0.08665912,0.6995524,0.8782742681047766,0.8788388098220189,0.838888216419984,0.5076923076923077,0.532258064516129,0,0,0
0.98,0.079025686,0.050925083,0.612937,0.899236641221374,0.8941722059653966,0.8912671848359925,0.6763285024154588,0.6666666666666666,0,0,0
0.9657142857142857,0.14482783,0.07584577,1.4554869,0.8209876543209877,0.7754272357749247,0.7641754383702012,0.0,0.0,1,0,0
0.9828571428571429,0.102593265,0.051791754,1.067822,0.7760968229954615,0.760828411328184,0.7495052083333333,0.0,0.0,1,0,0
