ACC,Loss,LossPrivileged,LossUnprivileged,AEQ,OEQ,OPP,drift-id,gm-id,gm-name
0.8186666666666667,0.6353909,0.35797942,1.7450368,0.5650557620817844,0.5695590840629334,0.7950001231901316,0,0,0
0.7973333333333333,1.6824515,0.47097024,6.528377,0.30215827338129503,0.30863612653684175,0.5175868240319764,1,0,0
0.6,2.5212603,1.8620111,5.158256,0.5,0.4688535625475092,0.9622591942675076,1,3,3
0.744,1.3034227,0.8074023,3.2875044,0.5182186234817814,0.5441249657667134,0.8714050660257255,1,2,2
0.744,1.4800603,0.99559957,3.4179044,0.5737704918032787,0.5538512087930902,0.8150001698508619,1,2,2
0.792,1.664583,0.90368277,4.708184,0.48301886792452836,0.4704844935862407,0.7239864422413022,1,2,2
0.7973333333333333,1.301007,0.64226276,3.9359846,0.5475285171102661,0.5981122829858588,0.9673228752613845,1,2,2
0.7706666666666667,1.7971785,0.5777919,6.674725,0.3458646616541353,0.37173645943478467,0.48396899295032764,0,2,2
0.856,0.7608897,0.25021663,2.8035822,0.5857142857142856,0.620726073510125,0.8217125994097934,0,0,0
