ACC,Loss,LossPrivileged,LossUnprivileged,BalancedACC,drift-id,gm-id
0.85,0.40727198,0.38595542,0.59912103,0.9350649350649352,0,<federated.algorithms.fair_fed_drift.ClientIdentity.ClientIdentity object at 0x7f85e4a9ab90>
0.8514285714285714,0.65127265,0.3989453,2.922218,0.717391304347826,1,<federated.algorithms.fair_fed_drift.ClientIdentity.ClientIdentity object at 0x7f85e48332b0>
0.7957142857142857,0.7825143,0.74893427,1.0847353,0.8101761252446184,1,<federated.algorithms.fair_fed_drift.ClientIdentity.ClientIdentity object at 0x7f85e46c10c0>
0.8228571428571428,0.77578646,0.7206534,1.2719835,0.7996219281663516,1,<federated.algorithms.fair_fed_drift.ClientIdentity.ClientIdentity object at 0x7f8528634af0>
0.7957142857142857,1.0795741,0.8034058,3.5650876,0.5304182509505703,2,<federated.algorithms.fair_fed_drift.ClientIdentity.ClientIdentity object at 0x7f8528127d30>
0.8814285714285715,0.5435859,0.5388736,0.5859965,0.9516129032258065,2,<federated.algorithms.fair_fed_drift.ClientIdentity.ClientIdentity object at 0x7f8484f44160>
0.8885714285714286,0.43647012,0.42911354,0.5026797,0.9964285714285714,2,<federated.algorithms.fair_fed_drift.ClientIdentity.ClientIdentity object at 0x7f85681190f0>
0.8814285714285715,0.6136975,0.3929532,2.6003966,0.7764084507042253,0,<federated.algorithms.fair_fed_drift.ClientIdentity.ClientIdentity object at 0x7f85c77811e0>
0.8585714285714285,0.6223773,0.6167664,0.67287487,0.8884826325411335,0,<federated.algorithms.fair_fed_drift.ClientIdentity.ClientIdentity object at 0x7f85c01150c0>
0.8885714285714286,0.47873756,0.4633748,0.61700255,0.9786096256684492,0,<federated.algorithms.fair_fed_drift.ClientIdentity.ClientIdentity object at 0x7f85e4a98340>
