ACC,Loss,LossPrivileged,LossUnprivileged,AEQ,OEQ,OPP,MEQ,MPP,drift-id,gm-id,gm-name
0.95,0.17497809,0.1757161,0.16833593,0.9584026622296172,0.9053779571521764,0.9212707303396821,0.8041431261770245,0.7482993197278911,0,0,0
0.93,0.37922826,0.1589187,2.3620143,0.7164179104477612,0.6816174906653631,0.7007070196147785,0.0,0.0,1,0,0
0.8257142857142857,0.8741148,0.8121528,1.4317734,0.6871508379888269,0.6276319325242261,0.5865828056683395,0.0,0.0,1,1,1
0.9328571428571428,0.23141691,0.18678764,0.6330806,0.795,0.7428082817155695,0.7483692740686576,0.0,0.0,1,0,0
0.9414285714285714,0.23750351,0.13381478,1.1707021,0.7229508196721312,0.7341772826609977,0.7431133960931728,0.1446654611211573,0.10126582278481013,1,0,0
0.9385714285714286,0.26805466,0.22863786,0.62280583,0.9211409395973155,0.8620987752493947,0.8723261114383865,0.6885245901639344,0.7103825136612022,1,0,0
0.9442857142857143,0.1983578,0.20358616,0.15130241,0.9983193277310924,0.9057967250734128,0.9171658227379904,0.7261904761904763,0.8253968253968255,1,0,0
0.9542857142857143,0.32419264,0.17478125,1.6688954,0.823529411764706,0.7663720060890782,0.75422746272422,0.0,0.0,0,0,0
0.9228571428571428,0.34187314,0.29394144,0.7732578,0.8709677419354839,0.8517700884376133,0.8797233009485586,0.6196721311475409,0.6963979416809605,0,5,3-4
