ACC,Loss,LossPrivileged,LossUnprivileged,AEQ,OEQ,OPP,MEQ,MPP,drift-id,gm-id,gm-name
0.94,0.25840467,0.25987977,0.2303775,0.9712460063897763,0.8639125078819987,0.8882453353455066,0.5294117647058824,0.6755555555555556,0,0,0
0.9485714285714286,0.21574044,0.12786701,1.8853363,0.7125,0.7095416368113618,0.6371240253831636,0.0,0.0,2,0,0
0.9457142857142857,0.18045852,0.13166755,1.107487,0.6224648985959438,0.6565977587381449,0.6754708033982487,0.0,0.0,2,0,0
0.9671428571428572,0.14060952,0.0728982,1.4271244,0.6681957186544343,0.6301900584795322,0.6295479539365656,0.0,0.0,2,0,0
0.9714285714285714,0.11541562,0.07101079,0.9591072,0.7251908396946565,0.7712890942093464,0.7139789295982217,0.0,0.0,1,0,0
0.9485714285714286,0.19056152,0.13213193,1.3007236,0.6205287713841369,0.7200003983874952,0.7558731229387683,0.0,0.0,1,0,0
0.9757142857142858,0.10108448,0.060002286,0.8816459,0.7820121951219513,0.8075488201589703,0.7706013143650905,0.25,0.4067796610169492,1,0,0
0.9571428571428572,0.20793976,0.165501,1.014276,0.859594383775351,0.8565651780143391,0.8676979619114142,0.4055555555555556,0.5142857142857143,1,0,0
0.9757142857142858,0.06742127,0.025394319,0.8659333,0.6919575113808801,0.7547595158464724,0.7806753246753246,0.25,0.14285714285714285,1,0,0
