ACC,Loss,LossPrivileged,LossUnprivileged,BalancedACC,drift-id,gm-id,gm-name
0.8571428571428571,0.39201027,0.38439792,0.46052203,0.96309963099631,0,0,0
0.8328571428571429,0.6583341,0.39678732,3.0122552,0.6808118081180812,1,0,0
0.8728571428571429,0.45587608,0.38567507,1.087685,0.7327433628318584,1,0,0
0.88,0.5212692,0.3565894,2.0033872,0.7092819614711033,1,0,0
0.8828571428571429,0.47519168,0.37419394,1.3841718,0.7408056042031523,1,0,0
0.8842857142857142,0.5250729,0.4007972,1.6435541,0.7565674255691769,1,0,0
0.8857142857142857,0.56614405,0.45137033,1.5991077,0.8066783831282952,1,0,0
0.9171428571428571,0.4523999,0.40110654,0.9140395,0.9108061749571184,0,0,0
0.89,0.5614457,0.54013747,0.7532193,0.9063604240282686,0,0,0
