ACC,Loss,LossPrivileged,LossUnprivileged,BalancedACC,drift-id,gm-id
0.9085714285714286,0.38572082,0.35061175,0.70170265,0.8860103626943006,0,<federated.algorithms.fair_fed_drift.ClientIdentity.ClientIdentity object at 0x7f4d0dde6a40>
0.95,0.22728579,0.20388585,0.43788508,0.9750000000000001,0,<federated.algorithms.fair_fed_drift.ClientIdentity.ClientIdentity object at 0x7f4cf03afac0>
0.9328571428571428,0.29947314,0.293507,0.35316896,0.9441624365482233,0,<federated.algorithms.fair_fed_drift.ClientIdentity.ClientIdentity object at 0x7f4c580f3220>
0.9557142857142857,0.16745244,0.15850185,0.24800774,0.9685430463576159,0,<federated.algorithms.fair_fed_drift.ClientIdentity.ClientIdentity object at 0x7f4cac1a2d10>
0.9371428571428572,0.41936675,0.18759832,2.5052824,0.7748344370860927,2,<federated.algorithms.fair_fed_drift.ClientIdentity.ClientIdentity object at 0x7f4ca5bb3970>
0.8442857142857143,0.72351855,0.6836529,1.0823089,0.7596330275229357,2,<federated.algorithms.fair_fed_drift.ClientIdentity.ClientIdentity object at 0x7f4c0020cac0>
0.8628571428571429,0.640041,0.5657738,1.3084457,0.8300180831826401,2,<federated.algorithms.fair_fed_drift.ClientIdentity.ClientIdentity object at 0x7f4b91a807f0>
0.8628571428571429,0.5693434,0.5234091,0.98275286,0.7769784172661871,2,<federated.algorithms.fair_fed_drift.ClientIdentity.ClientIdentity object at 0x7f4c104da5f0>
0.9328571428571428,0.36718017,0.3660928,0.37696624,0.9779286926994907,2,<federated.algorithms.fair_fed_drift.ClientIdentity.ClientIdentity object at 0x7f4c5845bbe0>
0.9328571428571428,0.433794,0.20195113,2.5203798,0.795,0,<federated.algorithms.fair_fed_drift.ClientIdentity.ClientIdentity object at 0x7f4b90a072b0>
