ACC,Loss,LossPrivileged,LossUnprivileged,AEQ,OEQ,OPP,MEQ,MPP,drift-id,gm-id,gm-name
0.827841291190316,0.33842078,0.33927473,0.32359713,0.9676428858818796,0.8297069615755661,0.9164865929062216,0.6793930494371022,0.8735053492762743,0,0,0
0.8392737054472091,0.3439084,0.33601913,0.49243727,0.9342080179422483,0.7364189809989268,0.8837368037859483,0.48644986449864497,0.8353658536585366,1,0,0
0.8520511096166778,0.32961506,0.3346084,0.22037628,0.9703407604806671,0.7549198240040214,0.8666145053663294,0.5386779184247539,0.7670886075949367,1,0,0
0.8325487558843309,0.3546845,0.3446994,0.5400656,0.9290768269273693,0.7714517282207465,0.768700546395128,0.5845687331536389,0.5605950653120465,1,0,0
0.8036314727639543,0.36902443,0.36867842,0.37572697,0.9434343203905643,0.9418338435922226,0.8991167121555053,0.8958333333333333,0.8616071428571428,1,2,2
0.8305312710154674,0.36226827,0.36466488,0.2974228,0.9553241161845856,0.9315419119449443,0.8774452693833835,0.8778082191780822,0.8286516853932584,1,7,1-2
0.8325487558843309,0.34784698,0.34978616,0.30859292,0.9531797725511065,0.8590086771378322,0.8817289183002193,0.7291568535091851,0.8255613126079446,1,7,1-2
0.8419636852723604,0.34103054,0.34143385,0.3333308,0.9779767172714275,0.7948364173148035,0.8212512718950487,0.5984555984555985,0.6458406458406458,0,7,1-2
0.8473436449226631,0.3229302,0.32610804,0.26776922,0.9944028696889109,0.8807346656611363,0.8416604103128473,0.7692307692307693,0.7173100871731009,0,0,0
