ACC,Loss,LossPrivileged,LossUnprivileged,BalancedACC,drift-id,gm-id,gm-name
0.8614285714285714,0.39553165,0.399508,0.31998143,0.971137521222411,0,0,0
0.8457142857142858,0.5136939,0.36989743,3.2458262,0.6300174520069808,1,0,0
0.8771428571428571,0.42814532,0.3717203,1.5002205,0.5738255033557046,1,0,0
0.8871428571428571,0.48844817,0.3635107,2.86226,0.5671641791044776,1,0,0
0.8885714285714286,0.4781516,0.40872207,1.7973114,0.6966666666666667,2,0,0
0.9014285714285715,0.43816558,0.37241253,1.6874752,0.7512355848434926,2,0,0
0.8971428571428571,0.48695222,0.45084164,1.1730534,0.8866666666666667,2,0,0
0.9185714285714286,0.42075497,0.37449542,1.2996852,0.80064829821718,2,0,0
0.8828571428571429,0.64600986,0.5803106,1.8942956,0.734453781512605,2,0,0
