ACC,Loss,LossPrivileged,LossUnprivileged,AEQ,OEQ,OPP,MEQ,MPP,drift-id,gm-id,gm-name
0.9257142857142857,0.2599377,0.21452405,0.66866064,0.8847457627118644,0.7773890564487125,0.8778201939840728,0.23076923076923078,0.7619047619047619,0,0,0
0.9528571428571428,0.16625716,0.1454536,0.35348934,0.9223140495867768,0.9042948979220965,0.9026587437913488,0.6555555555555556,0.7723880597014926,0,0,0
0.97,0.11855436,0.074132,0.51835537,0.9204545454545455,0.9043728054956837,0.8912977661010203,0.7218749999999999,0.6103448275862069,0,0,0
0.9728571428571429,0.10415728,0.10592165,0.08827804,0.99836867862969,0.9490426594819009,0.9667831980574668,0.7352941176470589,0.9326047358834244,0,0,0
0.9485714285714286,0.45701495,0.14045861,3.3060217,0.7170731707317073,0.7282795231588335,0.7151545221345488,0.0,0.0,2,0,0
0.9514285714285714,0.29977095,0.14079796,1.7305279,0.7781402936378466,0.7641739975298258,0.7583881764237107,0.0,0.0,2,0,0
0.9585714285714285,0.20300241,0.07529241,1.3523924,0.7718446601941747,0.7523220281821781,0.7177638526155475,0.0,0.0,2,0,0
0.9628571428571429,0.15588945,0.07253196,0.90610677,0.8155339805825244,0.8157374800637959,0.8216696048196394,0.12719298245614036,0.1695906432748538,2,0,0
0.9628571428571429,0.17103148,0.076390944,1.0227963,0.7838709677419355,0.7331068130779739,0.7321563254632906,0.0,0.0,2,0,0
