ACC,Loss,LossPrivileged,LossUnprivileged,BalancedACC,drift-id,gm-id
0.8571428571428571,0.4395646,0.42626068,0.692339,0.9649737302977233,0,0
0.8728571428571429,0.5555069,0.35862616,4.2962413,0.5437710437710438,1,0
0.8714285714285714,0.43467593,0.42119747,0.69076777,0.8799313893653516,1,1
0.8828571428571429,0.44170758,0.4398864,0.47631013,0.9693877551020408,1,1
0.8671428571428571,0.4650429,0.41875157,1.3445779,0.7145299145299145,1,1
0.8985714285714286,0.39946532,0.37277526,0.90657645,0.8521594684385382,1,1
0.8757142857142857,0.54511225,0.4989301,1.4225736,0.7072758037225042,1,1
0.84,0.66156626,0.6224292,1.4051701,0.8085106382978723,1,1
0.8914285714285715,0.50137657,0.48371804,0.8368901,0.8926174496644296,1,1
0.8671428571428571,0.672076,0.5169955,3.6186054,0.6808873720136519,0,1
