ACC,Loss,LossPrivileged,LossUnprivileged,AEQ,OEQ,OPP,drift-id,gm-id,gm-name
0.8244444444444444,0.6305971,0.41772935,1.0563326,0.8,0.8060518701639932,0.8984505832553876,0,0,0
0.7866666666666666,1.6042806,0.29585013,4.221142,0.5467625899280576,0.5398035899353013,0.5508711871125437,3,0,0
0.5311111111111111,2.7455752,1.7827126,4.6713004,0.35467980295566504,0.35294206930075644,0.890183106366544,3,1,1
0.7666666666666667,1.7379718,0.54637265,4.1211696,0.5746268656716418,0.570717603006711,0.5088492494018549,3,0,0
0.7355555555555555,2.0771825,0.42392498,5.383697,0.4249084249084249,0.4039364689245755,0.5157532303954192,2,0,0
0.7911111111111111,1.1281688,0.48455557,2.4153953,0.608058608058608,0.6088801723251337,0.9219275151483063,2,8,8
0.6088888888888889,3.9843106,0.7614699,10.429993,0.14901960784313728,0.1500914185793042,0.19011393925380948,4,8,8
0.7577777777777778,1.1971333,0.28142902,3.0285416,0.42704626334519574,0.4342253845791501,0.45688274329051026,4,0,0
0.7688888888888888,0.98368627,0.3005135,2.3500319,0.4714285714285714,0.5056456570953841,0.49325607649585684,4,0,0
