ACC,Loss,LossPrivileged,LossUnprivileged,BalancedACC,drift-id,gm-id,gm-name
0.7843388960205392,0.4529362,0.4542216,0.43949637,0.9118773946360155,0,0,0
0.8164313222079589,0.4031426,0.41564393,0.26582053,0.9247383163791834,0,0,0
0.7907573812580231,0.4193035,0.4307303,0.2978724,0.9228513699980287,0,0,0
0.810012836970475,0.36774707,0.37732062,0.25091752,0.9319172113289761,0,0,0
0.7689345314505777,0.5705743,0.358605,2.4226549,0.36469565217391303,2,0,0
0.7689345314505777,0.45290604,0.44585884,0.5221051,0.9138534063260341,2,12,12
0.7650834403080873,0.46215886,0.45909488,0.49271253,0.9670096852300242,2,19,13-11-15
0.7881899871630296,0.4431058,0.3750643,1.4351505,0.21689256198347107,0,19,13-11-15
0.8510911424903723,0.3367399,0.34142607,0.29072404,0.9698929076581128,0,0,0
