ACC,Loss,LossPrivileged,LossUnprivileged,BalancedACC,drift-id,gm-id,gm-name
0.8533333333333334,0.31195796,0.27581272,0.39367753,0.9368244054768196,0,0,0
0.845,0.34447995,0.28263545,0.46276507,0.87387010378306,0,0,0
0.8566666666666667,0.33007076,0.27216566,0.44164398,0.886779379157428,0,0,0
0.8716666666666667,0.2986847,0.21693112,0.47374856,0.8371811295533028,0,0,0
0.7916666666666666,0.5240358,0.29065362,1.0050892,0.6890048154093097,2,0,0
0.8366666666666667,0.34962338,0.27846745,0.49087328,0.8539779733809585,2,2,2
0.8716666666666667,0.32179463,0.27069125,0.41953608,0.9291427625772285,2,2,2
0.805,0.49639937,0.26087207,0.97100455,0.6884840871021776,0,2,2
0.87,0.29593262,0.27741355,0.33161563,0.9717438672945807,0,0,0
