ACC,Loss,LossPrivileged,LossUnprivileged,BalancedACC,drift-id,gm-id,gm-name
0.8071428571428572,0.53030765,0.5208942,0.53972095,0.9824561403508772,0,0,0
0.8657142857142858,0.3602152,0.31633723,0.4040932,0.9675324675324676,0,0,0
0.8814285714285715,0.37603617,0.37619102,0.3758813,0.9967637540453074,0,0,0
0.8885714285714286,0.4836693,0.38243565,0.5849029,1.0,0,0,0
0.7928571428571428,2.0389714,0.6151727,3.4627702,0.819672131147541,2,0,0
0.74,0.9355395,0.7805309,1.090548,0.8566308243727598,2,7,7
0.8428571428571429,0.6537438,0.58943594,0.7180516,0.9865319865319866,2,10,10
0.84,0.66923547,0.6241081,0.71436274,0.9470198675496689,2,10,10
0.8485714285714285,0.76835316,0.684753,0.8519534,0.9475409836065574,2,10,10
