ACC,Loss,LossPrivileged,LossUnprivileged,AEQ,OEQ,OPP,MEQ,MPP,drift-id,gm-id,gm-name
0.8442857142857143,0.42454794,0.41665286,0.49560377,0.9981203007518797,0.8825830659327878,0.8552942890380859,0.6396396396396397,0.6607142857142857,0,0,0
0.8757142857142857,0.38329032,0.35417953,0.64528775,0.8870967741935484,0.8569724146655471,0.8610074762540607,0.691358024691358,0.6854460093896714,0,0,0
0.9114285714285715,0.36529228,0.33464548,0.6411136,0.917098445595855,0.8498370689688359,0.8734929316582416,0.6132075471698113,0.5446428571428571,0,0,0
0.8957142857142857,0.4346711,0.42836207,0.49145192,0.9348591549295775,0.8302178306295168,0.8215461645698999,0.641399416909621,0.5084745762711864,0,0,0
0.79,0.6686479,0.65284556,0.81086886,0.9739478957915833,0.8379701105675622,0.8019153501511755,0.5052631578947369,0.6203007518796992,0,9,9
0.7671428571428571,0.8100507,0.7285366,1.5436774,0.8032454361054766,0.8069620342979409,0.7848258522535823,0.5847457627118644,0.620545073375262,0,15,15
0.7457142857142857,0.9427311,0.9438587,0.9325823,0.8697478991596639,0.7142953485354802,0.7855736796104112,0.14955357142857142,0.5416666666666666,0,18,18
0.8914285714285715,0.53200465,0.4643857,1.1405749,0.8526315789473684,0.8680672215955614,0.8514130093702257,0.6813417190775681,0.5689655172413793,0,0,0
0.9128571428571428,0.38357475,0.3305715,0.8606042,0.9155172413793105,0.87873803240381,0.8861119120342476,0.6354166666666666,0.6659836065573771,0,0,0
