ACC,Loss,LossPrivileged,LossUnprivileged,AEQ,OEQ,OPP,MEQ,MPP,drift-id,gm-id,gm-name
0.9314285714285714,0.23224705,0.2229553,0.3158728,0.9289340101522843,0.9099121795432026,0.9161490505326697,0.822857142857143,0.7103825136612022,0,0,0
0.9314285714285714,0.43683097,0.26257437,2.00514,0.7963272120200334,0.7315264602397027,0.7474912300343335,0.0,0.0,1,0,0
0.93,0.18666777,0.13704759,0.6332496,0.7976588628762542,0.734068812004411,0.7469374592605081,0.0,0.0,1,0,0
0.9428571428571428,0.18695512,0.17837447,0.26418114,0.9664429530201343,0.87224995534272,0.8917478799758957,0.5,0.6666666666666666,1,0,0
0.9485714285714286,0.2155829,0.140187,0.89414597,0.812807881773399,0.7328900679066054,0.7138846000197303,0.0,0.0,1,0,0
0.93,0.23521848,0.14946014,1.0070435,0.7976588628762542,0.7701561557257243,0.7743921459622047,0.203125,0.4131147540983607,1,0,0
0.9528571428571428,0.16702946,0.100184366,0.76863545,0.7451298701298701,0.7395948549935649,0.7425538616698757,0.2961038961038961,0.2961038961038961,1,0,0
0.9514285714285714,0.17756197,0.15095735,0.41700366,0.8585526315789475,0.8203737479605433,0.8283897118389835,0.46405228758169936,0.5089285714285715,1,0,0
0.92,0.25928423,0.18840659,0.89718306,0.7740303541315345,0.7552112331562134,0.7486764219528788,0.0,0.0,1,0,0
