ACC,Loss,LossPrivileged,LossUnprivileged,BalancedACC,drift-id,gm-id,gm-name
0.9371428571428572,0.26875454,0.25971955,0.3500689,0.9393939393939393,0,0,0
0.9414285714285714,0.3513361,0.13464133,2.301589,0.787128712871287,2,0,0
0.9442857142857143,0.2227184,0.1344203,1.0174012,0.7524590163934426,2,0,0
0.9628571428571429,0.18823256,0.07444899,1.2122846,0.8155339805825244,2,0,0
0.9557142857142857,0.18031144,0.074215144,1.1351782,0.7269789983844912,1,0,0
0.9514285714285714,0.15567641,0.10631966,0.59988725,0.7463414634146341,1,0,0
0.9614285714285714,0.15059376,0.08404783,0.7495071,0.8009708737864077,1,0,0
0.9471428571428572,0.23726861,0.13983876,1.1141372,0.75,1,0,0
0.97,0.12541822,0.025181184,1.0275515,0.7776,1,0,0
