ACC,Loss,LossPrivileged,LossUnprivileged,BalancedACC,drift-id,gm-id,gm-name
0.95,0.1783268,0.16172497,0.4937614,0.9290220820189274,0,0,0
0.9428571428571428,0.2156548,0.12953623,1.8519074,0.7791798107255521,2,0,0
0.9371428571428572,0.25506273,0.23363756,0.66214114,0.8155802861685215,2,2,2
0.9214285714285714,0.5075264,0.27472886,4.9306808,0.608,1,2,2
0.9642857142857143,0.15716527,0.1273616,0.7234349,0.9145962732919254,1,1,1
0.9457142857142857,0.2125159,0.20295937,0.3940901,0.9334389857369254,1,1,1
0.9457142857142857,0.26024333,0.15924217,2.1792653,0.8078740157480315,2,1,1
0.9814285714285714,0.083494805,0.05731678,0.58087724,0.8978658536585366,2,2,2
0.9728571428571429,0.124188736,0.12855732,0.041185416,0.9714285714285713,2,2,2
