ACC,Loss,LossPrivileged,LossUnprivileged,BalancedACC,drift-id,gm-id,gm-name
0.9442857142857143,0.18317936,0.17142773,0.28894424,0.964824120603015,0,0,0
0.9314285714285714,0.31506276,0.13214777,1.9612979,0.8291457286432161,1,0,0
0.9242857142857143,0.30410013,0.2724371,0.5890672,0.9030612244897959,1,1,1
0.92,0.39284024,0.34993958,0.7789462,0.8907849829351536,1,1,1
0.9371428571428572,0.5615271,0.12956034,4.4492273,0.6786885245901639,2,1,1
0.8914285714285715,0.39574096,0.3572978,0.74172926,0.8353765323992994,2,2,2
0.9428571428571428,0.27254984,0.27821597,0.22155498,0.949748743718593,2,2,2
0.95,0.45497087,0.09730751,3.6739411,0.7159090909090909,1,2,2
0.9771428571428571,0.11560106,0.10145181,0.24294439,0.9450726978998385,1,1,1
