ACC,Loss,LossPrivileged,LossUnprivileged,BalancedACC,drift-id,gm-id
0.8614285714285714,0.4466204,0.4253448,0.63810027,0.8852459016393442,0,0
0.8571428571428571,0.6708123,0.43245545,2.8160236,0.8003629764065335,1,0
0.8842857142857142,0.37705162,0.3425843,0.68725705,0.8253968253968254,1,0
0.8657142857142858,0.43077928,0.3498479,1.1591616,0.6873889875666075,1,0
0.8914285714285715,0.40592077,0.33063897,1.0834572,0.8526315789473684,2,0
0.8871428571428571,0.40146363,0.37878788,0.6055454,0.8745583038869258,2,0
0.8728571428571429,0.45453954,0.38584906,1.0727543,0.7499999999999999,2,0
0.8957142857142857,0.4086611,0.35015038,0.9352576,0.8310104529616724,2,0
0.8671428571428571,0.5109889,0.4574859,0.99251586,0.7903225806451613,2,0
0.8714285714285714,0.41088924,0.38113877,0.6786437,0.8918918918918919,0,0
