ACC,Loss,LossPrivileged,LossUnprivileged,AEQ,OEQ,OPP,MEQ,MPP,drift-id,gm-id,gm-name
0.8328571428571429,0.409922,0.40384746,0.46459302,0.9375,0.8615875912179977,0.8377574524498295,0.4,0.6538461538461539,0,0,0
0.8757142857142857,0.3863163,0.35626078,0.65681607,0.8870967741935484,0.8204596534901819,0.8219910092254317,0.5344202898550725,0.31875,0,0,0
0.8857142857142857,0.45743155,0.4371774,0.6397194,0.8761061946902654,0.8144591293724449,0.854546325247816,0.5677966101694916,0.616,0,0,0
0.8885714285714286,0.4484045,0.42960802,0.6175724,0.9964285714285714,0.8435348906583935,0.9102296339007492,0.48235294117647065,0.7792207792207793,0,0,0
0.87,0.76195425,0.47510573,3.3435903,0.7353463587921847,0.709461547731849,0.7428598386507306,0.0,0.0,2,0,0
0.87,0.5459108,0.5098269,0.87066555,0.8050089445438283,0.7833923268066385,0.7968109475214581,0.4186046511627907,0.1896551724137931,2,8,8
0.8757142857142857,0.5415134,0.5266053,0.6756855,0.9764918625678118,0.8913500553983102,0.9103619402637323,0.5625,0.7901785714285714,2,8,8
0.8471428571428572,0.79281694,0.5435742,3.0360029,0.7568555758683729,0.7104979831214807,0.6501087585672497,0.0,0.0,0,8,8
0.8828571428571429,0.7196052,0.689528,0.9903004,0.967741935483871,0.8620327100732185,0.8860875571720708,0.7402597402597403,0.6210526315789474,0,0,0
