ACC,Loss,LossPrivileged,LossUnprivileged,BalancedACC,drift-id,gm-id,gm-name
0.7795527156549521,0.45869875,0.49188712,0.39103302,0.8772517006802723,0,0,0
0.6150159744408946,0.9747991,0.45216534,1.8808498,0.41942527116495276,1,0,0
0.7715654952076677,0.49848777,0.49151742,0.51135135,0.9886785930343099,1,5,5
0.7811501597444089,0.47946775,0.42389536,0.5952663,0.9043814917007352,1,9,3-2-1-4-5
0.7907348242811502,0.46426782,0.43119135,0.53170544,0.9737719171134618,1,9,3-2-1-4-5
0.7939297124600639,0.48474666,0.46297815,0.5281797,0.9815147881694645,1,9,3-2-1-4-5
0.8019169329073482,0.44139352,0.4075658,0.5239184,0.9908578816141841,1,9,3-2-1-4-5
0.8578274760383386,0.37245494,0.37266636,0.37201765,0.9587677725118485,1,9,3-2-1-4-5
0.8370607028753994,0.38755244,0.38574234,0.3913242,0.9736809740499324,1,9,3-2-1-4-5
