ACC,Loss,LossPrivileged,LossUnprivileged,BalancedACC,drift-id,gm-id,gm-name
0.7715654952076677,0.4483158,0.5005051,0.3426765,0.8390288129491607,0,0,0
0.6293929712460063,0.91302335,0.46078506,1.7836876,0.4159455405561324,1,0,0
0.7571884984025559,0.5256053,0.5192599,0.54073155,0.9518336070060208,1,4,4
0.6230031948881789,0.9679117,0.4003996,2.1591253,0.31578025059143083,1,0,0
0.7603833865814696,0.49804926,0.44720504,0.61560965,0.9344165066878932,1,8,6-7
0.8162939297124601,0.43664905,0.40179893,0.5103372,0.9638417598616603,1,4,4
0.7939297124600639,0.4445788,0.4209921,0.49671137,0.9830500894454383,1,8,6-7
0.6086261980830671,0.7278979,0.43178338,1.3449248,0.3075405068550062,0,8,6-7
0.8706070287539937,0.29600143,0.32547444,0.24628945,0.9457772931055374,0,0,0
