ACC,Loss,LossPrivileged,LossUnprivileged,BalancedACC,drift-id,gm-id,gm-name
0.95,0.17431359,0.17496152,0.16848235,0.9584026622296172,0,0,0
0.9414285714285714,0.3722223,0.12080401,2.6349866,0.7229508196721312,1,0,0
0.8257142857142857,0.87117076,0.8077086,1.4423304,0.6871508379888269,1,1,1
0.9428571428571428,0.24634904,0.17387445,0.8986203,0.7697368421052632,1,0,0
0.9442857142857143,0.24635361,0.114495695,1.433075,0.6574675324675325,1,0,0
0.95,0.20627682,0.11706468,1.0091858,0.747557003257329,1,0,0
0.9557142857142857,0.15299012,0.12150175,0.4363854,0.8221859706362153,1,0,0
0.9771428571428571,0.13759649,0.13800018,0.13396342,0.9935064935064936,0,0,0
0.9785714285714285,0.08747317,0.065390915,0.28621346,0.8956661316211877,0,0,0
