ACC,Loss,LossPrivileged,LossUnprivileged,BalancedACC,drift-id,gm-id,gm-name
0.7975790181573639,0.4229622,0.42521092,0.3665465,0.9659723255467936,0,0,0
0.788836583725622,0.45471823,0.40657058,1.3015163,0.5888325991189427,1,0,0
0.7982515131136516,0.42417368,0.38797405,1.1569589,0.6694765634713415,1,0,0
0.8036314727639543,0.42153445,0.3920065,0.9934863,0.8105958366674231,1,0,0
0.8224613315400134,0.379998,0.36340967,0.7677839,0.8518755209780494,1,0,0
0.8338937457969066,0.35062551,0.326663,0.8215554,0.7059895108140721,1,0,0
0.8419636852723604,0.35524607,0.3358942,0.7926589,0.7459793598407459,1,0,0
0.8480161398789509,0.33210805,0.33040053,0.3700735,0.8989145008250825,0,0,0
0.8258238063214526,0.34630674,0.33931658,0.50696725,0.8944653676109382,0,0,0
