ACC,Loss,LossPrivileged,LossUnprivileged,AEQ,OEQ,OPP,MEQ,MPP,drift-id,gm-id,gm-name
0.7799461641991925,0.46125665,0.46573907,0.36001065,0.8886730978087267,0.8904260895762202,0.9405395526459357,0.814621409921671,0.8874893617021277,0,0,0
0.8169582772543742,0.40418744,0.40841305,0.3102999,0.9135637969748563,0.9182120531735727,0.8703549828319442,0.8942610062893083,0.76042541281836,0,0,0
0.8041722745625841,0.3761259,0.38394076,0.240571,0.8991992882562279,0.9147066068318848,0.9307567379743775,0.8909296657381616,0.9014880952380951,0,0,0
0.8317631224764468,0.35784692,0.36735255,0.1991933,0.901828556607444,0.9523322960444003,0.9501045029958071,0.9402810304449648,0.9186139139670739,0,0,0
0.819650067294751,0.35037506,0.35167184,0.32290915,0.9275211715101348,0.9711594527921057,0.9610593204834756,0.9620991253644313,0.930190389845875,0,0,0
0.8344549125168237,0.3492573,0.35133195,0.30851367,0.9985875706214691,0.6613385115393735,0.9063854639844258,0.3762541806020067,0.8321739130434782,0,0,0
0.8243606998654105,0.3704064,0.38197953,0.12529743,0.8291477139257267,0.8265174636543234,0.7754944802026633,0.7598684210526315,0.6754385964912281,0,0,0
0.8263795423956931,0.3884982,0.34552294,1.4658945,0.6278007204990774,0.6141820498691279,0.6213706992230854,0.31979267116682736,0.5250943396226415,1,0,0
0.8492597577388964,0.32217395,0.33226988,0.10835037,0.8695072369490974,0.7689356934202687,0.8605175822840413,0.5927318295739348,0.7904411764705882,1,7,1-2-3-4
