ACC,Loss,LossPrivileged,LossUnprivileged,BalancedACC,drift-id,gm-id,gm-name
0.7799461641991925,0.46125668,0.46573907,0.36001065,0.8886730978087267,0,0,0
0.8169582772543742,0.40418744,0.40841305,0.31029993,0.9135637969748563,0,0,0
0.8041722745625841,0.37612578,0.38394073,0.24057092,0.8991992882562279,0,0,0
0.8317631224764468,0.35784692,0.36735258,0.19919331,0.901828556607444,0,0,0
0.819650067294751,0.35037503,0.35167187,0.32290918,0.9275211715101348,0,0,0
0.8344549125168237,0.34925732,0.35133195,0.30851376,0.9985875706214691,0,0,0
0.8243606998654105,0.3704064,0.38197953,0.12529746,0.8291477139257267,0,0,0
0.8176312247644684,0.42957163,0.34552294,2.5366864,0.35575374161614387,1,0,0
0.8095558546433378,0.43294615,0.42600328,0.57998925,0.937616604477612,1,19,19
