ACC,Loss,LossPrivileged,LossUnprivileged,BalancedACC,drift-id,gm-id,gm-name
0.87,0.2908655,0.28910565,0.31157222,0.971325238956342,0,0,0
0.8616666666666667,0.32736057,0.27497506,0.97344816,0.6795918367346939,1,0,0
0.865,0.30814773,0.27599704,0.6953537,0.7127772848269742,1,2,2
0.865,0.30825642,0.28944817,0.46043226,0.9202106905969566,1,12,4-2-1-3
0.8483333333333334,0.50596595,0.27426654,2.897278,0.46623532602378837,2,12,4-2-1-3
0.8933333333333333,0.2629978,0.2504976,0.42491856,0.8773278977114797,2,11,7-5-6
0.8783333333333333,0.27209133,0.26588205,0.33361948,0.9702651515151514,2,11,7-5-6
0.8716666666666667,0.31540704,0.2930236,0.52065206,0.9266012488849242,2,11,7-5-6
0.87,0.29296264,0.24477644,0.703693,0.7651854061039864,2,11,7-5-6
