ACC,Loss,LossPrivileged,LossUnprivileged,BalancedACC,drift-id,gm-id,gm-name
0.7907573812580231,0.45402423,0.47185177,0.28911948,0.8570309439874657,0,0,0
0.8164313222079589,0.4072931,0.4177897,0.3026232,0.9284217240750867,0,0,0
0.8112965340179717,0.39281476,0.40185747,0.31154612,0.9228832759922799,0,0,0
0.834403080872914,0.3983606,0.41019276,0.29639944,0.9463456959522175,0,0,0
0.7933247753530167,0.5284268,0.3495165,2.5974376,0.46725317693059626,2,0,0
0.7766367137355584,0.4674575,0.45687217,0.5920519,0.9005892304999709,2,10,10
0.7830551989730423,0.44739452,0.43053475,0.63900685,0.9051833122629583,2,17,10-9-11
0.7817715019255456,0.4571601,0.42854506,0.7880792,0.7912563667232598,2,16,12-13
0.766367137355584,0.47779676,0.46328357,0.64563423,0.8527790670689255,2,20,20
