ACC,Loss,LossPrivileged,LossUnprivileged,BalancedACC,drift-id,gm-id,gm-name
0.8114285714285714,0.49088493,0.4851496,0.5998564,0.9114391143911439,0,0,0
0.8871428571428571,0.43763208,0.3162877,2.7431755,0.7638190954773869,1,0,0
0.8842857142857142,0.37086892,0.32567596,1.2295346,0.7332214765100671,1,0,0
0.91,0.44165805,0.4120031,1.0051029,0.8409836065573771,1,0,0
0.7571428571428571,0.9015564,0.81703746,2.507418,0.6679687499999999,1,6,6
0.9028571428571428,0.4154871,0.39223272,0.8573203,0.8479338842975207,1,0,0
0.8857142857142857,0.48681575,0.4176242,1.8014557,0.6333333333333333,1,0,0
0.7528571428571429,1.1441503,0.7996469,7.6897154,0.2928709055876686,0,16,16
0.9171428571428571,0.36057326,0.3048891,1.4185717,0.8341463414634147,0,0,0
