ACC,Loss,LossPrivileged,LossUnprivileged,AEQ,OEQ,OPP,MEQ,MPP,F1Score,F1 Score Equality,drift-id,gm-id,gm-name
0.9485714285714286,0.18879494,0.17230369,0.49296707,0.9032824293487801,0.8711517888921886,0.8930529993103635,0.6566037735849056,0.708994708994709,0.9933774834437086,0.9931972789115648,0,0,0
0.9428571428571428,0.2472258,0.15063374,2.028813,0.726159230096238,0.6459067061371211,0.7135258731079059,0.0,0.0,1.0,1.0,2,0,0
0.88,0.5188241,0.45727897,1.6539907,0.5234650343164533,0.5241100572640243,0.6538104687131089,0.0,0.0,1.0,0.0,2,5,5
0.8914285714285715,0.67440003,0.49669,3.9521625,0.579247015610652,0.4525424846266056,0.5066626089005921,0.0,0.0,1.0,1.0,4,4,4
0.9257142857142857,0.27501273,0.19252263,1.7964965,0.6787555555555554,0.6585369621516579,0.6632257763395988,0.0,0.0,1.0,1.0,4,7,7
0.9257142857142857,0.38846967,0.37944886,0.55485296,0.9267062848910499,0.799281272811063,0.8553892980374267,0.0,0.6272727272727272,1.0,1.0,4,7,7
0.9271428571428572,0.39079344,0.21391521,3.6532145,0.6776712815051473,0.5202122154341665,0.5788574622091996,0.0,0.0,1.0,1.0,2,7,7
0.9571428571428572,0.3488114,0.11208649,4.7150702,0.6262002743484225,0.6390488654471705,0.6599769561722539,0.0,0.0,1.0,1.0,3,4,4
0.9542857142857143,0.21659642,0.21173397,0.30628067,0.958530183727034,0.9015065650581524,0.8854012570748546,0.5350877192982456,0.6766169154228855,1.0,1.0,3,10,10
