ACC,Loss,LossPrivileged,LossUnprivileged,BalancedACC,drift-id,gm-id,gm-name
0.8414285714285714,0.43098825,0.4215219,0.61084914,0.9839285714285716,0,0,0
0.8528571428571429,0.47309357,0.33421066,3.1118684,0.658578856152513,2,0,0
0.8285714285714286,0.5007663,0.47500646,0.99020267,0.8558558558558559,2,2,2
0.8685714285714285,0.50035316,0.415192,2.1184156,0.8147512864493996,0,2,2
0.8957142857142857,0.5256258,0.4302657,2.3374674,0.821963394342762,2,0,0
0.8971428571428571,0.5016425,0.4813528,0.8871474,0.9531772575250836,2,2,2
0.8457142857142858,0.9422174,0.6288135,6.896891,0.5277777777777778,1,2,2
0.8728571428571429,0.6550532,0.628219,1.1649021,0.9467353951890034,1,1,1
0.88,0.55583423,0.5535936,0.5984071,0.9726962457337883,1,1,1
