ACC,Loss,LossPrivileged,LossUnprivileged,BalancedACC,drift-id,gm-id,gm-name
0.8242857142857143,0.5078009,0.5467424,0.46885955,0.9828178694158075,0,0,0
0.8757142857142857,0.3719405,0.39724526,0.34663576,0.9710610932475884,0,0,0
0.8857142857142857,0.44779348,0.500614,0.39497307,0.9808306709265175,0,0,0
0.8685714285714285,0.5511508,0.46332976,0.63897175,0.9676375404530744,0,0,0
0.7942857142857143,2.0489562,0.48093942,3.616973,0.7763578274760384,2,0,0
0.7414285714285714,0.9533415,0.9901458,0.91653705,0.958490566037736,2,12,12
0.8414285714285714,0.5864767,0.6363286,0.5366249,0.9966101694915253,2,13,11-12
0.7571428571428571,1.8930725,0.6263769,3.159768,0.7966101694915254,0,13,11-12
0.8842857142857142,0.61092854,0.6298069,0.5920503,0.9776357827476039,0,0,0
