ACC,Loss,LossPrivileged,LossUnprivileged,AEQ,OEQ,OPP,MEQ,MPP,drift-id,gm-id,gm-name
0.8143913920645595,0.4104638,0.4099449,0.41947117,0.9685384309040223,0.9613588074362652,0.8808244097279523,0.9527665317139001,0.7714884696016772,0,0,0
0.7794216543375925,0.46669605,0.42725337,1.2092716,0.6381920903954802,0.7132821268237934,0.6312019034317256,0.4759469696969697,0.5647293882588,1,0,0
0.7982515131136516,0.40749648,0.3991362,0.5903941,0.8819793703229286,0.9572886644731745,0.7028204313305677,0.9181905678537056,0.6875,1,0,0
0.7989240080699395,0.40729916,0.39172783,0.69639283,0.8669487595641084,0.902388355615263,0.6644628605954961,0.8818443804034583,0.6510638297872341,1,0,0
0.8090114324142569,0.38714522,0.3698263,0.72261083,0.9103329875889695,0.8269750051262026,0.7811327862965602,0.6879844961240311,0.7792682926829267,1,0,0
0.8069939475453934,0.40090078,0.3900249,0.6951654,0.7889575714424415,0.680676941800564,0.8506788526032277,0.6343675822312649,0.7213941350789509,1,0,0
0.8190988567585743,0.38079345,0.36731395,0.6536563,0.6873635702158621,0.5818916156125458,0.6785511473011473,0.3823878823878824,0.5353430353430353,1,0,0
0.8063214525891056,0.40575686,0.3669246,1.1472422,0.43989253758878333,0.4487671091546874,0.5823316676602543,0.2685019602448587,0.292916123424598,0,0,0
0.8211163416274377,0.3689781,0.36826158,0.3814173,0.9768324826374362,0.7669339986539448,0.7938287332054298,0.6249066002490661,0.7098445595854923,0,0,0
