ACC,Loss,LossPrivileged,LossUnprivileged,AEQ,OEQ,OPP,MEQ,MPP,drift-id,gm-id,gm-name
0.91,0.38436258,0.34837815,0.7082222,0.8844827586206897,0.8151748003044503,0.8631196125402483,0.5,0.6281249999999999,0,0,0
0.9485714285714286,0.2318158,0.20875786,0.43933702,0.976627712854758,0.9249918454681522,0.8993026281969397,0.7672955974842767,0.6020408163265306,0,0,0
0.9414285714285714,0.2797832,0.26432052,0.41894722,0.9346733668341709,0.8879441917408167,0.8887875737872509,0.7179487179487178,0.5526315789473684,0,0,0
0.96,0.13828877,0.14042205,0.11908933,0.996694214876033,0.9394042247841201,0.95466414927565,0.78125,0.9,0,0,0
0.9371428571428572,0.40164325,0.16637878,2.5190234,0.7105263157894737,0.6985740325915459,0.6511176148099787,0.0,0.0,2,0,0
0.8457142857142858,0.7215177,0.681865,1.0783926,0.7582417582417582,0.7003164211705881,0.6525899443278652,0.0,0.0,2,7,7
0.9128571428571428,0.38238984,0.28253892,1.281048,0.8307692307692308,0.7860613887825154,0.801664135912386,0.44067796610169496,0.6188811188811189,2,12,6-7-8-9
0.9485714285714286,0.16363178,0.16436641,0.15702024,0.9933110367892977,0.9263257133216163,0.9176684365681298,0.8133802816901409,0.6731707317073171,2,12,6-7-8-9
0.9342857142857143,0.28597528,0.26858965,0.44244587,0.892436974789916,0.8528427936719213,0.8775961041590271,0.6147186147186147,0.6767676767676768,2,12,6-7-8-9
