ACC,Loss,LossPrivileged,LossUnprivileged,BalancedACC,drift-id,gm-id,gm-name
0.7955615332885003,0.4307211,0.43556717,0.33685356,0.887977369165488,0,0,0
0.7942165433759247,0.4337922,0.41763243,0.8052063,0.7849132817354952,1,0,0
0.8029589778076665,0.41729185,0.38491577,1.0183789,0.7776246899972444,1,0,0
0.831876260928043,0.3956239,0.35767388,1.2126994,0.7940765576976808,1,0,0
0.8063214525891056,0.41262007,0.33643404,2.0273085,0.2866479100692648,2,0,0
0.7989240080699395,0.42745817,0.36113152,2.0327883,0.26778218535881715,2,0,0
0.82044384667115,0.386817,0.32917574,1.5363944,0.26503205278180714,2,0,0
0.8473436449226631,0.32201824,0.31049576,0.578213,0.8615132934872218,1,0,0
0.8258238063214526,0.34865284,0.33394164,0.6604431,0.7690660620945903,1,0,0
