ACC,Loss,LossPrivileged,LossUnprivileged,AEQ,OEQ,OPP,MEQ,MPP,drift-id,gm-id,gm-name
0.8241335044929397,0.37154517,0.3732945,0.35626036,0.9842937608318891,0.7800981790258885,0.8098313308939278,0.6474056603773585,0.7019867549668874,0,0,0
0.8485237483953787,0.31915656,0.31806928,0.33052504,0.9579934364744491,0.9574511310995243,0.9162435233160622,0.9527472527472527,0.85,1,0,0
0.8485237483953787,0.3422581,0.3408316,0.355848,0.9963300686704942,0.9005015257258526,0.9665980338539675,0.8270944741532976,0.9446564885496184,1,0,0
0.8228498074454429,0.36519662,0.3776399,0.2411143,0.9200520132723522,0.8964382392452754,0.9417673811097473,0.8213114754098361,0.9266720171214553,1,2,2
0.8536585365853658,0.2973746,0.30403888,0.2145309,0.9684805961219439,0.977269475423409,0.846568532102365,0.9709709709709711,0.7601351351351352,1,0,0
0.8395378690629012,0.32708368,0.33994862,0.17565697,0.8898255387773053,0.8965343028154594,0.877958597942482,0.8502673796791446,0.8470319634703197,1,0,0
0.7946084724005135,0.43226132,0.43308756,0.4234808,0.9278040607135817,0.7759551610678826,0.8912304542048632,0.6315789473684211,0.8189655172413793,1,18,18
0.7792041078305519,0.41760463,0.42231524,0.36754593,0.90799329785137,0.9184414547942084,0.8927155172413793,0.8899441340782124,0.8357758620689655,0,22,22
0.8356867779204108,0.36376715,0.38194034,0.21137527,0.8760499557913352,0.7861072976103651,0.8353470300191612,0.6211656441717791,0.7745901639344263,0,0,0
