ACC,Loss,LossPrivileged,LossUnprivileged,AEQ,OEQ,OPP,MEQ,MPP,drift-id,gm-id,gm-name
0.9185714285714286,0.3484662,0.28670135,0.90434974,0.8923076923076924,0.8484287255415837,0.8654377705014304,0.5803571428571428,0.683853459972863,0,0,0
0.9328571428571428,0.39709046,0.15143082,2.6080267,0.7301324503311257,0.7207664101965572,0.734243304974302,0.0,0.0,1,0,0
0.8185714285714286,0.8270855,0.76320016,1.402054,0.7855787476280834,0.7431665340797152,0.696934120988953,0.3047619047619048,0.36507936507936506,1,4,4
0.9328571428571428,0.30076903,0.28923917,0.4045379,0.9441624365482233,0.8414202661538799,0.8983203811444811,0.6757990867579908,0.6785714285714286,1,6,2-4
0.9214285714285714,0.3782521,0.32608715,0.8477365,0.8724489795918368,0.8400200709476892,0.8384424182761896,0.5849056603773585,0.6566037735849056,1,1,1
0.9614285714285714,0.17719048,0.14687766,0.45000574,0.9458128078817734,0.9107513793413243,0.9074788197460901,0.711111111111111,0.8126984126984127,1,14,1-2-4-3-5
0.9614285714285714,0.122347705,0.10678924,0.26237395,0.962171052631579,0.9407229859117395,0.9219203553647496,0.8320000000000001,0.7571428571428571,1,14,1-2-4-3-5
0.9357142857142857,0.28543466,0.28108376,0.32459226,0.9746192893401014,0.9156667419278657,0.8733459654606348,0.8487654320987654,0.5158730158730159,1,14,1-2-4-3-5
0.99,0.036550265,0.033971786,0.05975655,0.9792,0.9642524027516037,0.957970452069717,0.8477011494252874,0.8117647058823529,1,14,1-2-4-3-5
