ACC,Loss,LossPrivileged,LossUnprivileged,BalancedACC,drift-id,gm-id,gm-name
0.9214285714285714,0.28731847,0.37205222,0.20258471,0.9486404833836857,0,0,0
0.8414285714285714,1.705207,0.39955404,3.0108595,0.8179012345679012,1,0,0
0.8385714285714285,0.7411976,0.7636075,0.71878767,0.9965986394557825,1,5,5
0.8628571428571429,0.7403447,0.9147053,0.5659841,0.9421221864951769,1,3,3
0.8842857142857142,0.507325,0.23369746,0.7809525,0.9104938271604939,1,2,2
0.9342857142857143,0.28800052,0.30955204,0.266449,0.987841945288754,1,2,2
0.9557142857142857,0.17113513,0.16851337,0.17375688,0.9970149253731343,1,2,2
0.97,0.14025581,0.1158917,0.16461988,0.9912023460410557,1,2,2
0.9542857142857143,0.21381973,0.36471817,0.06292127,0.9475218658892128,1,2,2
