ACC,Loss,LossPrivileged,LossUnprivileged,BalancedACC,drift-id,gm-id,gm-name
0.9371428571428572,0.22447464,0.21919551,0.32477814,0.9105431309904153,0,0,0
0.9357142857142857,0.37647682,0.23725675,3.021658,0.6914556962025317,1,0,0
0.9671428571428572,0.12168444,0.0908943,0.7066971,0.8197226502311249,1,0,0
0.9614285714285714,0.1379462,0.12044153,0.47053474,0.8555900621118013,1,0,0
0.9742857142857143,0.13779846,0.09611719,0.9297422,0.8742331288343558,1,0,0
0.9728571428571429,0.0991685,0.062248677,0.8006454,0.8147013782542114,1,0,0
0.9714285714285714,0.11566609,0.07389801,0.9092595,0.7856049004594181,1,0,0
0.9714285714285714,0.12983501,0.10771823,0.5500538,0.8159509202453988,1,0,0
0.97,0.11884089,0.08420528,0.77691746,0.8172043010752689,1,0,0
