ACC,Loss,LossPrivileged,LossUnprivileged,BalancedACC,drift-id,gm-id,gm-name
0.93,0.282883,0.24750449,0.31826153,0.9847560975609756,0,0,0
0.84,1.7913154,0.2503231,3.3323078,0.7872340425531915,1,0,0
0.8557142857142858,0.6285935,0.579961,0.677226,0.9900332225913622,1,1,1
0.9314285714285714,0.28615192,0.3244458,0.24785808,0.9938837920489296,1,7,1-4-2-3
0.79,2.5309322,0.29389423,4.767971,0.6706948640483383,2,7,1-4-2-3
0.8442857142857143,0.71709347,0.5029643,0.9312228,0.9250814332247557,2,11,11
0.9414285714285714,0.25035313,0.2578266,0.24287976,0.9909365558912387,2,15,9-8-10-12
0.8285714285714286,2.3372757,0.076784104,4.5977674,0.6959064327485381,1,16,11-9-8-10-12
0.9842857142857143,0.097629055,0.14009601,0.055162102,0.9855907780979828,1,7,1-4-2-3
