ACC,Loss,LossPrivileged,LossUnprivileged,BalancedACC,drift-id,gm-id,gm-name
0.95,0.17794149,0.15918699,0.5342772,0.8663522012578617,0,0,0
0.9457142857142857,0.24261244,0.15851745,1.8404173,0.8078740157480315,1,0,0
0.9685714285714285,0.15151086,0.09332691,1.2570062,0.7880184331797235,1,0,0
0.9514285714285714,0.25499478,0.17023523,1.865426,0.7410296411856474,1,0,0
0.97,0.13339922,0.073146604,1.2781991,0.7565084226646248,2,0,0
0.9785714285714285,0.07309542,0.062218655,0.2797537,0.900611620795107,2,0,0
0.9685714285714285,0.11906345,0.110169195,0.28805462,0.910355486862442,2,0,0
0.9814285714285714,0.086406805,0.006894837,1.5971342,0.6877828054298643,2,0,0
0.9857142857142858,0.06604017,0.032420687,0.7048103,0.8636363636363636,2,0,0
