ACC,Loss,LossPrivileged,LossUnprivileged,BalancedACC,drift-id,gm-id,gm-name
0.9471428571428572,0.17699954,0.15824881,0.5332634,0.8690851735015773,0,0,0
0.9457142857142857,0.23698188,0.15196525,1.852298,0.8078740157480315,1,0,0
0.9685714285714285,0.14703079,0.08787553,1.2709805,0.7880184331797235,1,0,0
0.9528571428571428,0.2592736,0.17387658,1.881817,0.7091757387247278,1,0,0
0.9685714285714285,0.13204604,0.06815274,1.346019,0.7576687116564417,2,0,0
0.9757142857142858,0.07260463,0.06266038,0.2615454,0.8728943338437978,2,0,0
0.97,0.11512862,0.106173486,0.28527582,0.9089506172839507,2,0,0
0.9871428571428571,0.08544239,0.0038524969,1.6356504,0.7725903614457832,2,0,0
0.9828571428571429,0.07247496,0.038597535,0.7161461,0.8361153262518969,2,0,0
