ACC,Loss,LossPrivileged,LossUnprivileged,BalancedACC,drift-id,gm-id,gm-name
0.9066666666666666,0.23503037,0.21986808,0.5837631,0.7870722433460076,0,0,0
0.9133333333333333,0.23019,0.22308773,0.4006444,0.9090909090909092,0,0,0
0.8833333333333333,0.28376856,0.26509455,0.61523247,0.7687007874015748,0,0,0
0.875,0.28223258,0.28200483,0.28641334,0.9670474516695958,0,7,4-3-5
0.8733333333333333,0.28985262,0.28563008,0.40079135,0.9884788478847886,2,7,4-3-5
0.8633333333333333,0.3109828,0.30387563,0.48927933,0.9031304347826087,2,7,4-3-5
0.8766666666666667,0.29227,0.2798167,0.50624067,0.8214415067004709,2,7,4-3-5
0.8833333333333333,0.30728215,0.2828486,0.78837097,0.7721433400946586,0,7,4-3-5
0.9033333333333333,0.23450531,0.23278897,0.273981,0.9730769230769231,0,9,9
