ACC,BalancedACC,drift-id,gm-id
0.06761006289308176,0.7916666666666667,0,0
0.9449685534591195,0.9834983498349835,0,0
0.8238993710691824,0.78839590443686,1,0
0.9040880503144654,0.8852459016393442,1,0
0.9025157232704403,0.8697068403908795,1,0
0.9040880503144654,0.8668831168831169,1,0
0.9056603773584906,0.8823529411764706,1,0
0.8742138364779874,0.8410596026490067,1,0
0.8962264150943396,0.8387096774193549,1,0
0.9276729559748428,0.9666666666666667,1,0
0.9465408805031447,0.9111111111111111,1,0
