ACC,Loss,LossPrivileged,LossUnprivileged,AEQ,OEQ,OPP,MEQ,MPP,drift-id,gm-id,gm-name
0.9085714285714286,0.3833155,0.37297648,0.57975656,0.8423645320197045,0.7760141279778175,0.8271630022657122,0.5483870967741935,0.55,0,0,0
0.9485714285714286,0.2405614,0.13826531,2.1841867,0.7433489827856026,0.7093852989205218,0.6877355766868151,0.0,0.0,1,0,0
0.9528571428571428,0.2110163,0.15735674,1.2305481,0.7398753894080997,0.7268314424619315,0.6810756056808689,0.0,0.0,1,0,0
0.9685714285714285,0.13479444,0.07220063,1.324077,0.7880184331797235,0.7249168255811392,0.7843981344243937,0.0,0.0,2,0,0
0.9614285714285714,0.17170568,0.11420355,1.264246,0.7026194144838213,0.694486921529175,0.6854885800037082,0.0,0.0,2,0,0
0.97,0.15655783,0.0835833,1.5430739,0.7565084226646248,0.6966385626106788,0.6665145015909536,0.0,0.0,4,0,0
0.9557142857142857,0.2067375,0.056604676,3.059261,0.49539877300613494,0.5200210242050223,0.5037258673324246,0.0,0.0,4,0,0
0.9771428571428571,0.10552296,0.06387803,0.8967767,0.8109756097560976,0.8186529481991911,0.7962921663038478,0.2,0.25,3,0,0
0.9728571428571429,0.111666754,0.0665788,0.9683376,0.7541984732824428,0.7013834503845457,0.7048564584540193,0.0,0.0,3,0,0
