ACC,Loss,LossPrivileged,LossUnprivileged,BalancedACC,drift-id,gm-id,gm-name
0.8457142857142858,0.45992458,0.4041265,0.96210754,0.7941176470588235,0,0,0
0.8571428571428571,0.36208898,0.33121872,0.63992137,0.9264705882352942,0,0,0
0.8942857142857142,0.38301963,0.39196274,0.30253157,0.9427609427609428,0,0,0
0.8842857142857142,0.4691783,0.44891265,0.65156907,0.9660107334525939,0,0,0
0.8814285714285715,0.74665964,0.4897821,3.0585568,0.7764084507042253,2,0,0
0.8642857142857143,0.7276608,0.5133673,2.6563022,0.7058823529411765,2,0,0
0.8871428571428571,0.5737932,0.4511341,1.677725,0.7880910683012259,2,0,0
0.8942857142857142,0.5132412,0.47087702,0.8945185,0.8669001751313485,0,0,0
0.8871428571428571,0.4979118,0.4413534,1.0069373,0.8397887323943661,0,0,0
