ACC,Loss,LossPrivileged,LossUnprivileged,BalancedACC,drift-id,gm-id,gm-name
0.8049764626765299,0.42807695,0.4332742,0.32442477,0.9337779012688711,0,0,0
0.8258238063214526,0.37769708,0.38149595,0.29458934,0.9748753356348293,0,0,0
0.8029589778076665,0.4161115,0.37677827,1.3356068,0.6851893725268513,1,0,0
0.7827841291190316,0.4286896,0.42804387,0.44067726,0.97361282954221,1,10,10
0.7908540685944856,0.42006552,0.42625815,0.300115,0.8824175824175824,1,16,8-9
0.8049764626765299,0.42928255,0.38412362,1.2794741,0.5837726098191214,2,19,10-8-9
0.8103564223268326,0.43526712,0.42724505,0.5906528,0.9972268043701739,2,21,21
0.8130464021519839,0.46463868,0.3271582,3.1665125,0.2302417480241748,0,15,2-5-7
0.8433086751849361,0.3317045,0.341016,0.15390487,0.8994122896089111,0,0,0
