ACC,Loss,LossPrivileged,LossUnprivileged,AEQ,OEQ,OPP,MEQ,MPP,drift-id,gm-id,gm-name
0.754813863928113,0.477423,0.49019358,0.36887324,0.8849104859335039,0.8459847051932343,0.8235106382978723,0.7035175879396984,0.7799999999999999,0,0,0
0.7997432605905006,0.41661116,0.4256621,0.33526865,0.939048113085203,0.7826298004869433,0.7950462236176521,0.5941558441558441,0.6581632653061223,0,0,0
0.8292682926829268,0.34735024,0.36205894,0.2050996,0.908661687698515,0.6452664399092971,0.8316807659518657,0.3313492063492064,0.7411764705882353,0,0,0
0.8421052631578947,0.35202765,0.3582858,0.29328445,0.9686407342657343,0.9032512471333295,0.9798692659223696,0.8325123152709359,0.9766876843871118,0,0,0
0.7702182284980744,0.5684631,0.3908606,2.62235,0.33721573618104356,0.5471388917260979,0.5980320617964139,0.2506053268765133,0.22911497105045492,2,0,0
0.7573812580231065,0.47522485,0.4570984,0.64537233,0.9456716417910448,0.10812114197530864,0.4736467236467236,0.0,0.0,2,10,10
0.8061617458279846,0.43144208,0.41605297,0.5825554,0.9802247518972562,0.2,0.4377279833246483,0.0,0.0,2,18,10-13-11-12
0.7381258023106547,0.57908666,0.41102672,2.1336412,0.14708480565371024,0.22055633425115292,0.4885007628683851,0.015698303861421868,0.1523809523809524,0,18,10-13-11-12
0.834403080872914,0.3522908,0.37379372,0.15044945,0.882711038961039,0.9626297852104304,0.9138594380529863,0.9467649467649468,0.8918214402085368,0,0,0
