ACC,Loss,LossPrivileged,LossUnprivileged,BalancedACC,drift-id,gm-id
0.6215833333333334,1.1187692,1.1194139,1.116835,0.9909042268592829,0,0
0.7334166666666667,1.2571214,1.2489623,1.2815988,0.9697789806044204,0,0
0.7669166666666667,1.2622535,1.2758652,1.2214184,0.9874350086655114,0,0
0.79525,1.0948274,1.0962591,1.0905323,0.996516164994426,0,0
0.78625,1.4752247,0.9796924,2.9618223,0.8358856213579076,2,0
0.5878333333333333,1.3250287,1.2835158,1.4495667,0.9174379859311366,2,2
0.6684166666666667,2.0156226,1.9341156,2.260144,0.8981046492791187,2,2
0.7071666666666667,1.7278981,1.6743481,1.888548,0.9172180335436221,2,2
0.712,1.9519938,1.8276918,2.3249004,0.8936655020507367,2,2
0.72075,2.0317852,1.788447,2.7617996,0.8525612472160357,0,2
