ACC,Loss,LossPrivileged,LossUnprivileged,BalancedACC,drift-id,gm-id,gm-name
0.8657142857142858,0.39286965,0.39200467,0.4093042,0.9895833333333333,0,0,0
0.8557142857142858,0.42527118,0.40153763,0.8762078,0.7930434782608695,0,0,0
0.8757142857142857,0.48705384,0.38152304,2.492139,0.5747899159663865,1,0,0
0.8757142857142857,0.46394366,0.33736244,2.8689861,0.509212730318258,1,0,0
0.8971428571428571,0.4187947,0.34380102,1.8436742,0.657331136738056,1,0,0
0.8928571428571429,0.447525,0.40996012,1.1612577,0.693200663349917,1,0,0
0.9057142857142857,0.41859353,0.39007324,0.96047896,0.7799671592775042,1,0,0
0.9085714285714286,0.47514814,0.41729328,1.5743898,0.7774140752864157,0,0,0
0.9,0.53668857,0.49265766,1.3732748,0.8507462686567164,0,0,0
