ACC,Loss,LossPrivileged,LossUnprivileged,BalancedACC,drift-id,gm-id,gm-name
0.8257142857142857,0.44720593,0.4240181,0.65589684,0.9655172413793104,0,0,0
0.8628571428571429,0.42159995,0.37052286,0.8812937,0.8300180831826401,0,0,0
0.8928571428571429,0.40118596,0.41403592,0.2855361,0.9911190053285968,0,0,0
0.87,0.4633776,0.42313805,0.82553416,0.8756756756756757,0,0,0
0.8685714285714285,0.5182854,0.34720656,2.0579948,0.719360568383659,2,0,0
0.9071428571428571,0.4624888,0.3299503,1.6553351,0.785958904109589,2,0,0
0.8742857142857143,0.63150114,0.48374203,1.9613324,0.7659574468085106,2,0,0
0.9157142857142857,0.3992785,0.4009008,0.38467833,0.9809688581314879,0,0,0
0.8842857142857142,0.56969494,0.5631272,0.6288038,0.9838709677419355,0,0,0
