ACC,Loss,LossPrivileged,LossUnprivileged,BalancedACC,drift-id,gm-id,gm-name
0.8128571428571428,0.45431283,0.42935538,0.67892945,0.9630350194552529,0,0,0
0.8728571428571429,0.57791,0.33673367,2.7484968,0.715547703180212,1,0,0
0.7557142857142857,0.9098258,0.89609474,1.0334047,0.8981288981288982,1,1,1
0.8257142857142857,0.707421,0.660159,1.1327785,0.9274809160305344,1,4,4
0.8471428571428572,0.8634583,0.5394766,3.7792926,0.650994575045208,2,4,4
0.8757142857142857,0.58794636,0.56179774,0.8232844,0.9226618705035972,2,8,8
0.88,0.4742959,0.4639601,0.56731796,0.9712230215827338,2,7,7
0.8642857142857143,0.7934218,0.5280287,3.181959,0.7755834829443448,0,7,7
0.8742857142857143,0.70021206,0.7187777,0.53312147,0.9682539682539683,0,0,0
