ACC,Loss,LossPrivileged,LossUnprivileged,AEQ,OEQ,OPP,MEQ,MPP,drift-id,gm-id,gm-name
0.803594351732991,0.4388613,0.44333285,0.39284945,0.9517241379310347,0.660924401635832,0.8083703001131359,0.33462282398452614,0.6702127659574468,0,0,0
0.7894736842105263,0.5174772,0.43964443,1.258992,0.6450591216216216,0.6098195615167834,0.7378901732884287,0.25055596738324687,0.605682307361171,1,0,0
0.7715019255455713,0.47540653,0.48606542,0.37681222,0.8763308763308763,0.5033343040186372,0.8608316375982723,0.17647058823529413,0.8414634146341464,1,1,1
0.8395378690629012,0.37623104,0.39109114,0.21021602,0.8701593488478734,0.7146132343581979,0.839816277844905,0.4856927710843374,0.7075471698113207,1,1,1
0.8241335044929397,0.3702697,0.38869563,0.15338773,0.8395023842122658,0.6842748837494563,0.7644656952034001,0.44215838509316774,0.6203703703703703,1,1,1
0.8267008985879333,0.35834622,0.37583366,0.14878812,0.8593807188346388,0.7546175828369204,0.8387095349744881,0.5211891208096142,0.81824747231584,1,1,1
0.8549422336328626,0.33792314,0.35612613,0.14448237,0.9006821829855537,0.8068328631587556,0.8728081818591484,0.6451612903225807,0.7925407925407926,1,1,1
0.8382541720154044,0.48487312,0.353067,1.9087782,0.7425978277042107,0.6541705787471712,0.6424156486329262,0.6300465838509317,0.375,0,1,1
0.8369704749679076,0.3686952,0.37819585,0.26935756,0.9436474449132677,0.8083758409344726,0.9029975315934935,0.6918238993710691,0.8206451612903226,0,0,0
