ACC,Loss,LossPrivileged,LossUnprivileged,BalancedACC,drift-id,gm-id,gm-name
0.9142857142857143,0.3628676,0.39970633,0.32602885,0.9753086419753085,0,0,0
0.8457142857142858,1.5296084,0.2080704,2.8511467,0.8048780487804879,1,0,0
0.8528571428571429,0.55964196,0.6670633,0.45222068,0.9638157894736843,1,3,3
0.9314285714285714,0.22889197,0.26566783,0.19211613,0.9817629179331308,1,9,3-2-4-1-5
0.9514285714285714,0.20348938,0.24299654,0.16398223,1.0,1,9,3-2-4-1-5
0.95,0.26991034,0.3613331,0.17848757,0.9616519174041298,1,9,3-2-4-1-5
0.9728571428571429,0.12137389,0.13007155,0.112676226,0.9970674486803519,1,9,3-2-4-1-5
0.8285714285714286,2.1309233,0.25279173,4.0090547,0.7417417417417418,0,9,3-2-4-1-5
0.9742857142857143,0.07782377,0.05665978,0.09898777,0.9941520467836258,0,0,0
