ACC,Loss,LossPrivileged,LossUnprivileged,AEQ,OEQ,OPP,drift-id,gm-id,gm-name
0.8044444444444444,0.6630439,0.36332536,1.2624812,0.752851711026616,0.7555188662337959,0.8904859324523,0,0,0
0.7155555555555555,2.3875272,0.46746632,6.2276487,0.40298507462686567,0.39574022462876124,0.5496070596146141,2,0,0
0.5844444444444444,3.274628,2.2301815,5.3635206,0.63,0.6066117009298141,0.9831948528896475,2,8,8
0.82,1.1229068,0.69654447,1.9756315,0.7537313432835822,0.7618653086875643,0.8745082074012249,0,0,0
0.8377777777777777,0.8530808,0.29824072,1.9627608,0.6832740213523132,0.6851664798643726,0.5791110767751256,0,0,0
0.8666666666666667,0.69991684,0.3265427,1.4466653,0.8260869565217391,0.8294684441868913,0.89623202059128,0,0,0
0.8355555555555556,0.8563948,0.35507697,1.8590307,0.7545787545787546,0.7409358782717806,0.7821716134585248,0,0,0
0.7355555555555555,2.145492,0.5873826,5.2617106,0.5171102661596958,0.46797208936941126,0.5219212224852008,1,0,0
0.64,3.2545233,2.4593585,4.844853,0.6181818181818182,0.6215657757477457,0.8511586545039184,1,16,16
