ACC,Loss,LossPrivileged,LossUnprivileged,AEQ,OEQ,OPP,MEQ,MPP,drift-id,gm-id,gm-name
0.8414285714285714,0.43923327,0.42147732,0.7765965,0.8070796460176991,0.8016691376757306,0.725928231344898,0.3469387755102041,0.19753086419753085,0,0,0
0.8842857142857142,0.36217308,0.32389167,1.0895189,0.7663865546218488,0.6788355135261935,0.7179281983067878,0.0,0.0,0,0,0
0.9,0.35590866,0.32941446,0.859299,0.8507462686567164,0.6736396339641579,0.6579040988980238,0.0,0.0,0,0,0
0.91,0.3957258,0.33309895,1.5856358,0.6796747967479675,0.7005019122808724,0.61689313869779,0.0,0.0,0,0,0
0.8757142857142857,0.6856436,0.4965448,4.2785225,0.7072758037225042,0.6251346827190924,0.544543932244665,0.0,0.0,2,0,0
0.7728571428571429,0.8674371,0.7790957,2.5459244,0.579047619047619,0.5146942217673925,0.5355930665692924,0.0,0.0,2,5,5
0.8614285714285714,0.48326245,0.4403251,1.2990738,0.753448275862069,0.7700200139868333,0.7166326375332279,0.36607142857142855,0.3350000000000001,2,6,6
0.8457142857142858,0.638695,0.5081294,3.1194427,0.5958188153310103,0.5933527441949711,0.5747204400175476,0.0,0.0,0,6,6
0.8942857142857142,0.6200627,0.59566325,1.083653,0.9229480737018426,0.7952669098915222,0.7630947063116869,0.0,0.0,0,0,0
