ACC,Loss,LossPrivileged,LossUnprivileged,BalancedACC,drift-id,gm-id
0.8285714285714286,0.47209918,0.45729885,0.75330585,0.7845601436265709,0,0
0.8671428571428571,0.37128383,0.346252,0.8468889,0.7145299145299145,0,0
0.89,0.35290888,0.32050225,0.9686345,0.860738255033557,0,0
0.8785714285714286,0.50043017,0.46458438,1.1815006,0.8050847457627119,0,0
0.87,0.6375708,0.50369066,3.1812937,0.7120954003407155,2,0
0.8414285714285714,0.443127,0.41616717,0.95536447,0.8070796460176991,2,2
0.8528571428571429,0.45235643,0.3994735,1.4571316,0.6927083333333333,2,2
0.8628571428571429,0.5048446,0.47405952,1.0897613,0.7521514629948365,2,2
0.8628571428571429,0.6844334,0.669856,0.9614032,0.9236111111111112,2,2
0.8828571428571429,0.5583638,0.40685713,3.43699,0.6026711185308848,0,2
