ACC,Loss,LossPrivileged,LossUnprivileged,AEQ,OEQ,OPP,drift-id,gm-id,gm-name
0.8416666666666667,0.85429484,0.7996459,1.3461356,0.8590021691973969,0.8291784929560837,0.8407014148639906,0,0,0
0.89,0.81100136,0.7779786,1.1082065,0.9297520661157026,0.8155298759710956,0.863753184150964,0,0,0
0.8916666666666667,0.7842825,0.7384942,1.196377,0.9483471074380165,0.8515431458797439,0.9111281631353971,0,0,0
0.8916666666666667,0.7932823,0.6918079,1.7065505,0.8265306122448979,0.7983349668551056,0.800791306212281,0,0,0
0.8733333333333333,1.1996213,0.9062587,3.839885,0.7237113402061855,0.6595254622856315,0.6325824391953374,2,0,0
0.8466666666666667,1.3389667,0.950342,4.8365893,0.6455696202531646,0.583115613345702,0.5986267078594684,2,2,2
0.83,1.364822,1.1842499,2.9899716,0.8074398249452954,0.7503531909941005,0.7162799287366644,2,2,2
0.8683333333333333,1.1511903,0.96184886,2.8552632,0.8715789473684211,0.7326353008008043,0.7236216696946787,2,2,2
0.8533333333333334,1.1201088,0.9718739,2.4542236,0.8042553191489361,0.7831655894378623,0.7660701009594006,2,2,2
