ACC,Loss,LossPrivileged,LossUnprivileged,BalancedACC,drift-id,gm-id,gm-name
0.9314285714285714,0.24965149,0.24673782,0.2758746,0.9965928449744463,0,0,0
0.9328571428571428,0.33566964,0.1695938,1.830352,0.7301324503311257,2,0,0
0.8842857142857142,0.5064563,0.45867395,0.93649703,0.7908611599297012,2,2,2
0.9757142857142858,0.06616129,0.056954533,0.14902203,0.9788961038961039,0,0,0
0.9685714285714285,0.12965208,0.10988869,0.3075226,0.9219512195121952,2,0,0
0.97,0.15338388,0.09463093,0.68216044,0.8723747980613893,2,0,0
0.9528571428571428,0.41878912,0.23085448,2.1102006,0.8733552631578947,1,0,0
0.9685714285714285,0.1461932,0.13013275,0.29073724,0.9705882352941176,1,6,6
0.91,0.44775793,0.3786058,1.0701269,0.8674698795180723,1,10,5-7
