ACC,Loss,LossPrivileged,LossUnprivileged,BalancedACC,drift-id,gm-id
0.91,0.33044946,0.27625462,0.81820273,0.8844827586206897,0,<federated.algorithms.fair_fed_drift.ClientIdentity.ClientIdentity object at 0x7f56412e6cb0>
0.9385714285714286,0.29849058,0.17627367,1.3984425,0.8059701492537313,2,<federated.algorithms.fair_fed_drift.ClientIdentity.ClientIdentity object at 0x7f564138fc40>
0.9357142857142857,0.319881,0.24807294,0.9661539,0.8086522462562395,2,<federated.algorithms.fair_fed_drift.ClientIdentity.ClientIdentity object at 0x7f5588587430>
0.9657142857142857,0.13811569,0.08511625,0.61511064,0.860615883306321,2,<federated.algorithms.fair_fed_drift.ClientIdentity.ClientIdentity object at 0x7f56204e9480>
0.9457142857142857,0.16843276,0.12898046,0.5235035,0.8316831683168318,1,<federated.algorithms.fair_fed_drift.ClientIdentity.ClientIdentity object at 0x7f56203b6830>
0.93,0.22910193,0.12964453,1.1242187,0.6523887973640856,1,<federated.algorithms.fair_fed_drift.ClientIdentity.ClientIdentity object at 0x7f555830cf40>
0.9585714285714285,0.10325872,0.07640303,0.34496,0.8195121951219513,1,<federated.algorithms.fair_fed_drift.ClientIdentity.ClientIdentity object at 0x7f562040d090>
0.9271428571428572,0.2652557,0.20394324,0.817068,0.7675585284280937,1,<federated.algorithms.fair_fed_drift.ClientIdentity.ClientIdentity object at 0x7f5620133d90>
0.9757142857142858,0.09154552,0.038541876,0.5685784,0.8352,1,<federated.algorithms.fair_fed_drift.ClientIdentity.ClientIdentity object at 0x7f54d83bbcd0>
0.96,0.13645686,0.087058865,0.58103883,0.8181818181818182,0,<federated.algorithms.fair_fed_drift.ClientIdentity.ClientIdentity object at 0x7f54d82c54b0>
