ACC,Loss,LossPrivileged,LossUnprivileged,AEQ,OEQ,OPP,drift-id,gm-id,gm-name
0.8293333333333334,0.6630592,0.38465822,1.776663,0.6417910447761195,0.6195148616533801,0.6927210036755574,0,0,0
0.784,1.8412137,0.59155124,6.8398633,0.3880597014925373,0.40140596006879387,0.5203447746993206,1,0,0
0.7893333333333333,1.6862104,0.3970011,6.8430476,0.2743682310469314,0.31166652304247305,0.47951032858049814,1,0,0
0.8106666666666666,1.06472,0.38812163,3.7711136,0.4218181818181818,0.39327660673829806,0.39981205782954743,1,0,0
0.8106666666666666,1.0936778,0.28806916,4.316112,0.3274021352313167,0.3603559000466746,0.44128245050494164,2,0,0
0.8,0.9111406,0.3157884,3.2925498,0.3321299638989169,0.3432797680446995,0.4763419278804541,2,0,0
0.824,0.84615046,0.3396029,2.8723407,0.4460431654676259,0.43739846582606695,0.6318555982088134,2,0,0
0.8293333333333334,0.9139209,0.26997858,3.4896898,0.45878136200716846,0.45942013560802664,0.6087694163260301,0,0,0
0.8773333333333333,0.5671646,0.17354101,2.141659,0.5223367697594502,0.5258171018933714,0.6244767990024317,0,0,0
