ACC,Loss,LossPrivileged,LossUnprivileged,BalancedACC,drift-id,gm-id,gm-name
0.8628571428571429,0.39443272,0.3987347,0.3126948,0.9407894736842105,0,0,0
0.85,0.5121891,0.36784986,3.2546325,0.626736111111111,1,0,0
0.8128571428571428,0.64739424,0.6341655,0.89873916,0.9097605893186004,1,2,2
0.8885714285714286,0.50821453,0.3744961,3.0488644,0.6312292358803986,1,0,0
0.8957142857142857,0.4657475,0.38685605,1.9646848,0.6909090909090909,2,0,0
0.9028571428571428,0.4452083,0.3879738,1.5326641,0.7825370675453048,2,0,0
0.8914285714285715,0.4884975,0.46389267,0.95598984,0.8260869565217391,2,0,0
0.9157142857142857,0.42897508,0.3627264,1.6876993,0.8032520325203252,2,0,0
0.8871428571428571,0.6266878,0.58309793,1.4548962,0.7307692307692308,2,0,0
