ACC,Loss,LossPrivileged,LossUnprivileged,BalancedACC,drift-id,gm-id,gm-name
0.9528571428571428,0.16605617,0.14917454,0.48680693,0.8948194662480377,0,0,0
0.9485714285714286,0.18894474,0.17483678,0.456996,0.8990536277602523,0,0,0
0.9585714285714285,0.16437167,0.12501861,0.9120799,0.796583850931677,0,0,0
0.9442857142857143,0.22711836,0.19835436,0.77363366,0.7779527559055118,0,0,0
0.9514285714285714,0.20443065,0.09709053,2.2438927,0.6796267496111975,2,0,0
0.9471428571428572,0.16164944,0.14286244,0.5186024,0.8377952755905512,2,0,0
0.9657142857142857,0.11311648,0.10951246,0.18159264,0.9131782945736434,2,0,0
0.9757142857142858,0.08665494,0.040370688,0.96605563,0.7519025875190259,0,0,0
0.9757142857142858,0.09646807,0.0927374,0.16735078,0.93394777265745,0,0,0
