ACC,Loss,LossPrivileged,LossUnprivileged,BalancedACC,drift-id,gm-id,gm-name
0.8966666666666666,0.2531623,0.25198376,0.2772381,0.9955444165970482,0,0,0
0.88,0.2675369,0.26027027,0.43466923,0.9526627218934911,0,0,0
0.8833333333333333,0.26395902,0.26580745,0.20743588,0.9301969783897497,0,0,0
0.8833333333333333,0.2710803,0.27191496,0.25188285,0.9584120982986768,0,0,0
0.88,0.2966455,0.24856083,1.4506769,0.6058252427184466,2,0,0
0.8833333333333333,0.3101646,0.25833768,1.7391059,0.47628187551412116,2,0,0
0.8616666666666667,0.31194723,0.26342726,1.2672883,0.5480222115582368,2,2,0-1
0.8933333333333333,0.27062464,0.25502005,0.57787347,0.8427478867570106,0,2,0-1
0.89,0.25704458,0.25351253,0.36504975,0.8837846060237299,0,2,0-1
