ACC,Loss,LossPrivileged,LossUnprivileged,BalancedACC,drift-id,gm-id,gm-name
0.8187660668380463,0.42175925,0.4377795,0.27378237,0.8912011230851812,0,0,0
0.39845758354755784,1.4039649,1.5335217,0.2244933,0.36975347089670696,2,0,0
0.42287917737789205,1.0841564,1.1741763,0.2762845,0.40490945674044265,2,0,0
0.8457583547557841,0.4008476,0.4068056,0.3354931,0.9430768486724378,0,0,0
0.7712082262210797,0.4924167,0.49771178,0.43886092,0.9239236314046366,0,0,0
0.7544987146529563,0.53661424,0.5477996,0.442954,0.867929881446955,0,0,0
0.8071979434447301,0.48231578,0.49355152,0.3569662,0.9155662264905964,0,0,0
0.794344473007712,0.48977596,0.42903003,1.1240342,0.4218657159833631,1,0,0
0.787917737789203,0.5127233,0.4553153,1.1424451,0.4083300793960693,1,0,0
