ACC,BalancedACC,drift-id,gm-id
0.08494208494208494,0.8961538461538462,0,0
0.9459459459459459,0.8110591189226204,0,0
0.9382239382239382,0.6599071032060724,2,0
0.9562419562419563,0.7872508165333935,2,0
0.9472329472329473,0.7095646289194676,2,0
0.9498069498069498,0.7643665158371041,1,0
0.9562419562419563,0.7304893069085209,1,0
0.9472329472329473,0.795402822030041,1,0
0.9858429858429858,0.9726706000222642,0,0
