ACC,Loss,LossPrivileged,LossUnprivileged,BalancedACC,drift-id,gm-id,gm-name
0.7795527156549521,0.4586987,0.4918871,0.39103302,0.8772517006802723,0,0,0
0.6038338658146964,0.9531808,0.45216534,1.8217535,0.3802789125228906,1,0,0
0.7971246006389776,0.44856778,0.45219338,0.4418768,0.9603174603174602,1,1,1
0.7955271565495208,0.4234501,0.42861527,0.41268724,0.9259351967737449,1,1,1
0.8210862619808307,0.41423693,0.43006784,0.3819603,0.9258426966292136,1,1,1
0.8450479233226837,0.38667578,0.39652032,0.36703366,0.9799981244055034,1,1,1
0.84185303514377,0.35266912,0.39695564,0.24462946,0.8914305872137197,1,1,1
0.8594249201277955,0.32424068,0.36371228,0.24258873,0.9534707129952084,1,1,1
0.8642172523961661,0.30137333,0.385563,0.1259436,0.8653217212361739,1,1,1
