ACC,Loss,LossPrivileged,LossUnprivileged,AEQ,OEQ,OPP,MEQ,MPP,drift-id,gm-id,gm-name
0.803594351732991,0.4388613,0.44333282,0.3928495,0.9517241379310347,0.660924401635832,0.8083703001131359,0.33462282398452614,0.6702127659574468,0,0,0
0.7894736842105263,0.5174772,0.43964446,1.258992,0.6450591216216216,0.6098195615167834,0.7378901732884287,0.25055596738324687,0.605682307361171,1,0,0
0.7689345314505777,0.48512167,0.49743703,0.3712046,0.8039588884659307,0.5525798870532113,0.7922354497354498,0.12066365007541478,0.7142857142857143,1,1,1
0.8395378690629012,0.37623104,0.39109108,0.21021602,0.8701593488478734,0.7146132343581979,0.839816277844905,0.4856927710843374,0.7075471698113207,1,9,1-2-3-4-5
0.8241335044929397,0.3702697,0.3886956,0.1533877,0.8395023842122658,0.6842748837494563,0.7644656952034001,0.44215838509316774,0.6203703703703703,1,9,1-2-3-4-5
0.8267008985879333,0.35834622,0.37583366,0.14878814,0.8593807188346388,0.7546175828369204,0.8387095349744881,0.5211891208096142,0.81824747231584,1,9,1-2-3-4-5
0.8549422336328626,0.33792314,0.35612613,0.14448243,0.9006821829855537,0.8068328631587556,0.8728081818591484,0.6451612903225807,0.7925407925407926,1,9,1-2-3-4-5
0.8382541720154044,0.48487315,0.35306704,1.9087789,0.7425978277042107,0.6541705787471712,0.6424156486329262,0.6300465838509317,0.375,0,9,1-2-3-4-5
0.8369704749679076,0.3686952,0.37819585,0.2693576,0.9436474449132677,0.8083758409344726,0.9029975315934935,0.6918238993710691,0.8206451612903226,0,0,0
