ACC,Loss,LossPrivileged,LossUnprivileged,BalancedACC,drift-id,gm-id,gm-name
0.9071428571428571,0.35337958,0.35971797,0.3470412,0.9968553459119497,0,0,0
0.8685714285714285,1.3047944,0.24484357,2.3647451,0.8424242424242424,2,0,0
0.8385714285714285,0.82300544,0.6932595,0.9527514,0.963210702341137,2,7,7
0.9357142857142857,0.3102065,0.34099936,0.27941367,0.9552238805970149,2,6,6
0.7642857142857142,2.7451954,0.50322133,4.9871693,0.7038216560509555,1,6,6
0.9471428571428572,0.20734537,0.13769819,0.27699253,0.9673590504451038,1,3,3
0.9442857142857143,0.2075919,0.21767162,0.19751216,0.9909638554216867,1,3,3
0.9271428571428572,0.46853107,0.5542458,0.38281626,0.9847094801223242,1,3,3
0.9028571428571428,0.398684,0.63485473,0.16251326,0.897897897897898,1,9,9
