ACC,Loss,LossPrivileged,LossUnprivileged,BalancedACC,drift-id,gm-id,gm-name
0.8157142857142857,0.49581298,0.48350996,0.508116,0.982638888888889,0,0,0
0.8585714285714285,0.38419482,0.34627277,0.4221169,0.990066225165563,0,0,0
0.8814285714285715,0.36196372,0.3293523,0.39457515,0.9649681528662422,0,0,0
0.8871428571428571,0.44389966,0.3538717,0.5339277,0.9714285714285714,0,0,0
0.79,0.91001236,0.6175448,1.2024797,0.819078947368421,1,0,0
0.7928571428571428,0.7381837,0.4555732,1.0207943,0.7452830188679246,1,0,0
0.8028571428571428,0.754169,0.49466375,1.0136743,0.7955271565495208,1,0,0
0.8285714285714286,0.8175818,0.71107626,0.9240871,0.9205298013245032,0,0,0
0.8485714285714285,0.81797427,0.633304,1.0026444,0.9161290322580645,0,0,0
