ACC,Loss,LossPrivileged,LossUnprivileged,BalancedACC,drift-id,gm-id
0.9028571428571428,0.37745687,0.3656938,0.60095465,0.880794701986755,0,<federated.algorithms.fair_fed_drift.ClientIdentity.ClientIdentity object at 0x7f66a7d9a980>
0.9528571428571428,0.17613524,0.1442248,0.78243387,0.8636363636363638,0,<federated.algorithms.fair_fed_drift.ClientIdentity.ClientIdentity object at 0x7f66904a1ea0>
0.95,0.17091276,0.16492891,0.2846058,0.9290220820189274,0,<federated.algorithms.fair_fed_drift.ClientIdentity.ClientIdentity object at 0x7f66281293c0>
0.9628571428571429,0.1364239,0.13190863,0.22221448,0.9470404984423675,0,<federated.algorithms.fair_fed_drift.ClientIdentity.ClientIdentity object at 0x7f65ec53b3a0>
0.9571428571428572,0.26126352,0.13807996,2.6017513,0.7058823529411765,2,<federated.algorithms.fair_fed_drift.ClientIdentity.ClientIdentity object at 0x7f65ec56ff40>
0.9657142857142857,0.14011416,0.12858106,0.35924277,0.9131782945736434,2,<federated.algorithms.fair_fed_drift.ClientIdentity.ClientIdentity object at 0x7f66a40c9e70>
0.9628571428571429,0.13284852,0.068875894,1.3483286,0.7015384615384616,2,<federated.algorithms.fair_fed_drift.ClientIdentity.ClientIdentity object at 0x7f66a441b1f0>
0.97,0.11265201,0.0989389,0.3732013,0.8782742681047766,0,<federated.algorithms.fair_fed_drift.ClientIdentity.ClientIdentity object at 0x7f65286d9120>
0.9757142857142858,0.08969867,0.07735135,0.32429776,0.8728943338437978,0,<federated.algorithms.fair_fed_drift.ClientIdentity.ClientIdentity object at 0x7f65bc78fc70>
0.9771428571428571,0.0884334,0.078768305,0.2720702,0.9325153374233128,0,<federated.algorithms.fair_fed_drift.ClientIdentity.ClientIdentity object at 0x7f66a4462c50>
