ACC,Loss,LossPrivileged,LossUnprivileged,AEQ,OEQ,OPP,drift-id,gm-id,gm-name
0.848,0.56793016,0.34799048,1.4476888,0.676470588235294,0.6984366480130484,0.8078227642776792,0,0,0
0.7786666666666666,1.9638324,0.6582928,7.1859913,0.29411764705882354,0.28665139593705846,0.6024969281060903,1,0,0
0.64,2.2543359,1.8241934,3.9749053,0.6376811594202899,0.6130243712031321,0.8449771504185304,1,4,4
0.816,1.5622011,0.34706858,6.422732,0.3870967741935484,0.4571406272088405,0.5467543296985248,1,0,0
0.776,1.346178,0.4898524,4.7714806,0.34328358208955223,0.3859384869035273,0.47248420196906293,1,0,0
0.8293333333333334,0.7581576,0.3639226,2.3350978,0.5567765567765568,0.5355012698348511,0.6376366830855876,1,0,0
0.7733333333333333,0.8253236,0.40910262,2.4902074,0.3122676579925651,0.3958707461508058,0.46447509647435026,1,0,0
0.8266666666666667,0.69391555,0.33880752,2.1143477,0.5255474452554745,0.5124083895679704,0.5152131663463031,1,0,0
0.848,0.6495385,0.2221301,2.3591719,0.49469964664310956,0.44267137051619293,0.506630213706706,1,0,0
