ACC,Loss,LossPrivileged,LossUnprivileged,BalancedACC,drift-id,gm-id,gm-name
0.8003194888178914,0.42681983,0.4884379,0.297483,0.879743782161235,0,0,0
0.6325878594249201,0.9637776,0.40276125,2.0993617,0.361456176673568,2,0,0
0.6389776357827476,0.62171227,0.42400125,0.99966216,0.4929354980254497,2,0,0
0.6996805111821086,0.5362843,0.3632262,0.86710703,0.529459624381314,2,0,0
0.7092651757188498,0.53968716,0.44110796,0.7190836,0.6817281677962792,1,0,0
0.7571884984025559,0.4578225,0.38080874,0.6280427,0.7409028530155292,1,0,0
0.8067092651757188,0.42617682,0.35290995,0.5833876,0.8726361613079323,1,0,0
0.7907348242811502,0.44998094,0.38952246,0.58977103,0.8494986699406589,1,0,0
0.8146964856230032,0.4180744,0.35040036,0.5580668,0.9200411042604011,1,0,0
