ACC,Loss,LossPrivileged,LossUnprivileged,BalancedACC,drift-id,gm-id,gm-name
0.8049764626765299,0.42810708,0.43424916,0.3073971,0.9159010600706714,0,0,0
0.812373907195696,0.39711255,0.39987862,0.34112,0.945189367207716,0,0,0
0.82044384667115,0.3710873,0.38220707,0.18767735,0.8876513405757344,0,0,0
0.8446536650975117,0.33259398,0.34004316,0.16421811,0.88188202247191,0,7,0-1
0.8473436449226631,0.33435145,0.3426809,0.15781675,0.8964788732394366,0,7,0-1
0.8238063214525891,0.36209548,0.36726934,0.2660381,0.9458582995081931,0,16,0-1-8
0.8076664425016813,0.44648862,0.45165333,0.31201816,0.8660587139883887,0,17,17
0.8520511096166778,0.3251985,0.33192414,0.19857794,0.9222194851582707,0,16,0-1-8
0.8332212508406187,0.36545402,0.36908853,0.30236584,0.8941109530583214,0,16,0-1-8
