ACC,Loss,LossPrivileged,LossUnprivileged,AEQ,OEQ,OPP,MEQ,MPP,drift-id,gm-id,gm-name
0.9257142857142857,0.25930125,0.2141976,0.66523415,0.8847457627118644,0.7773890564487125,0.8746951006865658,0.23076923076923078,0.7619047619047619,0,0,0
0.95,0.16351548,0.14344434,0.34415585,0.9418604651162791,0.9085425230488322,0.909356459821956,0.6436363636363637,0.7615384615384615,0,0,0
0.9628571428571429,0.14046705,0.093453184,0.56359184,0.9117647058823529,0.8894391377290243,0.8881545472200745,0.6775956284153005,0.6107142857142858,0,0,0
0.9671428571428572,0.12708049,0.13151868,0.08713679,0.9950980392156864,0.9355133625678638,0.9587898287718527,0.7741935483870968,0.8814102564102565,0,0,0
0.9542857142857143,0.48545486,0.15361269,3.4720345,0.7597402597402598,0.7666100011504334,0.7112591927653402,0.0,0.0,2,0,0
0.87,0.69452846,0.65306425,1.0677065,0.9113924050632912,0.7817435472380387,0.8467205917535031,0.3,0.5769230769230769,2,8,8
0.8985714285714286,0.46698734,0.35957867,1.4336658,0.7941176470588235,0.7744796323031033,0.7295755705564149,0.0,0.0,2,12,12
0.8742857142857143,0.6468911,0.5319593,1.6812774,0.7486725663716813,0.6940067912432611,0.6850322045827344,0.18095238095238095,0.32264150943396225,2,13,13
0.9542857142857143,0.19170369,0.17399982,0.35103843,0.9371900826446281,0.9167297548850556,0.8981934718965526,0.7555555555555554,0.7914230019493178,2,12,12
