ACC,Loss,LossPrivileged,LossUnprivileged,BalancedACC,drift-id,gm-id,gm-name
0.8049764626765299,0.42810708,0.43424916,0.30739713,0.9159010600706714,0,0,0
0.8130464021519839,0.3927389,0.3954487,0.33788496,0.9984028525795787,0,0,0
0.8117014122394082,0.40105918,0.39926702,0.4306204,0.970042796005706,0,0,0
0.8190988567585743,0.3709197,0.36926368,0.40835154,0.8848314606741573,0,0,0
0.8305312710154674,0.3608607,0.36046076,0.36933652,0.9574915007285091,0,0,0
0.5924680564895763,0.6644994,0.67433745,0.48184887,0.7642904274298004,0,0,0
0.6381977135171486,0.6200375,0.632891,0.28538096,0.6625349162011174,0,0,0
0.543375924680565,0.7555536,0.7734741,0.4181705,0.6391071918121173,0,0,0
0.8076664425016813,0.3945438,0.39704213,0.35117748,0.9451419382769497,0,0,0
