ACC,Loss,LossPrivileged,LossUnprivileged,BalancedACC,drift-id,gm-id,gm-name
0.9442857142857143,0.26449436,0.26686138,0.21952085,0.9666136724960255,0,0,0
0.9557142857142857,0.205843,0.11634212,1.9063599,0.7069767441860465,2,0,0
0.95,0.17952113,0.12759943,1.1660331,0.6195652173913043,2,0,0
0.9685714285714285,0.13240105,0.0705529,1.307516,0.7576687116564417,2,0,0
0.9671428571428572,0.11472165,0.0739504,0.8893755,0.6983154670750382,1,0,0
0.9514285714285714,0.1829671,0.13597451,1.075826,0.5882352941176471,1,0,0
0.9757142857142858,0.10778347,0.06090747,0.99842757,0.7519025875190259,1,0,0
0.9585714285714285,0.19698805,0.15159214,1.05951,0.8273716951788491,1,0,0
0.98,0.0865567,0.024685938,1.2621012,0.7186081694402421,1,0,0
