ACC,Loss,LossPrivileged,LossUnprivileged,BalancedACC,drift-id,gm-id,gm-name
0.9028571428571428,0.33776498,0.32577717,0.3497528,0.9627329192546583,0,0,0
0.95,0.19574153,0.23179853,0.15968455,0.9969969969969972,0,0,0
0.9614285714285714,0.16728091,0.17957401,0.1549878,0.9970326409495549,0,0,0
0.9571428571428572,0.17959784,0.23133181,0.12786387,0.976401179941003,0,0,0
0.8671428571428571,1.6057799,0.19910507,3.0124547,0.8011869436201781,2,0,0
0.9385714285714286,0.28673232,0.17337394,0.40009072,0.984894259818731,2,14,1-3-4-2-5
0.9442857142857143,0.33140132,0.32969218,0.33311042,0.9909638554216867,2,14,1-3-4-2-5
0.9028571428571428,1.2168868,0.058124483,2.375649,0.8318840579710144,0,14,1-3-4-2-5
0.95,0.23481789,0.28906173,0.18057406,0.9969969969969972,0,0,0
