ACC,Loss,LossPrivileged,LossUnprivileged,BalancedACC,drift-id,gm-id
0.628,1.1151967,1.110513,1.1198806,0.991017173051519,0,<federated.algorithms.fair_fed_drift.ClientIdentity.ClientIdentity object at 0x7f993b40f040>
0.6578333333333334,2.6118593,1.3123344,3.9113839,0.8134619802435101,1,<federated.algorithms.fair_fed_drift.ClientIdentity.ClientIdentity object at 0x7f99de551c00>
0.4835833333333333,4.1361766,4.193681,4.0786724,0.996216030271758,1,<federated.algorithms.fair_fed_drift.ClientIdentity.ClientIdentity object at 0x7f99c02a2b30>
0.7391666666666666,1.4975073,0.9227834,2.0722315,0.8254784935171846,1,<federated.algorithms.fair_fed_drift.ClientIdentity.ClientIdentity object at 0x7f99de2ac640>
0.7730833333333333,1.1777737,0.71991634,1.6356312,0.8476399123680542,1,<federated.algorithms.fair_fed_drift.ClientIdentity.ClientIdentity object at 0x7f98202ec970>
0.8269166666666666,0.883172,0.8802482,0.8860957,0.9877804487179487,1,<federated.algorithms.fair_fed_drift.ClientIdentity.ClientIdentity object at 0x7f996417fd30>
0.8448333333333333,0.8590021,0.8398005,0.87820375,0.9804649345575308,1,<federated.algorithms.fair_fed_drift.ClientIdentity.ClientIdentity object at 0x7f9783584730>
0.8071666666666667,0.9144421,0.5912891,1.2375951,0.8389975318017847,1,<federated.algorithms.fair_fed_drift.ClientIdentity.ClientIdentity object at 0x7f99c02b4220>
0.8120833333333334,1.3658321,0.41192323,2.3197405,0.7989662174635407,1,<federated.algorithms.fair_fed_drift.ClientIdentity.ClientIdentity object at 0x7f99de299cf0>
0.445,5.09813,4.178217,6.0180445,0.844559585492228,0,<federated.algorithms.fair_fed_drift.ClientIdentity.ClientIdentity object at 0x7f99829f9870>
