ACC,Loss,LossPrivileged,LossUnprivileged,BalancedACC,drift-id,gm-id,gm-name
0.9157142857142857,0.31879044,0.28200576,0.3555752,0.9723076923076922,0,0,0
0.9457142857142857,0.19424057,0.22558974,0.16289139,0.9939759036144578,0,0,0
0.9642857142857143,0.14470616,0.1539895,0.13542278,0.9970414201183432,0,0,0
0.9528571428571428,0.19031774,0.22588229,0.1547532,0.9851190476190477,0,0,0
0.8714285714285714,1.6434538,0.17813486,3.108773,0.8047337278106509,2,0,0
0.8571428571428571,0.70789945,0.50611067,0.909688,0.9801980198019801,2,9,9
0.8757142857142857,0.75997865,0.92512625,0.594831,0.9647435897435896,2,9,9
0.9685714285714285,0.120121144,0.1227124,0.11752991,1.0,2,16,11-8-10-12
0.9214285714285714,0.4239148,0.34200048,0.5058291,0.9724770642201835,2,16,11-8-10-12
