ACC,Loss,LossPrivileged,LossUnprivileged,BalancedACC,drift-id,gm-id,gm-name
0.86,0.39814615,0.40257487,0.31400096,0.9694397283531411,0,0,0
0.8471428571428572,0.51179296,0.36644745,3.273358,0.6289198606271776,1,0,0
0.8157142857142857,0.6354064,0.622289,0.8846341,0.7974452554744526,1,5,5
0.8857142857142857,0.5613808,0.40658554,3.502491,0.6989966555183946,1,0,0
0.8257142857142857,0.90513784,0.69689274,4.861796,0.30052724077328646,2,11,11
0.85,0.547129,0.5267244,0.9348151,0.8681898066783832,2,14,14
0.8685714285714285,0.50424194,0.5040061,0.5087236,0.882960413080895,2,14,14
0.8971428571428571,0.4765123,0.4359327,1.2475262,0.8205980066445183,2,14,14
0.7771428571428571,0.7774956,0.76495993,1.0156727,0.876923076923077,2,28,28
