ACC,Loss,LossPrivileged,LossUnprivileged,AEQ,OEQ,OPP,MEQ,MPP,drift-id,gm-id,gm-name
0.9514285714285714,0.18241863,0.16258836,0.5591941,0.8962264150943395,0.8609109275365003,0.8675475573961682,0.6327272727272727,0.5238095238095238,0,0,0
0.94,0.20175096,0.12589656,1.6429845,0.8129952456418383,0.6390377045287299,0.6649303436367581,0.0,0.0,1,0,0
0.8728571428571429,0.51116025,0.46045813,1.4745013,0.44556113902847577,0.4022540155539177,0.4473891180118691,0.0,0.0,1,3,3
0.8857142857142857,0.61298114,0.6142009,0.58980644,0.8986486486486487,0.7466634594031565,0.7129512148990498,0.0,0.0,1,2,2
0.91,0.476391,0.26751158,4.445099,0.42696629213483145,0.38517216117216113,0.4155311683537491,0.0,0.0,2,2,2
0.8471428571428572,0.8270256,0.8056476,1.2332053,0.7320490367775832,0.6079613087148952,0.5494141650072081,0.0,0.0,2,11,11
0.9214285714285714,0.34734777,0.34184533,0.4518937,0.9592833876221498,0.8440081098111796,0.8630206147463066,0.5317460317460317,0.6781609195402298,2,6,6
0.9471428571428572,0.25373846,0.108976826,3.0042093,0.6214953271028036,0.6413441188441189,0.6485184556529895,0.0,0.0,1,6,6
0.9485714285714286,0.24136278,0.23609787,0.34139648,0.9620253164556961,0.9218786508915142,0.9415793581953491,0.8,0.75,1,2,2
