ACC,BalancedACC,drift-id,gm-id
0.0660377358490566,0.41025641025641024,0,0
0.9465408805031447,0.845,0,0
0.9323899371069182,0.8229742173112339,1,0
0.9559748427672956,0.8358812949640289,1,0
0.9591194968553459,0.8328853046594982,1,0
0.9433962264150944,0.7771739130434783,1,0
0.949685534591195,0.7890765765765766,1,0
0.9575471698113207,0.8343806104129264,1,0
0.949685534591195,0.6850490196078431,0,0
0.9481132075471698,0.8790983606557377,0,0
0.9732704402515723,0.8542035398230088,0,0
