ACC,Loss,LossPrivileged,LossUnprivileged,BalancedACC,drift-id,gm-id,gm-name
0.8133971291866029,0.41520047,0.47213617,0.3175965,0.9116415410385259,0,0,0
0.8118022328548644,0.41015396,0.46964163,0.2868045,0.8968045262570723,0,0,0
0.8373205741626795,0.33256662,0.3802701,0.22920911,0.8997407087294728,0,0,0
0.8149920255183413,0.3943025,0.4479479,0.28777805,0.8949796684391618,0,0,0
0.6634768740031898,0.995554,0.35497046,2.4578278,0.347783208365361,2,0,0
0.7671451355661882,0.4930746,0.44914073,0.57726413,0.9731573959320551,2,2,2
0.7671451355661882,0.48940822,0.49858874,0.46906984,0.9055989583333334,2,2,2
0.620414673046252,0.7225606,0.39518172,1.3588744,0.2932744395366281,0,2,2
0.8437001594896332,0.3360451,0.36438775,0.2737201,0.9120966040919637,0,0,0
