ACC,Loss,LossPrivileged,LossUnprivileged,AEQ,OEQ,OPP,MEQ,MPP,drift-id,gm-id,gm-name
0.8226221079691517,0.36977577,0.37582734,0.31546664,0.9690909090909091,0.7961250900156733,0.9368086675364456,0.6388888888888888,0.8852459016393444,0,0,0
0.8316195372750642,0.33596593,0.3399687,0.2905375,0.9675990675990676,0.940744056607844,0.7373472116119175,0.9072356215213357,0.5503246753246753,0,0,0
0.8573264781491002,0.3464362,0.33818033,0.41200888,0.9312847763722828,0.8647003347977478,0.8953925130416267,0.7560756075607561,0.8448844884488448,1,0,0
0.8611825192802056,0.3314518,0.3152313,0.5064368,0.964769647696477,0.7656319463179053,0.9330182871265563,0.573170731707317,0.9258064516129032,1,0,0
0.8213367609254498,0.37551063,0.37093934,0.41900006,0.99599478390462,0.8771066195131354,0.8111658456486042,0.7775020678246485,0.6666666666666666,1,12,7-8
0.8329048843187661,0.40564117,0.3104059,1.2365692,0.7931818181818183,0.7202416547717426,0.7692190288344135,0.4807302231237322,0.7328825021132714,3,0,0
0.8200514138817481,0.3594546,0.3611172,0.34209466,0.9953722334004025,0.7234602815485168,0.836574128722347,0.5888888888888889,0.8055152394775036,3,10,1-2
0.7904884318766067,0.45303777,0.34048378,1.5566924,0.5738190858672786,0.6838628642275992,0.5890152847331065,0.5150757575757576,0.3082686647043083,2,10,1-2
0.8367609254498715,0.34344244,0.34633157,0.30619362,0.9743767313019391,0.9737879465950623,0.921058338012609,0.9642425598567912,0.8430913348946136,2,12,7-8
