ACC,Loss,LossPrivileged,LossUnprivileged,BalancedACC,drift-id,gm-id,gm-name
0.89,0.256179,0.2502067,0.39354175,0.9415204678362573,0,0,0
0.8783333333333333,0.2611854,0.25340915,0.40893337,0.8670634920634922,0,0,0
0.8766666666666667,0.3202783,0.296113,0.7225594,0.83069155806035,1,0,0
0.8683333333333333,0.34107512,0.28140455,1.6074178,0.6291172595520422,1,0,0
0.8733333333333333,0.3008433,0.2761021,0.8259067,0.7549407114624506,1,0,0
0.8783333333333333,0.2842463,0.24752873,0.7720652,0.7174285714285714,1,0,0
0.8816666666666667,0.28057927,0.25643748,0.7559236,0.7335361730899256,1,0,0
0.8883333333333333,0.2690472,0.26208028,0.38875103,0.916816385195832,0,0,0
0.8883333333333333,0.2675921,0.25545362,0.4522938,0.939646818132874,0,0,0
