ACC,Loss,LossPrivileged,LossUnprivileged,BalancedACC,drift-id,gm-id,gm-name
0.8314285714285714,0.413827,0.4090334,0.45696983,0.9392789373814041,0,0,0
0.8714285714285714,0.37543017,0.35137352,0.59194005,0.9276672694394213,0,0,0
0.8828571428571429,0.4167374,0.39746103,0.59022474,0.9499105545617174,0,0,0
0.8942857142857142,0.44152832,0.44839185,0.3797564,0.9716814159292035,0,0,0
0.8814285714285715,0.5403456,0.44018462,1.4417952,0.7764084507042253,2,0,0
0.8942857142857142,0.5103284,0.4178411,1.3427144,0.7474048442906575,2,0,0
0.8757142857142857,0.67655694,0.4926018,2.3321528,0.7473498233215546,2,0,0
0.8885714285714286,0.5277356,0.47051996,1.042676,0.9431616341030195,0,0,0
0.8814285714285715,0.6388871,0.58845586,1.0927683,0.8983957219251338,0,0,0
