ACC,Loss,LossPrivileged,LossUnprivileged,BalancedACC,drift-id,gm-id,gm-name
0.8197767145135566,0.40679717,0.42968822,0.36354676,0.9654784240150094,0,0,0
0.6618819776714514,0.8461965,0.3754071,1.9455397,0.35675236406619387,1,0,0
0.6475279106858054,0.7765025,0.40245333,1.4684933,0.34619883040935673,1,0,0
0.6810207336523126,0.66449636,0.3931094,1.2072701,0.4682080924855492,1,0,0
0.5406698564593302,0.7940515,1.0052533,0.35292065,0.44340962692967406,2,0,0
0.5789473684210527,0.68872434,0.85719997,0.3493433,0.4620931295384147,2,0,0
0.6299840510366826,0.6168667,0.7640545,0.38427368,0.5190812211981567,2,0,0
0.8341307814992025,0.43878672,0.47931427,0.3632835,0.8955207082833135,0,0,0
0.8149920255183413,0.48323116,0.50621057,0.43488353,0.9367715458276334,0,0,0
