ACC,Loss,LossPrivileged,LossUnprivileged,AEQ,OEQ,OPP,MEQ,MPP,drift-id,gm-id,gm-name
0.7982515131136516,0.42422462,0.42437395,0.42095688,0.9780272271315978,0.8745668862456446,0.8988800897287743,0.782122905027933,0.8499999999999999,0,0,0
0.8177538668459986,0.37561882,0.38163936,0.25900075,0.944848566489302,0.4742268041237113,0.48137722521958975,0.0,0.0,0,0,0
0.8184263618022865,0.37341166,0.37612334,0.3131193,0.9502076279307482,0.7572678819274405,0.7909532025587056,0.5232067510548523,0.6487341772151899,0,0,0
0.83591123066577,0.35513464,0.36143553,0.25120652,0.9309539004429762,0.8779114097021945,0.9404390841466836,0.7886776145203112,0.9357454249305356,0,0,0
0.8137188971082717,0.45997867,0.34307855,2.9768732,0.25202695854869767,0.5070392667671656,0.5328251878867241,0.10096889342172362,0.20619091631398875,2,0,0
0.7868190988567586,0.44373193,0.43914258,0.5266348,0.9259952254984192,0.10521178168236993,0.44965277777777785,0.0,0.0,2,13,13
0.8500336247478144,0.33743164,0.34067598,0.27458933,0.967998585572843,0.5985075859615239,0.8769632256389408,0.5903669724770643,0.8735529830810328,2,15,5-6-7
0.8029589778076665,0.49290088,0.34550574,3.5686903,0.19403560240664314,0.4110215795327173,0.5144680059836458,0.05716220668448219,0.18093385214007782,0,15,5-6-7
0.843981170141224,0.34276757,0.34540266,0.29172674,0.9451637471439451,0.9533993417048807,0.9232570661256061,0.912676056338028,0.9148148148148147,0,0,0
