ACC,Loss,LossPrivileged,LossUnprivileged,AEQ,OEQ,OPP,MEQ,MPP,drift-id,gm-id,gm-name
0.8238063214525891,0.40733942,0.41563487,0.23423246,0.8693181818181819,0.8439485406483358,0.8035114500807066,0.739941690962099,0.7157360406091371,0,0,0
0.788836583725622,0.42635918,0.43000484,0.35028195,0.9558542232960838,0.804500663845324,0.7791683215364757,0.6649572649572648,0.6055944055944057,0,0,0
0.8170813718897109,0.4222952,0.4289718,0.3032999,0.9040492957746479,0.8830040945430435,0.9306005655987717,0.8082486919052015,0.9107849169376812,0,1,1
0.8043039677202422,0.37605196,0.3846016,0.2256844,0.8620987725465338,0.8105194674488152,0.9032143379969466,0.769675925925926,0.8727272727272726,0,0,0
0.8117014122394082,0.4735371,0.36111832,3.1015582,0.2743325134321795,0.5217858253496374,0.44861047312815805,0.14386094674556213,0.18293523197060177,2,0,0
0.7868190988567586,0.46795112,0.46346623,0.56154066,0.971490806585944,0.3349407114624506,0.33037037037037037,0.0,0.0,2,10,10
0.788836583725622,0.42107177,0.41894466,0.4691516,0.9349162603349586,0.21301020408163265,0.4034744592728946,0.0,0.0,2,19,9-11
0.7868190988567586,0.47140366,0.36997554,2.6903381,0.18859416445623342,0.21181556195965417,0.10936682365253794,0.0,0.0,0,19,9-11
0.8466711499663753,0.31818363,0.32746282,0.14826679,0.9003053585500395,0.8723377494549722,0.8794919088479934,0.8333333333333334,0.8118694362017804,0,0,0
