ACC,Loss,LossPrivileged,LossUnprivileged,BalancedACC,drift-id,gm-id,gm-name
0.9314285714285714,0.26613474,0.18255709,0.3497124,0.9638554216867469,0,0,0
0.9442857142857143,0.17703053,0.14135194,0.21270913,0.9969788519637461,0,0,0
0.9542857142857143,0.15294044,0.14712189,0.15875897,0.9821958456973294,0,0,0
0.9685714285714285,0.13805519,0.18013561,0.09597475,0.9766763848396501,0,0,0
0.8485714285714285,1.9155545,0.19645904,3.6346502,0.7731343283582089,2,0,0
0.8128571428571428,0.8775452,0.9819908,0.77309954,0.9964912280701754,2,7,7
0.8471428571428572,1.2727796,0.21518673,2.3303723,0.7807807807807808,2,0,0
0.9771428571428571,0.113635436,0.101376034,0.12589484,0.9883720930232558,0,0,0
0.9828571428571429,0.09905948,0.10207498,0.09604396,0.9942028985507245,0,0,0
