ACC,Loss,LossPrivileged,LossUnprivileged,AEQ,OEQ,OPP,drift-id,gm-id,gm-name
0.8155555555555556,0.6047442,0.35530823,1.1036162,0.749063670411985,0.7532884895716898,0.8210121524581734,0,0,0
0.8377777777777777,0.70636433,0.5234877,1.0721176,0.856060606060606,0.8648912740713018,0.8856562087334366,0,0,0
0.8088888888888889,0.99780566,0.4520861,2.089245,0.7164179104477613,0.7128393063755694,0.8048334966538617,0,0,0
0.6,2.4679928,2.1008039,3.202372,0.7411167512690356,0.7339338415586567,0.9519324699742591,0,6,6
0.78,2.1033034,0.34812093,5.6136684,0.5342960288808665,0.47734335235339814,0.518500529677422,2,0,0
0.6866666666666666,2.7892287,1.9100549,4.5475764,0.6297872340425532,0.6267714674074268,0.9270684136796645,2,8,8
0.7511111111111111,2.175189,0.32955232,5.866462,0.4671532846715329,0.48439886721249115,0.4452672523242728,2,0,0
0.6866666666666666,2.8547654,0.77017576,7.0239444,0.367816091954023,0.37047963014078494,0.47968959838543895,0,11,11
0.8488888888888889,0.66462624,0.32689363,1.3400917,0.7985347985347985,0.7969706792225001,0.9157048224012535,0,0,0
