ACC,Loss,LossPrivileged,LossUnprivileged,AEQ,OEQ,OPP,MEQ,MPP,drift-id,gm-id,gm-name
0.9242857142857143,0.30185637,0.26525342,0.631283,0.9030612244897959,0.8711327400892444,0.870536916820076,0.612987012987013,0.6361607142857143,0,0,0
0.93,0.4196586,0.14812611,2.863451,0.6683168316831684,0.7403154149506908,0.703573007368754,0.0,0.0,2,0,0
0.95,0.21240768,0.11211841,1.115011,0.747557003257329,0.7662592207468096,0.7619642557690309,0.0,0.0,2,0,0
0.94,0.24503426,0.17609754,0.86546445,0.7722772277227723,0.7324375964749757,0.7528801119069969,0.0,0.0,2,0,0
0.9485714285714286,0.23545997,0.1687176,0.83614147,0.7967213114754099,0.7439061089099273,0.7520002590427058,0.0,0.0,1,0,0
0.9471428571428572,0.19130522,0.10770519,0.9437056,0.7340946166394781,0.7970358873495732,0.7724976787021034,0.2828282828282828,0.281524926686217,1,0,0
0.9628571428571429,0.15195799,0.08636113,0.74232966,0.8634146341463415,0.7896734789160502,0.8116568304047082,0.0,0.0,1,0,0
0.9528571428571428,0.17353295,0.08441266,0.9756155,0.7609756097560976,0.7553980164385591,0.7871301590077058,0.1488095238095238,0.11265432098765432,2,0,0
0.9728571428571429,0.14799406,0.0058105937,1.4276456,0.7440381558028617,0.7907142857142857,0.7331349206349207,0.0,0.0,2,0,0
