ACC,Loss,LossPrivileged,LossUnprivileged,AEQ,OEQ,OPP,MEQ,MPP,drift-id,gm-id,gm-name
0.9157142857142857,0.32324523,0.30322456,0.40332776,0.9498069498069498,0.9242961648401249,0.8812421421253995,0.8017492711370263,0.5263157894736842,0,0,0
0.9385714285714286,0.23050343,0.1383708,0.5990339,0.8756957328385899,0.8636677816016144,0.8597531010373857,0.703125,0.6847826086956522,0,0,0
0.9628571428571429,0.13715301,0.14916907,0.08908883,0.9889705882352942,0.9522784501849924,0.9528308569564616,0.8900862068965517,0.8695652173913042,0,0,0
0.9714285714285714,0.09293827,0.062322535,0.21540123,0.9635036496350365,0.9373687984617322,0.9504181990345641,0.8125,0.8721804511278195,0,0,0
0.94,0.58322453,0.13295972,2.3842838,0.8471454880294659,0.7717274590290522,0.7666901738657108,0.0,0.0,2,0,0
0.9442857142857143,0.35689998,0.065531336,1.5223746,0.7898550724637681,0.7713608818134172,0.7755398973719692,0.0,0.0,2,0,0
0.9257142857142857,0.38992593,0.1662618,1.2845824,0.7822878228782287,0.789259381922347,0.7770259685198777,0.0,0.0,2,0,0
0.9828571428571429,0.069969326,0.038403235,0.19623369,0.9675090252707581,0.9476934285119885,0.9460207002672094,0.714,0.7240704500978473,0,0,0
0.9614285714285714,0.16345948,0.10617035,0.39261603,0.9394495412844036,0.9099602970715287,0.9302135380718021,0.8333333333333334,0.7502392344497607,0,0,0
