ACC,Loss,LossPrivileged,LossUnprivileged,AEQ,OEQ,OPP,MEQ,MPP,drift-id,gm-id,gm-name
0.9285714285714286,0.24018115,0.20871674,0.5233609,0.9489795918367346,0.8728629858100447,0.8904485868011024,0.6666666666666666,0.6264705882352941,0,0,0
0.96,0.1768017,0.17304704,0.21059376,0.9801980198019802,0.9214638797192609,0.9295249997644841,0.5583333333333333,0.7647058823529412,0,0,0
0.9671428571428572,0.12451175,0.1109546,0.24652612,0.9885245901639345,0.9230250914342255,0.9422417248001921,0.6103448275862069,0.875,0,0,0
0.9742857142857143,0.09785987,0.072553836,0.32561418,0.9320388349514563,0.9078912777834193,0.905768941630147,0.7730769230769231,0.6260869565217391,0,0,0
0.94,0.581691,0.21093494,3.9184964,0.7241379310344828,0.7480109126984127,0.7286496209006802,0.0,0.0,2,0,0
0.8657142857142858,0.61144733,0.51538295,1.4760264,0.7046263345195729,0.6955128991771163,0.6720599667553484,0.28703703703703703,0.3900826446280992,2,12,12
0.9314285714285714,0.2970081,0.24715005,0.74573034,0.8291457286432161,0.8228726931332672,0.8154022639424605,0.6666666666666666,0.608974358974359,2,15,12-13
0.9685714285714285,0.26750422,0.045744676,2.2633402,0.7945425361155698,0.7261569858174273,0.7503630109549316,0.0,0.0,0,16,9-12-13
0.9814285714285714,0.058210902,0.033933926,0.27670366,0.9405144694533762,0.9236475910246403,0.9396955464711743,0.7777777777777778,0.7395993836671804,0,0,0
