ACC,Loss,LossPrivileged,LossUnprivileged,AEQ,OEQ,OPP,MEQ,MPP,drift-id,gm-id,gm-name
0.8514285714285714,0.4086945,0.37437055,0.7176098,0.8966789667896679,0.8316009088732672,0.8446687473200504,0.6126126126126127,0.5625,0,0,0
0.87,0.5101343,0.3585836,1.8740902,0.8050089445438283,0.6853059031589703,0.6848132888939894,0.0,0.0,2,0,0
0.8742857142857143,0.49609712,0.35119382,1.8002266,0.7486725663716813,0.7316059623356204,0.7478250244231526,0.0,0.0,2,0,0
0.8842857142857142,0.4711004,0.39009488,1.20015,0.7565674255691769,0.7000359660752012,0.6960482872698635,0.0,0.0,2,0,0
0.88,0.4603342,0.3802378,1.1812023,0.8123893805309734,0.6787613069740581,0.7466271993956678,0.0,0.0,1,0,0
0.8914285714285715,0.4650235,0.3802204,1.2282515,0.75,0.7385332444107039,0.7183752216709154,0.08333333333333333,0.1714285714285714,1,0,0
0.8857142857142857,0.4605709,0.37964144,1.1889359,0.7723292469352013,0.7069580425621009,0.6678776597956004,0.0,0.0,1,0,0
0.9014285714285715,0.49174196,0.3734822,1.5560797,0.7243150684931506,0.6739378212573949,0.6514166204232813,0.0,0.0,1,0,0
0.8714285714285714,0.61270475,0.51666516,1.4770612,0.6825396825396826,0.6803875769681826,0.6702843076746746,0.0,0.0,1,0,0
