ACC,Loss,LossPrivileged,LossUnprivileged,BalancedACC,drift-id,gm-id,gm-name
0.95,0.15499187,0.13987455,1.6516058,0.5990922844175491,0,0,0
0.9571428571428572,0.14694808,0.14343037,0.49520192,0.894578313253012,0,0,0
0.9728571428571429,0.11546905,0.11273559,0.38608173,0.88,0,0,0
0.9628571428571429,0.15481809,0.14255232,1.3691283,0.591044776119403,0,0,0
0.9828571428571429,0.10788152,0.081597105,2.7100394,0.7247437774524158,2,0,0
0.88,0.6216545,0.6081151,1.962058,0.6470588235294118,2,2,2
0.9757142857142858,0.08746572,0.0882131,0.013475485,0.9754689754689755,2,0,0
0.9914285714285714,0.037554108,0.026908442,1.0914747,0.7184325108853411,0,0,0
0.9057142857142857,0.386368,0.35833383,3.161759,0.3132911392405063,0,13,13
