ACC,Loss,LossPrivileged,LossUnprivileged,BalancedACC,drift-id,gm-id,gm-name
0.8003194888178914,0.4298393,0.4788233,0.3277692,0.8939952718676124,0,0,0
0.6261980830670927,0.9474941,0.39989057,2.0639677,0.2777543267201351,1,0,0
0.7667731629392971,0.46375823,0.4602053,0.4708983,0.958804994748512,1,1,1
0.8210862619808307,0.38534492,0.45214155,0.26293492,0.8292181069958847,1,9,1-3-4-2-5
0.8194888178913738,0.4148069,0.47025433,0.31176075,0.8631187717482133,1,9,1-3-4-2-5
0.8386581469648562,0.3442552,0.36294588,0.30200645,0.9400921658986175,1,9,1-3-4-2-5
0.8594249201277955,0.32977027,0.39081815,0.2043987,0.8704293995298635,1,9,1-3-4-2-5
0.6405750798722045,0.9510403,0.35872352,2.1586766,0.34475926292847237,0,9,1-3-4-2-5
0.8482428115015974,0.31056443,0.36481646,0.20074983,0.893965223320832,0,0,0
