ACC,Loss,LossPrivileged,LossUnprivileged,AEQ,OEQ,OPP,drift-id,gm-id,gm-name
0.8422222222222222,0.7283752,0.47718385,1.230758,0.8074074074074074,0.7961657305746098,0.8436335758818385,0,0,0
0.8266666666666667,0.83946604,0.54054034,1.4373174,0.7761194029850746,0.7725761224115741,0.8331849151564064,0,0,0
0.82,0.88627136,0.54802895,1.5627562,0.7849056603773585,0.7919417594579976,0.8916826606152792,0,0,0
0.8022222222222222,0.94215244,0.6741519,1.4781536,0.7984496124031008,0.7657555464858588,0.8605398053390435,0,0,0
0.8577777777777778,0.67100966,0.45858774,1.0958534,0.8278388278388278,0.7942242244377805,0.7433784405305388,0,0,0
0.8933333333333333,0.54685783,0.3554084,0.9297566,0.9343065693430658,0.9313901391255841,0.9976130380271391,0,0,0
0.88,0.58833796,0.25746524,1.2500834,0.8185053380782918,0.8100447584344277,0.8275960308395661,0,0,0
0.7666666666666667,2.3216429,0.56847984,5.8279686,0.5650557620817844,0.5096212008314007,0.5818895626399708,1,0,0
0.8022222222222222,1.0417172,0.6499608,1.8252299,0.8203124999999999,0.8168275957819774,0.9227677763423702,1,4,4
