ACC,Loss,LossPrivileged,LossUnprivileged,AEQ,OEQ,OPP,MEQ,MPP,drift-id,gm-id,gm-name
0.8214285714285714,0.4677842,0.43896127,0.7271915,0.9903474903474904,0.7919814354129362,0.8848521190933105,0.3383838383838384,0.8,0,0,0
0.8585714285714285,0.60415936,0.3399514,2.9820309,0.6935483870967742,0.5646666581296076,0.6036583994708995,0.0,0.0,1,0,0
0.8028571428571428,0.5949142,0.59326774,0.6097325,0.9763313609467456,0.8191787626236288,0.8324028901074649,0.17231638418079095,0.66,1,1,1
0.8142857142857143,1.1060222,0.6283449,5.405118,0.5176252319109462,0.559544457409014,0.47172545168264257,0.0,0.0,2,1,1
0.8471428571428572,0.5872782,0.5427944,0.98763233,0.9200743494423792,0.8186236256079458,0.8147452333716526,0.6393442622950819,0.6295081967213114,2,2,2
0.8514285714285714,1.1578653,0.58527493,6.3111787,0.5444839857651245,0.5502429929216943,0.481638261865307,0.0,0.0,4,2,2
0.8671428571428571,0.58356845,0.6093604,0.35144123,0.9767025089605735,0.8257767175681906,0.8655685298516362,0.5294117647058824,0.5818181818181819,4,4,4
0.8771428571428571,0.85565305,0.45549747,4.4570537,0.6947368421052631,0.6182781581096507,0.6199386759832549,0.0,0.0,3,4,4
0.8642857142857143,0.6986492,0.7075775,0.61829436,0.9908256880733944,0.8179738319815716,0.8505952764484981,0.5288461538461539,0.6020408163265306,3,3,3
