ACC,Loss,LossPrivileged,LossUnprivileged,BalancedACC,drift-id,gm-id
0.9557142857142857,0.17016058,0.15641938,0.43124357,0.8609375000000001,0,<federated.algorithms.fair_fed_drift.ClientIdentity.ClientIdentity object at 0x7f6c24d70d90>
0.9442857142857143,0.25493082,0.1693316,1.8813158,0.7468553459119497,1,<federated.algorithms.fair_fed_drift.ClientIdentity.ClientIdentity object at 0x7f6ba4668220>
0.9571428571428572,0.16578849,0.119549885,1.0443221,0.7364341085271318,1,<federated.algorithms.fair_fed_drift.ClientIdentity.ClientIdentity object at 0x7f6b8c165510>
0.95,0.1859754,0.1695347,0.49834934,0.8351648351648352,1,<federated.algorithms.fair_fed_drift.ClientIdentity.ClientIdentity object at 0x7f6b8c713ee0>
0.9571428571428572,0.17262614,0.11647193,1.2395558,0.6754250386398764,2,<federated.algorithms.fair_fed_drift.ClientIdentity.ClientIdentity object at 0x7f6c20421060>
0.94,0.22490028,0.17272638,1.2162039,0.6881889763779527,2,<federated.algorithms.fair_fed_drift.ClientIdentity.ClientIdentity object at 0x7f6b48468af0>
0.9485714285714286,0.17257178,0.16824792,0.25472495,0.8990536277602523,2,<federated.algorithms.fair_fed_drift.ClientIdentity.ClientIdentity object at 0x7f6c20367a60>
0.9771428571428571,0.1526957,0.15448989,0.11860589,0.9325153374233128,2,<federated.algorithms.fair_fed_drift.ClientIdentity.ClientIdentity object at 0x7f6b8c353a90>
0.9728571428571429,0.11420811,0.073968284,0.8787651,0.8147013782542114,2,<federated.algorithms.fair_fed_drift.ClientIdentity.ClientIdentity object at 0x7f6b8c545330>
0.9785714285714285,0.064172044,0.049024325,0.35197878,0.9310872894333844,0,<federated.algorithms.fair_fed_drift.ClientIdentity.ClientIdentity object at 0x7f6ba4548220>
