ACC,Loss,LossPrivileged,LossUnprivileged,BalancedACC,drift-id,gm-id,gm-name
0.8228571428571428,0.51207805,0.55363846,0.47051755,0.979381443298969,0,0,0
0.8728571428571429,0.37040275,0.39627537,0.34453008,0.9773462783171522,0,0,0
0.8828571428571429,0.4499999,0.4971404,0.40285945,0.9744408945686902,0,0,0
0.8628571428571429,0.5532234,0.47279555,0.6336512,0.980327868852459,0,0,0
0.7942857142857143,2.08885,0.45506826,3.722632,0.7707006369426751,2,0,0
0.7457142857142857,0.98217845,1.0450687,0.919288,0.9477611940298508,2,10,10
0.8371428571428572,0.5551843,0.5659152,0.5444535,1.0,2,9,9
0.7642857142857142,1.8338864,0.6644963,3.0032763,0.7892976588628762,0,9,9
0.8842857142857142,0.6152228,0.63365287,0.5967929,0.965079365079365,0,0,0
