ACC,Loss,LossPrivileged,LossUnprivileged,AEQ,OEQ,OPP,MEQ,MPP,drift-id,gm-id,gm-name
0.8485714285714285,0.4496454,0.43158433,0.7928066,0.9047619047619048,0.7934548527174299,0.8200146633514238,0.5431034482758621,0.5285714285714286,0,0,0
0.8557142857142858,0.5866304,0.42175683,3.7192287,0.7586805555555556,0.692752714551815,0.693997162240602,0.0,0.0,1,0,0
0.89,0.3693503,0.3483979,0.7674469,0.8274706867671692,0.6958232155325735,0.633670387000919,0.0,0.0,1,0,0
0.8842857142857142,0.45788318,0.35092232,2.490139,0.6016666666666667,0.6539642036728995,0.6401686784192211,0.0,0.0,1,0,0
0.9042857142857142,0.48654428,0.41472816,1.8510507,0.9122516556291391,0.7227514037280459,0.7256009022316451,0.0,0.0,2,0,0
0.8857142857142857,0.5231611,0.42086247,2.4668362,0.6989966555183946,0.6305575332335895,0.6622225037216704,0.0,0.0,2,0,0
0.8828571428571429,0.541223,0.48297912,1.647856,0.7676767676767676,0.6287669172932331,0.6059074449625023,0.0,0.0,2,0,0
0.8928571428571429,0.45323426,0.38966534,1.6610435,0.5957095709570956,0.6434640086900314,0.5575578372679403,0.0,0.0,1,0,0
0.8942857142857142,0.61399543,0.5513314,1.8046123,0.7247097844112769,0.6700058337712569,0.618055656747184,0.0,0.0,1,0,0
