ACC,Loss,LossPrivileged,LossUnprivileged,AEQ,OEQ,OPP,MEQ,MPP,drift-id,gm-id,gm-name
0.94,0.27279046,0.25150362,0.6772403,0.8444444444444446,0.8086041491516179,0.8164263032202353,0.5084745762711864,0.55,0,0,0
0.9542857142857143,0.31766772,0.122460425,4.026607,0.616692426584235,0.6975318715399693,0.7532299826464912,0.0,0.0,1,0,0
0.8742857142857143,0.5635453,0.53551984,1.0960292,0.6418918918918918,0.5320905833562163,0.6254052316787815,0.0,0.0,1,2,2
0.95,0.21970807,0.16955195,1.1726748,0.7421875000000001,0.6993758810719652,0.7556233056808914,0.0,0.0,1,0,0
0.8414285714285714,0.77351326,0.77471495,0.7506818,0.9128113879003559,0.6804762190973458,0.8381066692463371,0.0,0.6538461538461539,1,8,8
0.9557142857142857,0.17102791,0.13583745,0.8396468,0.7990654205607477,0.7889943842103796,0.7506666226244472,0.0,0.0,1,0,0
0.9714285714285714,0.110090494,0.06765682,0.91633016,0.8769230769230769,0.7956818736818738,0.7661836308349972,0.0,0.0,1,0,0
0.9685714285714285,0.118837446,0.10239773,0.43119195,0.8489984591679508,0.8198438576491041,0.8594878619286405,0.2563291139240506,0.5189873417721519,0,0,0
0.9942857142857143,0.02379231,0.019481178,0.10570387,0.9457013574660633,0.9226572451750906,0.9464007895042378,0.3333333333333333,0.75,0,0,0
