ACC,Loss,LossPrivileged,LossUnprivileged,AEQ,OEQ,OPP,MEQ,MPP,drift-id,gm-id,gm-name
0.94,0.26590925,0.24407947,0.6806751,0.8444444444444446,0.8124767164920841,0.8172049619067041,0.5084745762711864,0.5508474576271186,0,0,0
0.95,0.31654805,0.12304777,3.9930534,0.5891472868217054,0.646499765775468,0.7214765300059417,0.0,0.0,1,0,0
0.8771428571428571,0.587831,0.56259686,1.0672808,0.6728499156829679,0.5672281143407184,0.6500489461170382,0.0,0.0,1,2,2
0.9528571428571428,0.20386887,0.15424255,1.146769,0.7398753894080997,0.7039161347251222,0.7521237343989193,0.0,0.0,1,0,0
0.96,0.15798818,0.13238287,0.644489,0.7953488372093024,0.7357722926268938,0.7397472598037126,0.0,0.0,1,0,0
0.9571428571428572,0.1570402,0.1297306,0.6759223,0.7978227060653188,0.7907241912918491,0.7260231873422388,0.0,0.0,1,0,0
0.9771428571428571,0.091251634,0.053769723,0.80340785,0.8715596330275229,0.8047277167277167,0.7672749986332076,0.0,0.0,1,0,0
0.9671428571428572,0.126215,0.11047519,0.42527127,0.8809891808346213,0.8636748131076966,0.8681782221224108,0.25961538461538464,0.5064102564102564,0,0,0
0.8528571428571429,0.8838328,0.81959,2.104447,0.4229452054794521,0.39045633774182503,0.4470805299118552,0.0,0.0,0,18,18
