ACC,Loss,LossPrivileged,LossUnprivileged,AEQ,OEQ,OPP,MEQ,MPP,drift-id,gm-id,gm-name
0.8371428571428572,0.43940967,0.43358415,0.55009365,0.9177101967799643,0.8737043697284049,0.7435640844981594,0.7777777777777778,0.3933333333333333,0,0,0
0.8614285714285714,0.5128354,0.3871549,2.9007654,0.6855670103092782,0.6456412568661787,0.5947954559925519,0.0,0.0,2,0,0
0.8928571428571429,0.3785281,0.29808173,1.9070088,0.693200663349917,0.5567225911701531,0.59268011216566,0.0,0.0,2,0,0
0.9128571428571428,0.41879904,0.3774933,1.203608,0.7736156351791531,0.6985746639849859,0.6573611758219466,0.0,0.0,2,0,0
0.8857142857142857,0.5184849,0.48025337,1.2448837,0.6989966555183946,0.5948830203598263,0.6137759859827339,0.0,0.0,1,0,0
0.87,0.52005523,0.44455585,1.9545438,0.611864406779661,0.49589053092501373,0.4952689791599284,0.0,0.0,1,0,0
0.8857142857142857,0.47967258,0.44760907,1.0888798,0.7983193277310925,0.6188456013110596,0.613079212309119,0.0,0.0,1,0,0
0.8914285714285715,0.5273875,0.48696426,1.2954303,0.8592964824120604,0.7392988295139435,0.7316511159075834,0.0,0.0,1,0,0
0.9128571428571428,0.38378182,0.33321115,1.3446239,0.7094155844155844,0.6450858350792215,0.668768267023542,0.0,0.0,1,0,0
