ACC,Loss,LossPrivileged,LossUnprivileged,AEQ,OEQ,OPP,drift-id,gm-id,gm-name
0.8416666666666667,0.85429484,0.7996459,1.3461356,0.8590021691973969,0.8291784929560837,0.8407014148639906,0,0,0
0.88,0.7725905,0.72198135,1.2280726,0.9206680584551148,0.8461474649108794,0.905460015136885,0,0,0
0.8933333333333333,0.6987385,0.67776793,0.8874731,0.9463917525773196,0.8618702081447026,0.9127605709404054,0,0,0
0.8966666666666666,0.878585,0.7823528,1.7446736,0.8414634146341464,0.7592909952280193,0.7804101351372111,0,0,0
0.8533333333333334,1.5302821,1.2688191,3.8834505,0.8042553191489361,0.6681847439547575,0.6784073711641494,2,0,0
0.8666666666666667,1.188566,0.89358926,3.8433568,0.7297297297297297,0.7244468371380861,0.7221485582815171,2,0,0
0.845,1.236453,1.0345271,3.0537877,0.8129032258064515,0.7390807425475618,0.710106163870865,2,0,0
0.8683333333333333,1.107777,0.8284032,3.6221416,0.76875,0.6793630179344464,0.6702232992811259,2,0,0
0.86,1.2118397,0.9385116,3.6717932,0.6951983298538622,0.7052088947765703,0.6523853112180135,2,0,0
