ACC,Loss,LossPrivileged,LossUnprivileged,BalancedACC,drift-id,gm-id,gm-name
0.8373205741626795,0.3952489,0.44205755,0.30230013,0.9178463680668368,0,0,0
0.5821371610845295,1.104344,0.45989293,2.1576698,0.2962116885589187,1,0,0
0.8054226475279107,0.4406858,0.4361728,0.44971177,0.9970326409495548,1,1,1
0.8022328548644339,0.46514463,0.5177754,0.3814139,0.8914835164835165,1,1,1
0.7783094098883573,0.515445,0.44228485,0.6596849,0.9528227142424985,2,1,1
0.7990430622009569,0.4409201,0.3999382,0.5240717,0.9963768115942029,2,2,2
0.7862838915470495,0.46269816,0.436553,0.51811016,0.9729682442480974,2,2,2
0.8149920255183413,0.4328125,0.41669503,0.46672308,0.979048960901726,2,2,2
0.8038277511961722,0.39419654,0.38917607,0.4045313,0.8896906118536663,2,2,2
