ACC,Loss,LossPrivileged,LossUnprivileged,BalancedACC,drift-id,gm-id,gm-name
0.8373205741626795,0.39524883,0.44205755,0.30230013,0.9178463680668368,0,0,0
0.5964912280701754,1.0843983,0.45989293,2.1051235,0.3438171385058878,1,0,0
0.7767145135566188,0.5070827,0.46975,0.5817479,0.9785932721712538,1,1,1
0.7655502392344498,0.51239735,0.50077605,0.5308858,0.9510845175766642,1,1,1
0.24082934609250398,1.358163,1.3504723,1.3733251,0.4488113127576774,2,1,1
0.8341307814992025,0.4163707,0.40530688,0.4388191,0.994260704405632,2,2,2
0.8452950558213717,0.35632938,0.33287865,0.4060308,0.9665409217648023,2,2,2
0.9043062200956937,0.2628339,0.20511645,0.38426915,0.9161549066299034,2,2,2
0.8899521531100478,0.25783047,0.22691458,0.32147196,0.9484357042523305,2,2,2
