ACC,Loss,LossPrivileged,LossUnprivileged,BalancedACC,drift-id,gm-id,gm-name
0.8114285714285714,0.4711993,0.50426227,0.43813634,0.9653979238754324,0,0,0
0.7828571428571428,1.3521608,0.3760989,2.3282228,0.8026315789473685,2,0,0
0.7571428571428571,1.0623939,1.0223224,1.1024653,1.0,2,3,3
0.6985714285714286,2.196018,0.70773846,3.684298,0.7340425531914894,0,6,6
0.8657142857142858,0.60974187,0.59027785,0.6292059,0.9611650485436892,0,0,0
0.9171428571428571,0.504258,0.5257264,0.48278967,1.0,0,0,0
0.7842857142857143,2.1918347,0.5705064,3.8131633,0.7596153846153846,2,0,0
0.8885714285714286,0.5106962,0.66547036,0.35592204,0.9498432601880878,2,1,1
0.8471428571428572,0.71270645,0.7774675,0.64794546,0.9766666666666668,2,1,1
