ACC,Loss,LossPrivileged,LossUnprivileged,BalancedACC,drift-id,gm-id,gm-name
0.9328571428571428,0.22343408,0.20537615,0.5665353,0.9149277688603531,0,0,0
0.9585714285714285,0.23111999,0.1405052,1.952802,0.7658914728682171,2,0,0
0.9642857142857143,0.16280001,0.110294804,1.1603992,0.82225656877898,2,0,0
0.98,0.075946964,0.049614307,0.5762674,0.899236641221374,0,0,0
0.97,0.13708258,0.122015275,0.42336127,0.9089506172839507,0,0,0
0.9742857142857143,0.10302339,0.06758358,0.7763796,0.8437978560490046,0,0,0
0.9671428571428572,0.13330515,0.08858686,0.98295224,0.8197226502311249,2,0,0
0.9871428571428571,0.036064457,0.011184622,0.5087813,0.8623298033282903,2,0,0
0.99,0.024449544,0.0119688595,0.26158255,0.9500000000000001,2,0,0
