ACC,Loss,LossPrivileged,LossUnprivileged,AEQ,OEQ,OPP,MEQ,MPP,drift-id,gm-id,gm-name
0.9142857142857143,0.31160605,0.2758759,0.99047905,0.8045602605863192,0.8247931643979168,0.7922753783350077,0.5172413793103449,0.3381642512077294,0,0,0
0.9671428571428572,0.16560575,0.16474977,0.18186954,0.9426356589147287,0.8755616988986425,0.9134388797293841,0.34848484848484845,0.6666666666666666,0,0,0
0.9485714285714286,0.33423942,0.2251712,2.406536,0.774294670846395,0.6476845682302772,0.6848099923791134,0.0,0.0,3,0,0
0.8928571428571429,0.4465544,0.37614304,1.7843692,0.53125,0.4678559921704193,0.4930514700884852,0.0,0.0,2,9,9
0.9442857142857143,0.26652694,0.2525756,0.5316017,0.9033280507131536,0.8617655216285078,0.8569384786272934,0.6098360655737705,0.6989247311827956,2,4,4
0.9285714285714286,0.50813836,0.2026502,6.3124146,0.41823899371069184,0.5027588363129408,0.5290346081158244,0.0,0.0,3,4,4
0.8385714285714285,0.73156905,0.6871054,1.5763785,0.6701940035273368,0.6181430138467838,0.6455965183747838,0.0,0.3672316384180791,3,12,12
0.9128571428571428,0.66994125,0.40309095,5.740096,0.5192926045016077,0.610951205865565,0.586491500302585,0.0,0.0,2,7,7
0.9885714285714285,0.024770265,0.02324294,0.05378949,0.9817629179331308,0.9645514496949972,0.9751960784313726,0.75,0.7976190476190476,2,4,4
