ACC,Loss,LossPrivileged,LossUnprivileged,BalancedACC,drift-id,gm-id,gm-name
0.8076664425016813,0.4321212,0.43376577,0.39300692,0.9107376604831352,0,0,0
0.7989240080699395,0.4053545,0.40882137,0.3467098,0.944179894179894,0,0,0
0.65635507733692,0.6104804,0.6210951,0.39878508,0.7521186440677967,0,0,0
0.558843308675185,0.7095081,0.72336614,0.4371606,0.6781527963933227,0,0,0
0.3503698722259583,1.6066772,1.6604708,0.517738,0.47585442080854934,2,0,0
0.4021519838601211,1.3391747,1.3825012,0.52348113,0.5577195467422096,2,0,0
0.4808338937457969,1.0954976,1.1081113,0.8439339,0.8461334745762712,2,0,0
0.5178211163416274,0.7712857,0.78043467,0.5610079,0.7009746588693958,0,0,0
0.7975790181573639,0.4161653,0.42005792,0.32669795,0.8779448621553885,0,0,0
