ACC,Loss,LossPrivileged,LossUnprivileged,BalancedACC,drift-id,gm-id,gm-name
0.785622593068036,0.45249262,0.45862412,0.39228475,0.9369165487977369,0,0,0
0.36585365853658536,1.4812319,1.5978739,0.2998139,0.37818842485238224,2,0,0
0.7881899871630296,0.5057943,0.5139523,0.43350795,0.9061764705882352,2,5,5
0.8138639281129654,0.48205703,0.48919892,0.40490317,0.9744740532959325,2,13,5-7-8
0.2888318356867779,1.3045635,1.2564539,1.8420389,0.9714673913043478,1,13,5-7-8
0.7740693196405648,0.46852127,0.43621853,0.7547478,0.7145773785218457,1,17,17
0.7766367137355584,0.43931788,0.4228392,0.5853315,0.9038297479882872,1,19,19
0.3170731707317073,1.8854748,1.944399,1.3241044,0.6159715750232992,2,22,1-4-2-3-15-17
0.9011553273427471,0.22911817,0.21346079,0.39550707,0.9750934286576449,2,13,5-7-8
