ACC,Loss,LossPrivileged,LossUnprivileged,BalancedACC,drift-id,gm-id,gm-name
0.8085714285714286,0.5392283,0.58919686,0.48925987,0.9859649122807018,0,0,0
0.8114285714285714,1.4031703,0.3387778,2.4675627,0.8501628664495113,1,0,0
0.7585714285714286,0.9565953,0.891127,1.0220637,0.9594095940959411,1,2,2
0.8528571428571429,0.4944023,0.44883156,0.5399731,0.99,1,7,1-3
0.8628571428571429,0.53924286,0.51276636,0.5657192,0.9933993399339933,1,9,1-3-2-4-5
0.8857142857142857,0.49492344,0.58354247,0.40630442,0.9808306709265175,1,9,1-3-2-4-5
0.8657142857142858,0.59440655,0.6338471,0.554966,0.993421052631579,1,9,1-3-2-4-5
0.7957142857142857,2.2668352,0.5535955,3.980075,0.7682539682539682,0,9,1-3-2-4-5
0.8928571428571429,0.45972311,0.47586712,0.44357905,0.9968051118210862,0,0,0
