ACC,Loss,LossPrivileged,LossUnprivileged,BalancedACC,drift-id,gm-id,gm-name
0.8210862619808307,0.4266415,0.4405731,0.39718434,0.9826981331454738,0,0,0
0.4728434504792332,1.1736202,1.6419601,0.25903204,0.30284141083580074,2,0,0
0.8115015974440895,0.4573532,0.5213106,0.31703842,0.882645516870547,2,6,6
0.7939297124600639,0.47243366,0.50270313,0.415382,0.9676733718604135,2,11,5-6-7
0.2795527156549521,1.4473433,1.2946461,1.729139,0.9386363636363637,1,14,8-5-6-7
0.7859424920127795,0.4619748,0.43359688,0.5224199,0.9522352941176471,1,2,2
0.8083067092651757,0.44699702,0.40148064,0.5358828,0.9534406215316316,1,19,15-2-17
0.792332268370607,0.46337637,0.43583933,0.5199279,0.9947830902175654,1,12,1-3-4
0.8242811501597445,0.3992265,0.35461286,0.48760372,0.999139247535749,1,19,15-2-17
