ACC,Loss,LossPrivileged,LossUnprivileged,BalancedACC,drift-id,gm-id,gm-name
0.785622593068036,0.44544047,0.46282855,0.2772766,0.8410849435541838,0,0,0
0.8125802310654685,0.4648188,0.40289125,1.0548044,0.6426325144706259,1,0,0
0.7792041078305519,0.46072808,0.41285366,0.93812346,0.7223411138207336,1,0,0
0.7958921694480102,0.46126133,0.40865195,1.0113395,0.7792078703231725,1,0,0
0.8202824133504493,0.4083436,0.37640566,0.7591704,0.8123076923076923,1,0,0
0.8382541720154044,0.3676323,0.33309138,0.7287879,0.7923732919856576,1,0,0
0.8421052631578947,0.3442673,0.32691082,0.5317703,0.8913391339133913,1,0,0
0.8074454428754814,0.38247892,0.37825567,0.42154443,0.9886660854402789,0,0,0
0.8369704749679076,0.35433462,0.35725182,0.31593323,0.9348573683617093,0,0,0
