ACC,Loss,LossPrivileged,LossUnprivileged,BalancedACC,drift-id,gm-id,gm-name
0.9285714285714286,0.25203118,0.21296448,0.29109785,0.9696969696969697,0,0,0
0.9514285714285714,0.20754007,0.2822388,0.13284129,0.9821428571428572,0,0,0
0.9642857142857143,0.1332134,0.16556667,0.10086015,0.9911504424778761,0,0,0
0.9614285714285714,0.1202484,0.1407938,0.09970298,0.9911242603550297,0,0,0
0.86,1.7931597,0.14726438,3.4390552,0.7810650887573964,2,0,0
0.8542857142857143,0.68896395,0.523418,0.85450995,0.9166666666666666,2,13,13
0.9485714285714286,0.24440873,0.27297795,0.2158394,0.993993993993994,2,18,13-11-10-12-14
0.8885714285714286,1.4351367,0.04600825,2.8242652,0.8028985507246377,0,18,13-11-10-12-14
0.9885714285714285,0.07513645,0.08469648,0.06557642,0.9885057471264368,0,0,0
