ACC,Loss,LossPrivileged,LossUnprivileged,BalancedACC,drift-id,gm-id,gm-name
0.8028571428571428,0.5290184,0.5191479,0.53888893,0.9788732394366197,0,0,0
0.86,0.36298874,0.31814936,0.40782815,0.9802631578947368,0,0,0
0.8885714285714286,0.37675846,0.3697895,0.38372743,0.9872204472843452,0,0,0
0.8871428571428571,0.4813172,0.38433132,0.5783031,0.9714285714285714,0,0,0
0.7985714285714286,2.0605273,0.6163698,3.5046847,0.814935064935065,2,0,0
0.8028571428571428,0.5175782,0.49642047,0.5387359,0.9788732394366197,2,2,2
0.8642857142857143,0.4613284,0.42484987,0.4978069,0.9771241830065359,2,2,2
0.85,0.62379026,0.6367484,0.61083215,0.9833333333333334,2,2,2
0.8557142857142858,0.76647455,0.6885661,0.844383,0.9834437086092714,2,2,2
