ACC,Loss,LossPrivileged,LossUnprivileged,BalancedACC,drift-id,gm-id,gm-name
0.7975790181573639,0.42296222,0.42521092,0.36654642,0.9659723255467936,0,0,0
0.788836583725622,0.45471823,0.40657052,1.3015163,0.5888325991189427,1,0,0
0.7868190988567586,0.45058787,0.45065138,0.44930217,0.9794930875576037,1,2,2
0.8029589778076665,0.42190805,0.4294455,0.27591,0.8684054972661446,1,9,2-3-4-1-5
0.8224613315400134,0.38882682,0.3968035,0.20235564,0.8291608228143993,1,9,2-3-4-1-5
0.8419636852723604,0.33852288,0.35052904,0.10256809,0.8592024230186774,1,9,2-3-4-1-5
0.8453261600537996,0.33628702,0.34343475,0.17472607,0.9145801046106161,1,9,2-3-4-1-5
0.8332212508406187,0.41672158,0.3435757,2.0430744,0.7417639699749792,0,9,2-3-4-1-5
0.8291862811028917,0.339623,0.33934775,0.34594887,0.9881511470985154,0,0,0
