ACC,Loss,LossPrivileged,LossUnprivileged,BalancedACC,drift-id,gm-id,gm-name
0.794344473007712,0.44585943,0.46048695,0.28805918,0.8620786516853932,0,0,0
0.8097686375321337,0.4042778,0.40379778,0.41046712,0.9621029056403606,0,0,0
0.7750642673521851,0.48694482,0.4966632,0.36401623,0.9352258978369286,0,5,5
0.8264781491002571,0.36397606,0.369142,0.30915505,0.9687862412712513,0,0,0
0.8251928020565553,0.3761589,0.38693598,0.2372112,0.8988104937265765,0,0,0
0.8624678663239075,0.32367876,0.33630863,0.22336589,0.9712631796568121,0,0,0
0.8213367609254498,0.35822093,0.37000123,0.23907214,0.888285663841808,0,0,0
0.7956298200514139,0.5508854,0.31302887,2.9194005,0.3153286384976526,1,0,0
0.7557840616966581,0.49297178,0.4789406,0.613709,0.9057829759584145,1,25,25
