ACC,Loss,LossPrivileged,LossUnprivileged,BalancedACC,drift-id,gm-id,gm-name
0.84,0.4308278,0.42101184,0.6173321,0.9144385026737968,0,0,0
0.8542857142857143,0.47137216,0.3355721,3.0515733,0.7256944444444444,2,0,0
0.8928571428571429,0.43825823,0.38828427,1.3877633,0.7259136212624584,2,0,0
0.8857142857142857,0.42060852,0.40735602,0.67240554,0.8650927487352446,0,0,0
0.8971428571428571,0.48196706,0.45389092,1.0154142,0.8535773710482529,2,0,0
0.7871428571428571,0.72938013,0.6784515,1.6970252,0.7156308851224106,2,12,12
0.8685714285714285,0.6561837,0.52839375,3.0841942,0.6129032258064516,1,0,0
0.78,0.8073983,0.7529368,1.842166,0.6477272727272727,1,17,17
0.89,0.5923877,0.52335286,1.904051,0.7612687813021703,1,0,0
