ACC,Loss,LossPrivileged,LossUnprivileged,AEQ,OEQ,OPP,MEQ,MPP,drift-id,gm-id,gm-name
0.84,0.42559054,0.41751793,0.57897156,0.8790035587188612,0.6734483366977391,0.7211038308159492,0.0,0.0,0,0,0
0.8642857142857143,0.5239244,0.3449816,3.9238377,0.5826235093696762,0.5223845730035287,0.5730496512631729,0.0,0.0,1,0,0
0.7842857142857143,0.76336175,0.7073287,1.8279904,0.7556818181818181,0.6275261077355982,0.5871535155522357,0.0,0.0,1,1,1
0.8957142857142857,0.4551532,0.40466437,1.4144408,0.7562189054726368,0.6228016177371016,0.6139833291808642,0.0,0.0,1,0,0
0.8857142857142857,0.50765395,0.4599805,1.4134489,0.7983193277310925,0.7142960162200668,0.6785847697372198,0.0,0.0,3,0,0
0.78,0.9519348,0.86534077,2.5972214,0.76,0.5397463141667233,0.5101548043459808,0.0,0.0,4,6,6
0.9028571428571428,0.5977594,0.4862725,2.7160118,0.7175697865353038,0.6757809191565091,0.6398521601604766,0.0,0.0,4,0,0
0.7771428571428571,1.0990913,0.8570708,5.6974797,0.319626168224299,0.28293391936827816,0.30659903048571546,0.0,0.0,1,18,18
0.7828571428571428,0.91453433,0.85263807,2.09056,0.6452830188679245,0.5443024462255491,0.6364316617284521,0.0,0.0,1,23,23
