ACC,Loss,LossPrivileged,LossUnprivileged,BalancedACC,drift-id,gm-id,gm-name
0.803594351732991,0.4230399,0.43500564,0.29377392,0.9240422233704879,0,0,0
0.8074454428754814,0.40855488,0.42115864,0.27886388,0.9049180327868852,0,0,0
0.8125802310654685,0.41582844,0.43157154,0.25637355,0.8481856648288242,0,0,0
0.8331193838254172,0.37314263,0.38089097,0.283537,0.9527868175009039,0,0,0
0.7612323491655969,0.6343908,0.38962212,3.0016055,0.216769012753897,2,0,0
0.8177150192554558,0.46303573,0.46205032,0.47423452,0.9310817673946166,2,14,14
0.7830551989730423,0.4598597,0.44811887,0.57171476,0.9819901275597478,2,15,15
0.7406931964056482,0.53693384,0.4572723,1.5090744,0.17157665842542671,0,18,18
0.8318356867779204,0.3427885,0.344685,0.3226348,0.9271761995392166,0,0,0
