ACC,Loss,LossPrivileged,LossUnprivileged,BalancedACC,drift-id,gm-id,gm-name
0.8001345895020189,0.4206909,0.42935017,0.22510189,0.8479340614838549,0,0,0
0.33714670255720053,1.5346642,1.5939476,0.38716555,0.4024285767497299,2,0,0
0.8001345895020189,0.4884536,0.48677942,0.5262679,0.9915408949649511,2,6,6
0.3075370121130552,1.1364858,1.1324295,1.2223914,0.9803013523943757,1,13,1-3-7-5-6-2-4
0.49865410497981155,0.8176438,0.8159744,0.852999,0.8936331003211789,1,13,1-3-7-5-6-2-4
0.3041722745625841,1.5852685,1.5889962,1.5214443,0.7101270091041925,2,14,14
0.9152086137281292,0.27158105,0.26796925,0.3446428,0.9173602723179972,2,13,1-3-7-5-6-2-4
0.41184387617765816,1.0501198,1.0368686,1.3029674,0.8806652806652806,1,13,1-3-7-5-6-2-4
0.823014804845222,0.3859405,0.36978507,0.6942029,0.9156302832395378,1,14,14
