ACC,Loss,LossPrivileged,LossUnprivileged,AEQ,OEQ,OPP,drift-id,gm-id,gm-name
0.7711111111111111,0.6914197,0.5583249,0.9576095,0.8211382113821138,0.8234418838341503,0.9005403139605085,0,0,0
0.8577777777777778,0.7012565,0.33269465,1.4383805,0.7870036101083032,0.8022143704344666,0.9347902272014331,0,0,0
0.8311111111111111,0.97879666,0.75994056,1.4165086,0.8549618320610688,0.8459492442744007,0.8454109504119025,0,0,0
0.8488888888888889,0.83188397,0.3657395,1.7641732,0.7383512544802867,0.7466745408090077,0.8223896101216369,0,0,0
0.7088888888888889,2.9812124,0.53827256,7.8670917,0.39849624060150374,0.4684783082129264,0.4776170405626266,2,0,0
0.6377777777777778,2.3804734,1.3739918,4.3934364,0.6330275229357798,0.6064035526211895,0.8434417889581296,2,9,9
0.7266666666666667,2.1685278,0.30225724,5.901069,0.38686131386861317,0.4410327958353888,0.49866765373415206,2,0,0
0.7022222222222222,3.1301324,0.67514634,8.040105,0.4122137404580153,0.4296228298327662,0.5279598970186475,0,7,7
0.8688888888888889,0.6826537,0.39217293,1.2636153,0.8129496402877697,0.814143045374211,0.8614238685450213,0,0,0
