ACC,Loss,LossPrivileged,LossUnprivileged,BalancedACC,drift-id,gm-id,gm-name
0.8883333333333333,0.26866072,0.24576664,0.5099289,0.8550475893275082,0,0,0
0.87,0.34319592,0.25114906,1.1277856,0.7073700849634459,1,0,0
0.8383333333333334,0.39446926,0.31510067,1.0831838,0.7091224419007979,1,0,0
0.8566666666666667,0.32082376,0.2572246,0.99106175,0.746474358974359,1,0,0
0.8633333333333333,0.31400344,0.23123077,1.0072243,0.6630208333333333,2,0,0
0.9066666666666666,0.23766765,0.21106693,0.5240164,0.7628531727651692,2,0,0
0.845,0.30780116,0.28341353,0.6403053,0.6479036484579722,2,2,0-1
0.88,0.2926085,0.27089742,0.542286,0.7173038229376258,2,2,0-1
0.8466666666666667,0.31993484,0.2782086,0.7418332,0.6121549524472281,2,2,0-1
