ACC,Loss,LossPrivileged,LossUnprivileged,BalancedACC,drift-id,gm-id,gm-name
0.9514285714285714,0.16573218,0.16905557,0.13582139,0.9733777038269551,0,0,0
0.9414285714285714,0.30577433,0.1441284,1.7605877,0.787128712871287,2,0,0
0.8314285714285714,0.9934479,0.93310577,1.5365264,0.6820702402957487,2,3,3
0.9371428571428572,0.33445618,0.1637194,1.871087,0.7748344370860927,1,0,0
0.9414285714285714,0.33544517,0.13683695,2.1229188,0.6911764705882353,1,0,0
0.9471428571428572,0.22832112,0.13259722,1.0898361,0.75,1,0,0
0.9642857142857143,0.16417477,0.1039777,0.7059485,0.8142164781906301,1,0,0
0.9771428571428571,0.15002115,0.15020074,0.14840506,0.9611650485436893,0,0,0
0.98,0.068214096,0.042379662,0.30072406,0.9260450160771704,0,0,0
