ACC,Loss,LossPrivileged,LossUnprivileged,AEQ,OEQ,OPP,drift-id,gm-id,gm-name
0.5766666666666667,5.0847607,5.109621,4.861009,0.5815384615384614,0.2853131469979296,0.3434470184470184,0,0,0
0.585,4.752855,4.7639713,4.6528025,0.6310975609756098,0.29067381893468847,0.34296360820751065,0,0,0
0.6316666666666667,4.697404,4.701391,4.661521,0.5279329608938547,0.32231316137566135,0.33431677018633543,0,0,0
0.62,4.7627044,4.7301083,5.0560727,0.5931232091690545,0.342046842046842,0.322562358276644,0,0,0
0.6483333333333333,4.731971,4.7234626,4.808542,0.38605898123324395,0.22920800264550265,0.22665208940719142,2,0,0
0.625,5.00044,4.99567,5.043373,0.453781512605042,0.265165357897916,0.2599378881987578,2,0,0
0.605,4.9481244,4.9521284,4.912085,0.46956521739130436,0.17593537414965987,0.23344947735191632,2,0,0
0.5933333333333334,4.8582973,4.8619785,4.8251667,0.4235294117647059,0.19501661129568107,0.1691786283891547,2,0,0
0.6216666666666667,4.7711496,4.7466016,4.9920826,0.5369318181818181,0.3077318030806403,0.29720933828076684,2,0,0
