ACC,Loss,LossPrivileged,LossUnprivileged,BalancedACC,drift-id,gm-id,gm-name
0.8428571428571429,0.42396498,0.4268015,0.42112836,0.9666666666666668,0,0,0
0.7528571428571429,1.7596545,0.46654823,3.0527606,0.8109965635738832,1,0,0
0.7242857142857143,1.0124612,0.6719338,1.3529886,0.8571428571428571,1,3,3
0.83,0.539608,0.51783,0.56138605,0.9965635738831616,1,7,2-3-1-4
0.8657142857142858,0.59978896,0.52789867,0.67167926,0.993421052631579,1,7,2-3-1-4
0.8657142857142858,0.74066883,0.71302414,0.7683137,0.973941368078176,1,7,2-3-1-4
0.8557142857142858,0.8318756,0.83038193,0.83336914,0.9900332225913622,1,7,2-3-1-4
0.7957142857142857,2.1281707,0.654578,3.6017635,0.8143322475570033,0,7,2-3-1-4
0.8814285714285715,0.6201809,0.65491873,0.58544314,0.9903225806451613,0,0,0
