ACC,Loss,LossPrivileged,LossUnprivileged,BalancedACC,drift-id,gm-id,gm-name
0.86,0.3231776,0.29774955,0.37109974,0.9588394062078273,0,0,0
0.855,0.33038512,0.26047814,0.4733929,0.8857017270226584,0,0,0
0.8383333333333334,0.34419098,0.2833303,0.47059402,0.865872156013001,0,0,0
0.89,0.30671933,0.25592756,0.4171712,0.9303115185468126,0,0,0
0.8166666666666667,0.4991153,0.23619536,1.0057173,0.6885345584757787,2,0,0
0.87,0.28287464,0.24377488,0.380967,0.9284431551319243,2,2,2
0.8616666666666667,0.3350551,0.29371026,0.4235893,0.9338714368819082,2,2,2
0.8566666666666667,0.33125088,0.2476343,0.4865388,0.8702040816326531,2,2,2
0.8516666666666667,0.3525629,0.28100625,0.49044052,0.8863414634146343,2,2,2
