ACC,Loss,LossPrivileged,LossUnprivileged,AEQ,OEQ,OPP,drift-id,gm-id,gm-name
0.8266666666666667,0.65617627,0.40178168,1.6737546,0.6441947565543071,0.6419323970561349,0.8498021983659939,0,0,0
0.816,1.4234196,0.4739729,5.221206,0.4835164835164835,0.4402811355184617,0.4570323354240495,1,0,0
0.5973333333333334,3.2002506,2.11363,7.5467324,0.2666666666666667,0.25195792107160536,0.6197173281761692,1,3,3
0.7653333333333333,1.7713611,0.76914334,5.780233,0.34848484848484845,0.31966696629829777,0.751803763814019,1,4,4
0.688,2.8712351,1.0768688,10.048699,0.14457831325301204,0.17707233464104977,0.32825157809616246,2,4,4
0.7813333333333333,1.41826,0.8460147,3.7072408,0.578125,0.588638872409774,0.9349718334277823,2,7,7
0.7626666666666667,1.6385752,0.71011215,5.3524284,0.366412213740458,0.37691822622785204,0.940252712246186,2,7,7
0.8106666666666666,1.2154796,0.4653184,4.216124,0.5204460966542751,0.538309319295198,0.7696140084221136,2,7,7
0.7706666666666667,1.2826563,0.803489,3.1993258,0.5873015873015873,0.5945720964613499,0.733009946297871,2,7,7
