ACC,Loss,LossPrivileged,LossUnprivileged,AEQ,OEQ,OPP,drift-id,gm-id,gm-name
0.84,0.48004544,0.29552457,1.2181289,0.6840148698884758,0.6937609701852887,0.8069547049638371,0,0,0
0.8,1.4422331,0.25958982,6.1728063,0.2857142857142857,0.3365112097834838,0.3593545611756403,4,0,0
0.7573333333333333,2.0032442,1.0596466,5.777634,0.4549019607843137,0.4682978855571853,0.8443516123057009,4,4,4
0.8213333333333334,1.1956466,0.5193437,3.9008582,0.5128205128205128,0.5110046452087176,0.8288273780616763,4,4,4
0.7333333333333333,2.9862878,0.86864746,11.456847,0.18250950570342206,0.13454259518746056,0.19230318595020182,2,4,4
0.7973333333333333,1.2679427,0.7444758,3.3618102,0.5823754789272031,0.5738821217397898,0.8803032063421494,2,2,2
0.7706666666666667,1.9927306,0.6694041,7.286037,0.3458646616541353,0.3328530461120183,0.4081286393958766,3,2,2
0.8266666666666667,1.3646406,0.6032633,4.41015,0.460431654676259,0.4501303577546179,0.6370856855223868,3,3,3
0.8613333333333333,1.032151,0.3901938,3.5999796,0.5978647686832741,0.6078759689442224,0.7352698405448534,3,3,3
