ACC,Loss,LossPrivileged,LossUnprivileged,BalancedACC,drift-id,gm-id,gm-name
0.8021534320323015,0.42683136,0.4330091,0.3072535,0.941602173367121,0,0,0
0.7718707940780619,0.4895469,0.42064992,1.7004118,0.4397676496872207,1,0,0
0.7981157469717362,0.42173064,0.42110878,0.43490005,0.9897945866938115,1,4,4
0.8088829071332436,0.41615397,0.41678292,0.40303767,0.9458683916151938,1,9,4-5-1-2-3
0.819650067294751,0.38044894,0.37495595,0.49499393,0.9486745771269881,1,9,4-5-1-2-3
0.8183041722745625,0.3631322,0.36364987,0.3518147,0.9300961764015951,1,9,4-5-1-2-3
0.8270524899057874,0.34730446,0.3518836,0.24213128,0.911993378812199,1,9,4-5-1-2-3
0.8310901749663526,0.35861084,0.35761905,0.38393784,0.9656362545018007,1,9,4-5-1-2-3
0.860699865410498,0.32392043,0.33062425,0.21611978,0.919757498742488,1,9,4-5-1-2-3
