ACC,Loss,LossPrivileged,LossUnprivileged,AEQ,OEQ,OPP,MEQ,MPP,drift-id,gm-id,gm-name
0.8357142857142857,0.43073332,0.42382914,0.56191313,0.9910071942446044,0.8449428312160325,0.7722690429508077,0.6805555555555556,0.3933333333333333,0,0,0
0.8728571428571429,0.39253706,0.3591342,1.0271924,0.8444444444444444,0.7667610215213319,0.7627557373426939,0.40476190476190477,0.41081081081081083,0,0,0
0.9,0.35716015,0.33118248,0.8507364,0.8837209302325582,0.7106023107952903,0.6979314847902873,0.0,0.0,0,0,0
0.9014285714285715,0.4331973,0.43127465,0.4697277,0.8493377483443709,0.76843337537952,0.8366378236555709,0.5166666666666666,0.5785714285714286,0,0,0
0.9114285714285715,0.47907192,0.47157234,0.62156314,0.9703459637561779,0.7909091747998532,0.840798147275064,0.5,0.5081967213114754,0,0,0
0.8842857142857142,0.5877522,0.4951722,2.3467715,0.7001675041876047,0.5954413233626832,0.6081276444835767,0.0,0.0,0,0,0
0.8857142857142857,0.4968878,0.451662,1.3561784,0.7319932998324958,0.6364810821185835,0.5541660087906181,0.0,0.0,0,0,0
0.9,0.4604188,0.4273039,1.089601,0.9168053244592346,0.8403257892691467,0.8193601802199157,0.0,0.0,0,0,0
0.9114285714285715,0.36828962,0.34434548,0.8232283,0.8721311475409838,0.8212720014523377,0.7583063299074796,0.3924731182795699,0.3773584905660377,0,0,0
