ACC,Loss,LossPrivileged,LossUnprivileged,AEQ,OEQ,OPP,MEQ,MPP,drift-id,gm-id,gm-name
0.85,0.41603377,0.3875071,0.6727732,0.8983364140480592,0.8152903922299753,0.8449573824119782,0.5526315789473684,0.543859649122807,0,0,0
0.8671428571428571,0.61181307,0.3637757,2.8441496,0.8078994614003591,0.7425763055651494,0.6943255246252736,0.0,0.0,1,0,0
0.8628571428571429,0.47541222,0.37471893,1.3816519,0.7945945945945946,0.7307928803636898,0.7490412543319681,0.0,0.0,1,0,0
0.8757142857142857,0.46179238,0.3829169,1.171672,0.7992895204262878,0.6920179995271706,0.7116734435321191,0.0,0.0,1,0,0
0.8828571428571429,0.4533957,0.39283168,0.99847126,0.8617021276595744,0.7639506390253643,0.7703576520946684,0.12666666666666668,0.11538461538461539,1,0,0
0.8885714285714286,0.46438488,0.38294774,1.1973197,0.7867132867132868,0.7479131491947223,0.7365163773391707,0.0,0.0,1,0,0
0.88,0.5014314,0.42436707,1.1950108,0.7605633802816901,0.7106082969639674,0.6430572040180943,0.0,0.0,1,0,0
0.9114285714285715,0.40253192,0.28769577,1.4360574,0.8153846153846154,0.6969467342443683,0.727070222303697,0.0,0.0,1,0,0
0.87,0.7210651,0.6648017,1.2274354,0.770053475935829,0.706653357452039,0.7104574022888678,0.12631578947368421,0.11623931623931623,1,0,0
