ACC,Loss,LossPrivileged,LossUnprivileged,AEQ,OEQ,OPP,drift-id,gm-id,gm-name
0.64,4.249457,2.913583,6.921205,0.5829596412556054,0.602537096728951,0.0,0,0,0
0.7288888888888889,3.4723155,2.661463,5.0940204,0.7333333333333333,0.7388251080627027,0.0,0,0,0
0.6866666666666666,4.207202,2.9404318,6.740743,0.641025641025641,0.645364025918847,0.0,0,0,0
0.6955555555555556,4.059484,2.7331176,6.7122164,0.652542372881356,0.6549531529151215,0.0,0,0,0
0.6666666666666666,5.04523,2.6443257,9.847041,0.4291497975708502,0.41662063316846826,0.0,1,0,0
0.7244444444444444,4.0193725,2.3065581,7.4450006,0.5669291338582677,0.5743656503030238,0.0,1,1,1
0.7355555555555555,3.7296324,2.8901787,5.40854,0.8050847457627118,0.7936932108795534,0.0,1,1,1
0.6355555555555555,5.2678967,2.3775423,11.048604,0.34426229508196726,0.36610285303301354,0.0,0,1,1
0.76,3.3718638,2.2717552,5.5720816,0.7359999999999999,0.7434470022580233,0.0,0,0,0
