ACC,Loss,LossPrivileged,LossUnprivileged,BalancedACC,drift-id,gm-id
0.6508333333333334,1.2696147,1.272854,1.2598969,0.9806320081549439,0,0
0.6915,1.6961688,1.0810597,3.5414958,0.7604229607250755,1,0
0.5691666666666667,1.9249349,1.8091974,2.2721467,0.8587570621468927,1,1
0.6108333333333333,1.8523225,1.6981701,2.3147795,0.8606039325842697,1,1
0.6158333333333333,2.484776,1.7754918,4.612629,0.6190009794319296,2,1
0.6586666666666666,1.5461755,1.4353857,1.8785448,0.8961551100887283,2,2
0.6828333333333333,1.4712293,1.3919629,1.7090286,0.8663101604278075,2,2
0.7148333333333333,1.8949794,1.6129855,2.7409608,0.8101865561148949,0,2
0.5576666666666666,1.9548461,1.9297097,2.0302556,0.9535250098463963,0,0
0.5766666666666667,1.9258997,1.8925703,2.0258884,0.9557926829268293,0,0
