ACC,Loss,LossPrivileged,LossUnprivileged,AEQ,OEQ,OPP,drift-id,gm-id,gm-name
0.8266666666666667,0.6575174,0.27662116,2.181102,0.5588235294117648,0.5889069533042455,0.8067008804381989,0,0,0
0.784,1.8201941,0.5514767,6.8950644,0.4044943820224719,0.3962874380340767,0.5200047567822047,1,0,0
0.6293333333333333,2.5142763,1.7550242,5.551285,0.35023041474654376,0.3710910389367724,0.7371341061516429,1,10,10
0.6533333333333333,2.8186963,2.001784,6.0863457,0.3946188340807175,0.38234720428335883,0.7567421672495863,1,14,14
0.8,1.114512,0.37696385,4.064704,0.3795620437956205,0.38787869026610966,0.40400171169644994,1,0,0
0.8026666666666666,1.5196439,0.37047464,6.1163206,0.3154121863799283,0.3292054732217004,0.3820731946636821,1,0,0
0.6213333333333333,3.049096,1.8400323,7.8853498,0.29493087557603687,0.3038630754087705,0.8377806531629182,1,25,25
0.7813333333333333,1.3198208,0.42653343,4.8929706,0.3247232472324723,0.30791183099813707,0.5438425963959491,1,0,0
0.7226666666666667,2.8432055,1.4345214,8.4779415,0.3709677419354838,0.3622248732753715,0.6952007442955096,1,29,29
