ACC,Loss,LossPrivileged,LossUnprivileged,AEQ,OEQ,OPP,MEQ,MPP,drift-id,gm-id,gm-name
0.9214285714285714,0.26969233,0.22846471,0.6407407,0.8724489795918368,0.7603962673679397,0.859699001425977,0.22641509433962267,0.6875,0,0,0
0.9342857142857143,0.39925128,0.12758556,2.8442426,0.7128712871287128,0.7090538204861161,0.7398530445840696,0.0,0.0,3,0,0
0.9514285714285714,0.27522987,0.08399633,1.996332,0.7781402936378466,0.7309662804938757,0.7345258722425501,0.0,0.0,3,0,0
0.9614285714285714,0.16664945,0.08728519,0.88092786,0.8327922077922079,0.7887251062517996,0.7940550360945097,0.0,0.0,3,0,0
0.9542857142857143,0.29769516,0.12016318,1.895483,0.7597402597402598,0.7684034161728589,0.6988680371214104,0.0,0.0,2,0,0
0.9585714285714285,0.21510673,0.12125075,1.0598103,0.7560581583198708,0.7465895478327562,0.7517490138294528,0.0,0.0,2,0,0
0.9414285714285714,0.32058898,0.098376,2.3205056,0.6596091205211727,0.6457514469386474,0.665440986674833,0.0,0.0,4,0,0
0.9571428571428572,0.19994031,0.08321859,1.250436,0.7415185783521809,0.776003336940837,0.7430050505050505,0.0,0.0,4,0,0
0.9585714285714285,0.17195606,0.08363829,0.96681595,0.7560581583198708,0.6979931682672432,0.7257457775365692,0.0,0.0,4,0,0
