ACC,Loss,LossPrivileged,LossUnprivileged,BalancedACC,drift-id,gm-id,gm-name
0.9457142857142857,0.17923202,0.16075188,0.5303545,0.8704581358609795,0,0,0
0.9457142857142857,0.23760043,0.15136896,1.8759986,0.8078740157480315,1,0,0
0.9714285714285714,0.14334327,0.085347354,1.2452657,0.7856049004594181,1,0,0
0.9557142857142857,0.25769207,0.1727591,1.8714184,0.7375776397515528,1,0,0
0.9714285714285714,0.12944944,0.06411684,1.3707691,0.7553516819571866,2,0,0
0.9771428571428571,0.07181814,0.06075922,0.28193772,0.9019908116385911,2,0,0
0.9671428571428572,0.11314594,0.102926224,0.30732045,0.8809891808346213,2,0,0
0.9842857142857143,0.09223795,0.0030789175,1.7862598,0.6857142857142857,2,0,0
0.9857142857142858,0.07673905,0.04049404,0.76539433,0.8636363636363636,2,0,0
