ACC,Loss,LossPrivileged,LossUnprivileged,AEQ,OEQ,OPP,MEQ,MPP,drift-id,gm-id,gm-name
0.8542857142857143,0.45308453,0.43439654,0.80815744,0.8984238178633975,0.7857168685412258,0.8435231034352304,0.5153846153846153,0.5703125,0,0,0
0.8557142857142858,0.56903476,0.46621108,2.5226848,0.7930434782608695,0.6603276058049408,0.6685011457610638,0.0,0.0,4,0,0
0.8742857142857143,0.49152923,0.38109314,2.589815,0.7084745762711865,0.671691834138613,0.6102753153217587,0.0,0.0,4,0,0
0.8814285714285715,0.5067961,0.38554916,2.8104897,0.7356902356902357,0.6506167718407613,0.6077148386439526,0.0,0.0,4,0,0
0.9,0.47588035,0.41114065,1.7059335,0.8178807947019867,0.6874354811854813,0.6054368112037516,0.0,0.0,2,0,0
0.9028571428571428,0.42881566,0.3925047,1.1187229,0.7175697865353038,0.7389214110540188,0.6325831364083063,0.21604938271604937,0.0,2,0,0
0.88,0.6027919,0.52248794,2.1285684,0.7702702702702703,0.6325751578032188,0.6712799815083891,0.0,0.0,3,0,0
0.89,0.49263436,0.3885396,2.4704347,0.533003300330033,0.5703685824575072,0.5881971497295435,0.0,0.0,3,0,0
0.8928571428571429,0.5931417,0.5305414,1.7825434,0.6605960264900662,0.6298849241813916,0.6430838669707027,0.0,0.0,3,0,0
