ACC,Loss,LossPrivileged,LossUnprivileged,BalancedACC,drift-id,gm-id,gm-name
0.92,0.34184626,0.2878691,0.8276404,0.8739352640545145,0,0,0
0.9557142857142857,0.14726621,0.1397795,0.21464653,0.9520661157024792,0,0,0
0.9514285714285714,0.28551424,0.23879412,0.7059951,0.923841059602649,0,0,0
0.9857142857142858,0.060301635,0.056083553,0.09826434,0.9839228295819935,0,0,0
0.9728571428571429,0.12108365,0.111230105,0.20976533,0.9658536585365853,0,0,0
0.9728571428571429,0.12927766,0.111660086,0.2878357,0.93354943273906,0,0,0
0.98,0.063286625,0.06514336,0.04657598,0.9935587761674718,0,0,0
0.9428571428571428,0.44837445,0.127059,3.3402135,0.7697368421052632,1,0,0
0.9885714285714285,0.04872522,0.05041241,0.03354048,0.9967897271268058,1,7,1-4-2-3
