ACC,Loss,LossPrivileged,LossUnprivileged,AEQ,OEQ,OPP,MEQ,MPP,drift-id,gm-id,gm-name
0.8557142857142858,0.4501439,0.42086136,1.0065119,0.7930434782608695,0.7007432659093139,0.6841375544944909,0.0,0.0,0,0,0
0.8714285714285714,0.48105657,0.34228492,3.1177177,0.7444633730834753,0.8067924680130255,0.8026132594210365,0.0,0.0,4,0,0
0.7857142857142857,0.8408695,0.7751587,2.0893745,0.7916666666666666,0.5274868169674101,0.7157504370398163,0.0,0.0,4,5,5
0.8557142857142858,0.6159216,0.56302685,1.620924,0.7244367417677643,0.64623894608142,0.6864265251746976,0.0,0.0,4,6,6
0.8557142857142858,0.8182584,0.5902852,5.14975,0.6224137931034482,0.4980600718451579,0.4265011321272664,0.0,0.0,1,6,6
0.8385714285714285,0.77376497,0.7089504,2.0052423,0.7398230088495575,0.6719700033128883,0.7191551776256488,0.3,0.25163398692810457,1,8,8
0.8557142857142858,0.85904455,0.6003181,5.7748494,0.6563039723661486,0.4484655112044818,0.4613786213786213,0.0,0.0,3,8,8
0.8942857142857142,0.5330337,0.51368546,0.90065134,0.8896321070234114,0.8255864729140426,0.6960332321089167,0.5073529411764706,0.0,3,2,2
0.8685714285714285,0.6481966,0.6202405,1.1793602,0.747008547008547,0.7515255814872213,0.7706344648887247,0.28174603174603174,0.42424242424242425,3,2,2
