ACC,Loss,LossPrivileged,LossUnprivileged,AEQ,OEQ,OPP,MEQ,MPP,drift-id,gm-id,gm-name
0.9471428571428572,0.17395234,0.17419861,0.17173602,0.9616026711185309,0.9052408587665879,0.9212739902729631,0.8041431261770245,0.7482993197278911,0,0,0
0.9385714285714286,0.3801134,0.13080819,2.62386,0.725328947368421,0.6917394232179518,0.6911621722233854,0.0,0.0,1,0,0
0.8285714285714286,0.8715896,0.8093465,1.4317772,0.7026022304832714,0.6517358003313161,0.5887721434672708,0.0,0.0,1,2,2
0.8328571428571429,0.7735539,0.7107334,1.3389391,0.7891791044776119,0.6586724464181095,0.7468739963701811,0.21666666666666665,0.4230769230769231,1,7,7
0.9442857142857143,0.27687052,0.20819777,0.8949255,0.8985024958402661,0.8681167205323034,0.8851139514991837,0.6944444444444444,0.6933333333333332,1,2,2
0.9342857142857143,0.31729347,0.2639561,0.79732996,0.8758389261744968,0.851748602727126,0.8383684984325133,0.6538461538461539,0.525,1,2,2
0.9485714285714286,0.19831906,0.20237102,0.16185158,0.990049751243781,0.9224418720304683,0.9377815339015191,0.8680555555555556,0.8564814814814815,1,2,2
0.96,0.37866777,0.20146845,1.9734615,0.8341463414634146,0.7696918234605515,0.76425877772709,0.0,0.0,0,2,2
0.9671428571428572,0.13902971,0.087529704,0.60252964,0.8592233009708738,0.851824489501506,0.8567318124211096,0.6,0.5223880597014925,0,0,0
