ACC,Loss,LossPrivileged,LossUnprivileged,AEQ,OEQ,OPP,MEQ,MPP,drift-id,gm-id,gm-name
0.9357142857142857,0.23175363,0.22763698,0.26880357,0.9409780775716694,0.9149079645248241,0.8976873521271778,0.7195767195767195,0.7555555555555555,0,0,0
0.9571428571428572,0.22882244,0.22768986,0.23901534,0.9834437086092714,0.9546671638686156,0.9226900835699021,0.9051724137931034,0.7723880597014926,0,0,0
0.9728571428571429,0.10069635,0.099798255,0.10877908,0.982084690553746,0.9441883884494091,0.9406954369087523,0.7023809523809523,0.8,0,0,0
0.9728571428571429,0.12021866,0.118765414,0.13329776,0.982084690553746,0.9537705545228128,0.9580775004700932,0.8571428571428572,0.890625,0,0,0
0.9642857142857143,0.14852348,0.1144299,0.4553657,0.8941368078175896,0.8778039049166374,0.8615676045870744,0.689655172413793,0.6748971193415637,0,0,0
0.9685714285714285,0.12368704,0.08496146,0.47221723,0.8737864077669902,0.8795685127056687,0.8514052275897382,0.4631336405529954,0.6,0,0,0
0.9814285714285714,0.10917955,0.07150243,0.4482735,0.9245585874799357,0.9113456296777642,0.9254479860400313,0.6096774193548388,0.7619047619047619,0,0,0
0.9571428571428572,0.17255594,0.081212714,0.99464524,0.7415185783521809,0.7372838190002369,0.7658063840290215,0.0,0.0,1,0,0
0.9528571428571428,0.16824083,0.07873082,0.97383106,0.7135922330097088,0.7441220238095237,0.7441676757614685,0.0,0.0,1,0,0
