ACC,Loss,LossPrivileged,LossUnprivileged,AEQ,OEQ,OPP,drift-id,gm-id,gm-name
0.8186666666666667,0.6432973,0.39651734,1.6304172,0.7049808429118773,0.6931900564018999,0.7519532524545426,0,0,0
0.856,0.70321745,0.24501865,2.536013,0.4895104895104895,0.5263135564889498,0.5664670541030925,0,0,0
0.7946666666666666,1.8950335,0.6221891,6.986412,0.3985239852398524,0.35888541273139346,0.5561198486064878,2,0,0
0.664,3.5769398,1.8564873,10.458752,0.15,0.1704724495360088,0.5789964075148554,2,9,9
0.7066666666666667,2.6183732,1.5324008,6.962262,0.39834024896265563,0.4407487161745319,0.9425611537337987,2,8,8
0.848,0.9219175,0.5193716,2.5321004,0.6937269372693727,0.6605090193733193,0.8058016697604611,0,0,0
0.8293333333333334,0.81372315,0.45012257,2.2681253,0.6417910447761195,0.6297478373483204,0.9720533879673879,0,0,0
0.7706666666666667,1.7117171,0.628796,6.0434017,0.3458646616541353,0.4203230933915305,0.5476578409199228,1,0,0
0.656,2.6961944,1.6492653,6.8839097,0.41255605381165916,0.396707652772187,0.7936212218456757,1,17,17
