ACC,Loss,LossPrivileged,LossUnprivileged,BalancedACC,drift-id,gm-id,gm-name
0.8428571428571429,0.46574122,0.49013764,0.44134486,0.9865319865319866,0,0,0
0.7785714285714286,1.5778843,0.41591635,2.7398524,0.835016835016835,1,0,0
0.7414285714285714,0.8978814,0.8758773,0.91988534,0.9659090909090908,1,2,2
0.8342857142857143,0.6249275,0.58175427,0.66810066,1.0,1,5,2-3
0.7357142857142858,2.6384509,0.5478543,4.729048,0.6940789473684211,2,5,2-3
0.7628571428571429,0.96509904,0.98154664,0.9486515,0.970479704797048,2,10,10
0.86,0.55861896,0.6801942,0.43704385,0.9673202614379085,2,13,6-9-10
0.7357142857142858,2.669406,0.5712117,4.7675996,0.7166666666666668,1,14,7-8-6-9-10
0.8757142857142857,0.6071384,0.62448806,0.5897886,0.9838187702265372,1,5,2-3
