ACC,Loss,LossPrivileged,LossUnprivileged,BalancedACC,drift-id,gm-id,gm-name
0.79204107830552,0.43649143,0.44466648,0.34961674,0.9245022669032131,0,0,0
0.766367137355584,0.5109788,0.40960598,1.6435025,0.44765352787456447,1,0,0
0.7869062901155327,0.4476866,0.39202237,1.0695604,0.6356411637931035,1,0,0
0.785622593068036,0.4488432,0.3715899,1.243769,0.4933492158030574,1,0,0
0.7792041078305519,0.4428097,0.3498926,1.3414328,0.34658001776614145,2,0,0
0.8138639281129654,0.40690187,0.3720208,0.7716144,0.760749477455957,2,5,2-1-3
0.8305519897304237,0.3901163,0.36245587,0.69913507,0.8351069352159469,2,5,2-1-3
0.7958921694480102,0.46030095,0.36720926,1.5003095,0.4890046296296296,2,0,0
0.8061617458279846,0.38492012,0.3685972,0.5583819,0.9392896867482345,2,5,2-1-3
