ACC,Loss,LossPrivileged,LossUnprivileged,AEQ,OEQ,OPP,MEQ,MPP,drift-id,gm-id,gm-name
0.9271428571428572,0.28226882,0.27769092,0.3234696,0.9846153846153846,0.8726257785441083,0.8894444199938885,0.6302521008403361,0.573170731707317,0,0,0
0.9671428571428572,0.16379462,0.16599447,0.14399585,0.9885245901639345,0.9306118320191986,0.9372780807424702,0.8333333333333334,0.8630952380952381,0,0,0
0.94,0.40301168,0.15721942,2.6151414,0.7401315789473685,0.7454243508340638,0.7306805453839901,0.0,0.0,2,0,0
0.8342857142857143,0.76807266,0.7004724,1.3764757,0.7695167286245354,0.733805579660337,0.7189188942458121,0.1473429951690821,0.5384615384615384,2,7,7
0.9014285714285715,0.40256748,0.3720641,0.67709804,0.9457092819614711,0.8710136580519237,0.8795632700762512,0.5363636363636364,0.7160493827160493,2,11,6-7
0.9128571428571428,0.61863524,0.2841024,3.6294289,0.747457627118644,0.7238720104300221,0.7390325776792693,0.0,0.0,0,11,6-7
0.9671428571428572,0.15592147,0.13595332,0.3356349,0.9396411092985318,0.9208147920153706,0.9237513548264504,0.8571428571428571,0.7734375,0,0,0
0.9271428571428572,0.53788406,0.19554833,3.6189055,0.6545454545454545,0.7244908281107992,0.6816442363543059,0.0,0.0,1,0,0
0.9585714285714285,0.16809723,0.13889736,0.43089595,0.9325657894736842,0.9106530003606169,0.9215835031309376,0.7391952309985097,0.715633423180593,1,12,8-9
