ACC,Loss,LossPrivileged,LossUnprivileged,BalancedACC,drift-id,gm-id,gm-name
0.9542857142857143,0.17384909,0.17439657,0.16892175,0.9536423841059603,0,0,0
0.9385714285714286,0.3747396,0.12167023,2.6523638,0.7093596059113301,1,0,0
0.8285714285714286,0.8662978,0.8016376,1.448239,0.6846011131725418,1,2,2
0.8314285714285714,0.7756522,0.714034,1.3302159,0.7723880597014926,1,7,7
0.9457142857142857,0.2750451,0.2152468,0.81322956,0.8805970149253731,1,2,2
0.9357142857142857,0.31006452,0.26169503,0.7453897,0.8578595317725752,1,2,2
0.9471428571428572,0.22110613,0.22421815,0.19309819,0.9883913764510778,1,2,2
0.9628571428571429,0.3636379,0.17070213,2.1000597,0.8314424635332253,0,2,2
0.9728571428571429,0.10544996,0.062305335,0.49375165,0.885483870967742,0,0,0
