ACC,Loss,LossPrivileged,LossUnprivileged,BalancedACC,drift-id,gm-id,gm-name
0.7779204107830552,0.4630909,0.4782949,0.3264496,0.852007336458121,0,0,0
0.39152759948652116,1.3770876,1.482476,0.40224382,0.4237140366172624,2,0,0
0.39152759948652116,1.1246623,1.2002763,0.35880035,0.39492242595204513,2,0,0
0.7869062901155327,0.51330763,0.40649363,1.7485597,0.3498509081051776,1,0,0
0.7843388960205392,0.48032698,0.4098358,1.087769,0.46057896977437207,1,0,0
0.79204107830552,0.47174817,0.42980957,0.92481136,0.552113984822673,1,0,0
0.7946084724005135,0.45563662,0.40963912,0.94444585,0.4472586562138801,1,0,0
0.8125802310654685,0.4271679,0.4217961,0.47102666,0.9826548672566373,0,0,0
0.8305519897304237,0.39017582,0.38564327,0.44259226,0.9894324643278617,0,0,0
