ACC,Loss,LossPrivileged,LossUnprivileged,BalancedACC,drift-id,gm-id,gm-name
0.7955271565495208,0.42140085,0.46487495,0.335895,0.8904612926845504,0,0,0
0.5926517571884984,1.0200878,0.4674296,2.1148772,0.34478601567209166,1,0,0
0.7747603833865815,0.54623616,0.5133224,0.6078364,0.9739150441459837,1,3,3
0.7476038338658147,0.49843657,0.46762386,0.56914365,0.9904086738949125,1,7,2-4-5
0.7715654952076677,0.48472673,0.4431225,0.5689399,0.9384716732542818,1,7,2-4-5
0.8370607028753994,0.4186586,0.37285182,0.5081114,0.9542238421955404,1,7,2-4-5
0.7763578274760383,0.46325195,0.4631671,0.46343276,0.8886653252850435,1,7,2-4-5
0.6230031948881789,0.7007317,0.3759244,1.3001488,0.3355371900826446,0,7,2-4-5
0.829073482428115,0.3481269,0.37512726,0.29933238,0.9661664500374177,0,0,0
