ACC,Loss,LossPrivileged,LossUnprivileged,BalancedACC,drift-id,gm-id,gm-name
0.9028571428571428,0.3391214,0.28054148,0.39770132,0.9566563467492261,0,0,0
0.8571428571428571,1.3167859,0.20360142,2.4299705,0.7964071856287425,2,0,0
0.8571428571428571,0.6509208,0.85085887,0.45098263,0.8987341772151898,2,2,2
0.7742857142857142,1.8145634,0.7482968,2.8808303,0.8498293515358362,0,6,6
0.8728571428571429,1.6241541,0.21364406,3.0346642,0.7970588235294117,2,0,0
0.9142857142857143,0.4099837,0.3234247,0.49654272,0.9631901840490797,2,1,1
0.7871428571428571,2.4464471,0.51678854,4.376105,0.721875,1,1,1
0.9728571428571429,0.094916314,0.091942236,0.097890414,0.9912280701754386,1,8,8
0.94,0.30156735,0.3114944,0.29164028,0.9879154078549848,1,8,8
