ACC,Loss,LossPrivileged,LossUnprivileged,AEQ,OEQ,OPP,drift-id,gm-id,gm-name
0.848,0.56793016,0.34799048,1.4476888,0.676470588235294,0.6984366480130484,0.8078227642776792,0,0,0
0.7786666666666666,1.9638324,0.6582928,7.1859913,0.29411764705882354,0.28665139593705846,0.6024969281060903,1,0,0
0.64,2.2543359,1.8241934,3.9749053,0.6376811594202899,0.6130243712031321,0.8449771504185304,1,5,5
0.7146666666666667,2.2580028,1.5551854,5.0692716,0.5423728813559323,0.5286543675683952,0.956492207886226,1,2,2
0.7706666666666667,1.6987879,1.0528141,4.2826843,0.5511811023622047,0.5520743970495892,0.684916459843175,1,5,5
0.8293333333333334,0.9707373,0.6926336,2.083152,0.7121212121212122,0.7184160866227123,0.888280758201021,1,5,5
0.784,1.3917625,1.034608,2.8203804,0.6852589641434264,0.6784384513075867,0.6694788981791656,1,5,5
0.8266666666666667,1.0329267,0.62870365,2.6498187,0.6792452830188679,0.6973722253644212,0.8668054725382544,1,5,5
0.84,0.98346096,0.40054438,3.3151274,0.6153846153846154,0.6430735884309908,0.8577161883252687,1,5,5
