ACC,Loss,LossPrivileged,LossUnprivileged,AEQ,OEQ,OPP,MEQ,MPP,drift-id,gm-id,gm-name
0.7799461641991925,0.46125668,0.46573907,0.36001062,0.8886730978087267,0.8904260895762202,0.9405395526459357,0.814621409921671,0.8874893617021277,0,0,0
0.8169582772543742,0.40418744,0.40841305,0.31029993,0.9135637969748563,0.9182120531735727,0.8703549828319442,0.8942610062893083,0.76042541281836,0,0,0
0.8055181695827726,0.38166025,0.38719803,0.28560436,0.9281850533807828,0.919062096609824,0.9448380759448585,0.896341463414634,0.9444559585492227,0,0,0
0.8337819650067295,0.35899448,0.36710832,0.22357069,0.916848111720099,0.8717778044603909,0.8822419539151142,0.7601217656012176,0.8669603524229075,0,0,0
0.819650067294751,0.35166115,0.3516937,0.35097215,0.9443269908386187,0.9206591281059366,0.8894651294651295,0.8461538461538463,0.8643356643356644,0,0,0
0.8391655450874832,0.34657803,0.35040686,0.27138278,0.9412128712871287,0.9419792405932925,0.9475426560298275,0.9051851851851852,0.934692513368984,0,0,0
0.8176312247644684,0.37204742,0.38039193,0.19531904,0.9089147286821706,0.8008443078052585,0.7418267610380855,0.6052631578947368,0.6231884057971016,0,0,0
0.8283983849259757,0.37644064,0.34516266,1.1605848,0.7121018921572938,0.7096315538663598,0.6457893586461001,0.5087869172565292,0.5721757322175732,1,0,0
0.8384925975773889,0.3612384,0.31848675,1.2666796,0.7024578599539615,0.7455303759442354,0.6319514520544585,0.5757575757575758,0.5204626708727655,1,0,0
