ACC,Loss,LossPrivileged,LossUnprivileged,BalancedACC,drift-id,gm-id,gm-name
0.8966666666666666,0.2531623,0.25198376,0.2772381,0.9955444165970482,0,0,0
0.88,0.2675369,0.26027027,0.43466923,0.9526627218934911,0,0,0
0.885,0.2638508,0.26594338,0.19986233,0.9320137693631669,0,0,0
0.8833333333333333,0.27035904,0.27152482,0.24354546,0.9584120982986768,0,0,0
0.8783333333333333,0.2898778,0.24837017,1.2860613,0.6070038910505836,2,0,0
0.8833333333333333,0.30389264,0.26336724,1.4212358,0.47628187551412116,2,2,2
0.8616666666666667,0.2855813,0.26639816,0.66329,0.7102480823716398,2,2,2
0.8916666666666667,0.27850854,0.2527985,0.7847299,0.804441164631692,0,2,2
0.8883333333333333,0.25883394,0.2563804,0.3338611,0.9463504021174793,0,0,0
