ACC,Loss,LossPrivileged,LossUnprivileged,BalancedACC,drift-id,gm-id,gm-name
0.7886944818304172,0.441606,0.44520557,0.3665432,0.9556719725972195,0,0,0
0.7799461641991925,0.50294036,0.42329994,2.044474,0.33987997161653455,1,0,0
0.7987886944818304,0.44252497,0.4319866,0.64078593,0.8966637246248897,1,3,3
0.8115746971736204,0.41564623,0.40447238,0.64167714,0.9115127506808616,1,5,3-1-2
0.797442799461642,0.39831457,0.3842269,0.72187597,0.8439590212513758,1,5,3-1-2
0.8216689098250336,0.3920038,0.38511,0.5403259,0.8995242527665736,1,5,3-1-2
0.8055181695827726,0.39815038,0.39436868,0.47241893,0.9821398604751518,1,5,3-1-2
0.819650067294751,0.37196973,0.366982,0.4810084,0.9672445780820167,1,5,3-1-2
0.8257065948855989,0.3666424,0.35252255,0.6023089,0.8731724250592175,1,5,3-1-2
