ACC,Loss,LossPrivileged,LossUnprivileged,AEQ,OEQ,OPP,MEQ,MPP,drift-id,gm-id,gm-name
0.8076664425016813,0.41089055,0.41404286,0.339639,0.9397237827715357,0.7267302773172178,0.9690157480785979,0.4978723404255319,0.9545799595141701,0,0,0
0.8043039677202422,0.450373,0.40058592,1.3876982,0.6346067415730338,0.6638264740555663,0.6772252939148844,0.3654244306418219,0.5791696889533643,1,0,0
0.7975790181573639,0.4366935,0.3734658,1.406648,0.6893159703732391,0.7950288015735494,0.6100511991519997,0.6625766871165644,0.5380940301031625,1,0,0
0.8036314727639543,0.41697705,0.39308107,0.8428702,0.7296784721915935,0.262980941005168,0.7766090586875316,0.1404870216751405,0.7320799059929495,1,7,2-3-1-4
0.8305312710154674,0.36103383,0.359223,0.39419252,0.9829787234042554,0.32955465587044536,0.37948717948717947,0.0,0.0,2,7,2-3-1-4
0.8224613315400134,0.36996618,0.36958182,0.3761513,0.9934226190476191,0.3375799648521284,0.6149398614990127,0.07833358907472762,0.3902613677049767,2,7,2-3-1-4
0.8197713517148622,0.35529557,0.3564784,0.3276447,0.9796771443500261,0.3886751345655455,0.8358020988652014,0.18545837723919914,0.8088769250031301,2,7,2-3-1-4
0.8063214525891056,0.4022351,0.3385096,1.6546179,0.19868014602639708,0.3782116596562425,0.5069323818913041,0.10077593639237475,0.13025210084033612,0,7,2-3-1-4
0.8433086751849361,0.34420463,0.34647596,0.30020857,0.9292786421499294,0.9087113797628845,0.967287275565964,0.8636363636363636,0.9445745511319282,0,0,0
