ACC,Loss,LossPrivileged,LossUnprivileged,BalancedACC,drift-id,gm-id
0.8771428571428571,0.3523618,0.3328343,0.5281092,0.9388489208633094,0,<federated.algorithms.fair_fed_drift.ClientIdentity.ClientIdentity object at 0x7f9730a7ed40>
0.8271428571428572,0.6795071,0.41905034,3.0236175,0.6858736059479554,1,<federated.algorithms.fair_fed_drift.ClientIdentity.ClientIdentity object at 0x7f97107b9d50>
0.8014285714285714,0.88568467,0.84239626,1.275279,0.8038834951456311,1,<federated.algorithms.fair_fed_drift.ClientIdentity.ClientIdentity object at 0x7f96cc32d570>
0.8185714285714286,0.77558696,0.7365079,1.127298,0.8604206500956023,1,<federated.algorithms.fair_fed_drift.ClientIdentity.ClientIdentity object at 0x7f96401b1750>
0.8371428571428572,0.91043633,0.55966544,4.067375,0.5543478260869565,2,<federated.algorithms.fair_fed_drift.ClientIdentity.ClientIdentity object at 0x7f967069b6a0>
0.8685714285714285,0.47598135,0.46983474,0.5313015,0.9672131147540983,2,<federated.algorithms.fair_fed_drift.ClientIdentity.ClientIdentity object at 0x7f97104fea70>
0.89,0.45399296,0.44147378,0.56666577,0.9591474245115452,2,<federated.algorithms.fair_fed_drift.ClientIdentity.ClientIdentity object at 0x7f9678510070>
0.8857142857142857,0.4563687,0.3973853,0.9872198,0.823943661971831,2,<federated.algorithms.fair_fed_drift.ClientIdentity.ClientIdentity object at 0x7f9710314730>
0.8371428571428572,0.741991,0.72796965,0.8681829,0.8764044943820225,2,<federated.algorithms.fair_fed_drift.ClientIdentity.ClientIdentity object at 0x7f9730950040>
0.8671428571428571,0.5263367,0.4287613,1.4045159,0.7553571428571428,0,<federated.algorithms.fair_fed_drift.ClientIdentity.ClientIdentity object at 0x7f9730a53d90>
