ACC,Loss,LossPrivileged,LossUnprivileged,AEQ,OEQ,OPP,drift-id,gm-id,gm-name
0.5938888888888889,1.6250602,1.5578334,2.9023736,0.548604427333975,0.243443705679157,0.3123217358704111,0,0,0
0.6311111111111111,1.61057,1.4901316,3.8988962,0.39263252470799637,0.24732907254330896,0.297917138903981,1,0,0
0.5688888888888889,2.8525996,2.701875,5.7163677,0.456,0.24621610264728758,0.27926630998856095,1,0,0
0.6105555555555555,2.4143085,2.273183,5.095691,0.569821930646673,0.2837348649007353,0.3208121304250001,1,0,0
0.6211111111111111,2.1178188,1.9564402,5.1840124,0.38138686131386856,0.19328106054058866,0.23095511100117982,1,0,0
0.6222222222222222,2.1229453,1.9882011,4.683081,0.4515539305301645,0.24674828363479837,0.27765967411912357,1,0,0
0.6383333333333333,2.2015057,2.0075383,5.8868847,0.3537234042553191,0.27314536031239695,0.20201251133970266,1,0,0
0.6477777777777778,2.3133218,2.1377232,5.6496925,0.48460861917326303,0.28096502349808644,0.26080573077083546,1,0,0
0.6444444444444445,2.2420745,2.060062,5.700312,0.45278022947925856,0.28985027805203245,0.29906562617008864,1,0,0
