ACC,Loss,LossPrivileged,LossUnprivileged,AEQ,OEQ,OPP,MEQ,MPP,drift-id,gm-id,gm-name
0.8242857142857143,0.46736586,0.4176659,0.91466564,0.7796610169491526,0.7332299815207746,0.7259405545222107,0.1796875,0.2743055555555555,0,0,0
0.8471428571428572,0.62715846,0.3409328,3.2031898,0.6684782608695653,0.6566516938693694,0.716849367254948,0.0,0.0,1,0,0
0.7714285714285715,0.8988344,0.9055702,0.8382117,0.9590163934426229,0.7572295936762344,0.7691676390054011,0.36,0.5875251509054326,1,3,3
0.8542857142857143,0.50906503,0.48573452,0.7190393,0.9482439926062847,0.8601755982796387,0.8419838612354795,0.5,0.44360902255639095,1,8,1-2-3-4
0.8642857142857143,0.97157323,0.5647832,4.632684,0.6542553191489362,0.5970558065123283,0.6076860878473781,0.0,0.0,2,8,1-2-3-4
0.8557142857142858,0.5872618,0.5164939,1.224173,0.8736263736263735,0.8055147208720579,0.8339560164629694,0.3267857142857143,0.557142857142857,2,5,5
0.8771428571428571,0.44968602,0.4226875,0.69267267,0.9567567567567568,0.8785855116859359,0.8723421780319119,0.685483870967742,0.5,2,5,5
0.8828571428571429,0.5188289,0.5029913,0.6613675,0.9321428571428573,0.8452180062857261,0.8365388374616918,0.6092307692307692,0.4483516483516483,2,5,5
0.8914285714285715,0.48981267,0.48625198,0.5218591,0.975133214920071,0.9297724243303322,0.9272267553405225,0.6979472140762464,0.6829268292682926,2,5,5
