ACC,Loss,LossPrivileged,LossUnprivileged,BalancedACC,drift-id,gm-id,gm-name
0.8271428571428572,0.46877477,0.4400194,0.49753013,0.9761092150170648,0,0,0
0.7557142857142857,1.9794595,0.3931654,3.565754,0.7344262295081967,1,0,0
0.71,1.0580741,0.99089754,1.1252507,0.9722222222222222,1,2,2
0.7414285714285714,2.1702683,0.64811295,3.6924236,0.7958477508650519,0,6,2-3-4
0.8828571428571429,0.59793144,0.4759398,0.719923,0.9744408945686902,0,0,0
0.8514285714285714,0.78363645,0.8824949,0.6847781,0.9735099337748344,0,0,0
0.8714285714285714,0.67396,0.72702354,0.62089634,0.9934640522875815,0,0,0
0.8685714285714285,0.6187399,0.53971803,0.6977618,0.9424920127795527,0,0,0
0.8814285714285715,0.55487275,0.4437534,0.665992,0.9649681528662422,0,0,0
