ACC,Loss,LossPrivileged,LossUnprivileged,BalancedACC,drift-id,gm-id,gm-name
0.93,0.22082981,0.20283341,0.5627614,0.9178743961352656,0,0,0
0.9557142857142857,0.2344788,0.14316311,1.9694763,0.7375776397515528,2,0,0
0.9671428571428572,0.16171153,0.106626846,1.2083201,0.8197226502311249,2,0,0
0.9814285714285714,0.078409016,0.052597992,0.5688184,0.8978658536585366,0,0,0
0.9671428571428572,0.14317313,0.12892081,0.4139673,0.8809891808346213,0,0,0
0.9742857142857143,0.10281383,0.06229593,0.8726542,0.7530487804878049,0,0,0
0.9714285714285714,0.13760836,0.08889155,1.0632278,0.8159509202453988,2,0,0
0.9914285714285714,0.037880264,0.010127537,0.56518203,0.8883861236802413,2,0,0
0.9942857142857143,0.019441558,0.007054707,0.25479174,0.9457013574660633,2,0,0
