ACC,Loss,LossPrivileged,LossUnprivileged,AEQ,OEQ,OPP,drift-id,gm-id,gm-name
0.7844444444444445,0.69990337,0.4251852,1.2493398,0.7578124999999999,0.7622258276208929,0.9896588055954089,0,0,0
0.8577777777777778,0.6373967,0.38852215,1.1351459,0.8072727272727273,0.8121327824475809,0.951608313341222,0,0,0
0.7933333333333333,1.2645341,0.5458844,2.7018332,0.6444444444444444,0.6478475853967604,0.7867235588289037,0,0,0
0.6488888888888888,2.0887341,1.3191525,3.6278975,0.584070796460177,0.5902770158819504,0.8719805487258518,0,9,9
0.7311111111111112,1.7570416,0.56061554,4.1498933,0.49242424242424243,0.40615815176891373,0.4862913965293805,1,0,0
0.6666666666666666,2.2940032,1.6360694,3.6098707,0.7397260273972603,0.7456930137309403,0.8674707527993549,1,12,12
0.7688888888888888,1.2514398,0.78685,2.1806195,0.7460317460317462,0.736886324199104,0.9224770945291164,1,1,1
0.6511111111111111,3.3152983,1.2239085,7.498078,0.4315352697095436,0.46531865852664156,0.4903646749619516,0,1,1
0.82,0.8940677,0.34599745,1.9902081,0.6642599277978338,0.6524581438293279,0.8555014038349678,0,0,0
