ACC,Loss,LossPrivileged,LossUnprivileged,BalancedACC,drift-id,gm-id,gm-name
0.8883333333333333,0.26078302,0.251414,0.3791732,0.8880978459291712,0,0,0
0.8516666666666667,0.37118742,0.28813076,1.2109818,0.6306306306306306,1,0,0
0.8766666666666667,0.29513133,0.27295202,0.49850434,0.8163315436712636,1,3,3
0.885,0.27809325,0.2600928,0.46779054,0.9051439358187825,1,7,1-3-2-4
0.8783333333333333,0.26972613,0.25498357,0.41581124,0.8803531179564237,1,7,1-3-2-4
0.885,0.2938631,0.26639915,0.5456938,0.8284550864859221,1,7,1-3-2-4
0.8816666666666667,0.27395043,0.24922055,0.5401606,0.8805485384337784,1,7,1-3-2-4
0.8733333333333333,0.30918065,0.25129336,0.86063325,0.7237652653193559,0,7,1-3-2-4
0.9033333333333333,0.23395135,0.21938297,0.38125348,0.893351182507809,0,0,0
