ACC,Loss,LossPrivileged,LossUnprivileged,BalancedACC,drift-id,gm-id,gm-name
0.8614285714285714,0.39167374,0.38486758,0.45292902,0.9761029411764706,0,0,0
0.8314285714285714,0.66215414,0.39751637,3.0438933,0.7000000000000001,1,0,0
0.7957142857142857,0.80183506,0.712127,1.6092085,0.6963249516441006,1,3,3
0.8485714285714285,0.5899627,0.53090924,1.1214447,0.8453038674033149,1,2,2
0.8714285714285714,0.64405346,0.58579034,1.1684216,0.8563734290843806,1,2,2
0.8642857142857143,0.6987161,0.6715661,0.94306594,0.9361313868613138,1,2,2
0.8642857142857143,0.7342929,0.73071903,0.7664589,0.9361313868613138,1,2,2
0.8842857142857142,0.7875886,0.5662437,2.7796926,0.8080985915492958,0,2,2
0.8814285714285715,0.647366,0.60276973,1.0487322,0.8807829181494661,0,0,0
