ACC,Loss,LossPrivileged,LossUnprivileged,AEQ,OEQ,OPP,MEQ,MPP,drift-id,gm-id,gm-name
0.8379287155346334,0.350841,0.35478768,0.2630877,0.938171148179655,0.9069672596853805,0.9364106800954703,0.8796296296296298,0.9050279329608938,0,0,0
0.8527236045729657,0.3176995,0.32187697,0.2263089,0.9203000468823254,0.938617664469336,0.8966679817540321,0.9248979591836733,0.8530020703933747,0,0,0
0.8614660390047074,0.28593934,0.2949936,0.09699721,0.868301200130426,0.8488469715967945,0.8139915806423131,0.7764705882352941,0.7213114754098361,0,0,0
0.8426361802286483,0.32517198,0.3298658,0.2436964,0.9312340458699508,0.9095064012215175,0.9104627752172616,0.8697674418604652,0.8713272543059778,0,0,0
0.8197713517148622,0.40739956,0.38592863,0.82328796,0.8978305602916103,0.8442824190478478,0.7876866348647158,0.7386867790594499,0.7441176470588237,2,10,10
0.8137188971082717,0.3794811,0.37544426,0.47718707,0.9781249544573503,0.7390013495276654,0.9466735268287005,0.6140350877192983,0.9465838509316771,2,15,15
0.8184263618022865,0.36823097,0.35721475,0.605413,0.8648925148925148,0.917273773006135,0.8936594582494612,0.9074642126789366,0.8695557586041857,2,16,16
0.7942165433759247,0.40737736,0.40147343,0.5126018,0.8374180806176497,0.8168649617915387,0.7106096408317579,0.8032051282051282,0.425,0,20,20
0.8540685944855414,0.32409403,0.3291932,0.22672725,0.9553711209762166,0.8512346684917815,0.8848539734001338,0.7333333333333333,0.8552188552188552,0,9,3-6
