ACC,Loss,LossPrivileged,LossUnprivileged,AEQ,OEQ,OPP,MEQ,MPP,drift-id,gm-id,gm-name
0.9514285714285714,0.16347335,0.14661492,0.48378357,0.8962264150943395,0.866251842981508,0.8681876489272984,0.6327272727272727,0.5327868852459017,0,0,0
0.9457142857142857,0.16178687,0.14749692,0.43329573,0.9334389857369254,0.8770225011952831,0.8856318399632844,0.689655172413793,0.6187499999999999,0,0,0
0.9728571428571429,0.14266273,0.107384026,0.812958,0.8755760368663593,0.8853006382390445,0.8565298891086602,0.5147058823529412,0.5,0,0,0
0.9528571428571428,0.22839972,0.2259371,0.2751897,0.9574803149606299,0.9067929100301144,0.8907313557660084,0.6666666666666666,0.5084745762711864,0,0,0
0.9671428571428572,0.25225055,0.091923125,3.298472,0.7588325652841782,0.7167849938253689,0.6963332837516905,0.0,0.0,2,0,0
0.8557142857142858,0.75746816,0.73325694,1.2174807,0.7586805555555556,0.6765022588024054,0.56920657805261,0.0,0.0,2,11,11
0.9628571428571429,0.20661233,0.169802,0.9060081,0.9160186625194401,0.7777243714334199,0.7712938550159911,0.0,0.0,2,0,0
0.9885714285714285,0.082058124,0.03523987,0.9716051,0.8910741301059001,0.9075019425019425,0.9030625205862979,0.6666666666666666,0.6173913043478261,0,0,0
0.9814285714285714,0.07154208,0.07516889,0.0026325257,0.9804511278195489,0.98011441283215,0.9805040365489498,0.8955223880597015,0.8955223880597015,0,0,0
