ACC,Loss,LossPrivileged,LossUnprivileged,BalancedACC,drift-id,gm-id,gm-name
0.7827763496143959,0.444611,0.45347065,0.35773727,0.9876248695392875,0,0,0
0.8226221079691517,0.3963057,0.40878534,0.244223,0.947694237639423,0,0,0
0.8020565552699229,0.39912957,0.39502373,0.44493502,0.9717987804878049,0,0,0
0.8046272493573264,0.3800404,0.38864815,0.30986252,0.9901290336072945,0,0,0
0.8367609254498715,0.35970783,0.3612525,0.34247518,0.94828125,0,0,0
0.8354755784061697,0.33707818,0.33041227,0.40557286,0.9309892033848848,0,0,0
0.8161953727506427,0.3886508,0.3915654,0.3651987,0.9491483786439567,0,0,0
0.8059125964010283,0.4172826,0.38155437,0.8963055,0.6973651503852846,1,0,0
0.8161953727506427,0.384632,0.35280704,0.82895744,0.8886741399304212,1,0,0
