ACC,Loss,LossPrivileged,LossUnprivileged,BalancedACC,drift-id,gm-id,gm-name
0.8171428571428572,0.49610832,0.48050037,0.63658035,0.9000000000000001,0,0,0
0.8757142857142857,0.35108757,0.3239739,0.5951103,0.8694096601073346,0,0,0
0.8928571428571429,0.3384831,0.30353722,0.6529959,0.8684210526315789,0,0,0
0.8971428571428571,0.39955768,0.34840274,0.859952,0.8125,0,0,0
0.8657142857142858,0.59469485,0.48309195,1.5991209,0.7917414721723519,2,0,0
0.8814285714285715,0.47740984,0.33849105,1.7276789,0.6910994764397905,2,0,0
0.8914285714285715,0.53576016,0.4363835,1.4301506,0.8181818181818182,2,0,0
0.8771428571428571,0.5558524,0.49759138,1.0802019,0.7805309734513274,0,0,0
0.8857142857142857,0.6695603,0.5919032,1.3684746,0.8586572438162544,0,0,0
