ACC,Loss,LossPrivileged,LossUnprivileged,AEQ,OEQ,OPP,MEQ,MPP,drift-id,gm-id,gm-name
0.9357142857142857,0.24509986,0.24812934,0.18754028,0.9920255183413078,0.8381137894762647,0.9212169498465987,0.0,0.7821428571428571,0,0,0
0.9514285714285714,0.28319752,0.13140517,3.1672523,0.7410296411856474,0.6995858934971839,0.7360640203966928,0.0,0.0,3,0,0
0.9542857142857143,0.23595989,0.13024504,2.244542,0.7694704049844237,0.6969425149249711,0.7359723249418608,0.0,0.0,3,0,0
0.9757142857142858,0.11875694,0.050813768,1.4096771,0.7519025875190259,0.7110421210106992,0.6895920745920746,0.0,0.0,1,0,0
0.9728571428571429,0.13016598,0.081775256,1.0495896,0.7541984732824428,0.8045827644217038,0.7569232787524908,0.16666666666666666,0.3333333333333333,1,0,0
0.95,0.20952214,0.1301591,1.7174197,0.7113884555382215,0.6870970195083099,0.7246547884452876,0.0,0.0,3,0,0
0.9771428571428571,0.13876452,0.06419987,1.5554929,0.7507598784194529,0.7757902669669732,0.7879945398139494,0.20821917808219179,0.2,3,0,0
0.9414285714285714,0.26119953,0.1745385,1.9077588,0.5640625,0.6860403342073003,0.6636400538564777,0.0,0.0,1,0,0
0.9728571428571429,0.10934837,0.022985522,1.7502428,0.6342943854324734,0.6637568845979394,0.6617699312614567,0.0,0.0,1,0,0
