ACC,Loss,LossPrivileged,LossUnprivileged,BalancedACC,drift-id,gm-id,gm-name
0.800771208226221,0.4182045,0.4306958,0.2938198,0.9423149457802923,0,0,0
0.7390745501285347,0.5896118,0.4051108,2.2938187,0.2474154135338346,2,0,0
0.7699228791773779,0.49759465,0.3894475,1.6452459,0.21693915431361083,2,0,0
0.7840616966580977,0.4319926,0.35048538,1.0710833,0.4917643332277479,2,0,0
0.8071979434447301,0.38716242,0.34766525,0.8132528,0.656019656019656,1,0,0
0.8149100257069408,0.37157115,0.35328868,0.5455018,0.8500046438190769,1,0,0
0.8419023136246787,0.3355428,0.32456675,0.4539517,0.9363930679870502,1,0,0
0.8354755784061697,0.36591485,0.34907866,0.55699193,0.9457671957671957,1,0,0
0.8367609254498715,0.3619291,0.34258744,0.55452865,0.9371996685998343,1,0,0
