ACC,Loss,LossPrivileged,LossUnprivileged,BalancedACC,drift-id,gm-id
0.9385714285714286,0.24023959,0.24300501,0.18769611,0.9952153110047847,0,<federated.algorithms.fair_fed_drift.ClientIdentity.ClientIdentity object at 0x7f62cdec4e20>
0.9457142857142857,0.2107351,0.14535819,1.4528959,0.7767295597484277,1,<federated.algorithms.fair_fed_drift.ClientIdentity.ClientIdentity object at 0x7f62c80dd0f0>
0.9471428571428572,0.19453812,0.17151709,0.631938,0.8377952755905512,1,<federated.algorithms.fair_fed_drift.ClientIdentity.ClientIdentity object at 0x7f62cdc40a90>
0.9628571428571429,0.12481777,0.09838701,0.6270024,0.8542635658914729,1,<federated.algorithms.fair_fed_drift.ClientIdentity.ClientIdentity object at 0x7f62cdd4d300>
0.9628571428571429,0.14298315,0.09891415,0.9802939,0.7623456790123457,1,<federated.algorithms.fair_fed_drift.ClientIdentity.ClientIdentity object at 0x7f62086e3040>
0.9385714285714286,0.19249381,0.16528457,0.70946914,0.658267716535433,1,<federated.algorithms.fair_fed_drift.ClientIdentity.ClientIdentity object at 0x7f61e05d1f60>
0.9542857142857143,0.13633685,0.09936141,0.8388703,0.616692426584235,1,<federated.algorithms.fair_fed_drift.ClientIdentity.ClientIdentity object at 0x7f62c870d210>
0.9414285714285714,0.24122417,0.17248383,1.5472912,0.6562009419152276,0,<federated.algorithms.fair_fed_drift.ClientIdentity.ClientIdentity object at 0x7f62c8361780>
0.9842857142857143,0.047738627,0.032026723,0.34626472,0.8649468892261002,0,<federated.algorithms.fair_fed_drift.ClientIdentity.ClientIdentity object at 0x7f61c8123040>
0.9614285714285714,0.13028644,0.113063626,0.45751986,0.7941176470588236,0,<federated.algorithms.fair_fed_drift.ClientIdentity.ClientIdentity object at 0x7f6164385690>
