ACC,Loss,LossPrivileged,LossUnprivileged,BalancedACC,drift-id,gm-id,gm-name
0.8049764626765299,0.42022792,0.42620793,0.3107231,0.8927536231884058,0,0,0
0.777404169468729,0.4666151,0.39036253,1.9873708,0.3869140770549221,1,0,0
0.7975790181573639,0.42721683,0.41248268,0.70855963,0.7879244477137365,1,1,1
0.8063214525891056,0.3988852,0.39031717,0.54569066,0.9661545073600517,1,1,1
0.34633490248823134,1.8445069,1.8751506,1.2509431,0.8234152293272696,2,1,1
0.9226630800268998,0.20557696,0.20303912,0.25773084,0.9784420093305848,2,2,2
0.9320780094149294,0.1724161,0.16397408,0.3336129,0.9395523456840641,2,2,2
0.9193006052454606,0.18350805,0.17698503,0.30461335,0.9568522267206477,2,2,2
0.9193006052454606,0.20055044,0.1960126,0.29105178,0.9475149749069127,2,2,2
