ACC,Loss,LossPrivileged,LossUnprivileged,BalancedACC,drift-id,gm-id,gm-name
0.8442857142857143,0.4437873,0.45750967,0.43006492,0.9832214765100672,0,0,0
0.7485714285714286,1.6556269,0.472884,2.8383696,0.8194444444444444,1,0,0
0.7657142857142857,0.85930496,0.73353857,0.98507124,0.9851851851851852,1,4,4
0.8628571428571429,0.45710143,0.39936867,0.5148341,0.9738562091503268,1,10,3-4-1-2
0.7271428571428571,2.6977043,0.57362956,4.8217793,0.6688524590163935,2,10,3-4-1-2
0.8457142857142858,0.65277445,0.629324,0.6762249,0.9602649006622517,2,9,5-6
0.8642857142857143,0.52122384,0.52245814,0.5199895,0.9771241830065359,2,9,5-6
0.8928571428571429,0.45890808,0.5011309,0.4166852,0.9716088328075709,2,9,5-6
0.8571428571428571,0.6242697,0.67270774,0.57583153,0.9867549668874173,2,9,5-6
