ACC,Loss,LossPrivileged,LossUnprivileged,BalancedACC,drift-id,gm-id,gm-name
0.93,0.24330904,0.23877902,0.3293788,0.9856459330143541,0,0,0
0.9542857142857143,0.19127831,0.15961549,0.7928721,0.8003120124804992,0,0,0
0.97,0.08714625,0.082280144,0.17960215,0.9397217928902627,0,0,0
0.9742857142857143,0.099181935,0.0917405,0.24056906,0.9353846153846154,0,0,0
0.9757142857142858,0.113109306,0.09559971,0.44579142,0.9033742331288342,2,0,0
0.98,0.092380285,0.06768098,0.56166714,0.8085106382978724,2,0,0
0.9628571428571429,0.17418875,0.13321163,0.9527539,0.7928902627511593,2,0,0
0.9842857142857143,0.05767311,0.04965653,0.2099883,0.8951367781155015,0,0,0
0.9742857142857143,0.0992661,0.088188365,0.30974323,0.9353846153846154,0,0,0
