ACC,Loss,LossPrivileged,LossUnprivileged,BalancedACC,drift-id,gm-id,gm-name
0.8049764626765299,0.42807695,0.4332742,0.32442477,0.9337779012688711,0,0,0
0.8137188971082717,0.40213498,0.40582645,0.32137752,0.9419580068314245,0,0,0
0.410221923335575,0.81207335,0.77906936,1.5836104,0.710788657509969,1,0,0
0.3214525891055817,0.9948186,0.99744034,0.946144,0.726327770976956,1,0,0
0.7895090786819099,0.4241459,0.40471533,0.8005123,0.7542247545156989,1,0,0
0.4606590450571621,1.1000508,1.1061982,0.9843138,0.8923955147808359,2,0,0
0.7074646940147948,0.5393824,0.54615283,0.40823933,0.8689017812192841,2,0,0
0.5635507733691997,0.68919903,0.6999085,0.4787293,0.7243944747831674,0,0,0
0.8117014122394082,0.3929142,0.39040098,0.4409024,0.981342405122893,0,0,0
