ACC,Loss,LossPrivileged,LossUnprivileged,BalancedACC,drift-id,gm-id,gm-name
0.8049764626765299,0.42810708,0.43424916,0.3073971,0.9159010600706714,0,0,0
0.812373907195696,0.39711255,0.39987856,0.34112003,0.945189367207716,0,0,0
0.8231338264963013,0.37722662,0.38614506,0.23012477,0.9031161420605072,0,0,0
0.8433086751849361,0.33718473,0.34106195,0.24954632,0.8804073033707865,0,0,0
0.8345662407531943,0.3352607,0.34040058,0.22632542,0.9800840128490239,0,0,0
0.8271687962340283,0.36192116,0.3634128,0.33422795,0.9349566836265166,0,0,0
0.8412911903160726,0.33084336,0.33345655,0.26280537,0.903713440683536,0,0,0
0.843981170141224,0.33068368,0.3273521,0.39340517,0.9452719665271967,0,0,0
0.8224613315400134,0.37107235,0.36602643,0.45865884,0.8485483768502637,0,0,0
