ACC,Loss,LossPrivileged,LossUnprivileged,AEQ,OEQ,OPP,MEQ,MPP,drift-id,gm-id,gm-name
0.8117014122394082,0.41640204,0.4218753,0.29470795,0.8751146420191288,0.7756331353439053,0.8866354896852411,0.5722288915566227,0.8720104751688016,0,0,0
0.8117014122394082,0.39107367,0.3926817,0.35992652,0.9220186527581329,0.6270693369805578,0.696137526740654,0.28718354430379744,0.4725738396624472,1,0,0
0.8184263618022865,0.36718732,0.3664908,0.37943703,0.9915789020266632,0.7683882959953088,0.9409724479227606,0.5440573770491803,0.8975409836065573,1,0,0
0.7895090786819099,0.40567532,0.38253817,0.81259996,0.8644436997319035,0.7656888395046006,0.8702852011103248,0.5380116959064327,0.8563598759048603,2,0,0
0.7908540685944856,0.44055644,0.43942428,0.47118953,0.973841263663196,0.6722159199748224,0.8154539864726378,0.3877139979859013,0.6857142857142857,2,12,12
0.831876260928043,0.36850688,0.35187292,0.7002484,0.9103615777505267,0.9467897290304379,0.822717157332566,0.9235562941420856,0.8016557433597793,4,11,1-2-3
0.7881640887693342,0.437416,0.4179797,0.8308612,0.5682205513784461,0.49449589429003005,0.5888523887028374,0.4685580938344387,0.4152421652421653,4,23,23
0.8002689979825152,0.40401816,0.37203205,0.96657336,0.73922942206655,0.7384187483629636,0.6970250251983998,0.6200251361541683,0.6203208556149733,3,21,14-12-6-7
0.8332212508406187,0.36843506,0.36144227,0.4782771,0.9263612791702679,0.8627799182771222,0.929783699739468,0.8600345705967978,0.9114771217011581,3,29,24-8-4-9-18
