ACC,Loss,LossPrivileged,LossUnprivileged,BalancedACC,drift-id,gm-id,gm-name
0.8271428571428572,0.47052503,0.43950754,0.5015425,0.982876712328767,0,0,0
0.7528571428571429,1.9777621,0.39538148,3.5601423,0.7392739273927392,1,0,0
0.8057142857142857,0.586947,0.57640684,0.59748733,0.9789473684210527,1,1,1
0.76,2.1334236,0.6371924,3.629654,0.7792642140468227,0,1,1
0.8828571428571429,0.57986164,0.46494558,0.69477767,0.9373040752351097,0,0,0
0.8471428571428572,0.7562734,0.89431804,0.6182287,0.9129032258064516,0,0,0
0.8728571428571429,0.65864086,0.6924993,0.6247826,0.990228013029316,0,0,0
0.8657142857142858,0.64611703,0.5606159,0.7316181,0.9361022364217253,0,0,0
0.8942857142857142,0.5100285,0.4759031,0.544154,0.9810126582278481,0,0,0
