ACC,Loss,LossPrivileged,LossUnprivileged,AEQ,OEQ,OPP,MEQ,MPP,drift-id,gm-id,gm-name
0.93,0.23311791,0.22322834,0.32212442,0.9305084745762712,0.9144025417897963,0.9219220803716673,0.822857142857143,0.7213114754098361,0,0,0
0.9285714285714286,0.45975757,0.24946095,2.352427,0.782608695652174,0.7192499582107744,0.7474013608870871,0.0,0.0,1,0,0
0.8414285714285714,0.75787425,0.67476004,1.5059035,0.7266055045871559,0.6040043148052047,0.7128540095486985,0.0,0.21333333333333332,1,3,3
0.91,0.34928536,0.35907364,0.26119062,0.9777777777777777,0.910814226736101,0.9204408528302859,0.7692307692307694,0.8472222222222222,1,4,1-3
0.9328571428571428,0.2966225,0.22302301,0.95901793,0.8442211055276383,0.8425060875174053,0.8085808845739922,0.6172839506172839,0.6115288220551378,1,5,2-1-3
0.9557142857142857,0.25280508,0.20510702,0.682088,0.8704918032786886,0.8304810840366674,0.8485477015565156,0.5185185185185185,0.728395061728395,1,5,2-1-3
0.9671428571428572,0.16009495,0.1130844,0.5831899,0.9073170731707317,0.8668022384352311,0.8974642366097964,0.40645161290322585,0.7127272727272728,1,5,2-1-3
0.9642857142857143,0.18641372,0.18272455,0.21961644,0.959016393442623,0.9341494795107972,0.9038591674459386,0.7723880597014926,0.7633928571428572,1,5,2-1-3
0.9642857142857143,0.15114495,0.15600091,0.10744135,0.991830065359477,0.9300830785410703,0.9534926817153533,0.6770833333333333,0.850909090909091,1,5,2-1-3
