ACC,Loss,LossPrivileged,LossUnprivileged,BalancedACC,drift-id,gm-id,gm-name
0.9371428571428572,0.23074624,0.21858354,1.4348499,0.607361963190184,0,0,0
0.97,0.122750014,0.11020909,1.3643014,0.43934911242603547,1,0,0
0.9785714285714285,0.12657273,0.11397108,1.374136,0.5814977973568282,1,0,0
0.96,0.14885649,0.1377117,1.2521889,0.5928143712574849,1,0,0
0.9628571428571429,0.16909471,0.16473824,0.6003851,0.8892215568862275,1,0,0
0.9657142857142857,0.12581687,0.12208343,0.49542543,0.8865671641791044,1,0,0
0.9857142857142858,0.06672674,0.052707456,1.4546366,0.8684210526315789,1,0,0
0.9814285714285714,0.060578488,0.060507037,0.06765105,0.9812409812409814,0,0,0
0.9957142857142857,0.007892414,0.007968784,0.0003317912,0.9956709956709957,0,0,0
