ACC,Loss,LossPrivileged,LossUnprivileged,AEQ,OEQ,OPP,drift-id,gm-id,gm-name
0.848,0.60696363,0.23766363,2.084164,0.5266903914590747,0.5488984213483185,0.5575325782013243,0,0,0
0.848,0.72484154,0.51659226,1.5578386,0.7819548872180451,0.8152210544887567,0.9399224313398201,0,0,0
0.8,1.3177109,0.65117675,3.983848,0.5801526717557253,0.6088280001506763,0.8665163484259385,0,0,0
0.8613333333333333,0.9918892,0.33248124,3.6295214,0.5492957746478874,0.5973227880352365,0.6203904463285451,0,0,0
0.792,1.768118,0.45748478,7.010651,0.3837638376383764,0.36104331940549667,0.6042602347322799,2,0,0
0.8133333333333334,1.3809894,0.87147534,3.4190454,0.6212121212121212,0.5644642434626526,0.9804888940650888,2,2,2
0.8373333333333334,1.1398034,0.7948215,2.5197315,0.8307692307692307,0.8370649978477399,0.9555003179644919,2,2,2
0.792,1.519626,0.41671628,5.9312654,0.3837638376383764,0.360750039297975,0.5770538005468527,0,2,2
0.8586666666666667,0.88284105,0.5185705,2.3399231,0.7352941176470588,0.7075855622631173,0.8891626954114562,0,0,0
