ACC,Loss,LossPrivileged,LossUnprivileged,BalancedACC,drift-id,gm-id,gm-name
0.8385714285714285,0.43992725,0.42230096,0.7748269,0.8099467140319716,0,0,0
0.8785714285714286,0.36570925,0.3246292,1.1462312,0.7715736040609137,0,0,0
0.8971428571428571,0.34950206,0.32746515,0.76820457,0.8535773710482529,0,0,0
0.9128571428571428,0.37789947,0.3160942,1.5521989,0.7414634146341463,0,0,0
0.8814285714285715,0.64928406,0.48114964,3.8438368,0.7025210084033613,2,0,0
0.7585714285714286,0.9176979,0.823996,2.6980329,0.5523255813953488,2,10,10
0.8971428571428571,0.5007161,0.44335157,1.5906417,0.7549668874172185,2,0,0
0.9,0.5139353,0.4731449,1.2889526,0.8178807947019867,0,0,0
0.8957142857142857,0.5979837,0.5914259,0.72258157,0.8881469115191988,0,0,0
