ACC,Loss,LossPrivileged,LossUnprivileged,AEQ,OEQ,OPP,MEQ,MPP,drift-id,gm-id,gm-name
0.9342857142857143,0.23193227,0.22816722,0.26581776,0.9425675675675675,0.9168041788264588,0.8898160815351013,0.7195767195767195,0.7570621468926554,0,0,0
0.96,0.22905949,0.22770494,0.24125063,0.9801980198019802,0.9586130052612656,0.9265827517482845,0.9051724137931034,0.7723880597014926,0,0,0
0.9728571428571429,0.10535862,0.10576056,0.10174123,0.99836867862969,0.9465153367824222,0.9634541363888287,0.6900584795321637,0.9147540983606558,0,0,0
0.9657142857142857,0.1312012,0.12858519,0.15474527,0.9901477832512315,0.9423693919807589,0.9543151752582956,0.8571428571428572,0.8858173076923077,0,0,0
0.9714285714285714,0.13786967,0.100733906,0.47209167,0.951219512195122,0.9335865202175915,0.9131822772722413,0.8187134502923977,0.7023809523809523,0,0,0
0.9728571428571429,0.12812266,0.08059869,0.5558383,0.901453957996769,0.8957935427911277,0.904758786994868,0.45578231292517,0.7142857142857143,0,0,0
0.9857142857142858,0.11101096,0.08290701,0.36394638,0.9678972712680578,0.9427955796994458,0.9579099343453157,0.6,0.8615819209039549,0,0,0
0.9485714285714286,0.49982265,0.11500586,3.963174,0.7328990228013029,0.7249646173694498,0.7528351380614422,0.0,0.0,1,0,0
0.9557142857142857,0.18263717,0.19345686,0.085260004,0.9820261437908497,0.9384283835590012,0.9439475321979621,0.8571428571428571,0.8866995073891625,1,1,1
