ACC,Loss,LossPrivileged,LossUnprivileged,BalancedACC,drift-id,gm-id,gm-name
0.8110289172831204,0.42488238,0.43081996,0.3388497,0.9585430146177809,0,0,0
0.8110289172831204,0.4016409,0.40773413,0.27829584,0.8962597035991531,0,0,0
0.8231338264963013,0.3618552,0.36560085,0.28603125,0.9103740296400846,0,0,0
0.8312037659717552,0.3705748,0.37560967,0.26550972,0.923069813653115,0,0,0
0.8002689979825152,0.45078194,0.34471115,2.2682154,0.1745413888773862,2,0,0
0.7962340282447882,0.44231418,0.43821886,0.51941735,0.9144149052081063,2,1,1
0.8117014122394082,0.41044697,0.4054303,0.50903964,0.9920462237694614,2,9,1-3-4-2-5
0.8190988567585743,0.36382023,0.36518502,0.3404348,0.9571530249110319,2,9,1-3-4-2-5
0.8298587760591796,0.37119964,0.37298343,0.3308808,0.9858358066567734,2,9,1-3-4-2-5
