ACC,Loss,LossPrivileged,LossUnprivileged,BalancedACC,drift-id,gm-id,gm-name
0.85,0.4462201,0.42755637,0.8008318,0.8333333333333334,0,0,0
0.8542857142857143,0.59217167,0.4256243,3.7565713,0.7256944444444444,1,0,0
0.8842857142857142,0.36835948,0.3481667,0.7520219,0.7996632996632996,1,0,0
0.8871428571428571,0.45039067,0.34615362,2.4308937,0.5996677740863786,1,0,0
0.9028571428571428,0.4991469,0.4177666,2.0453732,0.8479338842975207,2,0,0
0.89,0.5124687,0.41366306,2.3897753,0.7283333333333334,2,0,0
0.8828571428571429,0.55923164,0.5067887,1.5556474,0.7676767676767676,2,0,0
0.9057142857142857,0.4364169,0.37276998,1.6457086,0.7152209492635024,1,0,0
0.8957142857142857,0.5755551,0.5106174,1.8093708,0.7562189054726368,1,0,0
