ACC,Loss,LossPrivileged,LossUnprivileged,AEQ,OEQ,OPP,drift-id,gm-id,gm-name
0.8213333333333334,0.6789038,0.34168777,2.027768,0.5799256505576209,0.5597163564721345,0.8841982452865411,0,0,0
0.824,0.9315016,0.4148733,2.9980152,0.5109489051094891,0.5471533879807137,0.9889325447765754,0,0,0
0.8453333333333334,0.976441,0.45959982,3.043806,0.610909090909091,0.5579158321762424,0.9183716491344807,0,0,0
0.8106666666666666,1.1369394,0.55547017,3.4628162,0.5543071161048689,0.5587215254568952,0.9194277742097277,0,0,0
0.8266666666666667,1.6068406,0.26648837,6.9682493,0.36619718309859156,0.34312923384137234,0.567535862872272,2,0,0
0.49066666666666664,4.5296216,3.8971953,7.059327,0.5714285714285714,0.5926690931896543,0.8058866434213335,2,11,11
0.6293333333333333,2.8092406,1.6298152,7.526941,0.17699115044247787,0.15883835759601464,0.3188130875677198,2,16,16
0.6586666666666666,2.14835,1.5029404,4.7299876,0.314410480349345,0.2944304916980776,0.6951032465134774,2,11,11
0.776,1.6257505,0.47304592,6.236569,0.23272727272727275,0.291535343837019,0.5442433364158921,2,0,0
