ACC,Loss,LossPrivileged,LossUnprivileged,BalancedACC,drift-id,gm-id,gm-name
0.9557142857142857,0.19214103,0.22097425,0.1633078,0.9910714285714286,0,0,0
0.8528571428571429,1.4170263,0.12729926,2.7067537,0.7927927927927929,1,0,0
0.88,0.4941177,0.35036042,0.63787496,0.9371069182389937,1,1,1
0.9371428571428572,0.2992773,0.24430655,0.35424808,0.9878787878787878,1,1,1
0.9514285714285714,0.24640793,0.1893463,0.3034696,0.9646017699115045,1,1,1
0.9414285714285714,0.25637114,0.24593748,0.2668048,0.9909365558912386,1,1,1
0.9571428571428572,0.22414696,0.3049096,0.1433843,0.9822485207100592,1,1,1
0.86,1.9754537,0.07455026,3.8763578,0.7499999999999999,0,1,1
0.9814285714285714,0.1050719,0.010649535,0.1994943,0.9741379310344827,0,0,0
