ACC,Loss,LossPrivileged,LossUnprivileged,BalancedACC,drift-id,gm-id,gm-name
0.7779204107830552,0.4630909,0.47829485,0.3264496,0.852007336458121,0,0,0
0.7471116816431322,0.5707743,0.41029382,2.0552194,0.2447089947089947,2,0,0
0.7715019255455713,0.45844665,0.4460956,0.58354473,0.9795881126173096,2,4,4
0.7869062901155327,0.45416692,0.4152877,0.90378577,0.7215296025046123,1,9,5-3-2-1-4
0.7881899871630296,0.41051,0.40297133,0.47547272,0.8989253042010835,1,9,5-3-2-1-4
0.8164313222079589,0.38422316,0.38190922,0.4092214,0.9217602647636777,1,9,5-3-2-1-4
0.8228498074454429,0.36878124,0.35547245,0.51021206,0.8215728082277687,1,9,5-3-2-1-4
0.7471116816431322,0.4753002,0.3820599,1.2365797,0.4593573182449023,0,9,5-3-2-1-4
0.8613607188703466,0.3100807,0.31632814,0.23783237,0.9496413628212792,0,0,0
