ACC,Loss,LossPrivileged,LossUnprivileged,BalancedACC,drift-id,gm-id,gm-name
0.8228571428571428,0.4758151,0.4603949,0.7687987,0.7902350813743219,0,0,0
0.8685714285714285,0.35895345,0.32857853,0.9360766,0.8147512864493996,0,0,0
0.8928571428571429,0.33868796,0.307479,0.93165827,0.8911222780569515,0,0,0
0.8971428571428571,0.46511358,0.38957924,1.9002672,0.8205980066445183,0,0,0
0.88,0.6945401,0.50917345,4.2165074,0.6705882352941176,2,0,0
0.7814285714285715,0.8103969,0.7111518,2.696054,0.5725047080979284,2,7,7
0.86,0.604467,0.5788597,1.0910051,0.7547495682210709,2,6,6
0.8428571428571429,0.76874816,0.7068658,1.9445149,0.7359154929577465,2,6,6
0.8485714285714285,0.7484562,0.73409545,1.0213084,0.869718309859155,2,8,8
