ACC,Loss,LossPrivileged,LossUnprivileged,AEQ,OEQ,OPP,MEQ,MPP,drift-id,gm-id,gm-name
0.8428571428571429,0.41334158,0.4088749,0.45354196,0.9624765478424016,0.8807837396780991,0.8777884761853907,0.4883720930232558,0.7166666666666667,0,0,0
0.8628571428571429,0.3750804,0.34755743,0.62278706,0.9016393442622951,0.8241668422838936,0.8042813446654786,0.36904761904761907,0.39285714285714285,0,0,0
0.8842857142857142,0.44778982,0.42809144,0.6250755,0.9304812834224601,0.8399436553616818,0.8553806325951318,0.6775956284153005,0.6436363636363636,0,0,0
0.8885714285714286,0.4490003,0.439533,0.53420526,0.9786096256684492,0.834636663720216,0.9240562976693342,0.5046153846153846,0.8666666666666667,0,0,0
0.8814285714285715,0.72387964,0.4099256,3.5494657,0.7764084507042253,0.7132352900363238,0.7487619568453743,0.0,0.0,2,0,0
0.7685714285714286,0.82182217,0.7334396,1.6172658,0.7228915662650602,0.6646862788481565,0.6524752213743842,0.15555555555555556,0.2456140350877193,2,6,6
0.8228571428571428,0.74924004,0.7012597,1.1810638,0.8742857142857142,0.7583132347294808,0.8333104305228043,0.375,0.6034482758620691,2,9,9
0.8285714285714286,0.80647284,0.58160114,2.8303187,0.7388059701492538,0.673309992931715,0.6618444488906674,0.0,0.0,0,11,6-5-8
0.8885714285714286,0.6886971,0.6798085,0.7686939,0.9608540925266903,0.869707629604363,0.8874598384052451,0.6964285714285714,0.7407407407407407,0,0,0
