ACC,Loss,LossPrivileged,LossUnprivileged,AEQ,OEQ,OPP,MEQ,MPP,drift-id,gm-id,gm-name
0.48333333333333334,4.750952,4.7669477,4.6069903,0.22261484098939932,0.09576719576719576,0.1631794131794132,0.0,0.0,0,0,0
0.61,4.664249,4.6696606,4.615543,0.4655172413793103,0.23156028368794326,0.3002136752136752,0.0,0.0,0,0,0
0.6383333333333333,4.6696415,4.6777864,4.5963416,0.4958677685950413,0.22674216027874566,0.2237179487179487,0.0,0.0,0,0,0
0.6383333333333333,4.6338563,4.635767,4.6166615,0.4438356164383561,0.2628536922015183,0.2507086167800453,0.0,0.0,0,0,0
0.6283333333333333,4.639284,4.6426167,4.6092978,0.47765363128491617,0.26904761904761904,0.32019739519739526,0.0,0.0,2,0,0
0.675,4.6200194,4.620449,4.616151,0.49218749999999994,0.28790338449429353,0.3219336219336219,0.0,0.0,2,0,0
0.64,4.6186414,4.619164,4.613935,0.46849315068493147,0.2575650118203309,0.26626039304610727,0.0,0.0,2,0,0
0.64,4.6350226,4.639607,4.5937667,0.44262295081967207,0.22274844720496895,0.2558802308802309,0.0,0.0,0,0,0
0.62,4.6158113,4.6164103,4.6104198,0.48441926345609065,0.2670940170940171,0.30956160241874525,0.0,0.0,0,0,0
