ACC,Loss,LossPrivileged,LossUnprivileged,BalancedACC,drift-id,gm-id,gm-name
0.9214285714285714,0.34237075,0.28844953,0.82766145,0.8724489795918368,0,0,0
0.9585714285714285,0.14284025,0.13486348,0.21463116,0.9489291598023064,0,0,0
0.9514285714285714,0.287305,0.24071375,0.7066263,0.923841059602649,0,0,0
0.9871428571428571,0.064136915,0.05943942,0.10641431,0.9823434991974317,0,0,0
0.9728571428571429,0.119236186,0.107667714,0.22335254,0.9658536585365853,0,0,0
0.9657142857142857,0.13006136,0.11437155,0.2712698,0.9249592169657422,0,0,0
0.9842857142857143,0.072354876,0.07373229,0.059958212,0.9983896940418678,0,0,0
0.9428571428571428,0.45920825,0.13078895,3.414982,0.7697368421052632,1,0,0
0.99,0.043114673,0.040346753,0.06802595,0.9951923076923077,1,6,3-1-4
