ACC,Loss,LossPrivileged,LossUnprivileged,BalancedACC,drift-id,gm-id,gm-name
0.7975790181573639,0.42296222,0.42521092,0.3665465,0.9659723255467936,0,0,0
0.788836583725622,0.45471823,0.40657058,1.3015163,0.5888325991189427,1,0,0
0.7982515131136516,0.42417374,0.38797405,1.1569588,0.6694765634713415,1,0,0
0.8036314727639543,0.42153445,0.3920065,0.99348646,0.8105958366674231,1,0,0
0.8224613315400134,0.379998,0.36340967,0.7677839,0.8518755209780494,1,0,0
0.8338937457969066,0.35062551,0.32666302,0.82155496,0.7059895108140721,1,0,0
0.8419636852723604,0.35524604,0.33589426,0.792659,0.7459793598407459,1,0,0
0.8480161398789509,0.332108,0.33040047,0.3700734,0.8989145008250825,0,0,0
0.8258238063214526,0.34630674,0.3393166,0.5069673,0.8944653676109382,0,0,0
