ACC,Loss,LossPrivileged,LossUnprivileged,BalancedACC,drift-id,gm-id,gm-name
0.8331193838254172,0.40981224,0.4246899,0.27798486,0.8904892367906067,0,0,0
0.8267008985879333,0.3991052,0.40534014,0.3430706,0.9425190903750944,0,0,0
0.8048780487804879,0.41455087,0.42186072,0.3201749,0.9136534281762497,0,0,0
0.8023106546854942,0.41329858,0.41682795,0.3781038,0.9272020005557099,0,0,0
0.7779204107830552,0.5187798,0.3680952,2.2613747,0.21379777717538628,2,0,0
0.754813863928113,0.4938524,0.47124392,0.697039,0.9835026608611515,2,2,2
0.7753530166880617,0.44591886,0.44682276,0.43646765,0.9003346428051796,2,9,4-2-5-1-3
0.7804878048780488,0.4383892,0.45447963,0.27793905,0.883132859486058,2,9,4-2-5-1-3
0.82798459563543,0.3633745,0.37121516,0.28395972,0.9441888619854721,2,9,4-2-5-1-3
