ACC,Loss,LossPrivileged,LossUnprivileged,AEQ,OEQ,OPP,drift-id,gm-id,gm-name
0.832,0.54651153,0.29403657,1.5564113,0.6222222222222222,0.613725874304791,0.775482582407272,0,0,0
0.8053333333333333,1.2906828,0.32581955,5.150136,0.3142857142857143,0.2962627724441643,0.460265396754274,3,0,0
0.4266666666666667,5.760879,4.7482696,9.8113165,0.35374149659863946,0.2962350607827381,0.787248187803599,3,1,1
0.8186666666666667,1.1669886,0.4408721,4.0714545,0.5650557620817844,0.5697052639817535,0.5721155045636548,3,0,0
0.7973333333333333,1.7183263,0.4191734,6.914938,0.3490909090909091,0.3246214774642045,0.4294513857560766,2,0,0
0.6666666666666666,3.4103816,1.8047217,9.83302,0.3103448275862069,0.29942122801253956,0.8336569579288025,2,12,12
0.7866666666666666,1.0924175,0.39185828,3.8946545,0.37037037037037035,0.3844750822532922,0.4352382189516632,4,0,0
0.8373333333333334,0.94848925,0.3106085,3.5000114,0.4697508896797153,0.47662460071285084,0.5629234730828035,4,0,0
0.8426666666666667,0.6769606,0.24267797,2.4140909,0.4822695035460993,0.4236748366605111,0.5765059311496539,4,0,0
