ACC,Loss,LossPrivileged,LossUnprivileged,BalancedACC,drift-id,gm-id,gm-name
0.7946084724005135,0.4518637,0.468408,0.3031769,0.8726716934990829,0,0,0
0.7689345314505777,0.50532764,0.40603304,1.633819,0.4333305823773761,1,0,0
0.7817715019255456,0.47456875,0.36170545,1.6000226,0.3913858578089699,1,0,0
0.7573812580231065,0.50564355,0.37627566,1.5346383,0.41117052881758764,1,0,0
0.43902439024390244,1.577747,1.7144554,0.31319523,0.42773207990599293,2,0,0
0.8010269576379975,0.48538044,0.4969535,0.39788353,0.9258720930232558,2,5,5
0.8215661103979461,0.47282034,0.47689897,0.4230481,0.9883503401360543,2,9,3-2-5-1-4
0.306803594351733,1.3920494,1.3747323,1.582273,0.9486713286713286,1,9,3-2-5-1-4
0.7869062901155327,0.44280523,0.35278022,1.3134582,0.445602879985039,1,0,0
