ACC,Loss,LossPrivileged,LossUnprivileged,BalancedACC,drift-id,gm-id,gm-name
0.8110289172831204,0.4164236,0.4218122,0.29661077,0.8743523470347917,0,0,0
0.7787491593813046,0.5036854,0.393418,2.63955,0.20282579071935736,2,0,0
0.800941492938803,0.43893,0.4372974,0.46764296,0.9245696980933841,2,1,1
0.7713517148621385,0.44108686,0.4262387,0.7022296,0.8183964416058394,1,9,2-1-4-3-5
0.8285137861466039,0.37652004,0.3679948,0.6071851,0.814412822616268,1,9,2-1-4-3-5
0.8325487558843309,0.36014694,0.34946018,0.57328004,0.8393797126191492,1,9,2-1-4-3-5
0.8352387357094821,0.35296303,0.33851472,0.6454376,0.725974025974026,2,9,2-1-4-3-5
0.8291862811028917,0.36065525,0.35214713,0.5102917,0.8211481324278438,2,9,2-1-4-3-5
0.827841291190316,0.3589301,0.3456029,0.56827235,0.7626476274333404,2,9,2-1-4-3-5
