ACC,BalancedACC,drift-id,gm-id
0.10220125786163523,0.18150963888134675,0,0
0.7704402515723271,0.9856884443498616,0,0
0.08018867924528301,0.3626844359828653,1,0
0.8160377358490566,0.9276620796232247,1,0
0.8349056603773585,0.9608486439195101,1,0
0.8522012578616353,0.9958501218423529,1,0
0.85062893081761,0.9691022664720101,1,0
0.8789308176100629,0.9870389761489238,1,0
0.8380503144654088,0.9777918627044684,0,0
0.8742138364779874,0.9626971407335145,0,0
0.8679245283018868,0.9594850346970724,0,0
