ACC,Loss,LossPrivileged,LossUnprivileged,BalancedACC,drift-id,gm-id,gm-name
0.8149920255183413,0.41437396,0.46325657,0.31936267,0.8839423373419674,0,0,0
0.8245614035087719,0.38815087,0.43554288,0.28158024,0.9077121171049065,0,0,0
0.8133971291866029,0.38445386,0.3952479,0.36018115,0.946693619066467,0,0,0
0.8405103668261563,0.3517589,0.3982336,0.2567791,0.882321726386011,0,0,0
0.6108452950558214,1.080486,0.3899035,2.5020752,0.2879500580720093,1,0,0
0.7942583732057417,0.4229162,0.41529348,0.43919075,0.9894613583138172,1,1,1
0.8309409888357256,0.3852445,0.39556915,0.36336243,0.957377988863413,1,1,1
0.620414673046252,0.679298,0.38015425,1.2733119,0.3339339339339339,0,1,1
0.8660287081339713,0.31315732,0.3558248,0.22903568,0.9198136707851734,0,0,0
