ACC,Loss,LossPrivileged,LossUnprivileged,BalancedACC,drift-id,gm-id,gm-name
0.8528571428571429,0.41036952,0.37854457,0.6967938,0.9132841328413284,0,0,0
0.8742857142857143,0.3807377,0.37852964,0.40061015,0.9856630824372761,0,0,0
0.9085714285714286,0.3412519,0.3386689,0.36449865,0.9595959595959597,0,0,0
0.88,0.49962324,0.48236144,0.654979,0.9533213644524238,0,0,0
0.9014285714285715,0.49145147,0.45370823,0.83114094,0.9806678383128294,0,0,0
0.9028571428571428,0.50066096,0.4521946,0.93685806,0.9614711033274956,0,0,0
0.8942857142857142,0.4238064,0.39177495,0.71208924,0.9190140845070423,0,0,0
0.9042857142857142,0.6803561,0.40426278,3.1651955,0.7718696397941681,1,0,0
0.8542857142857143,0.790484,0.7576957,1.0855792,0.9116022099447513,1,1,1
