ACC,Loss,LossPrivileged,LossUnprivileged,BalancedACC,drift-id,gm-id,gm-name
0.8966666666666666,0.23875397,0.23768058,0.26153302,0.9909208819714656,0,0,0
0.8716666666666667,0.29584962,0.27821344,0.71911794,0.8063241106719368,0,0,0
0.8666666666666667,0.3197994,0.267142,1.3202899,0.5643564356435644,1,0,0
0.855,0.3615593,0.2859317,2.1766226,0.4771371769383698,1,0,0
0.8866666666666667,0.25977802,0.23552977,0.84173703,0.6963249516441006,1,0,0
0.8783333333333333,0.30650756,0.26653978,0.9146658,0.662884666845063,1,0,0
0.885,0.29325217,0.24785194,1.1558567,0.5902912621359223,1,0,0
0.8833333333333333,0.29347223,0.2832504,0.48768672,0.9405940594059407,0,0,0
0.8783333333333333,0.26920497,0.2661281,0.3345031,0.9245324532453244,0,0,0
