ACC,Loss,LossPrivileged,LossUnprivileged,BalancedACC,drift-id,gm-id,gm-name
0.7799461641991925,0.46125665,0.46573907,0.36001062,0.8886730978087267,0,0,0
0.8169582772543742,0.40418744,0.40841305,0.3102999,0.9135637969748563,0,0,0
0.8135935397039031,0.3719498,0.3765821,0.291599,0.9380681240467718,0,0,0
0.8304172274562585,0.36137518,0.36852765,0.2419969,0.9258773181169756,0,0,0
0.8216689098250336,0.3537321,0.35236496,0.38268757,0.9299220028427754,0,0,0
0.8331090174966352,0.34811553,0.3502506,0.30618575,0.9997171145685997,0,0,0
0.8149394347240915,0.37767932,0.3819626,0.2869619,0.938628465893903,0,0,0
0.8263795423956931,0.3664388,0.34766507,0.8371001,0.7571529494878134,1,0,0
0.8425302826379543,0.34086883,0.31709135,0.84445405,0.8078265389470558,1,0,0
