ACC,Loss,LossPrivileged,LossUnprivileged,AEQ,OEQ,OPP,MEQ,MPP,drift-id,gm-id,gm-name
0.8171428571428572,0.509631,0.5041621,0.6135392,0.9047619047619048,0.7272818651653219,0.7729615098914551,0.0,0.0,0,0,0
0.8785714285714286,0.3703166,0.32796705,1.1749583,0.8050847457627119,0.6864331884628375,0.7025251791803943,0.0,0.0,2,0,0
0.8828571428571429,0.37651795,0.34575254,0.96106046,0.8344594594594594,0.723782054795435,0.6328364620702082,0.0,0.0,2,0,0
0.8928571428571429,0.4945496,0.43029395,1.7154077,0.7916666666666667,0.7258596558259356,0.6877306428951164,0.0,0.0,2,0,0
0.8842857142857142,0.51430583,0.47500855,1.2609547,0.7001675041876047,0.6211406571168879,0.6415311775382255,0.0,0.0,1,0,0
0.9071428571428571,0.44713646,0.40496036,1.2484828,0.8111658456486043,0.701668013473264,0.7500693029928428,0.0,0.0,1,0,0
0.8957142857142857,0.47522682,0.387544,2.1411996,0.6260296540362438,0.5301422899365731,0.47108482641296834,0.0,0.0,1,0,0
0.8957142857142857,0.47315526,0.437386,1.1527712,0.7562189054726368,0.5850759126092251,0.6504611219980945,0.0,0.0,2,0,0
0.9314285714285714,0.3369216,0.25606763,1.8731465,0.6634920634920635,0.6261945774205349,0.6302542469607687,0.0,0.0,2,0,0
