ACC,Loss,LossPrivileged,LossUnprivileged,BalancedACC,drift-id,gm-id
0.9214285714285714,0.24724635,0.31554058,0.17895207,0.9724770642201837,0,<federated.algorithms.fair_fed_drift.ClientIdentity.ClientIdentity object at 0x7fbb6c2fedd0>
0.8628571428571429,1.3021841,0.16052109,2.4438474,0.7976190476190476,2,<federated.algorithms.fair_fed_drift.ClientIdentity.ClientIdentity object at 0x7fbb50081450>
0.8771428571428571,0.48606044,0.4243549,0.547766,0.9870550161812297,2,<federated.algorithms.fair_fed_drift.ClientIdentity.ClientIdentity object at 0x7fbad8173820>
0.8557142857142858,0.6797594,0.40113664,0.95838207,0.8318042813455657,2,<federated.algorithms.fair_fed_drift.ClientIdentity.ClientIdentity object at 0x7fbacb9db8e0>
0.7614285714285715,2.0455685,0.4412434,3.6498935,0.7649006622516556,1,<federated.algorithms.fair_fed_drift.ClientIdentity.ClientIdentity object at 0x7fbad86600d0>
0.9485714285714286,0.21612872,0.117883496,0.31437394,0.9761904761904763,1,<federated.algorithms.fair_fed_drift.ClientIdentity.ClientIdentity object at 0x7fbb503f15d0>
0.9557142857142857,0.20864582,0.25702906,0.16026254,0.9792899408284025,1,<federated.algorithms.fair_fed_drift.ClientIdentity.ClientIdentity object at 0x7fbacbdd1450>
0.7685714285714286,2.6392798,0.17269118,5.105869,0.635258358662614,2,<federated.algorithms.fair_fed_drift.ClientIdentity.ClientIdentity object at 0x7fbb50305e70>
0.9871428571428571,0.051352616,0.045079283,0.057625934,0.9913544668587896,2,<federated.algorithms.fair_fed_drift.ClientIdentity.ClientIdentity object at 0x7fbaf43ce8f0>
0.8628571428571429,1.4801406,0.14608805,2.814193,0.7922848664688428,0,<federated.algorithms.fair_fed_drift.ClientIdentity.ClientIdentity object at 0x7fbaf436e0b0>
