ACC,Loss,LossPrivileged,LossUnprivileged,BalancedACC,drift-id,gm-id
0.8514285714285714,0.4383135139942169,0.4241819977760315,0.5654968619346619,0.8966789667896679,0,<federated.algorithms.fair_fed_drift.ClientIdentity.ClientIdentity object at 0x13baa5be0>
0.8714285714285714,0.37993377447128296,0.35705870389938354,0.5858100056648254,0.8918918918918919,0,<federated.algorithms.fair_fed_drift.ClientIdentity.ClientIdentity object at 0x163a6b198>
0.8842857142857142,0.3578762114048004,0.334887832403183,0.5647719502449036,0.8776595744680851,0,<federated.algorithms.fair_fed_drift.ClientIdentity.ClientIdentity object at 0x1636e3160>
0.8842857142857142,0.44226840138435364,0.4033539891242981,0.7924982309341431,0.8776595744680851,0,<federated.algorithms.fair_fed_drift.ClientIdentity.ClientIdentity object at 0x13f9a4e10>
0.8628571428571429,0.7711737751960754,0.4663015604019165,3.515024185180664,0.7594254937163375,2,<federated.algorithms.fair_fed_drift.ClientIdentity.ClientIdentity object at 0x13f98b400>
0.7914285714285715,0.8284837007522583,0.7353687882423401,1.6665172576904297,0.8343195266272189,2,<federated.algorithms.fair_fed_drift.ClientIdentity.ClientIdentity object at 0x164ee1390>
0.8614285714285714,0.5008576512336731,0.4269496500492096,1.1660298109054565,0.8315217391304347,2,<federated.algorithms.fair_fed_drift.ClientIdentity.ClientIdentity object at 0x13ba510f0>
0.84,0.8208401203155518,0.517665684223175,3.549410104751587,0.639344262295082,0,<federated.algorithms.fair_fed_drift.ClientIdentity.ClientIdentity object at 0x163d20c88>
0.8714285714285714,0.5633677244186401,0.5333029627799988,0.8339500427246094,0.9276672694394213,0,<federated.algorithms.fair_fed_drift.ClientIdentity.ClientIdentity object at 0x164881cc0>
0.9157142857142857,0.3200734257698059,0.31784021854400635,0.3401727080345154,0.9809688581314879,0,<federated.algorithms.fair_fed_drift.ClientIdentity.ClientIdentity object at 0x1655ec518>
