ACC,Loss,LossPrivileged,LossUnprivileged,AEQ,OEQ,OPP,drift-id,gm-id,gm-name
0.5633333333333334,4.69628,4.699799,4.66461,0.6878980891719746,0.3257747543461829,0.2847011144883485,0,0,0
0.615,4.6447945,4.6465836,4.6286907,0.4615384615384615,0.24733796296296298,0.2362403100775194,1,0,0
0.6266666666666667,4.63199,4.633114,4.6218762,0.4525139664804469,0.2252070393374741,0.24303248431155405,1,0,0
0.6366666666666667,4.6459074,4.648888,4.6190777,0.6573033707865169,0.32386243386243385,0.30238095238095236,1,0,0
0.5833333333333334,4.6206737,4.621407,4.614076,0.4311377245508982,0.21159351877436983,0.27675438596491225,1,0,0
0.6233333333333333,4.619106,4.6197977,4.6128774,0.40223463687150834,0.19808188265635077,0.256038961038961,1,0,0
0.6316666666666667,4.6335716,4.636068,4.6111026,0.4487534626038781,0.30314814814814817,0.24108946608946613,1,0,0
0.6266666666666667,4.614606,4.6149716,4.611314,0.559322033898305,0.2790286404416839,0.32793154761904764,0,0,0
0.6066666666666667,4.6134157,4.613707,4.610793,0.4956521739130435,0.2440719144800777,0.27168650793650795,0,0,0
