ACC,Loss,LossPrivileged,LossUnprivileged,AEQ,OEQ,OPP,MEQ,MPP,drift-id,gm-id,gm-name
0.9385714285714286,0.23415491,0.22764045,0.29278517,0.9881756756756758,0.8908447613451906,0.8918781648341143,0.6944444444444444,0.5777777777777777,0,0,0
0.9328571428571428,0.37819096,0.17234091,2.2308414,0.795,0.7444858964083427,0.7570098843428467,0.0,0.0,1,0,0
0.8757142857142857,0.6170156,0.59569895,0.8088656,0.8694096601073346,0.8161197815881653,0.8317368955552327,0.21705426356589144,0.7226502311248074,1,3,3
0.9028571428571428,0.4095811,0.36609873,0.80092216,0.9094076655052266,0.8447560105208126,0.8147544758686959,0.627906976744186,0.691358024691358,1,1,1
0.9614285714285714,0.17110652,0.14467017,0.40903375,0.9132569558101472,0.8918012851738896,0.9066409064394424,0.7629310344827586,0.7758620689655172,1,8,1-5-3-4
0.95,0.21005097,0.20781769,0.23015025,0.991652754590985,0.9230671138146092,0.9278976994092136,0.7380952380952381,0.7659574468085106,1,8,1-5-3-4
0.9714285714285714,0.12515332,0.112496585,0.23906392,0.9674267100977199,0.9459300652268261,0.9437605402797873,0.8866995073891625,0.8714285714285714,1,8,1-5-3-4
0.92,0.6911547,0.26485518,4.527851,0.66,0.7267749997758197,0.66765050841773,0.0,0.0,0,8,1-5-3-4
0.9742857142857143,0.074601404,0.045163937,0.33953854,0.9320388349514563,0.9186040724602386,0.9267213927270349,0.8163265306122449,0.7767857142857143,0,0,0
