ACC,Loss,LossPrivileged,LossUnprivileged,BalancedACC,drift-id,gm-id,gm-name
0.8314285714285714,0.4715479,0.45696318,0.6028102,0.8830188679245283,0,0,0
0.88,0.34934488,0.33610737,0.46848226,0.9000000000000001,0,0,0
0.8871428571428571,0.37437427,0.3490366,0.602413,0.8745583038869258,0,0,0
0.8928571428571429,0.48713815,0.4129862,1.1545053,0.8339160839160839,0,0,0
0.8714285714285714,0.9149477,0.53983605,4.2909517,0.6996466431095406,1,0,0
0.8528571428571429,0.6101184,0.5351802,1.2845618,0.8768382352941175,1,4,4
0.8842857142857142,0.5032638,0.46331215,0.8628285,0.8776595744680851,1,4,4
0.8514285714285714,0.94161314,0.6185557,3.8491306,0.6998191681735986,0,4,4
0.8757142857142857,0.79647225,0.7265378,1.4258817,0.9048473967684022,0,0,0
