ACC,Loss,LossPrivileged,LossUnprivileged,AEQ,OEQ,OPP,drift-id,gm-id,gm-name
0.832,0.6337302,0.41896033,1.4928094,0.6051660516605166,0.6060912930126291,0.7056890370694296,0,0,0
0.7733333333333333,1.8258604,0.6758241,6.4260054,0.3609022556390977,0.3063423628674328,0.3335215397602324,2,0,0
0.6346666666666667,2.802755,1.4418638,8.246321,0.08583690987124463,0.07763085615094431,0.44224038277035627,2,5,5
0.8026666666666666,1.8174942,0.39567563,7.504769,0.3623188405797101,0.37175563955269847,0.45937593813119143,2,0,0
0.6426666666666667,2.9658775,1.4252543,9.12837,0.11965811965811966,0.11880720519129305,0.4931946992797863,1,9,9
0.7466666666666667,1.7473351,1.1813653,4.0112147,0.5901639344262295,0.601361301337452,0.8427657246219812,1,4,4
0.8346666666666667,1.0487053,0.63287246,2.712037,0.6716417910447761,0.6846519201675567,0.9590903745747033,1,4,4
0.7413333333333333,2.407211,0.7206782,9.153344,0.26053639846743293,0.294279883154072,0.3368083574004991,2,4,4
0.816,0.8614445,0.32635468,3.001804,0.5,0.4892366780084808,0.537086752512045,2,0,0
