ACC,Loss,LossPrivileged,LossUnprivileged,BalancedACC,drift-id,gm-id,gm-name
0.9371428571428572,0.20750917,0.2235146,0.19150378,0.9759036144578312,0,0,0
0.8514285714285714,1.546812,0.16357632,2.9300478,0.7844311377245509,1,0,0
0.8557142857142858,0.65804905,0.5718005,0.74429756,0.9575163398692811,1,2,2
0.9114285714285715,0.43400806,0.5260155,0.3420006,0.963076923076923,1,7,1-4-2-3
0.8,2.457758,0.22829,4.687227,0.6867469879518072,2,7,1-4-2-3
0.8457142857142858,0.74620795,0.54678124,0.9456345,0.9096774193548387,2,12,12
0.9285714285714286,0.32374537,0.29477575,0.352715,0.9877675840978594,2,16,11-9-8-10-12
0.82,2.341228,0.12591593,4.556541,0.7237237237237237,1,16,11-9-8-10-12
0.9714285714285714,0.12365193,0.057837777,0.18946609,0.9825072886297376,1,7,1-4-2-3
