ACC,Loss,LossPrivileged,LossUnprivileged,AEQ,OEQ,OPP,MEQ,MPP,drift-id,gm-id,gm-name
0.94,0.2361881,0.20365109,0.52902067,0.9696969696969697,0.895236205465873,0.8938944557347572,0.7720588235294118,0.6352941176470588,0,0,0
0.9642857142857143,0.17383014,0.16833417,0.22329356,0.9753694581280787,0.9208406706506143,0.9369995584702092,0.5491803278688525,0.7644230769230769,0,0,0
0.97,0.12715524,0.11719932,0.21675849,0.9852941176470589,0.9310667081893215,0.944659223534936,0.8137931034482758,0.8703296703296702,0,0,0
0.9742857142857143,0.09067226,0.06842479,0.29089943,0.9320388349514563,0.9053500860983921,0.9146115828644085,0.7613636363636364,0.7826086956521738,0,0,0
0.9385714285714286,0.52895916,0.19351976,3.5479136,0.7413509060955519,0.7604993386243386,0.749500048836471,0.0,0.0,2,0,0
0.87,0.6545633,0.5700591,1.4151019,0.7526690391459073,0.6958721216531064,0.7264148730791411,0.28703703703703703,0.4320987654320988,2,9,9
0.9357142857142857,0.2767862,0.21176349,0.8619909,0.8250000000000001,0.8103001691945316,0.8276014339740441,0.5357142857142857,0.5783866057838661,2,14,9-7-8-10
0.9685714285714285,0.2862435,0.057266973,2.347032,0.7945425361155698,0.7261569858174273,0.7503630109549316,0.0,0.0,0,14,9-7-8-10
0.99,0.03505572,0.018258212,0.18623327,0.963258785942492,0.9526054364578954,0.9521028342201788,0.8333333333333334,0.8333333333333334,0,0,0
