ACC,Loss,LossPrivileged,LossUnprivileged,BalancedACC,drift-id,gm-id,gm-name
0.82,0.4807027,0.45135996,0.5100454,0.9391891891891891,0,0,0
0.8385714285714285,0.44112912,0.4274972,0.45476097,0.983108108108108,0,0,0
0.8314285714285714,0.5473708,0.5191791,0.5755625,0.9271523178807948,0,0,0
0.8185714285714286,0.5771248,0.45999628,0.6942532,0.8725490196078431,0,0,0
0.7628571428571429,1.5732892,0.44309378,2.703484,0.7225806451612904,2,0,0
0.8071428571428572,0.5949767,0.4293273,0.76062614,0.8108974358974359,2,0,0
0.7971428571428572,0.72444177,0.37923348,1.0696502,0.7942122186495177,2,0,0
0.8357142857142857,0.56685597,0.42976716,0.70394474,0.8993506493506495,2,0,0
0.8171428571428572,0.7469478,0.46726567,1.0266299,0.8511326860841424,2,0,0
