ACC,Loss,LossPrivileged,LossUnprivileged,BalancedACC,drift-id,gm-id,gm-name
0.7948890383322125,0.44753933,0.44948745,0.38913608,0.9776019671780618,0,0,0
0.7767316745124412,0.4765814,0.3935757,2.235807,0.31660677281431154,2,0,0
0.8143913920645595,0.41452786,0.41276452,0.45720693,0.9397484483989673,2,5,5
0.8076664425016813,0.40077445,0.38774624,0.70533586,0.7430848966255422,1,9,2-1-4-3-5
0.8130464021519839,0.39687768,0.38113096,0.72048306,0.6850241545893719,1,9,2-1-4-3-5
0.8312037659717552,0.359777,0.3510478,0.5174617,0.873328113786129,1,9,2-1-4-3-5
0.8325487558843309,0.35664597,0.34950393,0.5180796,0.8722701608607648,1,9,2-1-4-3-5
0.8049764626765299,0.40363687,0.34545553,1.5993056,0.38477952513105146,0,9,2-1-4-3-5
0.8345662407531943,0.3465252,0.34520742,0.3753542,0.975990675990676,0,0,0
