ACC,Loss,LossPrivileged,LossUnprivileged,AEQ,OEQ,OPP,MEQ,MPP,drift-id,gm-id,gm-name
0.8264963012777404,0.34936777,0.35322437,0.26219693,0.8932221038357226,0.9036244489455498,0.9009856369384696,0.8675324675324675,0.8835341365461847,0,0,0
0.8486886348352387,0.35051116,0.33571252,0.64134526,0.9296334716459198,0.7997550733352093,0.9246760792869926,0.6094441711756026,0.9203801959571628,2,0,0
0.7975790181573639,0.40660715,0.39694002,0.5531904,0.9366606982990152,0.9496364284306142,0.9316688057181195,0.9270506346390063,0.8848484848484849,2,4,4
0.8143913920645595,0.36189172,0.36139917,0.37129653,0.9779349662162161,0.9128491281585117,0.7503508859788727,0.8891402714932127,0.5610859728506787,1,6,6
0.831876260928043,0.35355902,0.34033877,0.6574108,0.9883452102485993,0.8593555332580793,0.9693346308280835,0.7415966386554622,0.9607843137254901,1,0,0
0.8264963012777404,0.36804155,0.3665443,0.39663023,0.9800476267542136,0.8641585875867313,0.8218246812991832,0.7613344739093243,0.6646706586826348,1,17,17
0.8392737054472091,0.34615248,0.3220062,0.88302994,0.8701212531223981,0.6886092282147322,0.9105579992652322,0.41383495145631066,0.836815657233536,2,0,0
0.827841291190316,0.41243893,0.33910805,1.755251,0.4574110319322643,0.43851943279633654,0.3823995677897398,0.11506499041125079,0.2777327935222672,3,10,10
0.831876260928043,0.34077385,0.33869022,0.38172308,0.9668033173122232,0.6627936292078896,0.9528793850299151,0.5867007672634271,0.9360322075598301,3,7,7
