ACC,Loss,LossPrivileged,LossUnprivileged,BalancedACC,drift-id,gm-id,gm-name
0.8133971291866029,0.4152005,0.47213617,0.3175965,0.9116415410385259,0,0,0
0.8118022328548644,0.41015396,0.46964163,0.2868045,0.8968045262570723,0,0,0
0.8373205741626795,0.3325666,0.3802701,0.22920911,0.8997407087294728,0,0,0
0.8149920255183413,0.3943025,0.44794798,0.28777802,0.8949796684391618,0,0,0
0.6634768740031898,0.995554,0.35497046,2.4578285,0.347783208365361,2,0,0
0.7639553429027113,0.4973052,0.4330522,0.62043196,0.9343348259425105,2,1,1
0.7464114832535885,0.502778,0.4758766,0.5623749,0.9359831657703999,2,1,1
0.6156299840510366,0.6906225,0.40080902,1.2539221,0.2892354124748491,0,1,1
0.8437001594896332,0.33604506,0.36438778,0.27372015,0.9120966040919637,0,0,0
