ACC,Loss,LossPrivileged,LossUnprivileged,BalancedACC,drift-id,gm-id,gm-name
0.8076664425016813,0.41089055,0.41404286,0.339639,0.9397237827715357,0,0,0
0.8043039677202422,0.450373,0.40058592,1.3876979,0.6346067415730338,1,0,0
0.8029589778076665,0.42520836,0.42737314,0.39199924,0.9326647564469913,1,1,1
0.8312037659717552,0.3771034,0.38387477,0.2564189,0.8810465294840296,1,12,1-4-2-3
0.8143913920645595,0.38008583,0.34616953,1.0011503,0.5289697558176742,2,12,1-4-2-3
0.8197713517148622,0.36506724,0.37490734,0.20672096,0.934595864661654,2,15,5-6-7
0.8258238063214526,0.35289508,0.35974148,0.1928473,0.930003636174744,2,15,5-6-7
0.7982515131136516,0.50210994,0.344397,3.6016078,0.2345600075779104,0,15,5-6-7
0.8412911903160726,0.34292457,0.34658942,0.27193716,0.9123266271190018,0,0,0
