ACC,Loss,LossPrivileged,LossUnprivileged,AEQ,OEQ,OPP,drift-id,gm-id,gm-name
0.7977777777777778,0.7042646,0.45328602,1.2062215,0.7509578544061303,0.7841633624220541,0.8437401039162101,0,0,0
0.66,3.1277068,0.7742172,7.8346868,0.29343629343629346,0.31375918643817413,0.6325326570086416,1,0,0
0.49777777777777776,3.2095728,2.6794116,4.269896,0.6508875739644969,0.6602550639088473,0.8420171590241666,1,4,4
0.7311111111111112,1.5579923,1.2060071,2.2619624,0.7763713080168776,0.7717611121126395,0.8843600486235005,1,3,3
0.6133333333333333,3.702588,0.9918315,9.124101,0.2530612244897959,0.2466232606454142,0.3941825008788972,2,3,3
0.7733333333333333,1.0394542,0.2545388,2.609285,0.5035971223021583,0.4987989270624787,0.6236765591839251,2,0,0
0.7822222222222223,1.0225977,0.28100887,2.5057755,0.5232974910394266,0.5320772735570597,0.6880141013377867,2,0,0
0.8133333333333334,0.7432848,0.37005243,1.4897498,0.6911764705882354,0.6951498611367463,0.7454281690172928,2,0,0
0.8355555555555556,0.64591974,0.32731766,1.2831237,0.7647058823529412,0.7709418741255214,0.6581202879528381,2,0,0
