ACC,Loss,LossPrivileged,LossUnprivileged,BalancedACC,drift-id,gm-id,gm-name
0.9614285714285714,0.16320741,0.15191919,1.2807407,0.7410179640718563,0,0,0
0.9642857142857143,0.12710288,0.112517096,1.5710946,0.5901639344262295,1,0,0
0.9771428571428571,0.08122748,0.08012307,0.19056384,0.9769119769119771,1,0,0
0.9585714285714285,0.14774343,0.12841247,2.0615084,0.44461077844311375,1,0,0
0.9857142857142858,0.072227076,0.07255613,0.0396502,0.9855699855699855,1,0,0
0.9728571428571429,0.1463894,0.12252593,2.5088735,0.5849335302806499,1,0,0
0.9842857142857143,0.10135813,0.08269386,1.9491212,0.7236842105263158,1,0,0
0.9842857142857143,0.16080472,0.16220507,0.022170406,0.9841269841269842,0,0,0
0.9857142857142858,0.061590794,0.045922574,1.6127449,0.8684210526315789,0,0,0
