ACC,Loss,LossPrivileged,LossUnprivileged,BalancedACC,drift-id,gm-id,gm-name
0.89,0.2777122,0.25772566,0.53660774,0.9085613086638393,0,0,0
0.855,0.36126214,0.28397048,1.0568869,0.6589958158995817,1,0,0
0.87,0.31311792,0.2610696,0.9116737,0.7260692464358453,1,0,0
0.8666666666666667,0.3078687,0.26721397,0.6951584,0.8154049005603781,1,0,0
0.8766666666666667,0.31253815,0.2666843,0.6965641,0.8410041841004184,1,0,0
0.8866666666666667,0.3020538,0.24071318,0.89793396,0.7050691244239632,1,0,0
0.8716666666666667,0.33869025,0.2661323,1.2335714,0.6713709677419355,1,0,0
0.895,0.2644277,0.24840479,0.4529531,0.8960047755084637,0,0,0
0.8933333333333333,0.26074633,0.23985608,0.44533408,0.9090602442150713,0,0,0
