ACC,Loss,LossPrivileged,LossUnprivileged,AEQ,OEQ,OPP,MEQ,MPP,drift-id,gm-id,gm-name
0.8428571428571429,0.4127509,0.40811008,0.45451853,0.9438202247191012,0.8560623840343101,0.8928196942897794,0.43902439024390244,0.6707317073170731,0,0,0
0.86,0.37216422,0.34492743,0.61729527,0.9230769230769231,0.8442344967429376,0.837737876201488,0.36904761904761907,0.4107142857142857,0,0,0
0.8928571428571429,0.44553745,0.42843,0.59950554,0.9381625441696113,0.854015314634126,0.8460302433679961,0.6888888888888889,0.6166666666666667,0,0,0
0.7542857142857143,0.842426,0.7851028,1.3583351,0.8589211618257262,0.6462572370607477,0.7042700015846002,0.0,0.0,0,4,4
0.8842857142857142,0.67419,0.3920701,3.2132688,0.7565674255691769,0.7144769426529519,0.7237597996399059,0.0,0.0,2,0,0
0.7714285714285715,0.7828848,0.69362944,1.5861827,0.72,0.6660899215325984,0.6534938203295716,0.14666666666666667,0.3114035087719298,2,12,12
0.8857142857142857,0.6667994,0.4575984,2.54961,0.7552447552447552,0.7220239088995223,0.6817529452515474,0.0,0.0,2,0,0
0.7471428571428571,1.2382385,0.9497698,3.834457,0.7051546391752577,0.6216310750023486,0.6478719391184977,0.0,0.0,0,19,19
0.8928571428571429,0.5335281,0.5358825,0.51233953,0.9381625441696113,0.8599143813340253,0.8933102106455231,0.3846153846153846,0.7625000000000001,0,0,0
