ACC,Loss,LossPrivileged,LossUnprivileged,BalancedACC,drift-id,gm-id,gm-name
0.7933247753530167,0.43509904,0.44700217,0.32499495,0.8744038155802862,0,0,0
0.7984595635430038,0.41318172,0.42269024,0.31687427,0.9079978727831858,0,0,0
0.7766367137355584,0.5072057,0.41018957,1.5215956,0.5073911713732286,1,0,0
0.7560975609756098,0.4873975,0.42901337,1.1509376,0.6529309509560856,1,11,5-4-2-3-1-6
0.7971758664955071,0.46720505,0.37716684,1.24309,0.6091528309919115,1,0,0
0.803594351732991,0.443867,0.37154353,1.143324,0.7670288143599433,1,11,5-4-2-3-1-6
0.8254172015404364,0.3861351,0.32519165,1.013234,0.5923436308161709,1,0,0
0.8189987163029525,0.37704334,0.37948546,0.3482986,0.9188073867739607,0,0,0
0.8369704749679076,0.35519928,0.34396484,0.46065277,0.9165432098765431,0,0,0
