ACC,Loss,LossPrivileged,LossUnprivileged,AEQ,OEQ,OPP,MEQ,MPP,drift-id,gm-id,gm-name
0.9285714285714286,0.23859937,0.20712014,0.52191263,0.9489795918367346,0.8728629858100447,0.8899916540279932,0.6666666666666666,0.6352941176470588,0,0,0
0.9614285714285714,0.17754878,0.17393267,0.21009377,0.9785831960461284,0.9205485791728127,0.9312697476378142,0.5491803278688525,0.7647058823529412,0,0,0
0.9685714285714285,0.12521143,0.112386286,0.24063781,0.9869067103109657,0.9214954051495482,0.9409247936308354,0.6103448275862069,0.875,0,0,0
0.9671428571428572,0.10568122,0.08146138,0.32365978,0.9073170731707317,0.8954787142102585,0.8814266165967691,0.7730769230769231,0.5222222222222221,0,0,0
0.9385714285714286,0.5798177,0.2138199,3.8737984,0.725328947368421,0.7464484126984127,0.7245845985155196,0.0,0.0,2,0,0
0.8628571428571429,0.6058899,0.51181966,1.4525218,0.7071428571428572,0.697622802902135,0.6754504745539835,0.29245283018867924,0.3834710743801653,2,12,12
0.94,0.27402222,0.21468322,0.80807334,0.8208955223880596,0.8066257768824909,0.8259998920566671,0.5357142857142857,0.6157407407407408,2,16,10-11-12-13
0.9671428571428572,0.2732791,0.042469528,2.3505654,0.7958199356913183,0.72925146845448,0.7455893947406375,0.0,0.0,0,16,10-11-12-13
0.9771428571428571,0.08297416,0.03954811,0.47380874,0.9130434782608695,0.8969367881662965,0.9170474122448209,0.5555555555555556,0.6355932203389831,0,0,0
