ACC,Loss,LossPrivileged,LossUnprivileged,BalancedACC,drift-id,gm-id
0.695,1.1807767,1.2678478,1.1517531,0.9701682005712474,0,0
0.7433333333333333,1.057673,1.1776432,1.0176829,0.9597514057413437,0,0
0.7263333333333334,1.1121055,1.095871,1.1175168,0.993302891933029,0,0
0.7321666666666666,1.0752985,1.050934,1.08342,0.9613910993221338,0,0
0.6816666666666666,1.9914004,0.9613125,2.3347633,0.8409417169107091,2,0
0.7425,1.0586154,0.97550195,1.0863198,0.945736434108527,2,0
0.7131666666666666,1.1499335,0.9016585,1.2326918,0.8795351473922902,2,0
0.753,1.284035,0.8262921,1.436616,0.9185369908561928,0,0
0.8275,0.74932814,0.83561313,0.72056645,0.9572263549415515,0,0
0.8386666666666667,0.67648315,0.7471442,0.6529295,0.9622047244094487,0,0
