ACC,Loss,LossPrivileged,LossUnprivileged,BalancedACC,drift-id,gm-id,gm-name
0.9528571428571428,0.16076364,0.14410096,0.47735432,0.8948194662480377,0,0,0
0.9428571428571428,0.16228496,0.14781551,0.43720466,0.9364069952305246,0,0,0
0.9671428571428572,0.15085319,0.112950236,0.87100905,0.8809891808346213,0,0,0
0.9571428571428572,0.20652193,0.20426571,0.24938995,0.9843014128728415,0,0,0
0.9714285714285714,0.24260835,0.076299705,3.4024734,0.7553516819571866,2,0,0
0.8528571428571429,0.75482404,0.73102194,1.2070651,0.7613240418118467,2,10,10
0.96,0.21320847,0.17562138,0.92736304,0.9188767550702027,2,0,0
0.9885714285714285,0.0763988,0.03192523,0.92139673,0.8910741301059001,0,0,0
0.9785714285714285,0.09301702,0.09782242,0.0017143829,0.9774436090225562,0,0,0
