ACC,Loss,LossPrivileged,LossUnprivileged,BalancedACC,drift-id,gm-id
0.9528571428571428,0.1736077,0.1620193,0.3937878,0.8015625000000001,0,<federated.algorithms.fair_fed_drift.ClientIdentity.ClientIdentity object at 0x7f66a7d9ab30>
0.9485714285714286,0.24068163,0.17185578,1.5483737,0.774294670846395,1,<federated.algorithms.fair_fed_drift.ClientIdentity.ClientIdentity object at 0x7f66a45a1d20>
0.9542857142857143,0.15817681,0.11691204,0.9422071,0.8003120124804992,1,<federated.algorithms.fair_fed_drift.ClientIdentity.ClientIdentity object at 0x7f65c874ae60>
0.9471428571428572,0.1980725,0.18114355,0.5197223,0.7755102040816327,1,<federated.algorithms.fair_fed_drift.ClientIdentity.ClientIdentity object at 0x7f65ec4ba7d0>
0.9557142857142857,0.16558705,0.10946557,1.2318956,0.6157407407407407,1,<federated.algorithms.fair_fed_drift.ClientIdentity.ClientIdentity object at 0x7f66a403b190>
0.9471428571428572,0.19156888,0.13962662,1.1784718,0.7136150234741785,1,<federated.algorithms.fair_fed_drift.ClientIdentity.ClientIdentity object at 0x7f66a7c186a0>
0.9471428571428572,0.17270784,0.14090562,0.7769494,0.7445141065830722,1,<federated.algorithms.fair_fed_drift.ClientIdentity.ClientIdentity object at 0x7f6568553af0>
0.9771428571428571,0.17251053,0.17231067,0.17630813,0.9631336405529953,0,<federated.algorithms.fair_fed_drift.ClientIdentity.ClientIdentity object at 0x7f65880ab9a0>
0.9771428571428571,0.083048224,0.060387094,0.51360977,0.9019908116385911,0,<federated.algorithms.fair_fed_drift.ClientIdentity.ClientIdentity object at 0x7f669053c460>
0.9842857142857143,0.060461313,0.045493897,0.3448421,0.9557926829268293,0,<federated.algorithms.fair_fed_drift.ClientIdentity.ClientIdentity object at 0x7f65c8649360>
