ACC,Loss,LossPrivileged,LossUnprivileged,AEQ,OEQ,OPP,MEQ,MPP,drift-id,gm-id,gm-name
0.9228571428571428,0.25507182,0.21759222,0.4049904,0.9596928982725528,0.8905742070920744,0.9377342889293956,0.6502177068214805,0.8603773584905661,0,0,0
0.9357142857142857,0.21925251,0.15516949,0.47558457,0.9340866290018832,0.9248251024738015,0.8967205694496965,0.7632653061224489,0.6461864406779662,0,0,0
0.9428571428571428,0.20701878,0.14064042,0.4725322,0.9345794392523364,0.9339678135895222,0.9082805183624083,0.7769423558897244,0.8333333333333334,0,0,0
0.9557142857142857,0.15312335,0.14805225,0.17340778,0.9832402234636871,0.9577935290849595,0.9546656824342665,0.8666666666666667,0.8947368421052632,0,0,0
0.9157142857142857,0.72605073,0.14255612,3.060029,0.7306273062730627,0.755288066050246,0.751505147403514,0.0,0.0,2,0,0
0.9328571428571428,0.25403133,0.20133,0.4648366,0.8822429906542055,0.8768360453056872,0.8846207356953648,0.5893451720310765,0.5019607843137255,2,0,0
0.9342857142857143,0.22725508,0.11918257,0.659545,0.8354898336414048,0.8414441944336831,0.8243890201397784,0.3440860215053763,0.28225806451612906,2,0,0
0.9471428571428572,0.17341575,0.095887266,0.48352972,0.8571428571428572,0.8329442966763547,0.828392590924041,0.23252279635258358,0.3127659574468085,0,0,0
0.9657142857142857,0.11685122,0.08700947,0.23621818,0.9343065693430657,0.9164835817879216,0.9226429405583654,0.6,0.7222222222222222,0,0,0
