ACC,Loss,LossPrivileged,LossUnprivileged,BalancedACC,drift-id,gm-id,gm-name
0.7984595635430038,0.42257375,0.42887545,0.36593935,0.9217109885664404,0,0,0
0.7766367137355584,0.45330426,0.4651502,0.35261387,0.9138959931798807,0,0,0
0.7817715019255456,0.42752028,0.44398013,0.26589355,0.9148793099450461,0,0,0
0.8254172015404364,0.3829024,0.3950424,0.2618444,0.9232355842525333,0,0,0
0.7881899871630296,0.5868307,0.36400756,2.6783974,0.3160493827160494,2,0,0
0.7894736842105263,0.47781187,0.46755013,0.5886705,0.9815554791076768,2,12,12
0.8023106546854942,0.41744357,0.41840348,0.4075668,0.9151408450704225,2,13,9-12
0.7586649550706034,0.5581602,0.40973035,2.1616523,0.3199503748284236,0,16,9-12-10-8-11
0.834403080872914,0.3340056,0.34789088,0.14758287,0.8565517241379311,0,0,0
