ACC,Loss,LossPrivileged,LossUnprivileged,BalancedACC,drift-id,gm-id,gm-name
0.9514285714285714,0.17328966,0.16282378,0.37214103,0.8962264150943395,0,0,0
0.9471428571428572,0.22336875,0.13918343,1.8228894,0.7136150234741785,2,0,0
0.9085714285714286,0.31823897,0.29733062,0.715498,0.8098360655737705,2,2,2
0.9228571428571428,0.4128581,0.2670937,3.1823819,0.6384,1,2,2
0.9642857142857143,0.16886215,0.15194784,0.4902339,0.9455676516329704,1,1,1
0.9385714285714286,0.24004768,0.19236691,1.1459827,0.8142857142857144,1,1,1
0.96,0.17802817,0.17446253,0.24577555,0.9876160990712074,1,1,1
0.9728571428571429,0.22254357,0.14022724,1.786554,0.8450920245398773,0,1,1
0.9814285714285714,0.101624414,0.06528673,0.7920405,0.9282442748091603,0,0,0
