ACC,Loss,LossPrivileged,LossUnprivileged,AEQ,OEQ,OPP,MEQ,MPP,drift-id,gm-id,gm-name
0.7799461641991925,0.46125668,0.46573907,0.36001065,0.8886730978087267,0.8904260895762202,0.9405395526459357,0.814621409921671,0.8874893617021277,0,0,0
0.8156123822341858,0.4007837,0.40411764,0.32670748,0.9842103866464983,0.9440439399572451,0.9595274277390724,0.8916256157635468,0.9408866995073892,0,0,0
0.8203230148048453,0.37502292,0.3741403,0.39033222,0.9929009668818861,0.7259937949038998,0.7715243635226066,0.574390243902439,0.6590972029908613,0,0,0
0.8203230148048453,0.39310503,0.39566553,0.35036796,0.9544698050404185,0.7187274804960286,0.7526659913130991,0.5304109589041096,0.6547619047619047,0,0,0
0.8095558546433378,0.3928123,0.3880758,0.49312687,0.8992860653405417,0.6096228924449784,0.6743787688600695,0.49230769230769234,0.5066964285714285,0,0,0
0.7994616419919246,0.40308276,0.3804015,0.8485181,0.5961501397320998,0.46838560210354263,0.6076515319962645,0.4061045375404186,0.3710552763819096,0,0,0
0.7927321668909825,0.43422148,0.40163898,1.1242899,0.5345465882077861,0.47814087198785193,0.5055078158978689,0.4247027966072828,0.16923785401795993,0,0,0
0.8162853297442799,0.38269985,0.37139565,0.6660978,0.7229736767703823,0.504001305501194,0.7342082459818309,0.28712059064807216,0.5807127882599581,1,0,0
0.8257065948855989,0.37385607,0.34764034,0.9290816,0.8435745003794586,0.9779541056684058,0.7043965118738884,0.9740134744947065,0.6297117516629712,1,0,0
