ACC,Loss,LossPrivileged,LossUnprivileged,BalancedACC,drift-id,gm-id,gm-name
0.8003194888178914,0.4129101,0.45993727,0.3236456,0.8771146860404775,0,0,0
0.6773162939297125,0.84707564,0.4316859,1.8222421,0.41734997029114673,1,0,0
0.6437699680511182,0.7870229,0.43022668,1.5251013,0.44238719584219227,1,0,0
0.6421725239616614,0.72128886,0.4594785,1.2589577,0.3961062459289281,1,4,0-1-2
0.6629392971246006,0.63537395,0.3791213,1.114966,0.4538812283689502,1,4,0-1-2
0.6789137380191693,0.61552393,0.38404852,1.1013932,0.378987898789879,1,4,0-1-2
0.6421725239616614,0.6595097,0.43134883,1.1019065,0.3947597762222035,1,4,0-1-2
0.6677316293929713,0.6065817,0.38323343,1.1389956,0.3917639087555522,1,4,0-1-2
0.6629392971246006,0.64281875,0.43944132,1.0181426,0.49663608562691136,1,4,0-1-2
