ACC,Loss,LossPrivileged,LossUnprivileged,AEQ,OEQ,OPP,MEQ,MPP,drift-id,gm-id,gm-name
0.8528571428571429,0.398751,0.37811407,0.7908529,0.7613240418118467,0.5490235812821144,0.5292792451813308,0.0,0.0,0,0,0
0.8742857142857143,0.3690805,0.3673563,0.4018413,0.9864176570458406,0.8710991672982373,0.7681298707853437,0.7222222222222221,0.5086206896551724,0,0,0
0.9042857142857142,0.3238559,0.31627342,0.46792287,0.9569377990430623,0.8887045826237946,0.9069397814436092,0.5803571428571428,0.746268656716418,0,0,0
0.9028571428571428,0.41908056,0.40636748,0.6606289,0.9468438538205979,0.8682993156472563,0.8518023364201825,0.5612244897959184,0.6769230769230768,0,0,0
0.9042857142857142,0.3956911,0.3740516,0.8068416,0.8793388429752067,0.8342020631373384,0.8107316404381457,0.6760563380281689,0.29901960784313725,0,0,0
0.9142857142857143,0.3956558,0.3813413,0.66763073,0.9671592775041051,0.8728960549510012,0.8499489073397258,0.7941176470588235,0.6260869565217391,0,0,0
0.9014285714285715,0.43504426,0.41256517,0.8621471,0.9152823920265781,0.8194035632525708,0.7934941585936545,0.5147058823529412,0.41358024691358025,0,0,0
0.9085714285714286,0.4321487,0.4014351,1.0157067,0.8098360655737705,0.654901210954766,0.6609852639347735,0.0,0.0,1,0,0
0.89,0.5413284,0.47741616,1.755659,0.794314381270903,0.609916930310207,0.5517814709879997,0.0,0.0,1,0,0
