ACC,Loss,LossPrivileged,LossUnprivileged,BalancedACC,drift-id,gm-id,gm-name
0.8257142857142857,0.4522482,0.43656477,0.46793157,0.9659863945578231,0,0,0
0.8685714285714285,0.37714478,0.39271405,0.36157554,0.9869281045751633,0,0,0
0.8857142857142857,0.4927897,0.5704218,0.41515765,0.9935691318327975,0,0,0
0.8785714285714286,0.46657932,0.51790667,0.4152519,0.9902912621359223,0,0,0
0.8085714285714286,1.8440624,0.56403214,3.1240933,0.8199356913183279,2,0,0
0.82,0.5086047,0.50951165,0.5076978,0.9326599326599327,2,2,2
0.8414285714285714,0.5989111,0.51322687,0.68459547,0.9698996655518395,2,2,2
0.7728571428571429,1.9190328,0.5909394,3.247126,0.8093645484949832,0,2,2
0.8842857142857142,0.7167757,0.57149535,0.862056,0.9526813880126184,0,0,0
