ACC,Loss,LossPrivileged,LossUnprivileged,AEQ,OEQ,OPP,MEQ,MPP,drift-id,gm-id,gm-name
0.9042857142857142,0.41103342,0.36647624,0.81204814,0.8734835355285963,0.7946613274870661,0.8774907336232346,0.5090909090909091,0.6281249999999999,0,0,0
0.9314285714285714,0.40124524,0.15251845,2.639786,0.78,0.7418825675301861,0.7333899447702656,0.0,0.0,1,0,0
0.8871428571428571,0.48331207,0.46636096,0.63587177,0.9095744680851063,0.8656657917531282,0.8540531566487786,0.6904761904761905,0.3125,1,1,1
0.9085714285714286,0.60074794,0.2637104,3.6340854,0.6689189189189189,0.6252533988317269,0.6265574055736908,0.0,0.0,2,1,1
0.9457142857142857,0.23568647,0.18636106,0.67961514,0.913477537437604,0.8723078693674073,0.8616671319509634,0.6454918032786885,0.65625,2,2,2
0.9285714285714286,0.7357138,0.21021701,5.4651847,0.6059113300492611,0.5815548983588087,0.5614786136639187,0.0,0.0,4,2,2
0.9428571428571428,0.24943224,0.18823084,0.8002448,0.8507462686567163,0.799475287481614,0.8141798677987169,0.42758620689655175,0.5344827586206897,4,4,4
0.94,0.39495444,0.13758805,2.711252,0.7561779242174629,0.6574209000440528,0.6694522159380649,0.0,0.0,3,4,4
0.9585714285714285,0.16726415,0.15059035,0.3173285,0.9489291598023064,0.9196414404587848,0.9179174929355488,0.7569296375266525,0.7905282331511839,3,3,3
