ACC,Loss,LossPrivileged,LossUnprivileged,AEQ,OEQ,OPP,MEQ,MPP,drift-id,gm-id,gm-name
0.8298587760591796,0.34776568,0.35349312,0.23353902,0.9319904044480317,0.7754274498851859,0.890593445527015,0.5983739837398374,0.84,0,0,0
0.8527236045729657,0.32477915,0.33063295,0.19671586,0.9366731030537082,0.9220423093173207,0.8967698932622957,0.9143568981625663,0.8172794117647059,0,0,0
0.839946200403497,0.3523601,0.3383865,0.6790216,0.9545628415300547,0.8170488733385572,0.9148757558426048,0.6790123456790124,0.9130434782608695,2,0,0
0.8466711499663753,0.3262191,0.32104596,0.4222625,0.9943184320634221,0.7926611161775338,0.9143646404926553,0.6042654028436019,0.832345971563981,2,0,0
0.831876260928043,0.3515431,0.34529874,0.4724955,0.9356628743905271,0.7070708010284181,0.9540995097767071,0.4563946097126875,0.9109595440530691,2,0,0
0.8493611297915266,0.32228893,0.32400078,0.2900609,0.9789714534757028,0.7556114391933016,0.7880365475465902,0.5330188679245282,0.6044474393530997,0,0,0
0.8695359784801614,0.31083268,0.3097443,0.33191472,0.95978526424071,0.8083400281199871,0.7986652680598041,0.638374178123132,0.6464435146443515,0,0,0
0.8581035642232683,0.30191013,0.3005328,0.3289793,0.9697094298245615,0.8903326151784774,0.8009830040229314,0.8217237308146398,0.6253746253746254,1,0,0
0.8500336247478144,0.32168078,0.32083267,0.3378748,0.9506101353235112,0.969020646244876,0.9445325315384898,0.9627108960139813,0.9248148148148148,1,0,0
