ACC,Loss,LossPrivileged,LossUnprivileged,BalancedACC,drift-id,gm-id,gm-name
0.9171428571428571,0.315969,0.28206944,0.9600611,0.8341463414634147,0,0,0
0.9485714285714286,0.2733539,0.14743863,2.6657445,0.6817472698907956,1,0,0
0.9528571428571428,0.25772226,0.1935861,1.4763091,0.7091757387247278,1,0,0
0.9814285714285714,0.07743457,0.055090405,0.50197375,0.867579908675799,0,0,0
0.9685714285714285,0.10610512,0.102533385,0.17396799,0.9411764705882353,0,0,0
0.9614285714285714,0.15156172,0.12084955,0.73509246,0.7941176470588236,0,0,0
0.9771428571428571,0.07517612,0.030903818,0.91634977,0.7808219178082192,1,0,0
0.9557142857142857,0.14195575,0.10275132,0.88683975,0.7990654205607477,1,0,0
0.9842857142857143,0.056501433,0.027202973,0.61317223,0.7749244712990937,1,0,0
