ACC,Loss,LossPrivileged,LossUnprivileged,BalancedACC,drift-id,gm-id,gm-name
0.8228571428571428,0.4775477,0.46253183,0.7628496,0.7902350813743219,0,0,0
0.8628571428571429,0.36292237,0.33489692,0.8954066,0.8203799654576858,0,0,0
0.9,0.33540884,0.2991864,1.023636,0.8178807947019867,0,0,0
0.8985714285714286,0.43613878,0.36361235,1.8141412,0.7537190082644628,0,0,0
0.8914285714285715,0.6132546,0.47087765,3.3184168,0.7929883138564274,2,0,0
0.8985714285714286,0.4744614,0.37062517,2.4473486,0.65625,2,0,0
0.9042857142857142,0.48387268,0.4226399,1.6472948,0.7163934426229509,2,0,0
0.8885714285714286,0.55718565,0.46319956,2.3429222,0.7625418060200669,2,0,0
0.89,0.66988903,0.55355513,2.880232,0.6301824212271973,2,0,0
