ACC,Loss,LossPrivileged,LossUnprivileged,BalancedACC,drift-id,gm-id,gm-name
0.8214285714285714,0.45246127,0.43601322,0.7649753,0.8275862068965517,0,0,0
0.8757142857142857,0.4219125,0.32816535,2.2031085,0.5747899159663865,2,0,0
0.7614285714285715,0.92220753,0.86450773,2.0185056,0.7023346303501945,2,1,1
0.8014285714285714,0.9777578,0.76221013,5.073163,0.48628884826325414,1,4,4
0.84,0.56627077,0.50846326,1.6646136,0.7385159010600707,1,7,7
0.8842857142857142,0.5604759,0.5228373,1.2756102,0.8330522765598651,1,7,7
0.88,0.7379991,0.4548377,6.1180654,0.5066666666666667,2,7,7
0.89,0.5245823,0.47937682,1.3834864,0.8941176470588236,2,4,4
0.7771428571428571,0.7247682,0.7010866,1.1747179,0.6129032258064516,2,11,11
