ACC,Loss,LossPrivileged,LossUnprivileged,BalancedACC,drift-id,gm-id,gm-name
0.8242857142857143,0.4757142,0.5321346,0.4192938,0.9493243243243242,0,0,0
0.8514285714285714,0.41776425,0.41919404,0.41633445,0.9800664451827243,0,0,0
0.8728571428571429,0.44929558,0.4583472,0.44024393,0.9773462783171522,0,0,0
0.8828571428571429,0.5026801,0.4564435,0.5489168,0.9744408945686902,0,0,0
0.7814285714285715,1.8455702,0.50048125,3.1906593,0.7875816993464052,2,0,0
0.7714285714285715,0.7266904,0.73338604,0.7199946,0.9852941176470588,2,8,8
0.8385714285714285,0.5113989,0.4771476,0.5456502,0.9697986577181208,2,9,9
0.8628571428571429,0.54252696,0.5355644,0.5494895,0.9933993399339933,2,9,9
0.8457142857142858,0.69549686,0.77621084,0.61478287,0.9283387622149837,2,9,9
