ACC,Loss,LossPrivileged,LossUnprivileged,BalancedACC,drift-id,gm-id,gm-name
0.8485714285714285,0.40964803,0.37746927,0.69925684,0.9000000000000001,0,0,0
0.8728571428571429,0.38059077,0.38143736,0.37297192,0.9838709677419355,0,0,0
0.9057142857142857,0.33676895,0.3376691,0.32866788,0.9562289562289562,0,0,0
0.88,0.50713265,0.4805805,0.74610233,0.9533213644524238,0,0,0
0.9014285714285715,0.47512904,0.45114452,0.69099003,0.9806678383128294,0,0,0
0.9128571428571428,0.4852833,0.43808585,0.91006005,0.9670710571923743,0,0,0
0.8942857142857142,0.43570146,0.39574152,0.79534054,0.9190140845070423,0,0,0
0.8985714285714286,0.7079947,0.4330923,3.1821165,0.7603448275862069,1,0,0
0.8514285714285714,0.871822,0.8278448,1.2676182,0.8422018348623852,1,2,2
