ACC,Loss,LossPrivileged,LossUnprivileged,AEQ,OEQ,OPP,drift-id,gm-id,gm-name
0.8266666666666667,0.6552745,0.42747095,1.5664891,0.7692307692307692,0.7589843745677636,0.9712001099476731,0,0,0
0.816,1.4874663,0.3950946,5.856953,0.4187725631768953,0.3780377358298238,0.46155446346795176,2,0,0
0.8586666666666667,0.88908535,0.6200658,1.9651634,0.7703703703703704,0.7551500316891405,0.8778087488262114,2,2,2
0.728,3.0291429,0.66518974,12.484956,0.0746268656716418,0.07939109235467202,0.10998633286363586,4,2,2
0.7413333333333333,2.0484421,1.3548808,4.822687,0.5761316872427983,0.5162567347687397,0.9141709554050909,4,4,4
0.7226666666666667,1.6532017,1.1014054,3.8603866,0.4609053497942387,0.4406752166224526,0.7495161685726549,4,4,4
0.7093333333333334,2.4959488,0.67844474,9.765964,0.14007782101167315,0.13542171886046572,0.20699502892499508,2,4,4
0.76,2.2991152,0.47754467,9.585397,0.22222222222222224,0.2948975349417843,0.32940918995934015,3,2,2
0.808,1.0338361,0.64541125,2.5875356,0.6436781609195403,0.6643401137636735,0.9719922316213931,3,3,3
