ACC,Loss,LossPrivileged,LossUnprivileged,AEQ,OEQ,OPP,MEQ,MPP,drift-id,gm-id,gm-name
0.82,0.4958564,0.48726115,0.65916693,0.9743589743589745,0.7523805631791228,0.8110446813331829,0.5068493150684932,0.5462962962962963,0,0,0
0.8914285714285715,0.384083,0.344252,1.1408713,0.7929883138564274,0.7483369169550207,0.7287561184608238,0.4680851063829788,0.44923076923076927,0,0,0
0.8928571428571429,0.41579878,0.34843615,1.695689,0.7916666666666667,0.7723888864820692,0.7559697322616818,0.0,0.0,3,0,0
0.9014285714285715,0.46147388,0.38654277,1.8851637,0.71875,0.6625029291095339,0.6807018999443385,0.0,0.0,2,0,0
0.8971428571428571,0.42680743,0.36514378,1.5984162,0.6897689768976898,0.7346969163905644,0.690252528395413,0.18553459119496854,0.3055555555555555,2,0,0
0.8985714285714286,0.4538481,0.38674638,1.7287806,0.6886326194398682,0.6471305315527626,0.7001975285761067,0.0,0.0,3,0,0
0.89,0.50358534,0.39608127,2.5461626,0.597682119205298,0.6308737795239057,0.6594785935645409,0.0,0.0,3,0,0
0.8614285714285714,0.7296119,0.6293662,2.634278,0.6181506849315068,0.6374663924294272,0.713351296846258,0.1923076923076923,0.1381578947368421,2,0,0
0.7957142857142857,0.87562805,0.79718584,2.3660283,0.8928571428571428,0.6457142400472526,0.7883813210232028,0.0,0.0,2,8,8
