ACC,Loss,LossPrivileged,LossUnprivileged,BalancedACC,drift-id,gm-id,gm-name
0.9,0.41771612,0.38189897,0.45353314,0.9873817034700315,0,0,0
0.8428571428571429,1.5278174,0.28544298,2.7701914,0.8098159509202455,1,0,0
0.8371428571428572,0.80522263,0.7080768,0.9023685,0.9533333333333334,1,1,1
0.9242857142857143,0.3115893,0.28789157,0.33528695,0.9846625766871167,1,14,1-3-2-4
0.8171428571428572,2.286601,0.313343,4.2598586,0.7386018237082067,2,14,1-3-2-4
0.9485714285714286,0.25635418,0.24035089,0.27235755,0.9820895522388059,2,13,5-7-6-8
0.9542857142857143,0.24063464,0.106184624,0.3750846,0.9763313609467456,2,13,5-7-6-8
0.8671428571428571,1.6024386,0.085712746,3.119165,0.7800586510263929,0,13,5-7-6-8
0.9642857142857143,0.15929598,0.19871433,0.11987759,0.9970414201183432,0,0,0
