ACC,Loss,LossPrivileged,LossUnprivileged,AEQ,OEQ,OPP,MEQ,MPP,drift-id,gm-id,gm-name
0.9228571428571428,0.2719374,0.27146697,0.2761712,0.9384615384615385,0.8680511000383572,0.9029192508952422,0.7052631578947368,0.7605633802816901,0,0,0
0.9514285714285714,0.21913509,0.14288189,0.90541404,0.8423645320197044,0.8282465997659536,0.8079197178640201,0.4453781512605042,0.5,0,0,0
0.9685714285714285,0.114241354,0.11416818,0.11489985,0.9967320261437909,0.9465532415579407,0.9474441650310939,0.8280701754385965,0.8140350877192983,0,0,0
0.9671428571428572,0.10615184,0.10406688,0.12491669,0.9885245901639345,0.9346783078008617,0.9439512335127436,0.631578947368421,0.8026315789473684,0,0,0
0.9685714285714285,0.25906044,0.10558652,1.640326,0.8897893030794166,0.7627378167444157,0.7754272641069362,0.0,0.0,2,0,0
0.8685714285714285,0.7085033,0.6693458,1.0609215,0.8594594594594595,0.8260574169165681,0.8376720539447282,0.49882903981264637,0.5683760683760684,2,10,10
0.8614285714285714,0.7513166,0.7039517,1.1776009,0.7783783783783784,0.7588333832589158,0.7638602775551642,0.2807017543859649,0.5228758169934641,2,9,9
0.9685714285714285,0.10091308,0.08761111,0.22063088,0.9705882352941176,0.939349043233757,0.935229426238925,0.7909604519774012,0.8342857142857144,2,15,9-12-13
0.9414285714285714,0.34205154,0.29965067,0.72365904,0.885,0.8790913958922435,0.8382678928527477,0.6545454545454545,0.5227272727272727,2,15,9-12-13
