ACC,Loss,LossPrivileged,LossUnprivileged,BalancedACC,drift-id,gm-id
0.8728571428571429,0.37651506,0.36454332,0.48426062,0.9259927797833936,0,<federated.algorithms.fair_fed_drift.ClientIdentity.ClientIdentity object at 0x7f976a0aac50>
0.88,0.41047075,0.37138128,0.7622754,0.935483870967742,0,<federated.algorithms.fair_fed_drift.ClientIdentity.ClientIdentity object at 0x7f9764689a80>
0.8714285714285714,0.5001056,0.47966385,0.68408096,0.9276672694394213,0,<federated.algorithms.fair_fed_drift.ClientIdentity.ClientIdentity object at 0x7f97642adff0>
0.8771428571428571,0.44869572,0.4212881,0.6953645,0.903225806451613,0,<federated.algorithms.fair_fed_drift.ClientIdentity.ClientIdentity object at 0x7f976a0ab5b0>
0.8657142857142858,0.4852145,0.42258373,1.0488911,0.7917414721723519,2,<federated.algorithms.fair_fed_drift.ClientIdentity.ClientIdentity object at 0x7f96b85c0d60>
0.8885714285714286,0.3866204,0.3294298,0.9013359,0.7696335078534031,2,<federated.algorithms.fair_fed_drift.ClientIdentity.ClientIdentity object at 0x7f970c17cfd0>
0.8685714285714285,0.48757955,0.42116854,1.0852785,0.7889087656529516,2,<federated.algorithms.fair_fed_drift.ClientIdentity.ClientIdentity object at 0x7f96ec38ab00>
0.7742857142857142,1.0836176,0.8134685,3.5149584,0.6978131212723658,0,<federated.algorithms.fair_fed_drift.ClientIdentity.ClientIdentity object at 0x7f96ec38b640>
0.8885714285714286,0.463355,0.41807997,0.8708297,0.8904593639575972,0,<federated.algorithms.fair_fed_drift.ClientIdentity.ClientIdentity object at 0x7f976432d8d0>
0.89,0.42003348,0.4038344,0.56582516,0.9591474245115452,0,<federated.algorithms.fair_fed_drift.ClientIdentity.ClientIdentity object at 0x7f9750450580>
