ACC,Loss,LossPrivileged,LossUnprivileged,AEQ,OEQ,OPP,MEQ,MPP,drift-id,gm-id,gm-name
0.8408215661103979,0.35999808,0.36671358,0.2836768,0.9231108497500735,0.8967783968368082,0.8420862299868919,0.8701923076923077,0.7172413793103448,0,0,0
0.834403080872914,0.42909274,0.3066851,1.4986298,0.6810323383084578,0.5267584897750592,0.5089719043774215,0.05387783115991764,0.3377659574468085,3,0,0
0.785622593068036,0.4663853,0.46429008,0.4852159,0.936376604850214,0.7096267972967457,0.8775932489134988,0.4863805604546345,0.8038038038038039,3,2,2
0.8087291399229781,0.39603418,0.37405455,0.59641963,0.8202040174358514,0.5632005942645006,0.7274921624895472,0.5119355766465343,0.5908021949307551,1,3,1-2
0.8382541720154044,0.34281042,0.3281944,0.49320775,0.8903036002797271,0.7501009711928326,0.8052058111380145,0.5326797385620915,0.7,1,0,0
0.8177150192554558,0.4365185,0.37036377,1.0962018,0.8309859154929577,0.651477632109579,0.8073311614322107,0.3684210526315789,0.778184335443038,3,0,0
0.8292682926829268,0.36927554,0.36715937,0.3891391,0.9965296803652968,0.7666275491984134,0.9606309707613199,0.6506832298136646,0.9503517131835717,3,3,1-2
0.8177150192554558,0.34295607,0.32316145,0.5315401,0.8115014503430177,0.640427804050095,0.7780746771621134,0.6252100840336134,0.6205432937181664,1,3,1-2
0.8189987163029525,0.37410587,0.37054864,0.41832674,0.9885932668183675,0.8589237967914438,0.9677058111380146,0.7568627450980393,0.9639830508474576,1,0,0
