ACC,Loss,LossPrivileged,LossUnprivileged,BalancedACC,drift-id,gm-id,gm-name
0.9271428571428572,0.25750235,0.22176309,0.29324156,0.9726443768996961,0,0,0
0.9528571428571428,0.21025807,0.28206927,0.13844684,0.9851190476190477,0,0,0
0.9642857142857143,0.13044578,0.15788399,0.10300755,0.9911504424778761,0,0,0
0.9614285714285714,0.12157419,0.14102937,0.10211902,0.9970326409495549,0,0,0
0.8585714285714285,1.7854568,0.13837382,3.4325402,0.7833827893175075,2,0,0
0.9257142857142857,0.3071667,0.20855996,0.40577346,0.9518072289156625,2,2,2
0.95,0.25047654,0.28793532,0.21301779,0.9969969969969972,2,2,2
0.8885714285714286,1.4462019,0.05547732,2.8369267,0.8081395348837209,0,2,2
0.9885714285714285,0.070942566,0.08526974,0.056615394,0.9885057471264368,0,0,0
