ACC,Loss,LossPrivileged,LossUnprivileged,BalancedACC,drift-id,gm-id,gm-name
0.8357142857142857,0.40978244,0.40224898,0.4775837,0.9339622641509434,0,0,0
0.8742857142857143,0.38570732,0.35537383,0.6587083,0.9064748201438849,0,0,0
0.8871428571428571,0.4685128,0.4549528,0.59055275,0.8745583038869258,0,0,0
0.8871428571428571,0.47194606,0.46717775,0.5148608,0.998211091234347,0,0,0
0.8728571428571429,0.6305488,0.46809775,2.0926077,0.6984126984126984,2,0,0
0.8871428571428571,0.4983142,0.46426424,0.8047634,0.8571428571428572,2,5,5
0.88,0.5406022,0.5065864,0.8467448,0.9533213644524238,2,5,5
0.8685714285714285,0.78703445,0.4741011,3.6034348,0.7540106951871658,0,5,5
0.8928571428571429,0.6702425,0.63251734,1.0097688,0.9381625441696113,0,0,0
