ACC,Loss,LossPrivileged,LossUnprivileged,AEQ,OEQ,OPP,MEQ,MPP,drift-id,gm-id,gm-name
0.9328571428571428,0.26337016,0.23400366,0.3808362,0.9847328244274809,0.9357202602048353,0.9445380112083134,0.7977207977207977,0.8990384615384616,0,0,0
0.9485714285714286,0.20100507,0.15078792,0.40187368,0.9552238805970149,0.9211055019053445,0.9295380201014517,0.7455621301775147,0.7430340557275542,0,0,0
0.9642857142857143,0.15080276,0.102411255,0.34436876,0.9541284403669725,0.9389903235162723,0.9359296675303069,0.8609625668449197,0.8571428571428571,0,0,0
0.9571428571428572,0.13049911,0.12340532,0.1588742,0.9814126394052044,0.9576786789028737,0.943351748644025,0.890909090909091,0.8883116883116883,0,0,0
0.9214285714285714,0.9503129,0.15131927,4.146288,0.7166361974405849,0.7642721851137937,0.778147287251141,0.0,0.0,2,0,0
0.8942857142857142,0.41204333,0.39800704,0.46818826,0.9388560157790927,0.8684543104276476,0.9141830907980342,0.6222222222222222,0.7801418439716312,2,2,2
0.9028571428571428,0.3950741,0.33391383,0.6397154,0.9278752436647174,0.8745712160258401,0.8998575892806656,0.5988304093567252,0.7482993197278911,2,2,2
0.9642857142857143,0.1514869,0.124466926,0.2595668,0.9723756906077348,0.9359938218118409,0.9459723992058573,0.875,0.8915094339622641,2,2,2
0.9571428571428572,0.21259558,0.12774292,0.5520062,0.9264705882352942,0.9186628993991643,0.9190681195471079,0.7954545454545455,0.8235294117647058,2,2,2
