ACC,Loss,LossPrivileged,LossUnprivileged,BalancedACC,drift-id,gm-id,gm-name
0.8063214525891056,0.414107,0.41658828,0.3589371,0.9179801224776628,0,0,0
0.7841291190316073,0.46482372,0.39144072,1.9728968,0.32222390546886837,1,0,0
0.7942165433759247,0.40893993,0.3651081,1.2458912,0.4976870876088948,1,0,0
0.8130464021519839,0.3771371,0.35200003,0.8784624,0.5596435757401552,1,0,0
0.8197713517148622,0.3738817,0.34090814,0.9776827,0.5095157793302818,2,0,0
0.8170813718897109,0.36812207,0.34840634,0.7393041,0.6741005967604433,2,0,0
0.8325487558843309,0.3470029,0.33640152,0.6283318,0.7947864669994453,2,0,0
0.8486886348352387,0.33288568,0.32027113,0.6277765,0.7849787194049488,2,0,0
0.8217888365837256,0.3564096,0.34148154,0.6541294,0.6923709914014144,2,0,0
