ACC,Loss,LossPrivileged,LossUnprivileged,AEQ,OEQ,OPP,drift-id,gm-id,gm-name
0.7977777777777778,0.7042646,0.45328602,1.2062215,0.7509578544061303,0.7841633624220541,0.8437401039162101,0,0,0
0.6844444444444444,3.1362026,0.7620432,7.8845215,0.3783783783783784,0.40296376860721056,0.6349496420612994,1,0,0
0.7266666666666667,1.8619945,0.5712547,4.4434743,0.3956043956043956,0.3974898166443415,0.48562885190704785,1,0,0
0.7355555555555555,1.8304099,0.4856579,4.5199137,0.4249084249084249,0.4470898867841659,0.5391643967271653,1,0,0
0.7444444444444445,1.944654,0.43703064,4.959901,0.41007194244604317,0.38183835014902234,0.5854616703072105,2,0,0
0.7822222222222223,1.3393815,0.5498413,2.9184623,0.617100371747212,0.6177647023567292,0.7279118345154364,2,0,0
0.7866666666666666,1.3413289,0.5116277,3.0007312,0.583941605839416,0.5882936842419694,0.7433751237216987,2,0,0
0.8133333333333334,1.1796671,0.26434752,3.0103064,0.604982206405694,0.604069540043318,0.7862095689763925,2,0,0
0.7777777777777778,1.6831095,0.44278595,4.1637564,0.5,0.5014745824933537,0.5497265688548609,2,0,0
