ACC,Loss,LossPrivileged,LossUnprivileged,AEQ,OEQ,OPP,MEQ,MPP,drift-id,gm-id,gm-name
0.83,0.44434854,0.42750478,0.7643805,0.8900900900900901,0.7697223794359196,0.8243572704357393,0.3559322033898305,0.6271186440677966,0,0,0
0.8728571428571429,0.4594448,0.33981815,2.732352,0.47818791946308725,0.4230780435931994,0.5030024180715255,0.0,0.0,1,0,0
0.8914285714285715,0.42620587,0.3786844,1.3291147,0.8926174496644296,0.7257628621160783,0.7475956718895511,0.0,0.0,1,0,0
0.8828571428571429,0.4348489,0.3712966,1.6423421,0.734453781512605,0.6092345174304258,0.476686736202783,0.0,0.0,2,0,0
0.8885714285714286,0.38751268,0.35437644,1.0171019,0.7956448911222781,0.7225478612159174,0.7929070410486267,0.0,0.21724137931034485,2,0,0
0.9171428571428571,0.5124169,0.34841943,3.6283696,0.6109324758842443,0.611981504174824,0.5891504699976939,0.0,0.0,4,0,0
0.9,0.50771254,0.38161582,2.903551,0.6551724137931034,0.6086690396046583,0.6024562048034389,0.0,0.0,4,0,0
0.9157142857142857,0.39113343,0.3625181,0.9348248,0.8032520325203252,0.7288557753125062,0.7277495599679284,0.0,0.0,3,0,0
0.8728571428571429,0.6737672,0.59400743,2.1892045,0.7096774193548387,0.7274868598138586,0.5988162065058754,0.0,0.0,3,0,0
