ACC,Loss,LossPrivileged,LossUnprivileged,BalancedACC,drift-id,gm-id,gm-name
0.7910685805422647,0.44055182,0.48457888,0.3512214,0.8961038961038961,0,0,0
0.4864433811802233,1.1622473,1.5678031,0.32739606,0.35605611805256354,2,0,0
0.5311004784688995,0.777425,1.0257444,0.2662502,0.39337780754172674,2,0,0
0.8118022328548644,0.43699026,0.51392114,0.28312853,0.8831521739130433,0,0,0
0.5454545454545454,0.73113406,0.9654047,0.31832254,0.4127272727272727,2,0,0
0.543859649122807,0.7411593,0.9158171,0.38932478,0.47088987384930103,2,0,0
0.6794258373205742,0.65550923,0.47419596,1.0369854,0.464197565888394,1,0,0
0.6586921850079744,0.6492514,0.50656503,0.94727606,0.5332774342312127,1,0,0
0.6746411483253588,0.6387725,0.5103072,0.89204997,0.5179033741246374,1,0,0
