ACC,Loss,LossPrivileged,LossUnprivileged,BalancedACC,drift-id,gm-id,gm-name
0.9285714285714286,0.2668835,0.19101255,0.3427544,0.9637462235649548,0,0,0
0.8657142857142858,1.3531625,0.12778746,2.5785372,0.8035714285714286,2,0,0
0.8785714285714286,0.6094585,0.7195125,0.49940437,0.9523809523809523,2,1,1
0.8128571428571428,1.826338,0.78519,2.8674865,0.8474025974025974,0,6,6
0.8485714285714285,1.8282042,0.19079904,3.4656093,0.7731343283582089,2,0,0
0.8957142857142857,0.62998956,0.48780155,0.77217764,0.9292307692307692,2,1,1
0.7542857142857143,2.738694,0.5586237,4.918764,0.7032258064516129,1,1,1
0.9514285714285714,0.19637328,0.20995821,0.18278839,0.9940119760479044,1,9,9
0.96,0.22043431,0.2517312,0.18913741,1.0,1,9,9
