ACC,Loss,LossPrivileged,LossUnprivileged,AEQ,OEQ,OPP,MEQ,MPP,drift-id,gm-id,gm-name
0.8228571428571428,0.4534447,0.43173975,0.86583954,0.8260869565217391,0.76095159058076,0.7894416318322133,0.3620689655172414,0.3125,0,0,0
0.87,0.43621874,0.3282526,2.4875758,0.5786802030456852,0.48922227787552847,0.4966151731613124,0.0,0.0,1,0,0
0.8914285714285715,0.469873,0.40169376,1.7652795,0.8592964824120604,0.7055423782549233,0.7370668570732537,0.0,0.0,1,0,0
0.8742857142857143,0.5608788,0.37831557,4.02958,0.4773869346733668,0.46500536842021856,0.4422544307859278,0.0,0.0,1,0,0
0.8771428571428571,0.43673968,0.387832,1.3659853,0.706081081081081,0.4913232064129425,0.5654737343432057,0.0,0.0,2,0,0
0.9185714285714286,0.38393348,0.3358331,1.2978423,0.7366720516962844,0.6779240029370556,0.6208757536030896,0.0,0.0,2,0,0
0.9,0.39221463,0.34497902,1.2896899,0.7851239669421488,0.6260488539650366,0.6543972064452312,0.0,0.0,2,0,0
0.91,0.40137163,0.38122067,0.78423876,0.9062500000000001,0.7679153492682904,0.7097717317812688,0.0,0.0,0,0,0
0.8942857142857142,0.5052475,0.47541705,1.0720247,0.7903494176372712,0.62063105650623,0.6964581574726502,0.0,0.0,0,0,0
