ACC,Loss,LossPrivileged,LossUnprivileged,BalancedACC,drift-id,gm-id,gm-name
0.8342857142857143,0.4715615,0.46103996,0.5662553,0.9734345351043643,0,0,0
0.8585714285714285,0.4933494,0.35994345,1.6940033,0.745945945945946,2,0,0
0.8685714285714285,0.40704975,0.32529026,1.1428849,0.7714285714285715,2,0,0
0.8814285714285715,0.42530867,0.3766897,0.8628796,0.8109540636042403,0,0,0
0.8571428571428571,0.3988636,0.31612703,1.1434926,0.7472924187725631,0,0,0
0.8828571428571429,0.3838463,0.32107508,0.9487873,0.7922535211267606,0,0,0
0.8714285714285714,0.48471278,0.3728266,1.491689,0.7168141592920354,0,0,0
0.8442857142857143,0.5959746,0.52044326,1.2757564,0.7417582417582418,1,0,0
0.8928571428571429,0.3701639,0.28164324,1.1668499,0.7318339100346021,1,0,0
