ACC,Loss,LossPrivileged,LossUnprivileged,AEQ,OEQ,OPP,MEQ,MPP,drift-id,gm-id,gm-name
0.8138639281129654,0.44361135,0.4497413,0.37512833,0.9423013350286077,0.7722878625134264,0.9047701170855396,0.582010582010582,0.8977272727272727,0,0,0
0.7997432605905006,0.43004575,0.43803528,0.353929,0.9167996453900709,0.8546614166769206,0.8576433386469957,0.7539682539682541,0.7710280373831776,1,0,0
0.8254172015404364,0.37891346,0.37613305,0.4058037,0.9953241382551281,0.8673746470991608,0.9515046798487572,0.7442922374429223,0.9075342465753425,1,0,0
0.7997432605905006,0.40368202,0.40523505,0.388432,0.9382521390312334,0.8664041774706421,0.8801009512715977,0.7684210526315789,0.7950495049504951,1,0,0
0.7817715019255456,0.46289378,0.3885877,1.2274926,0.704042715484363,0.5451360222451553,0.7159892536224088,0.14485294117647057,0.6797661178642869,3,0,0
0.7715019255455713,0.4657623,0.3923066,1.1552665,0.49316987740805607,0.4223050716995505,0.42612608105643424,0.2976718403547671,0.1488645920941968,4,8,4-5
0.803594351732991,0.3981611,0.3766182,0.63089025,0.7374082118109422,0.73953173374613,0.7899008141268203,0.549342105263158,0.7201525054466231,4,11,1-2-3-9
0.8228498074454429,0.38943154,0.37201414,0.57154554,0.8083539298072171,0.705251511592923,0.6428088476770017,0.5989304812834225,0.3137254901960784,1,11,1-2-3-9
0.834403080872914,0.34350178,0.34596595,0.31597227,0.9879305879305879,0.7200043917435222,0.7414125516427306,0.44202898550724634,0.5217391304347826,1,0,0
