ACC,Loss,LossPrivileged,LossUnprivileged,AEQ,OEQ,OPP,MEQ,MPP,drift-id,gm-id,gm-name
0.82798459563543,0.37541017,0.3939705,0.19590905,0.9070950296162761,0.9781133552355963,0.8717578753778228,0.967590346834829,0.8376623376623377,0,0,0
0.8125802310654685,0.47885507,0.3652579,1.5943155,0.7156544256120527,0.7625885347498893,0.8175741478530323,0.5555555555555556,0.6573705179282868,3,0,0
0.8061617458279846,0.41964874,0.39482957,0.65261847,0.8652057971014493,0.6164054054872417,0.8819658183820034,0.489156626506024,0.8116883116883117,3,1,1
0.8421052631578947,0.35045803,0.3545495,0.3170526,0.9209738388412739,0.8117150407931799,0.8490109119492009,0.702088899684236,0.7786669851887243,3,1,1
0.8318356867779204,0.36979163,0.31533346,0.94851136,0.6620014680694886,0.7444516581872735,0.6532166698192021,0.599916142557652,0.3923872180451128,2,1,1
0.8292682926829268,0.3732211,0.37573346,0.348551,0.9592553725418624,0.8793689219652709,0.972672585669782,0.7659932659932661,0.9531333333333334,2,9,9
0.8087291399229781,0.43072563,0.34852973,1.1590437,0.7638585770405937,0.5397805299031156,0.5418114472175677,0.18590704647676162,0.2482758620689655,4,9,9
0.8138639281129654,0.40896744,0.39889252,0.49823895,0.9091909741331866,0.9052216748768473,0.9007727311298741,0.8275862068965517,0.8691130298273155,4,5,5
0.7817715019255456,0.44552672,0.44618896,0.43663555,0.9945130315500686,0.9803339390811019,0.9356515106901572,0.9712140175219025,0.907520325203252,4,19,19
