ACC,Loss,LossPrivileged,LossUnprivileged,AEQ,OEQ,OPP,MEQ,MPP,drift-id,gm-id,gm-name
0.9428571428571428,0.23510487,0.22908477,0.28928584,0.9831932773109244,0.8957975747355041,0.8907865878243474,0.6944444444444444,0.5543478260869565,0,0,0
0.9357142857142857,0.37046126,0.16567957,2.2134964,0.7761194029850746,0.7322748926038358,0.74961744928874,0.0,0.0,1,0,0
0.8728571428571429,0.6225541,0.60152847,0.81178445,0.8372093023255814,0.7377746245918455,0.7743037467487055,0.0,0.0,1,3,3
0.9028571428571428,0.39350855,0.34703726,0.81175065,0.8921739130434783,0.8343130368070213,0.8068207128486646,0.6136363636363636,0.5204081632653061,1,1,1
0.9657142857142857,0.1718327,0.14707936,0.3946128,0.9249592169657422,0.8997981963420634,0.9155358438985471,0.7629310344827586,0.7629310344827586,1,8,1-5-3-4
0.9542857142857143,0.19848318,0.19375564,0.2410311,0.9867109634551494,0.9228014281976394,0.9332703774172417,0.7142857142857143,0.8125,1,8,1-5-3-4
0.97,0.11944629,0.105201565,0.24764884,0.9527687296416939,0.9308285334952361,0.9303765637127492,0.7569296375266525,0.8700980392156864,1,8,1-5-3-4
0.9185714285714286,0.6886797,0.2658,4.4945965,0.6772575250836121,0.7389790487728172,0.6672148325813481,0.0,0.0,0,8,1-5-3-4
0.9742857142857143,0.094362855,0.062691376,0.3794062,0.9159935379644589,0.9030405267815544,0.9269776264790929,0.7256235827664399,0.7404958677685951,0,0,0
