ACC,Loss,LossPrivileged,LossUnprivileged,BalancedACC,drift-id,gm-id,gm-name
0.8371428571428572,0.46773726,0.45262605,0.6037377,0.8395522388059702,0,0,0
0.8785714285714286,0.34908974,0.33501843,0.47573203,0.8839285714285715,0,0,0
0.89,0.3513872,0.32722312,0.5688644,0.888888888888889,0,0,0
0.9028571428571428,0.43678096,0.38278013,0.92278844,0.8238341968911918,0,0,0
0.8728571428571429,0.5259949,0.4668396,1.0583925,0.7499999999999999,1,0,0
0.8842857142857142,0.48747736,0.39403567,1.3284532,0.7395104895104895,1,0,0
0.9,0.48373452,0.4310191,0.95817316,0.8437500000000001,1,0,0
0.8814285714285715,0.6262755,0.5476003,1.3343513,0.8457446808510638,0,0,0
0.88,0.7271778,0.646753,1.4510008,0.8297872340425532,0,0,0
