ACC,Loss,LossPrivileged,LossUnprivileged,BalancedACC,drift-id,gm-id,gm-name
0.8049764626765299,0.42022792,0.42620793,0.3107231,0.8927536231884058,0,0,0
0.7861466039004708,0.4407179,0.39036253,1.4449883,0.6155451225873761,1,0,0
0.7908540685944856,0.4371453,0.43876818,0.40615642,0.9726469096442286,1,2,2
0.827841291190316,0.37824246,0.38694933,0.22905803,0.828610342252098,1,13,2-1-4
0.8197713517148622,0.38792607,0.35841343,0.9595814,0.5725888559792669,2,13,2-1-4
0.7982515131136516,0.4274001,0.4219144,0.5401357,0.9646648355727117,2,17,17
0.8291862811028917,0.36236864,0.36923444,0.23126814,0.9891331643951328,2,12,6-7
0.8251513113651647,0.3383303,0.34795243,0.15968747,0.9325449294985033,2,12,6-7
0.8312037659717552,0.3372079,0.34470215,0.18774426,0.933582189938122,2,12,6-7
