ACC,Loss,LossPrivileged,LossUnprivileged,BalancedACC,drift-id,gm-id
0.9571428571428572,0.16421548,0.16357604,0.16997054,0.9341021416803954,0,<federated.algorithms.fair_fed_drift.ClientIdentity.ClientIdentity object at 0x7fba808f2b90>
0.9285714285714286,0.36840245,0.16152985,2.2302554,0.7337770382695507,1,<federated.algorithms.fair_fed_drift.ClientIdentity.ClientIdentity object at 0x7fba7c0b0dc0>
0.9442857142857143,0.17305261,0.11626405,0.6841497,0.7524590163934426,1,<federated.algorithms.fair_fed_drift.ClientIdentity.ClientIdentity object at 0x7fb9a8703e50>
0.9442857142857143,0.226624,0.19748107,0.48891035,0.8330578512396695,1,<federated.algorithms.fair_fed_drift.ClientIdentity.ClientIdentity object at 0x7fb9c8393f40>
0.9442857142857143,0.19745004,0.11204546,0.96609116,0.7047308319738989,1,<federated.algorithms.fair_fed_drift.ClientIdentity.ClientIdentity object at 0x7fb9a82b2410>
0.9257142857142857,0.25206715,0.16329753,1.0509937,0.6877076411960132,1,<federated.algorithms.fair_fed_drift.ClientIdentity.ClientIdentity object at 0x7fba0430e950>
0.9342857142857143,0.20725416,0.14069466,0.8062895,0.7611940298507462,1,<federated.algorithms.fair_fed_drift.ClientIdentity.ClientIdentity object at 0x7fba6043d4b0>
0.9671428571428572,0.2018505,0.18628116,0.34197423,0.8912337662337663,0,<federated.algorithms.fair_fed_drift.ClientIdentity.ClientIdentity object at 0x7fb980768be0>
0.9742857142857143,0.0688361,0.051325887,0.226428,0.9,0,<federated.algorithms.fair_fed_drift.ClientIdentity.ClientIdentity object at 0x7fb91ce0c5b0>
0.9771428571428571,0.06707285,0.044829693,0.2672612,0.9130434782608695,0,<federated.algorithms.fair_fed_drift.ClientIdentity.ClientIdentity object at 0x7fb91c8e3e80>
