ACC,Loss,LossPrivileged,LossUnprivileged,BalancedACC,drift-id,gm-id,gm-name
0.8542857142857143,0.39005658,0.392056,0.35206857,0.9626485568760612,0,0,0
0.8542857142857143,0.50825745,0.3701201,3.132867,0.657439446366782,1,0,0
0.8028571428571428,0.72876716,0.717496,0.94291884,0.7375231053604435,1,1,1
0.8885714285714286,0.47523874,0.39933163,1.9174731,0.6312292358803986,1,0,0
0.8914285714285715,0.46513167,0.4124876,1.4653686,0.76,1,0,0
0.8942857142857142,0.46928695,0.42508274,1.3091668,0.7574750830564784,1,0,0
0.8985714285714286,0.44527125,0.41940597,0.93671066,0.8851913477537438,1,0,0
0.9142857142857143,0.46269572,0.42831755,1.115881,0.836867862969005,0,0,0
0.8971428571428571,0.5975328,0.5592776,1.3243827,0.7877280265339967,0,0,0
