ACC,Loss,LossPrivileged,LossUnprivileged,BalancedACC,drift-id,gm-id
0.92,0.2895787,0.37685195,0.20230551,0.9515151515151515,0,<federated.algorithms.fair_fed_drift.ClientIdentity.ClientIdentity object at 0x7f63123f2d70>
0.8457142857142858,1.6965351,0.44730318,2.945767,0.8271604938271605,1,<federated.algorithms.fair_fed_drift.ClientIdentity.ClientIdentity object at 0x7f62f0235150>
0.8414285714285714,0.73818004,0.76096874,0.71539134,0.9966101694915254,1,<federated.algorithms.fair_fed_drift.ClientIdentity.ClientIdentity object at 0x7f6258744eb0>
0.8628571428571429,0.6857551,0.9031231,0.46838716,0.89937106918239,1,<federated.algorithms.fair_fed_drift.ClientIdentity.ClientIdentity object at 0x7f6312460040>
0.9114285714285715,0.3706199,0.22916093,0.5120788,0.9570552147239264,1,<federated.algorithms.fair_fed_drift.ClientIdentity.ClientIdentity object at 0x7f630c2a54b0>
0.93,0.2620091,0.27224183,0.25177637,0.9847560975609757,1,<federated.algorithms.fair_fed_drift.ClientIdentity.ClientIdentity object at 0x7f62943e0a00>
0.9585714285714285,0.1927599,0.21013646,0.17538339,0.9910979228486648,1,<federated.algorithms.fair_fed_drift.ClientIdentity.ClientIdentity object at 0x7f630c3ca770>
0.9471428571428572,0.19153653,0.16612299,0.21695013,0.990990990990991,1,<federated.algorithms.fair_fed_drift.ClientIdentity.ClientIdentity object at 0x7f62f01beb30>
0.9228571428571428,0.31729138,0.5037644,0.1308183,0.9169139465875371,1,<federated.algorithms.fair_fed_drift.ClientIdentity.ClientIdentity object at 0x7f62941a5ff0>
0.8285714285714286,1.9221648,0.3166096,3.52772,0.8238993710691823,0,<federated.algorithms.fair_fed_drift.ClientIdentity.ClientIdentity object at 0x7f6187f90160>
