ACC,Loss,LossPrivileged,LossUnprivileged,BalancedACC,drift-id,gm-id
0.94,0.235479,0.23113573,0.2745684,0.9966329966329968,0,<federated.algorithms.fair_fed_drift.ClientIdentity.ClientIdentity object at 0x1663772e0>
0.95,0.16191238,0.15471935,0.22664978,0.9418604651162791,0,<federated.algorithms.fair_fed_drift.ClientIdentity.ClientIdentity object at 0x2932addf0>
0.9642857142857143,0.13687555,0.11592121,0.32546464,0.8941368078175896,0,<federated.algorithms.fair_fed_drift.ClientIdentity.ClientIdentity object at 0x29342d4c0>
0.9714285714285714,0.11371961,0.087083034,0.3534488,0.9029126213592233,0,<federated.algorithms.fair_fed_drift.ClientIdentity.ClientIdentity object at 0x2dcece2b0>
0.9757142857142858,0.10239322,0.086107895,0.24896121,0.9627228525121556,0,<federated.algorithms.fair_fed_drift.ClientIdentity.ClientIdentity object at 0x1762e6550>
0.9585714285714285,0.16444264,0.1501148,0.29339316,0.9983443708609272,0,<federated.algorithms.fair_fed_drift.ClientIdentity.ClientIdentity object at 0x2923abdf0>
0.9671428571428572,0.11724783,0.09823893,0.2883279,0.9558823529411765,0,<federated.algorithms.fair_fed_drift.ClientIdentity.ClientIdentity object at 0x2996a5b50>
0.9571428571428572,0.22124071,0.15964755,0.77557915,0.9177631578947368,0,<federated.algorithms.fair_fed_drift.ClientIdentity.ClientIdentity object at 0x2f67bb910>
0.9842857142857143,0.05385075,0.030838007,0.26096553,0.9375,0,<federated.algorithms.fair_fed_drift.ClientIdentity.ClientIdentity object at 0x17706deb0>
0.9757142857142858,0.089671,0.04961492,0.4501757,0.9466019417475728,0,<federated.algorithms.fair_fed_drift.ClientIdentity.ClientIdentity object at 0x17721a520>
