ACC,BalancedACC,drift-id,gm-id
0.06761006289308176,0.7916666666666667,0,0
0.910377358490566,0.996551724137931,0,0
0.08962264150943396,0.9655172413793104,1,0
0.8616352201257862,0.9501779359430605,1,0
0.8930817610062893,0.9518900343642612,1,0
0.9339622641509434,0.9866220735785953,1,0
0.9072327044025157,0.9692832764505119,1,0
0.9056603773584906,0.9862068965517242,1,0
0.9528301886792453,0.993421052631579,0,0
0.9261006289308176,0.9765100671140939,0,0
0.9748427672955975,0.9808306709265175,0,0
