ACC,Loss,LossPrivileged,LossUnprivileged,AEQ,OEQ,OPP,MEQ,MPP,drift-id,gm-id,gm-name
0.8328571428571429,0.47065568,0.45569062,0.7549917,0.9945848375451264,0.7609678410602894,0.8351287436022261,0.5068493150684932,0.5258620689655172,0,0,0
0.8857142857142857,0.3761233,0.33372936,1.1816082,0.7651006711409396,0.7348718550301554,0.7258492534825105,0.5,0.4930232558139535,0,0,0
0.8928571428571429,0.4710216,0.35130832,2.7455738,0.7259136212624584,0.6921369553880512,0.7206498783124378,0.0,0.0,1,0,0
0.9071428571428571,0.412746,0.35641155,1.4831011,0.778688524590164,0.6099579039236777,0.6791751480731745,0.0,0.0,1,0,0
0.8942857142857142,0.5071474,0.3710753,3.0925167,0.5947281713344316,0.5994508706603603,0.49121238643144355,0.0,0.0,1,0,0
0.9,0.47368592,0.3801817,2.2502666,0.5588235294117646,0.5439409997596731,0.5590654793189939,0.0,0.0,3,0,0
0.8814285714285715,0.6468794,0.48568192,3.709631,0.5709515859766277,0.62323804165374,0.6512517758743871,0.0,0.0,3,0,0
0.8714285714285714,0.73694605,0.66631854,2.0788696,0.7781569965870307,0.7679949891087905,0.7219249018167037,0.0,0.0,2,0,0
0.91,0.5229433,0.40545246,2.7552683,0.7761437908496732,0.779825686281625,0.8088823502292926,0.0,0.33999999999999997,2,0,0
