ACC,Loss,LossPrivileged,LossUnprivileged,AEQ,OEQ,OPP,MEQ,MPP,drift-id,gm-id,gm-name
0.8010269576379975,0.4488383,0.4647198,0.2714114,0.890393816709606,0.8811881485255193,0.7597200879610004,0.7633928571428571,0.640625,0,0,0
0.8048780487804879,0.40414593,0.41176698,0.3257264,0.971830985915493,0.9546975546975547,0.9614890885750962,0.918918918918919,0.9473684210526315,0,0,0
0.8189987163029525,0.3753886,0.3835559,0.30500793,0.956957767534571,0.938648646838605,0.9188909446498577,0.8867469879518073,0.8915662650602408,0,0,0
0.8177150192554558,0.36274105,0.37785488,0.20212871,0.9049391385767791,0.8770499946966981,0.9187338793462265,0.7990867579908675,0.9182389937106917,0,0,0
0.7535301668806161,0.6057497,0.3724286,2.58898,0.2535087719298246,0.4745967970884954,0.5708017935402228,0.2480127186009539,0.1519985974754558,2,0,0
0.7881899871630296,0.44403225,0.43189472,0.5669682,0.937163192679207,0.31702488687782804,0.40384615384615385,0.0,0.0,2,11,1-2-6-4-3-5
0.82798459563543,0.35926887,0.35212678,0.42731223,0.9951175490559053,0.2891343462614954,0.37826350941105036,0.0,0.0,2,11,1-2-6-4-3-5
0.7753530166880617,0.4555163,0.3845612,1.1856338,0.3889635938044723,0.3602321885337652,0.5537085063575129,0.23133394228492168,0.21414141414141413,0,11,1-2-6-4-3-5
0.8267008985879333,0.33787942,0.34832543,0.23371309,0.9088100282485876,0.8920529956151592,0.9154033311962539,0.7975609756097561,0.8900226757369615,0,0,0
