ACC,Loss,LossPrivileged,LossUnprivileged,BalancedACC,drift-id,gm-id,gm-name
0.9057142857142857,0.3715523,0.33365172,0.40945292,0.9812500000000001,0,0,0
0.9471428571428572,0.19192089,0.19512182,0.18871994,0.9969879518072289,0,0,0
0.9428571428571428,0.24473265,0.16916615,0.3202992,0.9642857142857143,0,0,0
0.9685714285714285,0.12849538,0.11303022,0.14396054,0.9941176470588236,0,0,0
0.89,1.3771455,0.15345241,2.6008384,0.8377581120943953,2,0,0
0.8485714285714285,0.69723785,0.7206447,0.673831,0.9668874172185431,2,8,8
0.9257142857142857,0.31627336,0.1595008,0.47304595,0.9636363636363636,2,11,8-10
0.8528571428571429,1.5857307,0.18671516,2.9847465,0.7767857142857143,0,11,8-10
0.9742857142857143,0.08831559,0.104465604,0.072165586,0.9825581395348836,0,0,0
