ACC,Loss,LossPrivileged,LossUnprivileged,AEQ,OEQ,OPP,MEQ,MPP,drift-id,gm-id,gm-name
0.8671428571428571,0.38919705,0.38298282,0.44512498,0.9872029250457037,0.8297098566686172,0.7603642559874488,0.0,0.0,0,0,0
0.8257142857142857,0.6648857,0.396103,3.08393,0.6871508379888269,0.5727240503955634,0.5634390599614953,0.0,0.0,1,0,0
0.7771428571428571,0.78379345,0.7483123,1.1031244,0.7724550898203594,0.611002294443139,0.8116181590662898,0.2708333333333333,0.4860426929392446,1,4,4
0.86,0.52813834,0.48455346,0.9204022,0.850909090909091,0.7557680176206377,0.775725360194537,0.41379310344827586,0.3582766439909297,1,4,4
0.8357142857142857,1.0306154,0.5751009,5.1302457,0.4694244604316547,0.4751172026021672,0.5062388760600658,0.0,0.0,2,4,4
0.85,0.6273512,0.5834458,1.0225002,0.9350649350649352,0.8674550386941492,0.807975245653817,0.5510204081632653,0.21428571428571427,2,7,7
0.8671428571428571,0.5780152,0.53893733,0.92971617,0.9147005444646098,0.827482401921342,0.8634507770979065,0.46683673469387754,0.5625,2,7,7
0.8842857142857142,0.44559637,0.39619368,0.89022034,0.8253968253968254,0.8245296873784318,0.8061687935597694,0.5970149253731343,0.5543478260869565,2,7,7
0.8614285714285714,0.56232816,0.5018219,1.106885,0.8672727272727272,0.8386480321681826,0.8027276256554423,0.366120218579235,0.5245901639344263,2,7,7
