ACC,BalancedACC,drift-id,gm-id
0.06289308176100629,0.8098122350090853,0,0
0.860062893081761,0.9227696095510186,0,0
0.8128930817610063,0.8041571575602989,1,0
0.809748427672956,0.8174792049137598,1,0
0.8443396226415094,0.8943048537918106,1,0
0.8836477987421384,0.8665779761393873,1,0
0.8820754716981132,0.9224016932159964,1,0
0.8584905660377359,0.8414981208316136,1,0
0.8977987421383647,0.8722046760073764,1,0
0.8223270440251572,0.772078231145342,1,0
0.8144654088050315,0.8391366972267313,1,0
