ACC,Loss,LossPrivileged,LossUnprivileged,BalancedACC,drift-id,gm-id,gm-name
0.865,0.32136503,0.3114384,0.5168173,0.954649947753396,0,0,0
0.8716666666666667,0.31955144,0.28704908,1.0671053,0.7258382642998028,1,0,0
0.8533333333333334,0.32939762,0.31715712,0.5397112,0.8450074515648287,1,4,4
0.8916666666666667,0.25222716,0.22632849,0.6579723,0.7679738562091503,1,14,4-1-2-3
0.8533333333333334,0.39617512,0.25348493,2.8478518,0.34226729445852955,2,14,4-1-2-3
0.8916666666666667,0.2796434,0.26202175,0.572992,0.9193641953822949,2,16,9-6-7-5-8
0.8716666666666667,0.29094568,0.27627358,0.4963561,0.8821138211382115,2,16,9-6-7-5-8
0.8666666666666667,0.30177003,0.29618138,0.38680783,0.9646272038910076,2,16,9-6-7-5-8
0.91,0.22843218,0.21751127,0.44346112,0.8658930572954441,2,16,9-6-7-5-8
