ACC,Loss,LossPrivileged,LossUnprivileged,AEQ,OEQ,OPP,MEQ,MPP,drift-id,gm-id,gm-name
0.8305519897304237,0.3448102,0.35184512,0.27778822,0.939836333878887,0.636442274349251,0.9493676720536974,0.3436363636363637,0.9333333333333332,0,0,0
0.8459563543003851,0.33501613,0.3244173,0.44764826,0.9676781654640705,0.6579525332045493,0.7462295737464832,0.31986531986531985,0.49629629629629635,1,0,0
0.8395378690629012,0.3420319,0.33975402,0.36279863,0.9772079772079773,0.9892339255519341,0.9634484865305932,0.9857723577235773,0.9543446244477173,1,0,0
0.8421052631578947,0.3383002,0.34229714,0.29650888,0.9328814184593391,0.9528614786100108,0.9077560753326347,0.9451871657754012,0.8673664122137404,1,0,0
0.8125802310654685,0.42786843,0.34241673,1.2069207,0.714440584968694,0.6750007232719999,0.8313215350901062,0.3597222222222222,0.6736320811692234,3,0,0
0.8087291399229781,0.43528703,0.3345389,1.6647552,0.4208065458796026,0.48695187712973964,0.44191153450431686,0.37009019493744544,0.37420550847457623,4,3,1-2
0.810012836970475,0.3823567,0.36853445,0.545051,0.947282730743319,0.7172864729255708,0.7960454545656527,0.43799058084772374,0.629737609329446,4,0,0
0.8433889602053916,0.3446617,0.33885786,0.39682204,0.9867680180180181,0.8431040933391689,0.9478181891723938,0.7116212338593975,0.9159891598915988,1,0,0
0.8639281129653402,0.29162514,0.28658357,0.33506948,0.9996520671305773,0.9718441465840938,0.9738695113992473,0.9566837447601304,0.9598867390278434,1,0,0
