ACC,Loss,LossPrivileged,LossUnprivileged,AEQ,OEQ,OPP,drift-id,gm-id,gm-name
0.57,6.33329,6.5395613,4.4768553,0.5294117647058824,0.26221100759144234,0.27651955090979485,0,0,0
0.595,5.189352,5.228247,4.839293,0.3130434782608696,0.1941017316017316,0.1734722222222222,1,0,0
0.605,4.920407,4.9056263,5.053438,0.36103151862464183,0.20484901277584205,0.2089239571797711,1,0,0
0.605,4.8386745,4.8424354,4.8048267,0.414985590778098,0.2374953548866592,0.24742063492063493,1,0,0
0.5983333333333334,4.6883254,4.692724,4.6487393,0.2844827586206896,0.19689018464528668,0.16904761904761906,1,0,0
0.6483333333333333,4.6623154,4.664307,4.6443896,0.5135869565217391,0.3123688811188811,0.26819727891156464,1,0,0
0.64,4.702761,4.6682434,5.0134187,0.41689373297002724,0.22180650037792896,0.20228447263330984,1,0,0
0.64,4.655579,4.6579313,4.6344066,0.6267409470752089,0.28788819875776395,0.3727600250626566,1,0,0
0.635,4.702891,4.7094946,4.6434636,0.6320224719101124,0.30874896380215533,0.3899130036630037,1,0,0
