ACC,Loss,LossPrivileged,LossUnprivileged,AEQ,OEQ,OPP,MEQ,MPP,drift-id,gm-id,gm-name
0.7975790181573639,0.4368075,0.44574174,0.26122653,0.8775428105463441,0.8366781938465435,0.9145851538403221,0.6969359331476322,0.8714364947310039,0,0,0
0.808338937457969,0.38915917,0.39661705,0.24042135,0.8770860495436766,0.7976236175852298,0.9189231128265845,0.6476190476190476,0.8883512761582194,0,0,0
0.8016139878950908,0.41258806,0.4139858,0.3799125,0.9808552103634071,0.8441795184284773,0.8818161888834208,0.6926722566532995,0.7677725118483413,0,0,0
0.8184263618022865,0.3722267,0.37638065,0.29510537,0.9101179805728102,0.8138938870076211,0.8582213602887694,0.6417472881852828,0.8472361809045226,0,0,0
0.8190988567585743,0.40894273,0.34472156,1.5690402,0.42503770739064856,0.4938999959114753,0.5523137168482612,0.46215226539869925,0.19230684253551622,2,0,0
0.8022864828513786,0.45464358,0.34929502,2.6874042,0.1791549437932905,0.2641155887546165,0.32417507068857054,0.19471413160733547,0.08912684040626723,2,0,0
0.800941492938803,0.43205538,0.43399146,0.39102238,0.9052757221293866,0.2271505376344086,0.3777859335379688,0.0,0.0,2,7,2-3-1-4
0.8433086751849361,0.3363202,0.32693058,0.52928287,0.8890496515469387,0.8625781326987957,0.695763139392158,0.826857887874837,0.45374449339207046,0,0,0
0.8412911903160726,0.33353382,0.32685494,0.47733164,0.9150378787878788,0.7420436808452926,0.691586978053504,0.6749311294765841,0.48590864917395526,0,0,0
