ACC,Loss,LossPrivileged,LossUnprivileged,AEQ,OEQ,OPP,MEQ,MPP,drift-id,gm-id,gm-name
0.8097686375321337,0.44408444,0.4571453,0.3316966,0.9296987087517934,0.9128202450570871,0.8365921446832918,0.8392857142857143,0.7659574468085106,0,0,0
0.7969151670951157,0.41692424,0.42607048,0.31488648,0.9208046855105678,0.8458860588800069,0.7440938234675429,0.696969696969697,0.5878787878787879,0,0,0
0.7712082262210797,0.4737025,0.40971646,1.09165,0.6530005362453077,0.7313681007683129,0.6603880309158163,0.4894537587885343,0.5506268081002893,3,0,0
0.7634961439588689,0.5159744,0.49227354,0.7849605,0.6249118948941328,0.5954836169588531,0.6902438399672148,0.4859382203780544,0.47530864197530864,2,2,2
0.8200514138817481,0.3781225,0.3493798,0.65570617,0.8390702667382325,0.7504603835399191,0.8177046665996179,0.5386904761904763,0.7916666666666667,2,0,0
0.7969151670951157,0.4055832,0.35990706,0.9521746,0.6727427597955707,0.5137295151908177,0.4685679158708205,0.07826086956521738,0.24126984126984127,3,0,0
0.8174807197943444,0.38693154,0.3547373,0.69321203,0.9005907801088523,0.8625299488518382,0.7511062448942544,0.7890671420083185,0.7127329192546584,3,0,0
0.8174807197943444,0.3784626,0.36557952,0.49574932,0.948322510822511,0.8897169309781028,0.9274737638097346,0.7909090909090909,0.903030303030303,2,0,0
0.7982005141388174,0.39992902,0.36992455,0.66919994,0.7517787622499664,0.6237189415765874,0.6370948111353228,0.3634615384615385,0.46794871794871795,2,11,0-9
