ACC,Loss,LossPrivileged,LossUnprivileged,BalancedACC,drift-id,gm-id,gm-name
0.8328571428571429,0.47022364,0.50179446,0.43865305,0.9829931972789115,0,0,0
0.7771428571428571,1.4700689,0.43566996,2.5044682,0.8503401360544218,1,0,0
0.7871428571428571,0.96919966,0.47205287,1.4663464,0.7774193548387097,1,0,0
0.8071428571428572,0.73963195,0.39684296,1.082421,0.8167202572347267,1,0,0
0.81,0.9504526,0.3401719,1.5607334,0.7663551401869159,2,0,0
0.7857142857142857,0.88390476,0.45857105,1.3092384,0.7799352750809062,2,0,0
0.8471428571428572,0.6817889,0.5463513,0.81722665,0.8945686900958467,2,0,0
0.8457142857142858,0.6977997,0.5403581,0.85524136,0.8734177215189874,2,0,0
0.8314285714285714,0.72931534,0.4738679,0.9847627,0.8713826366559485,2,0,0
