ACC,Loss,LossPrivileged,LossUnprivileged,AEQ,OEQ,OPP,MEQ,MPP,drift-id,gm-id,gm-name
0.8371428571428572,0.46065557,0.4469674,0.7207307,0.8113879003558718,0.752256369171652,0.6974323694566282,0.0,0.0,0,0,0
0.88,0.3620738,0.3332284,0.9101362,0.7702702702702703,0.6610380490424819,0.6797293531684401,0.0,0.0,0,0,0
0.8942857142857142,0.36187887,0.3284587,0.9968621,0.8233333333333334,0.6365685793674924,0.6600717129968172,0.0,0.0,0,0,0
0.9071428571428571,0.386911,0.33761013,1.3236269,0.746317512274959,0.7638060006126945,0.6949968304629962,0.0,0.0,0,0,0
0.8871428571428571,0.50495505,0.44215262,1.6981996,0.665,0.6082200026146193,0.5572968385809492,0.0,0.0,1,0,0
0.8971428571428571,0.42812002,0.3711688,1.5101937,0.6897689768976898,0.6152240469625221,0.6381715553027061,0.0,0.0,1,0,0
0.9085714285714286,0.40172917,0.37302908,0.9470314,0.8098360655737705,0.7833479925606083,0.7378502251266764,0.2847222222222222,0.20298507462686569,1,0,0
0.9,0.555954,0.49954352,1.6277523,0.7851239669421488,0.7328176385603703,0.6779851558148676,0.0,0.0,0,0,0
0.8814285714285715,0.72447425,0.6437371,2.258482,0.7025210084033613,0.6193429842121702,0.6022054532373575,0.0,0.0,0,0,0
