ACC,Loss,LossPrivileged,LossUnprivileged,BalancedACC,drift-id,gm-id,gm-name
0.9314285714285714,0.21852851,0.20323554,1.7325331,0.30461538461538457,0,0,0
0.9514285714285714,0.23844232,0.22042944,2.021719,0.44796380090497734,1,0,0
0.9628571428571429,0.103356086,0.092197835,1.208022,0.591044776119403,1,0,0
0.9685714285714285,0.12256083,0.11847783,0.52677673,0.8839285714285714,1,0,0
0.9728571428571429,0.11108146,0.10530293,0.6831543,0.7322485207100592,1,0,0
0.9771428571428571,0.08615284,0.06040503,2.635185,0.5823529411764705,1,0,0
0.9057142857142857,0.47659045,0.44032958,4.066411,0.15639810426540282,1,8,8
0.9757142857142858,0.121493615,0.097691536,2.4778998,0.5832106038291605,1,0,0
0.82,1.0066565,0.98645073,3.0070305,0.34615384615384615,1,14,14
