ACC,Loss,LossPrivileged,LossUnprivileged,AEQ,OEQ,OPP,MEQ,MPP,drift-id,gm-id,gm-name
0.8614285714285714,0.40961334,0.40997967,0.40265328,0.9947643979057591,0.7568560818758435,0.8479909829309591,0.0,0.39716312056737585,0,0,0
0.8457142857142858,0.5309909,0.4125475,2.7814157,0.6643356643356643,0.5746464303834167,0.5746590702267488,0.0,0.0,2,0,0
0.8042857142857143,0.73510027,0.69579726,1.4818575,0.5915750915750916,0.4785182635421086,0.5446327321324033,0.0,0.0,2,5,5
0.8342857142857143,0.9010136,0.61146903,6.4023614,0.500878734622144,0.4829674394730345,0.5455928267828095,0.0,0.0,4,4,4
0.77,0.7691935,0.7072378,1.9463509,0.5438931297709924,0.5025600047299394,0.5973213481201138,0.0,0.0,4,10,10
0.8171428571428572,1.0391933,0.85981417,4.447397,0.6173285198555956,0.5202685854840379,0.5182577197994458,0.0,0.0,2,10,10
0.8628571428571429,0.6316333,0.60136163,1.2067947,0.8546712802768167,0.7270920386958831,0.7166937401869049,0.0,0.0,2,5,5
0.8828571428571429,0.5307779,0.5030443,1.0577152,0.8010118043844856,0.7701306751358687,0.7550706739738401,0.5338983050847458,0.44081632653061226,2,5,5
0.8571428571428571,0.6662889,0.64299357,1.1088998,0.8952879581151832,0.7571792646743686,0.7057819521213817,0.0,0.0,2,5,5
