ACC,Loss,LossPrivileged,LossUnprivileged,AEQ,OEQ,OPP,MEQ,MPP,drift-id,gm-id,gm-name
0.9328571428571428,0.2826736,0.25443977,0.5367781,0.8939393939393939,0.8712549668252667,0.8658829115902963,0.6020408163265306,0.6783625730994152,0,0,0
0.9328571428571428,0.49614263,0.111089,3.9616258,0.6502463054187192,0.7236964748393511,0.7349943662717413,0.0,0.0,1,0,0
0.8757142857142857,0.54596794,0.4968437,0.98808604,0.7992895204262878,0.7918083045192875,0.7591013403404399,0.3660130718954248,0.4411764705882353,1,2,2
0.8871428571428571,0.5628124,0.53593236,0.80473226,0.8571428571428572,0.8040492069105291,0.8334185550077944,0.5238095238095238,0.62778730703259,1,1,1
0.9342857142857143,0.25693738,0.2580006,0.24736822,0.9932088285229203,0.9054339337194797,0.9289950066694406,0.6799999999999999,0.8493589743589743,1,8,1-5-3-4
0.9471428571428572,0.23806527,0.19972953,0.58308667,0.9616026711185309,0.9251764216306574,0.9343415561559756,0.7738095238095237,0.83203125,1,8,1-5-3-4
0.9571428571428572,0.17567872,0.16117431,0.30621842,0.9669421487603306,0.9118626140299936,0.8815208997351854,0.6375,0.5083333333333333,1,8,1-5-3-4
0.94,0.49097508,0.13055304,3.7347734,0.6764705882352942,0.7044939653954674,0.73542772887323,0.0,0.0,0,8,1-5-3-4
0.9671428571428572,0.11046678,0.052092157,0.63583845,0.8274193548387098,0.7949706792835602,0.8110366812236313,0.33879781420765026,0.3333333333333333,0,16,0-10
