ACC,Loss,LossPrivileged,LossUnprivileged,AEQ,OEQ,OPP,MEQ,MPP,drift-id,gm-id,gm-name
0.8271428571428572,0.47386685,0.4705773,0.53636754,0.9655172413793104,0.7350238537061148,0.8030127628619381,0.0,0.0,0,0,0
0.9028571428571428,0.3615698,0.33476034,0.8709499,0.880794701986755,0.7667971153914387,0.7946803313079783,0.0,0.0,0,0,0
0.8957142857142857,0.40310624,0.35669798,1.2848638,0.821963394342762,0.7252269897953537,0.639241621948129,0.0,0.0,2,0,0
0.8985714285714286,0.51989156,0.43295747,2.1716383,0.7211221122112211,0.6563661307397225,0.6323369155377596,0.0,0.0,2,0,0
0.8914285714285715,0.49880219,0.40933236,2.1987293,0.6616915422885572,0.6153238423527048,0.6166146794795327,0.0,0.0,2,0,0
0.8942857142857142,0.4437142,0.42380738,0.8219427,0.8564273789649417,0.8659112168906132,0.7798695103987103,0.4313725490196078,0.4470588235294118,0,0,0
0.8957142857142857,0.5200127,0.48005724,1.2791656,0.821963394342762,0.735394165242633,0.7042037114113466,0.22916666666666669,0.0,0,0,0
0.8928571428571429,0.4941908,0.43989313,1.5258483,0.7916666666666667,0.7240558285671587,0.6982970180878825,0.0,0.0,1,0,0
0.9157142857142857,0.4377928,0.312827,2.8121436,0.5803858520900321,0.6232484229885803,0.6926905977475227,0.0,0.0,1,0,0
