ACC,Loss,LossPrivileged,LossUnprivileged,AEQ,OEQ,OPP,MEQ,MPP,drift-id,gm-id,gm-name
0.8176312247644684,0.4100672,0.41694033,0.23775767,0.8921112127900092,0.7658384995382099,0.9030697842143185,0.5394812680115274,0.8720736343627027,0,0,0
0.7772543741588156,0.47425902,0.38564178,2.4758818,0.23713702453859933,0.48794327316310165,0.5160597968531138,0.23363302519944285,0.1554417413572343,2,0,0
0.7584118438761777,0.50450885,0.5041059,0.51219606,0.9002330256785159,0.057914089921444104,0.47291407222914067,0.0,0.0,2,7,7
0.7812920592193809,0.42051357,0.3946294,0.9602759,0.7056204494264313,0.31283179129379646,0.40587860780984725,0.0,0.0,2,13,2-1-4
0.778600269179004,0.5379817,0.41812786,2.7615857,0.5787362792006755,0.364,0.38714574898785425,0.0,0.0,1,12,6-7
0.8391655450874832,0.3573046,0.3602047,0.28716207,0.9314434557258268,0.780871296868124,0.8770722782177383,0.6392961876832843,0.8043432426734135,1,13,2-1-4
0.8102288021534321,0.38209742,0.3890292,0.22552793,0.8154738965837736,0.7002496772233614,0.7780968767224904,0.42063492063492064,0.7383900928792569,1,21,3-15
0.8371467025572006,0.35424313,0.36194155,0.19614717,0.8554229557926669,0.7552974900686169,0.8114903010294778,0.5913461538461539,0.6971830985915493,1,13,2-1-4
0.8344549125168237,0.35812432,0.37051976,0.13736044,0.83645873198112,0.7548171936758894,0.7955993398247663,0.5965909090909092,0.7068403908794788,1,13,2-1-4
