ACC,BalancedACC,drift-id,gm-id
0.09105180533751962,0.6631944444444444,0,0
0.8869701726844584,0.8692354368932039,0,0
0.9136577708006279,0.9156605113636364,0,0
0.9387755102040817,0.9433052218114603,0,0
0.9324960753532182,0.9319237918215613,0,0
0.9246467817896389,0.6001188858695652,2,0
0.9262166405023547,0.7928966789667897,2,0
0.9293563579277865,0.7721043577981651,2,0
0.9387755102040817,0.7990949453551913,2,0
0.9638932496075353,0.828403024911032,2,0
0.9340659340659341,0.7678775091240876,2,0
