ACC,Loss,LossPrivileged,LossUnprivileged,BalancedACC,drift-id,gm-id,gm-name
0.8257142857142857,0.43308184,0.43887803,0.42728558,0.986254295532646,0,0,0
0.7971428571428572,1.2517238,0.42542455,2.0780227,0.8355263157894738,2,0,0
0.8157142857142857,0.51412606,0.5240454,0.50420666,0.935593220338983,2,2,2
0.8257142857142857,0.6059306,0.63854146,0.5733198,0.986254295532646,2,2,2
0.7414285714285714,2.426012,0.71847695,4.133547,0.7416107382550335,1,2,2
0.87,0.5846162,0.69826436,0.47096798,0.9772727272727272,1,1,1
0.8585714285714285,0.59080106,0.7314975,0.45010468,0.9704918032786884,1,1,1
0.8842857142857142,0.6025922,0.7161251,0.48905918,0.9588607594936709,1,1,1
0.8457142857142858,0.7324993,0.63370407,0.8312947,0.9932659932659933,1,1,1
