ACC,Loss,LossPrivileged,LossUnprivileged,AEQ,OEQ,OPP,MEQ,MPP,drift-id,gm-id,gm-name
0.8149394347240915,0.4085186,0.41375712,0.30712238,0.9414170008649839,0.9650326797385621,0.9087439800481596,0.9333333333333333,0.888157894736842,0,0,0
0.8109017496635262,0.39755598,0.4023454,0.30349755,0.9230147504546372,0.7508981966183819,0.806309701227734,0.5281385281385281,0.6948051948051949,0,0,0
0.8109017496635262,0.40764454,0.37027174,1.2660145,0.70730428543834,0.5835814171960994,0.7714835226022139,0.17768094892277897,0.697651141064994,3,0,0
0.7994616419919246,0.4232562,0.39915237,0.8643232,0.6375854111045748,0.7077152176547163,0.6035808520683197,0.6152050196994017,0.36094674556213013,2,3,1-2
0.8304172274562585,0.36039728,0.35006002,0.6018833,0.9454565559948027,0.7398264747410858,0.914484930274404,0.4996632996632997,0.8888888888888888,2,0,0
0.819650067294751,0.39572716,0.34366462,1.2757721,0.6934816187828236,0.6162525900385578,0.7139300244748237,0.25152017689331124,0.6788274342453908,3,0,0
0.8162853297442799,0.37762213,0.36468232,0.6748197,0.8441135925006893,0.8710557424012142,0.892910189205784,0.796832101372756,0.8819133034379671,3,3,1-2
0.8250336473755047,0.36345807,0.35395336,0.56795335,0.819798321915172,0.6746765783694113,0.736764364361067,0.6578947368421052,0.5431578947368422,2,3,1-2
0.8216689098250336,0.35923696,0.34989738,0.5349453,0.8874213836477987,0.7718241802831683,0.8310591221971773,0.5730612244897959,0.7605194805194805,2,0,0
