ACC,Loss,LossPrivileged,LossUnprivileged,BalancedACC,drift-id,gm-id
0.8557142857142858,0.41465113,0.45483842,0.37446386,0.9834437086092714,0,<federated.algorithms.fair_fed_drift.ClientIdentity.ClientIdentity object at 0x17ce58160>
0.8728571428571429,0.4312718,0.41158682,0.45095673,0.9967320261437909,0,<federated.algorithms.fair_fed_drift.ClientIdentity.ClientIdentity object at 0x2d8ff3e20>
0.8657142857142858,0.52641237,0.5830368,0.4697879,0.993421052631579,0,<federated.algorithms.fair_fed_drift.ClientIdentity.ClientIdentity object at 0x2ef0afa30>
0.8814285714285715,0.43575534,0.41254717,0.45896363,0.9967637540453074,0,<federated.algorithms.fair_fed_drift.ClientIdentity.ClientIdentity object at 0x29d223370>
0.7914285714285715,1.5488375,0.43285927,2.664816,0.8104575163398692,2,<federated.algorithms.fair_fed_drift.ClientIdentity.ClientIdentity object at 0x17e008c10>
0.7571428571428571,0.92728007,0.88755745,0.96700263,0.9776119402985075,2,<federated.algorithms.fair_fed_drift.ClientIdentity.ClientIdentity object at 0x29d22ac70>
0.8385714285714285,0.7314885,0.6997255,0.7632516,0.9965986394557825,2,<federated.algorithms.fair_fed_drift.ClientIdentity.ClientIdentity object at 0x17e32d040>
0.8542857142857143,0.5442799,0.5229474,0.5656124,0.9867109634551495,2,<federated.algorithms.fair_fed_drift.ClientIdentity.ClientIdentity object at 0x445314e80>
0.8471428571428572,0.6924666,0.6948217,0.6901115,0.9700996677740864,2,<federated.algorithms.fair_fed_drift.ClientIdentity.ClientIdentity object at 0x4482d2940>
0.8457142857142858,0.66860545,0.65732914,0.67988175,0.934640522875817,0,<federated.algorithms.fair_fed_drift.ClientIdentity.ClientIdentity object at 0x2f1c2c370>
