ACC,Loss,LossPrivileged,LossUnprivileged,AEQ,OEQ,OPP,drift-id,gm-id,gm-name
0.8266666666666667,0.7429228,0.4469552,1.926793,0.714828897338403,0.7158472231097774,0.7026518508817792,0,0,0
0.7813333333333333,1.7266281,0.5547043,6.414323,0.3088235294117648,0.2936758133533921,0.496500604607581,1,0,0
0.4666666666666667,3.8032389,3.6857293,4.2732763,0.6357615894039735,0.6347030745730914,0.6800269312403923,1,3,3
0.792,1.5335205,0.54066104,5.504958,0.41635687732342014,0.3903814477930124,0.5192863166803635,1,0,0
0.7866666666666666,1.3966287,0.45923254,5.146214,0.3542435424354244,0.4106954542228524,0.5513975973703605,1,0,0
0.8053333333333333,0.916028,0.43604198,2.8359723,0.44117647058823534,0.4927664226827821,0.4909234752600984,1,0,0
0.8106666666666666,0.83749205,0.4290796,2.4711416,0.4870848708487085,0.5156068179350077,0.6286747674054841,1,0,0
0.824,0.64101624,0.39350885,1.6310453,0.5608856088560886,0.5776295671272934,0.8052824497321401,0,0,0
0.84,0.7522659,0.21903333,2.8851957,0.46808510638297873,0.4582198703436373,0.5574679753168872,0,0,0
