ACC,Loss,LossPrivileged,LossUnprivileged,BalancedACC,drift-id,gm-id,gm-name
0.8933333333333333,0.26165113,0.24676123,0.554828,0.8827720642602676,0,0,0
0.865,0.32154012,0.29871812,0.770897,0.7891645359684887,1,0,0
0.8833333333333333,0.2899741,0.24734321,1.194695,0.6181229773462784,1,0,0
0.885,0.26823747,0.25675315,0.44298583,0.9111506716297136,1,3,1-2
0.875,0.3009933,0.27762717,0.70246553,0.787214777254618,1,3,1-2
0.9,0.25638258,0.24621575,0.44955224,0.8452611218568665,1,3,1-2
0.8833333333333333,0.2752629,0.2663203,0.53459895,0.8446601941747572,1,3,1-2
0.8916666666666667,0.2653279,0.2296063,1.0869247,0.618042226487524,0,3,1-2
0.9016666666666666,0.25264767,0.2494145,0.31003612,0.9946576007770762,0,0,0
