ACC,Loss,LossPrivileged,LossUnprivileged,AEQ,OEQ,OPP,MEQ,MPP,drift-id,gm-id,gm-name
0.843981170141224,0.34341276,0.35001054,0.21374711,0.9315574884479478,0.8127909734113954,0.9114540140880252,0.7019562715765246,0.8540540540540539,0,0,0
0.843981170141224,0.3152838,0.31744057,0.27162415,0.9838861444366033,0.698157499285145,0.9936041781149239,0.4414634146341463,0.9878048780487805,0,0,0
0.8527236045729657,0.31481233,0.32434028,0.15765643,0.9124848769389118,0.7867663791689988,0.9602296853921026,0.6273364485981309,0.9286369408776634,0,0,0
0.8527236045729657,0.30222932,0.30855253,0.15930282,0.9229707477721814,0.9584201812057253,0.8481279392927765,0.9422535211267606,0.7815502882767457,0,0,0
0.8560860793544048,0.31817436,0.32566893,0.1593336,0.9062150681868991,0.8210849281953371,0.9057688516704909,0.6888888888888889,0.8922558922558923,0,2,0-1
0.83591123066577,0.35596386,0.36062765,0.26937604,0.9605480746515473,0.9796451914098974,0.9502121744220077,0.9710550887021476,0.9264705882352942,0,2,0-1
0.8507061197041023,0.31294283,0.32001722,0.1287523,0.8613309538588867,0.7981374798073306,0.8202516202593013,0.65982636148382,0.7545126353790613,0,2,0-1
0.8567585743106927,0.31248844,0.3202053,0.16720597,0.9276080798127847,0.8684829977667514,0.8599149209199637,0.7451963241436926,0.8135276532137519,0,2,0-1
0.831876260928043,0.3594083,0.36361825,0.286331,0.9186071435530699,0.8739644920443546,0.8927173123118495,0.7885674931129477,0.849406528189911,0,2,0-1
