ACC,Loss,LossPrivileged,LossUnprivileged,BalancedACC,drift-id,gm-id,gm-name
0.8003194888178914,0.42681983,0.4884379,0.297483,0.879743782161235,0,0,0
0.43769968051118213,1.3171818,1.8136498,0.31225428,0.24566688837591455,2,0,0
0.5255591054313099,0.8614431,1.1494884,0.31080726,0.3686194420281633,2,0,0
0.5223642172523961,0.8851087,1.1904756,0.30136096,0.3724793314734844,2,0,0
0.6389776357827476,0.71070087,0.46067697,1.1656994,0.44082591908678864,1,0,0
0.6821086261980831,0.63173133,0.47794425,0.97164035,0.47093531468531474,1,0,0
0.6549520766773163,0.6388879,0.48256218,0.9743203,0.4116804955007596,1,0,0
0.6741214057507987,0.6295404,0.4883477,0.9560016,0.43638125046575743,1,0,0
0.6629392971246006,0.6213193,0.5089446,0.8537808,0.5093917446858623,1,0,0
