ACC,Loss,LossPrivileged,LossUnprivileged,BalancedACC,drift-id,gm-id,gm-name
0.8628571428571429,0.4001708,0.40502182,0.30800164,0.9407894736842105,0,0,0
0.8471428571428572,0.51399386,0.37051713,3.2400537,0.6289198606271776,1,0,0
0.87,0.43759966,0.37788415,1.5721958,0.5786802030456852,1,0,0
0.8971428571428571,0.4741146,0.35507715,2.735826,0.5927750410509031,1,0,0
0.89,0.4531222,0.38973394,1.6575003,0.6955074875207986,2,0,0
0.8971428571428571,0.44854426,0.38601974,1.6365108,0.8205980066445183,2,0,0
0.9028571428571428,0.48104924,0.44790992,1.1106956,0.880794701986755,2,0,0
0.9114285714285715,0.45150477,0.39983392,1.4332514,0.7748776508972267,2,0,0
0.8814285714285715,0.65714234,0.59399736,1.8568976,0.7025210084033613,2,0,0
