ACC,Loss,LossPrivileged,LossUnprivileged,BalancedACC,drift-id,gm-id,gm-name
0.9242857142857143,0.2811248,0.36559388,0.19665575,0.9606060606060607,0,0,0
0.85,1.4982135,0.17301339,2.823414,0.803030303030303,2,0,0
0.8671428571428571,0.5255891,0.22775677,0.8234215,0.8283132530120482,2,0,0
0.8457142857142858,0.99617517,0.24355434,1.7487959,0.7566765578635014,1,0,0
0.9257142857142857,0.32568726,0.20891127,0.44246316,0.9459459459459459,1,1,1
0.9357142857142857,0.30165413,0.23962481,0.36368346,0.9728915662650601,1,1,1
0.9728571428571429,0.16185899,0.18616298,0.13755503,0.9912280701754386,1,1,1
0.83,2.0468562,0.17743336,3.9162788,0.7395209580838323,0,1,1
0.9742857142857143,0.101067156,0.0013537706,0.20078053,0.9485714285714286,0,0,0
