ACC,Loss,LossPrivileged,LossUnprivileged,BalancedACC,drift-id,gm-id,gm-name
0.8357142857142857,0.41526532,0.4042705,0.6241657,0.9193548387096775,0,0,0
0.87,0.36538303,0.34660053,0.7222498,0.9500000000000001,0,0,0
0.8928571428571429,0.4159417,0.40794358,0.5679064,0.9244966442953021,0,0,0
0.9057142857142857,0.40698522,0.4016444,0.5084603,0.9107438016528926,0,0,0
0.9071428571428571,0.47754437,0.3921591,2.0998645,0.9092409240924093,2,0,0
0.8985714285714286,0.4289202,0.3477439,1.9712701,0.7211221122112211,2,0,0
0.8814285714285715,0.6329975,0.5018202,3.125369,0.7025210084033613,2,0,0
0.8842857142857142,0.56846356,0.53598887,1.1854826,0.9338983050847459,0,0,0
0.9,0.5415366,0.5316359,0.729649,0.8837209302325582,0,0,0
