ACC,Loss,LossPrivileged,LossUnprivileged,AEQ,OEQ,OPP,drift-id,gm-id,gm-name
0.8426666666666667,0.55529624,0.29830006,1.5832809,0.6642066420664207,0.6821844013954118,0.9933973858319332,0,0,0
0.8053333333333333,1.5512214,0.19723693,6.967159,0.23859649122807017,0.20148171009155624,0.37191275412971725,1,0,0
0.6026666666666667,2.4459472,1.9572518,4.4007277,0.4752475247524752,0.45016697933033567,0.7973568384429578,1,2,2
0.8186666666666667,1.6268425,0.5621282,5.8856997,0.48175182481751827,0.4267518647802005,0.4797842064045138,1,0,0
0.8053333333333333,1.4302373,0.49228862,5.182031,0.37681159420289856,0.4017648408966635,0.439175390549512,3,0,0
0.8106666666666666,1.3179655,0.2596018,5.55142,0.3120567375886525,0.32921776180660045,0.47459528685813474,4,0,0
0.824,0.9208752,0.41379872,2.9491808,0.4620938628158845,0.43986254043937634,0.4557228297667167,4,0,0
0.776,1.4616027,0.471936,5.4202695,0.21739130434782608,0.22815053194320364,0.4034283656853628,1,0,0
0.72,3.352105,1.5922718,10.391438,0.25196850393700787,0.25208169167626066,0.7779338076227297,1,22,22
