ACC,Loss,LossPrivileged,LossUnprivileged,BalancedACC,drift-id,gm-id,gm-name
0.8022328548644339,0.38379458,0.4235204,0.3049104,0.8730841413825462,0,0,0
0.8293460925039873,0.38223013,0.41804135,0.32249394,0.9514290790943243,0,0,0
0.8258785942492013,0.40854916,0.4274535,0.37083098,0.9463981887116005,0,0,0
0.7971246006389776,0.42343533,0.4533617,0.3552785,0.896902158676759,0,0,0
0.6517571884984026,0.67906576,0.4058919,1.1975905,0.47744830720290843,2,0,0
0.7108626198083067,0.54444516,0.37292704,0.88666064,0.5343311659101133,2,0,0
0.7476038338658147,0.48655355,0.39359948,0.69985867,0.7219396806623299,2,0,0
0.7779552715654952,0.4265145,0.3410907,0.5921485,0.8140270192584076,0,0,0
0.7348242811501597,0.44890207,0.32874548,0.6921177,0.5767144360780504,0,0,0
