ACC,Loss,LossPrivileged,LossUnprivileged,BalancedACC,drift-id,gm-id,gm-name
0.9342857142857143,0.23053326,0.21709707,0.4858199,0.8181818181818182,0,0,0
0.9471428571428572,0.35448614,0.22080126,2.894499,0.7136150234741785,1,0,0
0.8542857142857143,0.75157243,0.7152062,1.4425333,0.7256944444444444,1,1,1
0.9642857142857143,0.14257619,0.13046408,0.37270594,0.883720930232558,0,0,0
0.97,0.15007897,0.12692483,0.5900079,0.8782742681047766,0,0,0
0.9757142857142858,0.0942274,0.06711402,0.6093817,0.8122137404580153,0,0,0
0.9785714285714285,0.11083134,0.05320455,1.2057401,0.7196969696969697,1,0,0
0.9671428571428572,0.1379075,0.11088381,0.65135795,0.8197226502311249,1,0,0
0.9628571428571429,0.151748,0.102761574,1.0824902,0.7623456790123457,1,0,0
