ACC,Loss,LossPrivileged,LossUnprivileged,AEQ,OEQ,OPP,MEQ,MPP,drift-id,gm-id,gm-name
0.8521850899742931,0.3140554,0.32431862,0.21185674,0.9564221728295278,0.9312521005579082,0.9029647529149775,0.8789473684210526,0.855263157894737,0,0,0
0.8341902313624678,0.35654074,0.33497435,0.5557459,0.9895833333333335,0.8503348270245726,0.9858154903129107,0.7341842397336293,0.973469387755102,2,0,0
0.8534704370179949,0.36017194,0.33287227,0.64987457,0.9583854128372914,0.8519011819848392,0.9604811685604369,0.7199597787833082,0.9450493612078978,2,0,0
0.8367609254498715,0.37336487,0.31837666,0.8045227,0.8106702619414484,0.6922653858706679,0.8651589636136519,0.3927068723702665,0.7868396663577386,2,0,0
0.8457583547557841,0.31540042,0.30271247,0.4522765,0.9644792293798917,0.8293083928751133,0.9153240243465808,0.6631578947368422,0.8596491228070176,1,0,0
0.8470437017994858,0.3286545,0.33054695,0.31065086,0.9772283380681818,0.9779331257873665,0.8378474848726565,0.9744612928970471,0.7373527373527373,1,0,0
0.8521850899742931,0.31521994,0.3142595,0.3255809,0.9855115316380839,0.961340392844889,0.9680306747950984,0.9294057897409853,0.9636270491803279,1,0,0
0.8406169665809768,0.3336968,0.3399509,0.26271814,0.9409090909090908,0.8069532611401544,0.921840453090453,0.679611650485437,0.8699324324324323,1,0,0
0.8547557840616966,0.32384402,0.33239725,0.23867285,0.8963246004771054,0.8712589549317742,0.9230558218813252,0.7873194221508829,0.9055555555555556,1,0,0
