ACC,Loss,LossPrivileged,LossUnprivileged,BalancedACC,drift-id,gm-id,gm-name
0.8414285714285714,0.449185,0.43126795,0.78960997,0.8421985815602837,0,0,0
0.8542857142857143,0.58345896,0.4111964,3.856447,0.6915077989601386,1,0,0
0.7285714285714285,0.9416151,0.8884988,1.9508253,0.6153846153846153,1,1,1
0.8814285714285715,0.45628124,0.35621497,2.3575401,0.6036789297658862,1,0,0
0.8942857142857142,0.45682174,0.39366546,1.6567924,0.8233333333333334,2,0,0
0.9057142857142857,0.44410783,0.40137732,1.255987,0.7475409836065574,2,0,0
0.9028571428571428,0.4965113,0.45708564,1.2456,0.7175697865353038,2,0,0
0.8971428571428571,0.5303991,0.45155612,2.0284157,0.6897689768976898,2,0,0
0.8928571428571429,0.6725443,0.64230925,1.2470099,0.8247078464106845,2,0,0
