ACC,Loss,LossPrivileged,LossUnprivileged,BalancedACC,drift-id,gm-id,gm-name
0.8049764626765299,0.42617512,0.42794782,0.38675982,0.9707898540155663,0,0,0
0.7726967047747142,0.49198195,0.42504063,1.933249,0.3233349395010172,1,0,0
0.7989240080699395,0.4212133,0.38444984,1.2254848,0.5280636604774536,1,0,0
0.792871553463349,0.42664224,0.3661899,1.4624414,0.5396581524870367,1,0,0
0.8110289172831204,0.39803144,0.3609108,1.1275551,0.6220297500237619,1,0,0
0.8345662407531943,0.36171976,0.33448088,0.9131122,0.6742000713690971,1,0,0
0.8285137861466039,0.3540355,0.33930314,0.67122936,0.7224933902786252,1,0,0
0.8352387357094821,0.34542874,0.33267227,0.6654592,0.6847764572722128,0,0,0
0.8177538668459986,0.36087433,0.3497432,0.5896278,0.8079772079772078,0,0,0
