ACC,Loss,LossPrivileged,LossUnprivileged,BalancedACC,drift-id,gm-id,gm-name
0.8176312247644684,0.4100672,0.41694033,0.2377577,0.8921112127900092,0,0,0
0.7833109017496636,0.45534733,0.3856418,2.0298064,0.41498979294254884,2,0,0
0.7839838492597577,0.45385376,0.44840688,0.55778676,0.9635171691077913,2,2,2
0.800807537012113,0.40315673,0.39632252,0.5456703,0.9146026831785347,2,2,2
0.8129205921938089,0.38329253,0.37998423,0.44466972,0.9962937542896362,1,2,2
0.8270524899057874,0.3547676,0.35154897,0.43261468,0.9956666618995181,1,1,1
0.8055181695827726,0.37102634,0.36380804,0.53406876,0.9846251781735652,1,1,1
0.8310901749663526,0.35051253,0.35426936,0.27336186,0.9212671022378037,1,1,1
0.82907133243607,0.36466247,0.35981962,0.4509144,0.9758973469741633,1,1,1
