ACC,Loss,LossPrivileged,LossUnprivileged,AEQ,OEQ,OPP,drift-id,gm-id,gm-name
0.5966666666666667,5.0334325,5.051265,4.8729496,0.6756756756756757,0.3507936507936508,0.2926136363636364,0,0,0
0.6216666666666667,4.7533073,4.764924,4.648751,0.5369318181818181,0.2544973544973545,0.27206349206349206,1,0,0
0.635,4.7658343,4.778248,4.6541147,0.4986149584487534,0.23457556935817808,0.32723577235772355,1,0,0
0.615,4.7724195,4.764735,4.841576,0.6260869565217392,0.2858377425044092,0.27486492835330045,1,0,0
0.6033333333333334,4.763916,4.777226,4.6441283,0.4709302325581395,0.24191612170335577,0.26277584204413473,1,0,0
0.6283333333333333,4.8634176,4.876441,4.746208,0.425,0.18825488931871912,0.2103846153846154,1,0,0
0.6266666666666667,4.975438,4.9805536,4.929399,0.4789915966386554,0.2633333333333333,0.2684799833736004,1,0,0
0.6316666666666667,4.903304,4.930113,4.6620207,0.5814606741573034,0.2966356107660456,0.34360926541159104,0,0,0
0.5733333333333334,4.9543033,4.970072,4.812384,0.43902439024390244,0.2289844509232264,0.24527186761229317,0,0,0
