ACC,Loss,LossPrivileged,LossUnprivileged,AEQ,OEQ,OPP,drift-id,gm-id,gm-name
0.43,4.64867,4.6499963,4.636741,0.288,0.10149572649572648,0.13879811183732751,0,0,0
0.48,4.614649,4.615151,4.6101336,0.2571428571428572,0.10531746031746032,0.16767676767676767,0,0,0
0.485,4.6129165,4.6134934,4.607721,0.2544169611307421,0.1242228835978836,0.11639118457300274,0,0,0
0.5316666666666666,4.6107883,4.6105375,4.6130524,0.3823529411764706,0.16815044858523118,0.2077813852813853,0,0,0
0.49333333333333335,4.610164,4.609963,4.611978,0.4804270462633452,0.18847402597402596,0.24893483709273181,2,0,0
0.515,4.6290293,4.6099954,4.800338,0.23920265780730895,0.1609265411590993,0.1330891330891331,2,0,0
0.5116666666666667,4.6147237,4.6154056,4.608591,0.3661016949152543,0.17444444444444443,0.21638970785312253,2,0,0
0.5083333333333333,4.608503,4.60867,4.6069965,0.18060200668896323,0.09535714285714286,0.09553571428571428,0,0,0
0.465,4.608664,4.608684,4.608479,0.2656826568265682,0.06905588624338624,0.1252136752136752,0,0,0
