ACC,BalancedACC,drift-id,gm-id
0.07455012853470437,0.9333333333333333,0,0
0.922879177377892,0.9564032697547684,0,0
0.9550128534704371,0.9973118279569894,0,0
0.8766066838046273,0.8186666666666668,1,0
0.9280205655526992,0.9460916442048518,1,0
0.8393316195372751,0.718421052631579,2,0
0.929305912596401,0.9076517150395779,2,0
0.8946015424164524,0.8364116094986808,2,0
0.8868894601542416,0.8449197860962567,1,0
