ACC,Loss,LossPrivileged,LossUnprivileged,AEQ,OEQ,OPP,drift-id,gm-id,gm-name
0.7533333333333333,0.9247723,0.8139079,1.1465014,0.8974358974358974,0.8802906561327638,0.8024493104558696,0,0,0
0.7711111111111111,2.0554268,0.29325008,5.57978,0.4874551971326164,0.49202992198897344,0.587183187265966,1,0,0
0.7355555555555555,1.3512018,0.49966893,3.0542672,0.5075757575757576,0.4946455330991227,0.573987398206129,1,0,0
0.7666666666666667,1.2217208,0.5102447,2.6446729,0.5555555555555556,0.49341338916375355,0.5707002847311811,1,0,0
0.6977777777777778,1.1588488,0.5283881,2.4197702,0.45312499999999994,0.507494913584378,0.5852852565171657,1,0,0
0.7577777777777778,0.9242884,0.4778582,1.817149,0.6434108527131783,0.6106163172487069,0.57952968698561,1,0,0
0.7733333333333333,0.8521912,0.31660557,1.9233629,0.5682656826568265,0.5878397436731567,0.5913571126803849,1,0,0
0.8155555555555556,0.90765613,0.30033115,2.122306,0.6886446886446886,0.7085132573472516,0.7926330377846785,0,0,0
0.8266666666666667,0.66410834,0.29140505,1.409515,0.7252747252747253,0.721373251490396,0.7895707173676823,0,0,0
