ACC,Loss,LossPrivileged,LossUnprivileged,AEQ,OEQ,OPP,MEQ,MPP,drift-id,gm-id,gm-name
0.8480161398789509,0.34149203,0.34522825,0.25841916,0.9500067808312066,0.8852413139221924,0.9354553126706491,0.8391393442622951,0.8812199036918138,0,0,0
0.8352387357094821,0.34957308,0.34462208,0.45132083,0.993336899956228,0.7756190262364488,0.8502111230008387,0.6218487394957983,0.7394366197183098,1,0,0
0.8305312710154674,0.3417039,0.33794558,0.4134679,0.9579771097628239,0.8839006639586069,0.9420384324497968,0.7686909581646424,0.9264957264957264,1,0,0
0.8379287155346334,0.33357182,0.32785642,0.44755843,0.9913024905964855,0.8420102548933028,0.9396642900078326,0.7232009555091072,0.9143888602372356,1,0,0
0.8392737054472091,0.33735016,0.3296009,0.47925192,0.9626018841960412,0.6999338026889969,0.9895569349607783,0.48373983739837395,0.9864498644986449,2,0,0
0.8332212508406187,0.3421013,0.33895072,0.4014158,0.9748953027730617,0.9555546953251706,0.8665831232368552,0.942576057317008,0.7660303475281449,2,7,4-3-1-2
0.8365837256220578,0.3324816,0.3305115,0.3847628,0.9501187282203102,0.9790487248460895,0.8729726299903965,0.9735449735449734,0.8513513513513513,2,7,4-3-1-2
0.8533960995292535,0.31982243,0.3201963,0.31108373,0.9814496281986822,0.9817832847323464,0.9673998951753455,0.9808709808709809,0.9405491868834976,2,7,4-3-1-2
0.831876260928043,0.33769912,0.3355145,0.38126862,0.9811131419560621,0.9563543069741418,0.9420525796829718,0.9278737791134486,0.9280397022332507,2,7,4-3-1-2
