ACC,Loss,LossPrivileged,LossUnprivileged,AEQ,OEQ,OPP,MEQ,MPP,F1Score,F1 Score Equality,drift-id,gm-id,gm-name
0.9471428571428572,0.18437327,0.16771853,0.49156135,0.9047116736990156,0.8696812006568946,0.8944809617997072,0.6566037735849056,0.708994708994709,0.9933774834437086,0.9931972789115648,0,0,0
0.9414285714285714,0.25289628,0.15769982,2.0087423,0.727304591657904,0.6518515333582865,0.7218644303389979,0.0,0.0,1.0,1.0,2,0,0
0.8785714285714286,0.51075125,0.4488075,1.6532694,0.5243403939056113,0.5251804628120417,0.6504782821088635,0.0,0.0,1.0,0.0,2,5,5
0.8942857142857142,0.6785907,0.50934327,3.8002653,0.5460526315789473,0.4592618301238991,0.4998876524960536,0.0,0.0,1.0,1.0,4,4,4
0.8628571428571429,0.7237579,0.66968226,1.7211539,0.7301587301587301,0.7037012125187051,0.7005345073929763,0.44,0.24509803921568624,1.0,1.0,4,11,11
0.9171428571428571,0.4483575,0.43652818,0.66654265,0.9041394335511983,0.7740364612686788,0.8125201854509094,0.0,0.516949152542373,1.0,1.0,4,7,7
0.9228571428571428,0.4365924,0.28084162,3.309329,0.6502849002849003,0.5196781387375293,0.5280485476206239,0.0,0.0,1.0,1.0,2,7,7
0.9514285714285714,0.33730704,0.10083828,4.698842,0.6005167958656331,0.6185044381230822,0.6563928787094548,0.0,0.0,1.0,1.0,3,4,4
0.9328571428571428,0.2644063,0.2306869,0.88634145,0.8571937321937322,0.7554158386214666,0.7710701171997952,0.2675438596491228,0.34502923976608185,1.0,1.0,3,13,13
