ACC,Loss,LossPrivileged,LossUnprivileged,BalancedACC,drift-id,gm-id,gm-name
0.8,0.5230302,0.49558046,0.77007806,0.8245614035087718,0,0,0
0.8742857142857143,0.49835443,0.31793454,2.1221335,0.7833037300177619,1,0,0
0.7442857142857143,0.8184348,0.79416156,1.0368932,0.9811320754716982,1,2,2
0.7657142857142857,0.7689162,0.67416394,1.6216859,0.8048780487804877,1,6,6
0.8414285714285714,0.6271805,0.5817386,1.0361581,0.908411214953271,1,8,8
0.8828571428571429,0.47690517,0.4504369,0.71511954,0.8617021276595744,1,8,8
0.8485714285714285,0.60538304,0.55056226,1.09877,0.8272058823529411,1,8,8
0.7557142857142857,1.0019689,0.7311805,3.4390638,0.579476861167002,0,24,24
0.9114285714285715,0.35749742,0.3049524,0.8304027,0.8829604130808949,0,0,0
