ACC,Loss,LossPrivileged,LossUnprivileged,AEQ,OEQ,OPP,drift-id,gm-id,gm-name
0.864,0.63600045,0.34022182,1.819115,0.6618705035971223,0.633792826750516,0.7515600422788806,0,0,0
0.8506666666666667,0.67014426,0.31584564,2.087339,0.5571428571428572,0.5578132074463577,0.734077868926552,0,0,0
0.8426666666666667,1.1007951,0.659868,2.8645034,0.63003663003663,0.6197208790709198,0.8672577790778889,0,0,0
0.8213333333333334,1.2667253,0.6808202,3.6103451,0.562962962962963,0.6116473823848465,0.8948565529424163,0,0,0
0.8293333333333334,1.1079942,0.70132273,2.7346797,0.6245353159851302,0.6195438586599714,0.5815537858919089,0,0,0
0.8053333333333333,1.4001122,0.6297935,4.481386,0.4249084249084249,0.39424245810974934,0.534452513314986,0,0,0
0.8133333333333334,1.4828464,0.40456566,5.795969,0.3884892086330935,0.4264651387143533,0.5080030426637514,0,0,0
0.792,2.0996532,0.68075544,7.7752466,0.30434782608695654,0.34675827319426716,0.44925715166874,0,0,0
0.8,1.596518,0.537717,5.8317227,0.411764705882353,0.44403735430607255,0.7227692111579576,0,0,0
