ACC,Loss,LossPrivileged,LossUnprivileged,BalancedACC,drift-id,gm-id,gm-name
0.9557142857142857,0.1709504,0.1573778,0.42882955,0.8609375000000001,0,0,0
0.9542857142857143,0.24635154,0.1418547,2.2317913,0.7387247278382582,1,0,0
0.9614285714285714,0.1515957,0.08736496,1.3719798,0.7026194144838213,1,0,0
0.9471428571428572,0.18624601,0.15567254,0.76714206,0.7136150234741785,1,0,0
0.9657142857142857,0.16945128,0.11080629,1.2837061,0.6993865030674846,2,0,0
0.9585714285714285,0.19779576,0.1255094,1.5712363,0.6743827160493827,2,0,0
0.97,0.15905239,0.15546955,0.22712572,0.9397217928902627,2,0,0
0.98,0.14191216,0.13075978,0.3538077,0.899236641221374,2,0,0
0.9671428571428572,0.11650479,0.0578215,1.2314876,0.7588325652841782,2,0,0
