ACC,Loss,LossPrivileged,LossUnprivileged,BalancedACC,drift-id,gm-id,gm-name
0.9557142857142857,0.16707234,0.15332955,0.42818534,0.8609375000000001,0,0,0
0.9542857142857143,0.24858144,0.14505485,2.2155864,0.7387247278382582,1,0,0
0.9628571428571429,0.14879653,0.088258065,1.2990272,0.7015384615384616,1,0,0
0.9471428571428572,0.18655631,0.15360591,0.8126139,0.6828125,1,0,0
0.9671428571428572,0.17504357,0.11334412,1.3473334,0.6983154670750382,2,0,0
0.9614285714285714,0.1930419,0.11659562,1.6455213,0.6723076923076924,2,0,0
0.9685714285714285,0.16516103,0.16023222,0.25880864,0.910355486862442,2,0,0
0.9785714285714285,0.1387312,0.13124269,0.28101274,0.900611620795107,2,0,0
0.9685714285714285,0.12202133,0.058566876,1.3276564,0.7274119448698315,2,0,0
