ACC,Loss,LossPrivileged,LossUnprivileged,BalancedACC,drift-id,gm-id,gm-name
0.8342857142857143,0.45533708,0.45974728,0.45092696,0.9729729729729728,0,0,0
0.7671428571428571,1.7842362,0.39181095,3.176662,0.79,1,0,0
0.7885714285714286,0.803336,0.723723,0.88294905,0.9505300353356891,1,4,4
0.8328571428571429,0.6624303,0.69017947,0.63468105,0.9965753424657534,1,3,3
0.8785714285714286,0.49732745,0.4626906,0.53196424,0.9967532467532467,1,7,3-4-5
0.8828571428571429,0.6153055,0.6966046,0.5340064,0.9619047619047618,1,7,3-4-5
0.8685714285714285,0.6384583,0.7690841,0.5078326,0.9676375404530745,1,7,3-4-5
0.8957142857142857,0.5726527,0.64912295,0.4961824,0.9841772151898736,1,7,3-4-5
0.8614285714285714,0.8641849,0.6508005,1.0775692,0.9389067524115756,1,7,3-4-5
