ACC,Loss,LossPrivileged,LossUnprivileged,BalancedACC,drift-id,gm-id,gm-name
0.865,0.32136506,0.3114384,0.5168173,0.954649947753396,0,0,0
0.8716666666666667,0.31955138,0.28704908,1.0671052,0.7258382642998028,1,0,0
0.8516666666666667,0.35824662,0.3161235,1.081998,0.6635254988913526,1,0,0
0.8866666666666667,0.27154663,0.2165396,1.1333238,0.6438356164383562,1,0,0
0.8683333333333333,0.31246576,0.25573108,1.2872704,0.5795454545454546,2,0,0
0.8816666666666667,0.30706847,0.2629012,1.0423247,0.552734375,2,0,0
0.86,0.30656862,0.26643094,0.868497,0.6234817813765183,2,0,0
0.8533333333333334,0.31971112,0.29776385,0.6536659,0.7483385024368632,2,0,0
0.905,0.23805532,0.21890315,0.61515534,0.7139378783890498,2,0,0
