ACC,Loss,LossPrivileged,LossUnprivileged,AEQ,OEQ,OPP,MEQ,MPP,drift-id,gm-id,gm-name
0.9214285714285714,0.34191695,0.28778008,0.82914895,0.889267461669506,0.8617353218048279,0.8696068887130007,0.5803571428571428,0.6982248520710059,0,0,0
0.9585714285714285,0.14920136,0.14235343,0.21083285,0.9653465346534653,0.9282171019494131,0.9389436575367872,0.8,0.7411764705882352,0,0,0
0.9542857142857143,0.30199623,0.2472749,0.79448795,0.9207920792079207,0.8936777039682215,0.9085621297195641,0.7245283018867924,0.6974358974358974,0,0,0
0.8942857142857142,0.429282,0.4052518,0.6455537,0.8324607329842931,0.7633755712633661,0.792696502366328,0.5643738977072311,0.49090909090909085,0,9,9
0.9742857142857143,0.105642855,0.08744467,0.26942647,0.9481361426256079,0.9325663054193404,0.9393324820513053,0.8469945355191257,0.8108108108108109,0,0,0
0.9685714285714285,0.13315469,0.12040529,0.24789912,0.9543230016313214,0.9443520539212844,0.9249675319846986,0.7328125,0.8,0,0,0
0.9857142857142858,0.04998444,0.049072597,0.058191054,1.0,0.9766285103785103,0.9791374688113818,0.8839285714285714,0.9027777777777778,0,0,0
0.9457142857142857,0.29932505,0.13079824,1.8160665,0.7512274959083469,0.7582256832351709,0.7274987191242797,0.0,0.0,1,0,0
0.91,0.37966818,0.3779714,0.3949391,0.9186851211072665,0.8354566607959786,0.8162128662562024,0.5714285714285714,0.5254237288135593,1,22,22
