ACC,Loss,LossPrivileged,LossUnprivileged,BalancedACC,drift-id,gm-id,gm-name
0.9314285714285714,0.23073016,0.21373875,0.5535659,0.9806451612903226,0,0,0
0.9585714285714285,0.17193133,0.16130817,0.37377143,0.8892355694227768,0,0,0
0.9714285714285714,0.11452201,0.09929217,0.403889,0.9690880989180835,0,0,0
0.9742857142857143,0.09304703,0.05992244,0.72241426,0.8437978560490046,0,0,0
0.9642857142857143,0.28059968,0.16234827,2.5273764,0.7916666666666667,2,0,0
0.9714285714285714,0.1330706,0.08130826,1.1165553,0.7251908396946565,2,0,0
0.9642857142857143,0.16005565,0.072270125,1.8279806,0.6702453987730062,2,0,0
0.9871428571428571,0.037865706,0.01967764,0.3834389,0.8623298033282903,0,0,0
0.9928571428571429,0.028782973,0.021763992,0.16214363,0.9471299093655589,0,0,0
