ACC,Loss,LossPrivileged,LossUnprivileged,BalancedACC,drift-id,gm-id,gm-name
0.8783333333333333,0.29295412,0.2616324,0.6033237,0.8138883703565428,0,0,0
0.885,0.26702884,0.24907422,0.46030542,0.9967320261437909,0,0,0
0.8716666666666667,0.25479135,0.23151,0.46826968,0.8214336158192089,0,0,0
0.8916666666666667,0.27465314,0.2460495,0.6112023,0.7984881301227333,0,0,0
0.8533333333333334,0.35046893,0.29364872,0.92498386,0.7647058823529411,2,0,0
0.8616666666666667,0.3242203,0.26546517,0.9064299,0.7416367416367416,2,0,0
0.8533333333333334,0.33711684,0.32790872,0.42483628,0.9403659362999773,2,12,8-6-7-9
0.8566666666666667,0.33489946,0.26253283,1.2064451,0.6416607270135424,0,12,8-6-7-9
0.8733333333333333,0.28403434,0.25197783,0.5267481,0.8519866545344252,0,0,0
