ACC,Loss,LossPrivileged,LossUnprivileged,BalancedACC,drift-id,gm-id,gm-name
0.9085714285714286,0.3844203,0.3491833,0.7015533,0.8860103626943006,0,0,0
0.9542857142857143,0.1997642,0.17356074,0.43559545,0.9701492537313433,0,0,0
0.9542857142857143,0.19234034,0.18060082,0.29799607,0.9207920792079207,0,0,0
0.9771428571428571,0.10104483,0.091663145,0.18547995,0.9773095623987035,0,0,0
0.9571428571428572,0.34210128,0.09957106,2.5248733,0.7572815533980584,2,0,0
0.9514285714285714,0.29628628,0.115306154,1.9251075,0.762214983713355,2,0,0
0.9614285714285714,0.19642639,0.053402007,1.4836459,0.7693548387096775,2,0,0
0.9628571428571429,0.1704294,0.0722875,1.0537065,0.7838709677419355,2,0,0
0.9614285714285714,0.1631352,0.052414395,1.1596224,0.7693548387096775,2,0,0
