ACC,Loss,LossPrivileged,LossUnprivileged,AEQ,OEQ,OPP,drift-id,gm-id,gm-name
0.84,0.51459235,0.37786525,1.0615009,0.7547169811320754,0.736067259338897,0.9982753831843861,0,0,0
0.776,2.0610707,0.7002545,7.5043344,0.3271375464684015,0.2934042070463164,0.6175077797123554,1,0,0
0.5226666666666666,3.7116723,2.8509753,7.1544595,0.35555555555555557,0.3610242406369433,0.7079937127508399,1,6,6
0.768,2.0641367,0.76755196,7.2504754,0.3471698113207547,0.3193756241318651,0.5802378354785149,1,0,0
0.7733333333333333,1.8109372,0.6403832,6.4931526,0.4444444444444444,0.41491042229930575,0.6089500597857886,1,0,0
0.7413333333333333,1.5198404,1.0820725,3.2709115,0.6333333333333333,0.6602939593807173,0.9272669309985646,1,13,13
0.7893333333333333,1.3236163,0.67636174,3.9126344,0.5019011406844106,0.5253710507577933,0.9598455035433057,1,13,13
0.7386666666666667,2.1898992,0.6740811,8.253172,0.24521072796934867,0.2912272463858064,0.3936611474296284,0,13,13
0.848,0.8570056,0.3009254,3.0813265,0.5755395683453237,0.5671829963711769,0.8849227399390018,0,0,0
