ACC,Loss,LossPrivileged,LossUnprivileged,BalancedACC,drift-id,gm-id,gm-name
0.8433333333333334,0.36027524,0.3002041,0.4751686,0.8925566343042071,0,0,0
0.8,0.49163443,0.25282776,0.96568334,0.737313432835821,1,0,0
0.7683333333333333,0.5540152,0.31308115,1.028727,0.6701300944047893,1,0,0
0.795,0.46142003,0.26991543,0.83041656,0.7066880983996086,1,0,0
0.7816666666666666,0.4408377,0.29468077,0.79867035,0.680447242318895,2,0,0
0.8016666666666666,0.3739758,0.25112414,0.64741987,0.6367948939106435,2,0,0
0.7883333333333333,0.38088888,0.24005675,0.6646761,0.6773840956193397,2,0,0
0.78,0.40131778,0.29071495,0.6128591,0.7046499744506898,2,0,0
0.8116666666666666,0.33508882,0.21162188,0.5660724,0.6529708809924585,2,0,0
