ACC,Loss,LossPrivileged,LossUnprivileged,AEQ,OEQ,OPP,drift-id,gm-id,gm-name
0.8066666666666666,0.7718583,0.34112847,1.6333181,0.6789667896678966,0.6930409252913006,0.7261237309337455,0,0,0
0.7222222222222222,2.301005,0.4995366,5.903942,0.44360902255639095,0.4467552679673305,0.5259186887088766,2,0,0
0.4088888888888889,4.8772044,3.9439168,6.743779,0.5034013605442177,0.5304097532539594,0.9466367855226241,2,6,6
0.7666666666666667,1.8125287,0.32414895,4.7892885,0.4555160142348755,0.4313169312002451,0.4965509105425514,4,0,0
0.7355555555555555,1.7446679,0.41185004,4.4103036,0.4609665427509294,0.43946677963178843,0.4570090166938612,4,0,0
0.76,1.3283066,0.25848743,3.467945,0.4255319148936171,0.4318858403832628,0.45818099177115623,2,0,0
0.7377777777777778,1.3491449,0.31319353,3.4210482,0.44117647058823534,0.4421654610796675,0.44890644103486604,2,0,0
0.7422222222222222,1.1392181,0.40944108,2.5987723,0.4558823529411765,0.43280654084223164,0.4670372266834967,2,0,0
0.7266666666666667,0.99387056,0.48069066,2.0202305,0.47727272727272724,0.4784566685804983,0.495633393650527,2,0,0
