ACC,Loss,LossPrivileged,LossUnprivileged,BalancedACC,drift-id,gm-id,gm-name
0.7907573812580231,0.45402423,0.47185177,0.28911948,0.8570309439874657,0,0,0
0.8164313222079589,0.40729317,0.4177897,0.3026232,0.9284217240750867,0,0,0
0.8112965340179717,0.39281476,0.40185747,0.31154612,0.9228832759922799,0,0,0
0.834403080872914,0.39836055,0.41019273,0.29639944,0.9463456959522175,0,0,0
0.7933247753530167,0.52842677,0.3495165,2.5974376,0.46725317693059626,2,0,0
0.7894736842105263,0.46310392,0.45390767,0.5713485,0.9070081249461687,2,2,2
0.785622593068036,0.44471532,0.4283021,0.6312522,0.8803934719427676,2,2,2
0.7779204107830552,0.46671924,0.43605343,0.82135373,0.7954429083461342,2,2,2
0.8048780487804879,0.40897706,0.3951779,0.5685579,0.9371245828698553,2,2,2
