ACC,Loss,LossPrivileged,LossUnprivileged,BalancedACC,drift-id,gm-id
0.9542857142857143,0.16736828,0.15429047,0.28506848,0.9701492537313433,0,<federated.algorithms.fair_fed_drift.ClientIdentity.ClientIdentity object at 0x7fc4233b6b00>
0.9457142857142857,0.19024654,0.17104091,0.363097,0.9465776293823039,0,<federated.algorithms.fair_fed_drift.ClientIdentity.ClientIdentity object at 0x7fc42345eef0>
0.9428571428571428,0.19649869,0.13481717,0.75163245,0.7697368421052632,0,<federated.algorithms.fair_fed_drift.ClientIdentity.ClientIdentity object at 0x7fc350428490>
0.9328571428571428,0.27395958,0.22375183,0.72582924,0.795,0,<federated.algorithms.fair_fed_drift.ClientIdentity.ClientIdentity object at 0x7fc3a418a470>
0.9542857142857143,0.32555574,0.07472614,2.583022,0.7281553398058253,2,<federated.algorithms.fair_fed_drift.ClientIdentity.ClientIdentity object at 0x7fc3a4100340>
0.9428571428571428,0.17447624,0.13177289,0.5588064,0.8344370860927153,2,<federated.algorithms.fair_fed_drift.ClientIdentity.ClientIdentity object at 0x7fc36819e470>
0.9585714285714285,0.13551101,0.12272607,0.25057554,0.916256157635468,2,<federated.algorithms.fair_fed_drift.ClientIdentity.ClientIdentity object at 0x7fc3282bdf00>
0.9628571428571429,0.14633922,0.04689163,1.0413675,0.752411575562701,0,<federated.algorithms.fair_fed_drift.ClientIdentity.ClientIdentity object at 0x7fc3c2917a00>
0.9714285714285714,0.12283773,0.11127747,0.22687997,0.951219512195122,0,<federated.algorithms.fair_fed_drift.ClientIdentity.ClientIdentity object at 0x7fc2a8c0de70>
0.9728571428571429,0.09973008,0.06782094,0.38691232,0.901453957996769,0,<federated.algorithms.fair_fed_drift.ClientIdentity.ClientIdentity object at 0x7fc2a89dd0f0>
