ACC,Loss,LossPrivileged,LossUnprivileged,AEQ,OEQ,OPP,MEQ,MPP,drift-id,gm-id,gm-name
0.9142857142857143,0.32879588,0.29380316,0.99365777,0.8045602605863192,0.8113086054128843,0.8007342065161144,0.25862068965517243,0.3381642512077294,0,0,0
0.95,0.27283114,0.14450653,2.7109983,0.6806853582554517,0.7148132806502798,0.7192663311474143,0.0,0.0,1,0,0
0.9514285714285714,0.26295155,0.19749472,1.5066314,0.7718750000000001,0.7297736257141142,0.7193055091672023,0.0,0.0,1,0,0
0.9771428571428571,0.082210936,0.036209673,0.95623493,0.7808219178082192,0.7171409757933025,0.7896748962365644,0.0,0.0,1,0,0
0.9542857142857143,0.16390103,0.12201106,0.95981044,0.7387247278382582,0.7637963160000792,0.744844508753425,0.0,0.0,1,0,0
0.9571428571428572,0.15032859,0.111012645,0.8973313,0.7364341085271318,0.7013876013083102,0.6506814307686698,0.0,0.0,1,0,0
0.9742857142857143,0.09313921,0.043878343,1.029096,0.7530487804878049,0.7396260824659425,0.777777801240225,0.0,0.0,1,0,0
0.9571428571428572,0.12911393,0.09546822,0.7683821,0.7978227060653188,0.7643499281777338,0.7347339432455141,0.0,0.0,1,0,0
0.9828571428571429,0.07051808,0.046264816,0.5313301,0.7760968229954615,0.7524950779948508,0.7491145833333334,0.0,0.0,1,0,0
