ACC,Loss,LossPrivileged,LossUnprivileged,BalancedACC,drift-id,gm-id,gm-name
0.7975790181573639,0.4229622,0.42521092,0.3665465,0.9659723255467936,0,0,0
0.788836583725622,0.45471832,0.40657058,1.3015162,0.5888325991189427,1,0,0
0.7982515131136516,0.42417377,0.3879741,1.1569586,0.6694765634713415,1,0,0
0.8036314727639543,0.4215344,0.3920065,0.99348605,0.8105958366674231,1,0,0
0.8224613315400134,0.379998,0.3634097,0.76778275,0.8518755209780494,1,0,0
0.8352387357094821,0.3523132,0.32360524,0.91650367,0.6878472222222223,1,0,0
0.83591123066577,0.3595062,0.33548665,0.9024253,0.7127972074030166,1,0,0
0.843981170141224,0.33437127,0.33088243,0.41194275,0.9225881742738589,0,0,0
0.8264963012777404,0.35074246,0.3421004,0.54937005,0.8735423931996513,0,0,0
