ACC,Loss,LossPrivileged,LossUnprivileged,AEQ,OEQ,OPP,MEQ,MPP,drift-id,gm-id,gm-name
0.8514285714285714,0.44538242,0.39003488,0.9435099,0.8062157221206581,0.7716475784131696,0.723935754927967,0.0,0.0,0,0,0
0.8571428571428571,0.65203345,0.33599827,3.49635,0.6774193548387096,0.6760529740176769,0.7078373050523779,0.0,0.0,1,0,0
0.7642857142857142,0.9721166,0.93309057,1.323351,0.826530612244898,0.7368531630615306,0.7202371965223504,0.22142857142857142,0.45714285714285713,1,2,2
0.8557142857142858,0.5948984,0.5482175,1.0150267,0.8375912408759123,0.8117013809506763,0.7904610937040959,0.4918032786885246,0.31551724137931036,1,5,3-1-2
0.8628571428571429,0.9232594,0.5399734,4.3728337,0.6212389380530974,0.5999705802764419,0.6071964205011903,0.0,0.0,2,5,3-1-2
0.7657142857142857,1.0006917,0.973686,1.2437413,0.9259259259259259,0.7903362302959851,0.8331525280740966,0.4575,0.5803571428571429,2,8,8
0.8642857142857143,0.5302169,0.5281758,0.548586,0.9361313868613138,0.875019621970733,0.9022422701892288,0.7377049180327869,0.7862903225806451,2,10,8-6-7
0.8585714285714285,0.84306824,0.48666808,4.050669,0.6935483870967742,0.6663310569295738,0.6079886871084054,0.0,0.0,1,10,8-6-7
0.8971428571428571,0.5690454,0.5010097,1.1813669,0.8984238178633975,0.8379961921788572,0.8309082521700182,0.526595744680851,0.4787234042553192,1,5,3-1-2
