ACC,Loss,LossPrivileged,LossUnprivileged,AEQ,OEQ,OPP,MEQ,MPP,drift-id,gm-id,gm-name
0.7984595635430038,0.38973197,0.40169683,0.27401727,0.886053606450207,0.7769406133387113,0.8863356632111652,0.6508785332314745,0.8548850574712643,0,0,0
0.8421052631578947,0.32499084,0.3060326,0.5083404,0.9906332815498493,0.768325635201432,0.904564645083168,0.5942028985507245,0.8363636363636364,1,0,0
0.8177150192554558,0.3977549,0.390137,0.46431643,0.9589939024390244,0.8971043070582416,0.8582355125759142,0.8380622837370242,0.7176470588235294,1,2,2
0.8087291399229781,0.43096754,0.38854742,0.8291511,0.7741580756013746,0.5714020508098123,0.5691714373601998,0.246519982038617,0.2876908396946565,2,2,2
0.8382541720154044,0.36942127,0.36673707,0.39618802,0.9559185347184254,0.8369510413340715,0.9008448108368212,0.6746987951807228,0.823529411764706,2,5,5
0.8087291399229781,0.40247563,0.37052587,0.6980111,0.7974137931034483,0.7578045749644959,0.7001307904244256,0.6666666666666667,0.5245098039215687,4,5,5
0.8369704749679076,0.36754557,0.35527802,0.49581343,0.8496488147497805,0.8670718748454246,0.849508427918582,0.8474576271186441,0.8323501891704976,4,18,11-12
0.7869062901155327,0.49230087,0.3864378,1.5645423,0.5578559134497173,0.4678988662545801,0.44712251345562815,0.249438202247191,0.21466587817859253,3,18,11-12
0.8331193838254172,0.341559,0.33311352,0.42986375,0.9681372549019608,0.8695722177497709,0.8651785433380526,0.7846153846153845,0.84,3,7,7
