ACC,Loss,LossPrivileged,LossUnprivileged,BalancedACC,drift-id,gm-id
0.6423333333333333,1.3290508,1.29357,1.3645315,0.9968911917098446,0,0
0.7051666666666667,1.1925579,1.2344567,1.1506596,0.9697392923649907,0,0
0.7098333333333333,1.1608375,1.0501928,1.2714822,0.9150179856115108,0,0
0.7321666666666666,1.0886438,0.94289374,1.2343941,0.930140597539543,0,0
0.712,1.2928579,0.95705193,1.6286638,0.8517555266579974,2,0
0.7448333333333333,1.0712124,0.85799986,1.284425,0.8801009676062264,2,0
0.7656666666666667,0.9627117,0.8013468,1.1240766,0.9022774327122153,2,0
0.7653333333333333,0.9812016,0.7884344,1.1739689,0.9085619285120532,0,0
0.7856666666666666,0.8674531,0.8336541,0.90125203,0.9617145235122763,0,0
0.8045,0.77105194,0.6709446,0.8711591,0.9448025785656727,0,0
