ACC,Loss,LossPrivileged,LossUnprivileged,BalancedACC,drift-id,gm-id,gm-name
0.803594351732991,0.43886125,0.44333282,0.39284948,0.9517241379310347,0,0,0
0.7637997432605905,0.5994085,0.43964443,2.1214852,0.31425957207207206,1,0,0
0.7586649550706034,0.4922219,0.47364333,0.6640736,0.9491604477611941,1,1,1
0.7997432605905006,0.4147514,0.40013543,0.5780386,0.9115939670138888,1,8,1-3-2-4
0.7971758664955071,0.42591617,0.40686068,0.6502077,0.7887442960959947,1,8,1-3-2-4
0.8151476251604621,0.41194108,0.39368865,0.6306666,0.8921601804850535,1,8,1-3-2-4
0.8421052631578947,0.35159478,0.34235597,0.44977424,0.9532404423067388,1,8,1-3-2-4
0.8010269576379975,0.44611284,0.35481316,1.4324262,0.22985170857511283,0,8,1-3-2-4
0.8369704749679076,0.3686952,0.37819585,0.26935756,0.9436474449132677,0,0,0
