ACC,Loss,LossPrivileged,LossUnprivileged,AEQ,OEQ,OPP,MEQ,MPP,drift-id,gm-id,gm-name
0.803594351732991,0.4388613,0.44333282,0.39284948,0.9517241379310347,0.660924401635832,0.8083703001131359,0.33462282398452614,0.6702127659574468,0,0,0
0.7894736842105263,0.51747715,0.43964443,1.258992,0.6450591216216216,0.6098195615167834,0.7378901732884287,0.25055596738324687,0.605682307361171,1,0,0
0.7689345314505777,0.48512167,0.497437,0.37120456,0.8039588884659307,0.5525798870532113,0.7922354497354498,0.12066365007541478,0.7142857142857143,1,1,1
0.8382541720154044,0.3802711,0.3941203,0.22554965,0.868691963773931,0.7043936675664406,0.841888270459699,0.459789156626506,0.7171717171717171,1,5,3-1-2
0.8202824133504493,0.38154158,0.40031782,0.1605353,0.835182474859544,0.7080041426452713,0.7540751213265833,0.5147515527950312,0.5864661654135338,1,5,3-1-2
0.8421052631578947,0.36111575,0.37544304,0.18942712,0.9118725502591982,0.825850830822122,0.8658692148537086,0.6982922201138521,0.8200339558573855,1,5,3-1-2
0.8472400513478819,0.340191,0.35738102,0.1575153,0.9076205146792317,0.8222834297200831,0.8695673352660649,0.6568914956011731,0.7814992025518341,1,5,3-1-2
0.8331193838254172,0.47798827,0.36121762,1.7394652,0.7665516551655165,0.6589495469954192,0.6653840050777531,0.6492944428280477,0.43478260869565216,0,5,3-1-2
0.8369704749679076,0.37017968,0.379871,0.26884866,0.926609946738604,0.8486600315572278,0.8780735532116746,0.7857142857142857,0.7777777777777777,0,0,0
