ACC,Loss,LossPrivileged,LossUnprivileged,AEQ,OEQ,OPP,MEQ,MPP,drift-id,gm-id,gm-name
0.8433889602053916,0.3566167,0.35881472,0.33399928,0.9669718309859155,0.6276861804708375,0.8605671641791044,0.32427366447985007,0.7238805970149254,0,0,0
0.8382541720154044,0.35967982,0.35081923,0.44409513,0.9660017730496454,0.6974221304898037,0.9637006651674469,0.4543010752688172,0.9323308270676692,1,0,0
0.8382541720154044,0.34496638,0.34664503,0.329439,0.977962577962578,0.9174751739600762,0.9774029645742719,0.8577981651376146,0.9741451209341118,1,0,0
0.8498074454428755,0.33063072,0.31074312,0.5528125,0.9523565573770492,0.8225158331941533,0.9369307461197985,0.6574257425742575,0.9306930693069306,1,0,0
0.8331193838254172,0.35187852,0.34333113,0.45248583,0.9825118366676703,0.722648440786628,0.8371289704271632,0.5313531353135313,0.7574999999999998,1,3,0-2
0.8562259306803595,0.31917736,0.3251984,0.24702515,0.9473033534229639,0.8401417975379262,0.9489664947372124,0.7391304347826086,0.9303370786516852,1,3,0-2
0.8600770218228498,0.31377587,0.31132197,0.33985335,0.9745048562178632,0.8283967046894805,0.8786785800319734,0.7233333333333334,0.7741935483870968,1,3,0-2
0.8716302952503209,0.3025961,0.3176286,0.14019968,0.9211871691625569,0.9178478895475843,0.9140196333452849,0.872093023255814,0.8955223880597015,0,3,0-2
0.8446726572528883,0.34244576,0.35105994,0.2523772,0.9360171543197067,0.9183271972057019,0.9049169379214137,0.8888888888888888,0.8492647058823529,0,3,0-2
