ACC,Loss,LossPrivileged,LossUnprivileged,BalancedACC,drift-id,gm-id,gm-name
0.8029589778076665,0.43514454,0.44093883,0.32904187,0.8903792784458834,0,0,0
0.7619367854741089,0.49868736,0.45667166,1.43288,0.4402846534653465,1,0,0
0.7901815736381977,0.4378352,0.4373347,0.44781682,0.9834720983249083,1,3,3
0.7989240080699395,0.4220952,0.41392395,0.57593274,0.8791306901615272,1,8,4-5
0.7921990585070612,0.4359453,0.43930358,0.37609273,0.9303871268656717,1,11,11
0.812373907195696,0.38193595,0.37956908,0.41701078,0.9643697692803984,1,18,4-5-11
0.8372562205783457,0.34518343,0.34351006,0.38430265,0.9814030639766965,1,18,4-5-11
0.8117014122394082,0.4217771,0.3527538,1.7397503,0.2890687154774623,0,18,4-5-11
0.8507061197041023,0.33342755,0.34114102,0.14673507,0.8919942977190876,0,0,0
