ACC,Loss,LossPrivileged,LossUnprivileged,BalancedACC,drift-id,gm-id
0.9471428571428572,0.24064425,0.24327296,0.19069831,0.9952380952380953,0,<federated.algorithms.fair_fed_drift.ClientIdentity.ClientIdentity object at 0x7f0c4b0c0e20>
0.9442857142857143,0.21035202,0.14599773,1.4330839,0.7779527559055118,1,<federated.algorithms.fair_fed_drift.ClientIdentity.ClientIdentity object at 0x7f0c441229b0>
0.9514285714285714,0.1943915,0.17022009,0.65364826,0.8338557993730408,1,<federated.algorithms.fair_fed_drift.ClientIdentity.ClientIdentity object at 0x7f0c443dcfa0>
0.9614285714285714,0.12086953,0.093654595,0.63795304,0.8555900621118013,1,<federated.algorithms.fair_fed_drift.ClientIdentity.ClientIdentity object at 0x7f0be536c550>
0.9628571428571429,0.14160559,0.09730092,0.9833943,0.7623456790123457,1,<federated.algorithms.fair_fed_drift.ClientIdentity.ClientIdentity object at 0x7f0b845798a0>
0.9414285714285714,0.19568165,0.16737278,0.7335498,0.6253918495297806,1,<federated.algorithms.fair_fed_drift.ClientIdentity.ClientIdentity object at 0x7f0ba036a9e0>
0.9542857142857143,0.13866715,0.100478634,0.86424875,0.616692426584235,1,<federated.algorithms.fair_fed_drift.ClientIdentity.ClientIdentity object at 0x7f0c306a3760>
0.9385714285714286,0.2513162,0.17952204,1.6154048,0.7203791469194313,0,<federated.algorithms.fair_fed_drift.ClientIdentity.ClientIdentity object at 0x7f0c440c6440>
0.9828571428571429,0.05385796,0.034898777,0.41408238,0.8964992389649924,0,<federated.algorithms.fair_fed_drift.ClientIdentity.ClientIdentity object at 0x7f0c4adcc760>
0.9628571428571429,0.12976673,0.11247294,0.45834896,0.7928902627511593,0,<federated.algorithms.fair_fed_drift.ClientIdentity.ClientIdentity object at 0x7f0ad86fc460>
