ACC,Loss,LossPrivileged,LossUnprivileged,AEQ,OEQ,OPP,MEQ,MPP,drift-id,gm-id,gm-name
0.9557142857142857,0.16943426,0.155347,0.4370924,0.8609375000000001,0.7976480539032138,0.8517638655291815,0.3464912280701754,0.5263157894736842,0,0,0
0.9528571428571428,0.2464636,0.14191398,2.2329063,0.7398753894080997,0.6769269136660441,0.6857443224682596,0.0,0.0,1,0,0
0.8428571428571429,0.8413425,0.7835918,1.9386076,0.5636998254799301,0.5305177936002179,0.41931098491200147,0.0,0.0,1,5,5
0.9428571428571428,0.26266658,0.17157288,1.993447,0.6860282574568289,0.6811440669838296,0.687643523168435,0.0,0.0,1,0,0
0.9271428571428572,0.44942722,0.21015942,4.9955163,0.44952681388012616,0.42909388871803344,0.44102724319548986,0.0,0.0,2,3,3
0.86,0.57756346,0.5233191,1.6082069,0.6192109777015437,0.5592264687981456,0.5955512380493109,0.0,0.0,2,11,11
0.8914285714285715,0.5574623,0.5386973,0.9139967,0.8926174496644296,0.6991861151450124,0.6402528719159382,0.0,0.0,2,9,9
0.97,0.1829766,0.18774186,0.09243641,0.998452012383901,0.8476758073438699,0.8579244656367944,0.0,0.0,2,8,8
0.9771428571428571,0.12407004,0.08714428,0.8256595,0.9019908116385911,0.8822750701513667,0.9177964689903744,0.5158730158730159,0.6,2,8,8
