ACC,Loss,LossPrivileged,LossUnprivileged,BalancedACC,drift-id,gm-id,gm-name
0.9242857142857143,0.2548995,0.24805191,0.31652766,0.9199318568994889,0,0,0
0.95,0.21427758,0.153231,0.76369697,0.8275862068965517,0,0,0
0.9714285714285714,0.11062864,0.105586484,0.15600811,0.9674267100977199,0,0,0
0.9685714285714285,0.11989188,0.11577507,0.1569434,0.9705882352941176,0,0,0
0.9657142857142857,0.17933547,0.11672056,0.7428699,0.8926829268292683,2,0,0
0.9485714285714286,0.24392234,0.21401401,0.5130973,0.976627712854758,2,9,6-7
0.9428571428571428,0.24928142,0.25336662,0.21251495,0.9831932773109244,2,9,6-7
0.9557142857142857,0.28993684,0.12001884,1.8191992,0.8543371522094927,0,9,6-7
0.9485714285714286,0.26235232,0.21950942,0.64793813,0.8451400329489291,0,0,0
