ACC,Loss,LossPrivileged,LossUnprivileged,AEQ,OEQ,OPP,drift-id,gm-id,gm-name
0.8293333333333334,0.59891725,0.33633453,1.6492482,0.6074074074074074,0.6093921747204148,0.855741683069173,0,0,0
0.7813333333333333,1.5700189,0.61215544,5.4014726,0.4393939393939394,0.485531931125572,0.6316052862945734,4,0,0
0.616,3.5538633,2.6001968,7.368528,0.3177570093457944,0.33400347479434667,0.9645237828045594,4,6,6
0.8373333333333334,1.2334225,0.23988111,5.2075887,0.3310344827586207,0.3512686083628023,0.41832182679393287,4,0,0
0.784,1.6556048,0.4896706,6.3193407,0.3394833948339483,0.302828011352417,0.3941645297797853,1,0,0
0.6773333333333333,2.774987,2.0049353,5.855194,0.5357142857142857,0.4952422781928894,0.77237151115363,1,20,20
0.792,1.2447845,0.34975055,4.8249197,0.2888086642599278,0.3461293926557825,0.3400000000000001,3,0,0
0.8506666666666667,0.7838488,0.21531238,3.0579946,0.47719298245614034,0.46524841747582285,0.4820972292809449,3,0,0
0.808,0.8940215,0.38690612,2.9224832,0.4558823529411765,0.4852806202110041,0.6373708124985383,3,0,0
