ACC,Loss,LossPrivileged,LossUnprivileged,AEQ,OEQ,OPP,drift-id,gm-id,gm-name
0.8186666666666667,0.6489069,0.3614489,1.798739,0.5147058823529412,0.5194257555756466,0.7837860449757291,0,0,0
0.8,1.6681564,0.5220183,6.2527075,0.411764705882353,0.41549271409811117,0.5184083211709117,1,0,0
0.6773333333333333,1.9865535,1.3165425,4.666597,0.43668122270742354,0.44454148014436445,0.9198814962593462,1,5,5
0.48533333333333334,3.2762454,2.8187003,5.106424,0.55,0.5625379429588517,0.7052434055979476,1,14,14
0.5013333333333333,5.215207,3.5119348,12.0282955,0.06486486486486487,0.05795110640173712,0.3582453013321624,2,20,20
0.824,1.4086286,0.4001908,5.4423795,0.41428571428571426,0.38547421451392927,0.48124756768777444,2,0,0
0.8106666666666666,1.1644677,0.43135497,4.096919,0.34285714285714286,0.3536894606555087,0.48572518690668753,2,0,0
0.8373333333333334,1.1055135,0.3261846,4.2228284,0.4381625441696113,0.44661659454974384,0.4899419888917455,2,0,0
0.8213333333333334,0.90802634,0.24718098,3.5514078,0.4,0.41812813370419943,0.5577790587160874,2,0,0
