ACC,Loss,LossPrivileged,LossUnprivileged,BalancedACC,drift-id,gm-id,gm-name
0.8357142857142857,0.4467795,0.45729476,0.43626422,0.9965870307167234,0,0,0
0.7914285714285715,1.3241459,0.37926635,2.2690253,0.8344370860927152,2,0,0
0.7671428571428571,0.838137,0.8285969,0.84767693,0.9742647058823529,2,7,7
0.71,2.3469403,0.7524908,3.9413898,0.75,1,1,1
0.7728571428571429,0.81714755,0.9538033,0.68049186,0.9744525547445257,1,12,12
0.7485714285714286,2.3622453,0.6128008,4.1116896,0.7525083612040134,2,10,10
0.84,0.7939981,0.87365794,0.71433854,0.9534883720930232,2,2,2
0.6142857142857143,2.0842807,0.9533527,3.2152083,0.6796875,1,22,22
0.8457142857142858,0.7599459,0.76435065,0.7555412,0.9865771812080537,1,10,10
