ACC,Loss,LossPrivileged,LossUnprivileged,AEQ,OEQ,OPP,drift-id,gm-id,gm-name
0.5116666666666667,4.8626204,4.889008,4.625135,0.08881578947368421,0.04166666666666666,0.024999999999999998,0,0,0
0.535,4.669733,4.675472,4.618086,0.3495145631067962,0.16648148148148148,0.24007936507936506,1,0,0
0.525,4.6646385,4.669961,4.6167393,0.20454545454545453,0.09221014492753624,0.11356231487810435,1,0,0
0.565,4.622369,4.6229944,4.616734,0.3302752293577982,0.16222943722943722,0.22990297990297992,1,0,0
0.5833333333333334,4.6147714,4.6154795,4.6083956,0.2920353982300885,0.14565217391304347,0.2138095238095238,1,0,0
0.5583333333333333,4.6184754,4.6186824,4.61661,0.1641337386018237,0.10312911725955205,0.13333333333333333,1,0,0
0.58,4.616065,4.616651,4.610786,0.26627218934911245,0.15232426303854874,0.16528822055137846,1,0,0
0.5633333333333334,4.616609,4.617303,4.610365,0.3312883435582822,0.17853535353535352,0.1624107142857143,1,0,0
0.5783333333333334,4.632925,4.635441,4.6102805,0.37837837837837834,0.1370992841581077,0.21119047619047618,1,0,0
