ACC,Loss,LossPrivileged,LossUnprivileged,BalancedACC,drift-id,gm-id
0.9357142857142857,0.22941014,0.2049892,0.44919887,0.8743718592964825,0,<federated.algorithms.fair_fed_drift.ClientIdentity.ClientIdentity object at 0x7f90ac152e90>
0.94,0.3880674,0.20360756,2.0482063,0.7884297520661157,2,<federated.algorithms.fair_fed_drift.ClientIdentity.ClientIdentity object at 0x7f90542fdc30>
0.9542857142857143,0.1254733,0.09218841,0.42503735,0.823529411764706,2,<federated.algorithms.fair_fed_drift.ClientIdentity.ClientIdentity object at 0x7f908c197790>
0.9514285714285714,0.16218123,0.13518558,0.4051421,0.9402985074626865,0,<federated.algorithms.fair_fed_drift.ClientIdentity.ClientIdentity object at 0x7f902c758910>
0.9542857142857143,0.16906966,0.12313363,0.5824941,0.888157894736842,0,<federated.algorithms.fair_fed_drift.ClientIdentity.ClientIdentity object at 0x7f90545eae90>
0.9614285714285714,0.19081064,0.07512779,1.2319561,0.8168557536466775,0,<federated.algorithms.fair_fed_drift.ClientIdentity.ClientIdentity object at 0x7f90617668c0>
0.9514285714285714,0.15903191,0.073809095,0.9260374,0.7463414634146341,0,<federated.algorithms.fair_fed_drift.ClientIdentity.ClientIdentity object at 0x7f90615f7b80>
0.9571428571428572,0.13044493,0.09091542,0.48621032,0.7572815533980584,1,<federated.algorithms.fair_fed_drift.ClientIdentity.ClientIdentity object at 0x7f90543201c0>
0.9557142857142857,0.13347173,0.053149085,0.8563754,0.7112903225806452,1,<federated.algorithms.fair_fed_drift.ClientIdentity.ClientIdentity object at 0x7f908c2845b0>
0.97,0.10471848,0.07324706,0.3879612,0.8723747980613893,0,<federated.algorithms.fair_fed_drift.ClientIdentity.ClientIdentity object at 0x7f902c502cb0>
