ACC,Loss,LossPrivileged,LossUnprivileged,BalancedACC,drift-id,gm-id,gm-name
0.9328571428571428,0.23202221,0.1996701,0.84671193,0.787878787878788,0,0,0
0.9571428571428572,0.1513656,0.13989742,0.36926094,0.9529780564263323,0,0,0
0.9642857142857143,0.10715471,0.08312781,0.56366575,0.82225656877898,0,0,0
0.9771428571428571,0.09582014,0.09347537,0.14037067,0.9631336405529953,0,0,0
0.9642857142857143,0.31597608,0.14427571,3.578283,0.7307692307692308,2,0,0
0.9642857142857143,0.20898041,0.11945908,1.9098858,0.7916666666666667,2,0,0
0.9671428571428572,0.17071503,0.063177444,2.2139294,0.6983154670750382,2,0,0
0.9742857142857143,0.13696037,0.076860934,1.2788496,0.7832061068702291,2,0,0
0.9685714285714285,0.13489875,0.091992274,0.9501219,0.7880184331797235,2,0,0
