ACC,Loss,LossPrivileged,LossUnprivileged,BalancedACC,drift-id,gm-id,gm-name
0.8628571428571429,0.40602288,0.39529452,0.5025778,0.9197080291970803,0,0,0
0.8414285714285714,0.62862825,0.36796045,2.9746382,0.7087912087912088,1,0,0
0.7985714285714286,0.83161587,0.6642539,2.3378735,0.6936416184971098,1,1,1
0.8457142857142858,0.54529023,0.45419845,1.3651166,0.7941176470588235,1,5,5
0.8871428571428571,0.5549611,0.4787058,1.2412586,0.8397887323943661,1,5,5
0.87,0.5494026,0.5316427,0.70924175,0.9802867383512546,1,5,5
0.86,0.5982123,0.5630861,0.9143485,0.8688524590163934,1,5,5
0.8857142857142857,0.7553142,0.4952446,3.0959408,0.7382198952879581,0,5,5
0.8957142857142857,0.59723073,0.56762785,0.86365646,0.9348591549295775,0,0,0
