ACC,Loss,LossPrivileged,LossUnprivileged,BalancedACC,drift-id,gm-id,gm-name
0.7971758664955071,0.43143845,0.4368827,0.3771495,0.920626099842549,0,0,0
0.8331193838254172,0.38040262,0.39683607,0.21395497,0.9024594499294781,0,0,0
0.8074454428754814,0.38863203,0.39412373,0.34064797,0.8853918295978382,0,0,0
0.8074454428754814,0.40035424,0.39492506,0.45900583,0.9735833202037708,0,0,0
0.82798459563543,0.37265846,0.324114,0.82832915,0.6371743929359823,1,0,0
0.8125802310654685,0.37159276,0.34138706,0.68741995,0.7810845900329573,1,0,0
0.8331193838254172,0.3616826,0.33466196,0.6635537,0.7142674180327869,1,0,0
0.8446726572528883,0.33814588,0.30986986,0.6337969,0.7675606947509835,0,0,0
0.82798459563543,0.3499786,0.30312386,0.73253405,0.5398152649489548,0,0,0
