ACC,Loss,LossPrivileged,LossUnprivileged,AEQ,OEQ,OPP,MEQ,MPP,drift-id,gm-id,gm-name
0.93,0.2532911,0.23666076,0.31981263,0.9224952741020794,0.914835442436112,0.9160392682751889,0.8198347107438017,0.6937062937062938,0,0,0
0.9057142857142857,0.7578125,0.28106937,2.6647854,0.803030303030303,0.7563315353888836,0.785286572040712,0.0,0.0,1,0,0
0.8242857142857143,0.813687,0.7662032,1.0036219,0.8589473684210526,0.7596466916086324,0.8302707051734229,0.39297658862876256,0.5020661157024794,1,5,5
0.8471428571428572,0.77057934,0.7662843,0.7877597,0.9957983193277311,0.9040825338633688,0.957887349376439,0.7532467532467533,0.8666666666666667,1,4,4
0.8371428571428572,0.79455703,0.56003994,1.7326255,0.6786427145708582,0.6503634615592115,0.7062118335917656,0.402321083172147,0.2647058823529412,1,9,9
0.9185714285714286,0.40784833,0.35627827,0.6141286,0.9366602687140115,0.8714315546381283,0.892150629622632,0.4722222222222222,0.8020833333333334,1,4,4
0.9557142857142857,0.24499708,0.22375275,0.32997447,0.9739776951672863,0.9256994626571231,0.9344991271162579,0.8076923076923077,0.7651821862348178,1,1,1
0.9457142857142857,0.23812507,0.20327865,0.37751073,0.9402985074626865,0.9162517392332961,0.9289211460342928,0.6979166666666666,0.7645390070921986,1,4,4
0.9457142857142857,0.3136515,0.3667827,0.10112692,0.975925925925926,0.9254979313846592,0.9476505830814785,0.7894736842105263,0.8983050847457628,1,4,4
