ACC,BalancedACC,drift-id,gm-id
0.08176100628930817,0.10343222803955789,0,0
0.8018867924528302,0.9732908414902496,0,0
0.7389937106918238,0.8232361007230118,1,0
0.7672955974842768,0.8167300198426929,1,0
0.8553459119496856,0.928546716793136,1,0
0.8238993710691824,0.8974948935271054,1,0
0.8254716981132075,0.9512070971495056,1,0
0.8191823899371069,0.8955473798405735,1,0
0.7452830188679245,0.7808252077429272,0,0
0.8522012578616353,0.9806832580267278,0,0
0.8553459119496856,0.9427108784176848,0,0
