ACC,Loss,LossPrivileged,LossUnprivileged,BalancedACC,drift-id,gm-id,gm-name
0.8314285714285714,0.46567017,0.450709,0.6003206,0.8830188679245283,0,0,0
0.8771428571428571,0.35017285,0.3356051,0.48128226,0.903225806451613,0,0,0
0.8857142857142857,0.35424516,0.32994258,0.57296884,0.9288256227758007,0,0,0
0.9028571428571428,0.4161865,0.3638934,0.8868248,0.806896551724138,0,0,0
0.8757142857142857,0.5094006,0.44937652,1.0496178,0.7473498233215546,1,0,0
0.8885714285714286,0.49043423,0.4087787,1.2253344,0.7356521739130434,1,0,0
0.9,0.46488696,0.41684794,0.8972383,0.8266897746967071,1,0,0
0.8828571428571429,0.6226336,0.54389155,1.3313116,0.8442477876106194,0,0,0
0.8871428571428571,0.752247,0.6571806,1.6078447,0.8224956063268893,0,0,0
