ACC,Loss,LossPrivileged,LossUnprivileged,BalancedACC,drift-id,gm-id,gm-name
0.8103564223268326,0.41875347,0.4244956,0.31360584,0.9275537207579126,0,0,0
0.7935440484196369,0.47743487,0.3788879,2.4428225,0.2394607783924818,2,0,0
0.7975790181573639,0.42768052,0.37631223,1.5514622,0.3561795530947202,2,0,0
0.8063214525891056,0.37796092,0.34422585,0.941417,0.561545566502463,1,0,0
0.8157363819771352,0.37654427,0.3561626,0.78303,0.7329721921271216,1,0,0
0.8117014122394082,0.3620571,0.34922546,0.57637596,0.8126267014190558,1,0,0
0.8251513113651647,0.36900115,0.36194393,0.51403236,0.9827844404014902,1,0,0
0.8224613315400134,0.35399184,0.3455802,0.55063117,0.7496437711835098,0,0,0
0.8305312710154674,0.3409432,0.32951036,0.57951957,0.7709290265224479,0,0,0
