ACC,Loss,LossPrivileged,LossUnprivileged,BalancedACC,drift-id,gm-id,gm-name
0.8028571428571428,0.5425953,0.59552956,0.48966104,0.9581881533101044,0,0,0
0.79,1.3139367,0.3700575,2.257816,0.819078947368421,2,0,0
0.7357142857142858,0.8538127,0.8574723,0.85015285,0.9961240310077519,2,5,5
0.7271428571428571,2.2803555,0.47834328,4.0823674,0.6966666666666668,1,4,4
0.8614285714285714,0.5645715,0.6086828,0.5204602,0.9770491803278689,1,8,8
0.8771428571428571,0.47206467,0.49582383,0.44830567,0.9935064935064936,1,8,8
0.8471428571428572,0.62553173,0.61979747,0.63126606,0.9700996677740864,1,8,8
0.6557142857142857,2.2446043,0.9518612,3.5373468,0.7320754716981133,0,22,22
0.8971428571428571,0.4932236,0.5399197,0.44652757,0.9873417721518988,0,0,0
