ACC,Loss,LossPrivileged,LossUnprivileged,AEQ,OEQ,OPP,MEQ,MPP,drift-id,gm-id,gm-name
0.9357142857142857,0.24208802,0.24528018,0.18143706,0.932330827067669,0.9430520610812031,0.9384846188963828,0.8860759493670887,0.8823529411764706,0,0,0
0.9528571428571428,0.28521886,0.13468672,3.1453288,0.7398753894080997,0.700325747163608,0.7369617931188445,0.0,0.0,3,0,0
0.96,0.22914843,0.119521245,2.3120651,0.7953488372093024,0.7141598654756549,0.7357932638945406,0.0,0.0,3,0,0
0.9771428571428571,0.11834971,0.051013567,1.3977362,0.7808219178082192,0.7279644694955477,0.7269198942752332,0.0,0.0,1,0,0
0.9714285714285714,0.13173969,0.08326964,1.0526707,0.7553516819571866,0.8033632522265819,0.7881757953104674,0.16666666666666666,0.25390625,1,0,0
0.9542857142857143,0.20584372,0.13017948,1.643464,0.7080745341614907,0.7056903305065317,0.6675317309911588,0.0,0.0,3,0,0
0.9757142857142858,0.14454268,0.069732696,1.5659326,0.7218844984802432,0.7512440777387437,0.7502546897546897,0.0,0.0,3,0,0
0.9414285714285714,0.26717722,0.1764353,1.991273,0.5335413416536661,0.6646597742648368,0.6480679596612421,0.0,0.0,1,0,0
0.9728571428571429,0.10913215,0.021664243,1.7710222,0.5748865355521936,0.6355324675324676,0.5820512820512821,0.0,0.0,1,0,0
