ACC,Loss,LossPrivileged,LossUnprivileged,BalancedACC,drift-id,gm-id,gm-name
0.8433333333333334,0.32270682,0.26930174,0.42714927,0.9043537686152795,0,0,0
0.8133333333333334,0.49086142,0.23287265,1.0307759,0.6674282529952632,2,0,0
0.845,0.3430584,0.2853031,0.4706143,0.9279647687952186,2,2,2
0.8333333333333334,0.35372695,0.28910175,0.4859297,0.8935177081510006,2,2,2
0.765,0.94849813,0.23560111,2.3120003,0.5603172432654178,1,2,2
0.87,0.327228,0.2979906,0.38073802,0.9470162351908733,1,1,1
0.855,0.31344074,0.21518227,0.50849116,0.8125717566016073,1,1,1
0.7833333333333333,0.7695856,0.27309278,1.7551612,0.6210289335445677,2,1,1
0.8533333333333334,0.3349711,0.2689696,0.4548894,0.879485609308022,2,2,2
