ACC,Loss,LossPrivileged,LossUnprivileged,BalancedACC,drift-id,gm-id,gm-name
0.7990430622009569,0.42710698,0.47064796,0.3393971,0.8776487031738288,0,0,0
0.8086124401913876,0.4186563,0.45948198,0.34312877,0.9652509652509652,0,0,0
0.8389154704944178,0.37168744,0.39898622,0.32223132,0.9369510027925869,0,0,0
0.8452950558213717,0.35685942,0.36612278,0.3393573,0.9166708574302237,0,0,0
0.6905901116427432,0.6101952,0.37425727,1.0958822,0.5630703012912482,2,0,0
0.7113237639553429,0.52628744,0.3821415,0.8251784,0.6384767983439709,2,0,0
0.7256778309409888,0.50294673,0.3781445,0.7404175,0.6662545334652159,2,0,0
0.7129186602870813,0.5092017,0.3930154,0.74325013,0.6734787600459242,2,0,0
0.7304625199362041,0.5193805,0.42098054,0.7001514,0.7840599935157385,2,0,0
