ACC,Loss,LossPrivileged,LossUnprivileged,BalancedACC,drift-id,gm-id,gm-name
0.865,0.32136503,0.3114384,0.5168173,0.954649947753396,0,0,0
0.8716666666666667,0.31955144,0.28704908,1.0671053,0.7258382642998028,1,0,0
0.85,0.36048356,0.3166185,1.1141652,0.6648768746528421,1,0,0
0.8866666666666667,0.27165872,0.2165567,1.1349236,0.6438356164383562,1,2,0-1
0.8683333333333333,0.3109,0.25561225,1.2608438,0.5795454545454546,2,2,0-1
0.875,0.30526498,0.25988808,1.0606574,0.5570866141732284,2,2,0-1
0.8566666666666667,0.31127974,0.26782423,0.9196569,0.6260162601626017,2,2,0-1
0.8633333333333333,0.3087133,0.30263656,0.4011784,0.9685887119152006,2,4,4
0.91,0.2284294,0.2184633,0.42465854,0.9052715021799445,2,4,4
