ACC,Loss,LossPrivileged,LossUnprivileged,BalancedACC,drift-id,gm-id,gm-name
0.8428571428571429,0.4549914,0.40359658,0.91754466,0.7610294117647058,0,0,0
0.8514285714285714,0.6237154,0.34106135,3.1676018,0.7350272232304901,1,0,0
0.7714285714285715,0.8557786,0.8322328,1.0676906,0.8780487804878049,1,3,3
0.8571428571428571,0.58920884,0.44453067,1.8913122,0.8181818181818182,1,0,0
0.8857142857142857,0.56684965,0.4538857,1.5835247,0.7723292469352013,2,0,0
0.8814285714285715,0.57921404,0.4676813,1.583008,0.7421052631578947,2,0,0
0.8971428571428571,0.4796853,0.4044266,1.1570146,0.7954939341421143,2,0,0
0.8814285714285715,0.55321336,0.50242364,1.0103211,0.7936507936507936,2,0,0
0.8957142857142857,0.5723173,0.4851041,1.3572364,0.8481675392670157,2,0,0
