ACC,Loss,LossPrivileged,LossUnprivileged,BalancedACC,drift-id,gm-id,gm-name
0.79204107830552,0.43649146,0.44466648,0.34961674,0.9245022669032131,0,0,0
0.7637997432605905,0.52582777,0.40960595,1.8242426,0.4087271341463415,1,0,0
0.7830551989730423,0.4694766,0.39315858,1.3220925,0.5778556034482759,1,0,0
0.7715019255455713,0.4746688,0.38389257,1.4087428,0.40945790080738176,1,0,0
0.3902439024390244,1.7178435,1.8499177,0.44052464,0.40359133692771637,2,0,0
0.9127086007702182,0.25267443,0.23327461,0.4555168,0.8766364777618365,2,7,4-1-2-3
0.9229781771501926,0.19651832,0.17493437,0.43765157,0.8170475746268656,2,7,4-1-2-3
0.9293966623876765,0.18341567,0.16902156,0.34422475,0.9004197761194029,2,7,4-1-2-3
0.9255455712451861,0.18076544,0.16632174,0.33425677,0.8948939512961508,2,7,4-1-2-3
