ACC,Loss,LossPrivileged,LossUnprivileged,BalancedACC,drift-id,gm-id,gm-name
0.9357142857142857,0.21465047,0.19717482,1.9447387,0.1513761467889908,0,0,0
0.9585714285714285,0.21824352,0.21315362,0.7221422,0.8932330827067669,0,0,0
0.9714285714285714,0.10089903,0.09406697,0.7772752,0.8813056379821959,0,0,0
0.9657142857142857,0.13441558,0.12873258,0.6970336,0.7377049180327869,0,0,0
0.9685714285714285,0.11680989,0.11190186,0.60270566,0.5875370919881305,0,0,0
0.9828571428571429,0.076521955,0.063368835,1.3786803,0.7247437774524158,0,0,0
0.9842857142857143,0.08682979,0.08161089,0.60350055,0.8696925329428989,0,0,0
0.9742857142857143,0.11628935,0.08823626,2.8935435,0.584070796460177,1,0,0
0.9771428571428571,0.10013223,0.07028051,3.055453,0.4361233480176211,1,0,0
