ACC,Loss,LossPrivileged,LossUnprivileged,AEQ,OEQ,OPP,MEQ,MPP,drift-id,gm-id,gm-name
0.9114285714285715,0.3862674,0.37339664,0.43775043,0.9553398058252428,0.9336131985802133,0.9201327150790684,0.8578088578088578,0.7706214689265536,0,0,0
0.9442857142857143,0.22400765,0.19878201,0.32491022,0.9792843691148777,0.9335428674354347,0.9330687900189701,0.8125,0.8177777777777778,0,0,0
0.9457142857142857,0.20117466,0.16048297,0.36394134,0.8856088560885609,0.8635056614342649,0.8732575704362399,0.6363636363636364,0.6745454545454546,0,0,0
0.9771428571428571,0.09807151,0.09330976,0.11711848,0.9836065573770493,0.9580097864390549,0.9567052236421814,0.8734491315136477,0.8571428571428571,0,0,0
0.9442857142857143,0.5260147,0.10868147,2.1953478,0.8336380255941499,0.7712940143823956,0.7605168414764271,0.0,0.0,2,0,0
0.9314285714285714,0.39944392,0.11129889,1.5520241,0.7765567765567766,0.7822868782108469,0.7599899221239365,0.058823529411764705,0.058823529411764705,2,0,0
0.9371428571428572,0.34908682,0.035457194,1.6036053,0.7536231884057971,0.737252419385773,0.7275794761244022,0.0,0.0,2,0,0
0.9428571428571428,0.29686803,0.06274579,1.233357,0.7739602169981916,0.7926981869959034,0.7716998998649457,0.05555555555555555,0.09354413702239789,2,0,0
0.9385714285714286,0.3132314,0.051175714,1.361454,0.7608695652173912,0.7762142650672831,0.7491242115895703,0.0,0.0,2,0,0
