ACC,Loss,LossPrivileged,LossUnprivileged,AEQ,OEQ,OPP,MEQ,MPP,drift-id,gm-id,gm-name
0.812373907195696,0.40827763,0.41499388,0.2743306,0.8962747175141244,0.8438947245050552,0.8338048627199313,0.6970822281167108,0.800513698630137,0,0,0
0.7908540685944856,0.45920107,0.40486118,1.4542559,0.5451816134828394,0.6195943064420294,0.6210533553355335,0.2809343434343434,0.4921067106710671,1,0,0
0.7881640887693342,0.43166554,0.43540126,0.35824788,0.9773120506884366,0.6288505898636418,0.7614706905242321,0.28153357531760437,0.7567783094098883,1,3,3
0.8150638870208473,0.38766256,0.3937812,0.2599816,0.8739890600355715,0.7172176013438851,0.8263375424068143,0.47715442452284557,0.7543487957181089,1,12,1-4-2-3
0.8022864828513786,0.3908944,0.35906065,0.90948874,0.5797904554263567,0.4450718342799867,0.45864262990456,0.0,0.0,2,12,1-4-2-3
0.8291862811028917,0.3636778,0.3655012,0.3302889,0.9812984178941627,0.44858251089938417,0.852410783855384,0.22533039647577094,0.8275268817204301,2,15,5-6-7
0.8345662407531943,0.3426729,0.35369313,0.1716145,0.910574925362711,0.3864145494510634,0.8211278698221048,0.2166493236212279,0.783453237410072,2,15,5-6-7
0.8291862811028917,0.344446,0.35145158,0.20874906,0.8984567966391523,0.6476592976004787,0.8645517117382331,0.6419602529358627,0.7316425120772947,2,15,5-6-7
0.8453261600537996,0.34464526,0.35083628,0.21135023,0.943093309796157,0.653185410471808,0.8926445862453154,0.6503542234332425,0.8088888888888889,2,15,5-6-7
