ACC,Loss,LossPrivileged,LossUnprivileged,BalancedACC,drift-id,gm-id,gm-name
0.9128571428571428,0.3611999,0.3929827,0.32941708,0.9906542056074767,0,0,0
0.8685714285714285,1.3712798,0.23126371,2.5112958,0.8258258258258259,2,0,0
0.8128571428571428,0.88383937,0.7345483,1.0331305,0.9964912280701753,2,5,5
0.8157142857142857,2.2707875,0.2234755,4.3181005,0.7095808383233533,1,1,1
0.9285714285714286,0.25271028,0.31168777,0.19373284,0.9696969696969697,1,16,9-7-8
0.79,2.7733424,0.13817233,5.408512,0.6409495548961424,2,16,9-7-8
0.9471428571428572,0.20014806,0.23404081,0.16625527,0.9969879518072289,2,14,1-4-3-5-2-6
0.7714285714285715,2.81777,0.4223856,5.2131543,0.6513761467889908,1,14,1-4-3-5-2-6
0.9857142857142858,0.051415518,0.09310588,0.009725158,0.9770773638968482,1,16,9-7-8
