ACC,Loss,LossPrivileged,LossUnprivileged,BalancedACC,drift-id,gm-id,gm-name
0.9514285714285714,0.17432097,0.1750675,0.16760236,0.9568106312292358,0,0,0
0.9371428571428572,0.37505087,0.12412514,2.6333828,0.7265238879736408,1,0,0
0.8285714285714286,0.87721294,0.8152615,1.4347776,0.6846011131725418,1,1,1
0.88,0.60281205,0.55299085,1.0512027,0.9000000000000001,1,5,5
0.9485714285714286,0.26324794,0.20191284,0.81526405,0.8776859504132232,1,1,1
0.94,0.29085335,0.24763511,0.6798173,0.8864774624373957,1,1,1
0.9414285714285714,0.2233671,0.22300379,0.22663663,0.9983164983164984,1,1,1
0.9657142857142857,0.3639634,0.1624544,2.1775446,0.8287560581583199,0,1,1
0.9771428571428571,0.10496662,0.06479529,0.46650854,0.8971061093247588,0,0,0
