ACC,Loss,LossPrivileged,LossUnprivileged,AEQ,OEQ,OPP,MEQ,MPP,drift-id,gm-id,gm-name
0.8342857142857143,0.41363356,0.41148034,0.4330124,0.9545454545454546,0.8938783362885472,0.8481703521000885,0.5121951219512195,0.7068965517241379,0,0,0
0.8528571428571429,0.6979167,0.3381583,3.9357417,0.6985559566787004,0.7092733570067293,0.6839606370557038,0.0,0.0,1,0,0
0.8742857142857143,0.52909005,0.41396183,1.5652435,0.7833037300177619,0.6993677878190507,0.6953651737026322,0.0,0.0,1,0,0
0.8914285714285715,0.51431787,0.42584082,1.3106118,0.8181818181818182,0.6952539750152146,0.7799585754217228,0.0,0.0,1,0,0
0.8714285714285714,0.61698174,0.49109063,1.7500014,0.7168141592920354,0.6673140631597355,0.6830816507078838,0.0,0.0,3,0,0
0.89,0.64502186,0.41928625,2.6766427,0.6839378238341969,0.6668846900133447,0.6626456951909838,0.0,0.0,4,0,0
0.88,0.66300905,0.46760267,2.4216654,0.7263157894736842,0.6832999757974993,0.6496026615028667,0.0,0.0,4,0,0
0.8657142857142858,0.6304965,0.49432936,1.8560009,0.6702127659574467,0.6564503054007026,0.6440113005516066,0.0,0.0,1,0,0
0.87,0.72661316,0.5862833,1.9895828,0.7008849557522123,0.6279320513506816,0.6293629124129908,0.0,0.0,1,0,0
