ACC,Loss,LossPrivileged,LossUnprivileged,BalancedACC,drift-id,gm-id,gm-name
0.9471428571428572,0.17798547,0.1593252,0.53253055,0.8690851735015773,0,0,0
0.9485714285714286,0.23945141,0.15391889,1.8645691,0.805337519623234,1,0,0
0.9685714285714285,0.14474371,0.086702846,1.2475202,0.7880184331797235,1,0,0
0.9514285714285714,0.26142275,0.17415759,1.9194604,0.7102803738317757,1,0,0
0.85,0.6774814,0.55341285,3.034784,0.42439862542955326,2,1,1
0.9771428571428571,0.07655309,0.06686979,0.26053587,0.8715596330275229,2,0,0
0.9685714285714285,0.11352864,0.105465606,0.26672608,0.8796296296296297,2,0,0
0.9857142857142858,0.10707688,0.0034433957,2.0761132,0.7439759036144579,2,0,0
0.9842857142857143,0.068031564,0.033317335,0.72760206,0.834848484848485,2,0,0
