ACC,Loss,LossPrivileged,LossUnprivileged,AEQ,OEQ,OPP,MEQ,MPP,drift-id,gm-id,gm-name
0.9485714285714286,0.1781204,0.1595137,0.5316477,0.8677165354330709,0.8492257459992167,0.8688449841106024,0.6444444444444445,0.5317460317460317,0,0,0
0.95,0.23738027,0.15266329,1.8470027,0.8040752351097179,0.6323933224302665,0.6859940882238724,0.0,0.0,1,0,0
0.9685714285714285,0.14606732,0.0888202,1.2337627,0.7880184331797235,0.7453817302588155,0.6611639967027327,0.0,0.0,1,0,0
0.95,0.25298056,0.16870856,1.8541493,0.7113884555382215,0.7454406977155265,0.6374949081160137,0.0,0.0,1,0,0
0.8542857142857143,0.6685342,0.5443202,3.0285988,0.4554794520547945,0.43917011778588133,0.3723845338892177,0.0,0.0,2,1,1
0.9757142857142858,0.07835689,0.06964502,0.24388294,0.8728943338437978,0.8122475166973352,0.7640569642226512,0.0,0.0,2,0,0
0.97,0.10680337,0.09646058,0.30331653,0.8782742681047766,0.7668715538064087,0.8148439707373212,0.0,0.0,2,0,0
0.9871428571428571,0.09862621,0.0030631395,1.9143245,0.7428571428571429,0.7833333333333333,0.8371428571428572,0.25,0.2,2,0,0
0.9842857142857143,0.078121565,0.04639666,0.68089473,0.834848484848485,0.8334217563837129,0.8280084731980223,0.0,0.0,2,0,0
