ACC,Loss,LossPrivileged,LossUnprivileged,AEQ,OEQ,OPP,MEQ,MPP,drift-id,gm-id,gm-name
0.9371428571428572,0.24540743,0.24859202,0.18490009,0.9628482972136222,0.9003318047918438,0.9421711808523244,0.5294117647058824,0.8729508196721312,0,0,0
0.9514285714285714,0.27880546,0.1285988,3.132732,0.7410296411856474,0.6994015616999489,0.7356742852407617,0.0,0.0,3,0,0
0.96,0.22851427,0.12500177,2.195251,0.7953488372093024,0.7124504637662532,0.7407192291388829,0.0,0.0,3,0,0
0.9757142857142858,0.11722071,0.049633697,1.4013737,0.7820121951219513,0.7261462876773659,0.7390047633525894,0.0,0.0,1,0,0
0.9714285714285714,0.13018121,0.08233935,1.0391766,0.7553516819571866,0.8033632522265819,0.7574273188365445,0.16666666666666666,0.3378995433789954,1,0,0
0.9542857142857143,0.20532924,0.1308499,1.620437,0.6775193798449612,0.6787758682879652,0.6913296506684655,0.0,0.0,3,0,0
0.9757142857142858,0.14842713,0.06727896,1.6902424,0.7218844984802432,0.7471394733161796,0.7401172762324605,0.20821917808219179,0.2,3,0,0
0.9471428571428572,0.27319968,0.1880667,1.890726,0.6214953271028036,0.7084878089621738,0.702580091183183,0.0,0.0,1,0,0
0.9742857142857143,0.11115909,0.021650106,1.8118299,0.6036308623298032,0.6495914249684742,0.6491549191549192,0.0,0.0,1,0,0
