ACC,Loss,LossPrivileged,LossUnprivileged,BalancedACC,drift-id,gm-id,gm-name
0.7907573812580231,0.45402423,0.47185177,0.28911948,0.8570309439874657,0,0,0
0.8164313222079589,0.4072931,0.4177897,0.3026232,0.9284217240750867,0,0,0
0.8023106546854942,0.3996977,0.40125126,0.3857352,0.9897071548936557,0,0,0
0.8318356867779204,0.3981859,0.4047482,0.3416368,0.9898027979099951,0,0,0
0.7830551989730423,0.5229666,0.35122263,2.509103,0.2123700791641984,2,0,0
0.7894736842105263,0.46927604,0.45148456,0.6786907,0.9600278551532033,2,3,3
0.7946084724005135,0.43805173,0.4305175,0.5236793,0.9799539927702925,2,9,2-5-3-1-4
0.8010269576379975,0.41066918,0.39947304,0.5401467,0.9926917712691771,2,9,2-5-3-1-4
0.8074454428754814,0.3769901,0.3732567,0.4201644,0.9986628781547717,2,9,2-5-3-1-4
