ACC,Loss,LossPrivileged,LossUnprivileged,AEQ,OEQ,OPP,MEQ,MPP,drift-id,gm-id,gm-name
0.9228571428571428,0.2753583,0.27316228,0.2951223,0.9215017064846416,0.8537473380439172,0.861124554522848,0.6137566137566137,0.7605633802816901,0,0,0
0.9457142857142857,0.22724885,0.15823877,0.8483393,0.8316831683168318,0.8180030456046958,0.79720028354285,0.4453781512605042,0.42857142857142855,0,0,0
0.9685714285714285,0.12193153,0.11665285,0.16943967,0.9869067103109657,0.9450713059888635,0.9367509715160818,0.8789954337899544,0.8333333333333334,0,0,0
0.9742857142857143,0.07618915,0.06708138,0.15815908,0.996742671009772,0.9614832553800914,0.9563705313386175,0.8275862068965517,0.8413793103448277,0,0,0
0.9685714285714285,0.24062589,0.08844935,1.6102148,0.8897893030794166,0.7576848398705432,0.8329824530780534,0.0,0.0,2,0,0
0.9642857142857143,0.17168693,0.075538896,1.0370194,0.782608695652174,0.7273440220981204,0.7315556572091202,0.0,0.0,2,0,0
0.9471428571428572,0.2752144,0.19313467,1.0139321,0.7980295566502463,0.7413512301542022,0.7724481861964331,0.0,0.0,2,0,0
0.9642857142857143,0.16676079,0.06874358,1.0489157,0.8300970873786409,0.7634767484767485,0.7780815221330307,0.0,0.0,2,0,0
0.9528571428571428,0.24610816,0.11111046,1.4610876,0.7609756097560976,0.7495472861652971,0.7584347381951233,0.0,0.0,2,0,0
