ACC,Loss,LossPrivileged,LossUnprivileged,BalancedACC,drift-id,gm-id,gm-name
0.8185714285714286,0.47866482,0.46680138,0.49052826,0.9965156794425089,0,0,0
0.7642857142857142,1.5307835,0.37774515,2.683822,0.7833333333333333,2,0,0
0.7685714285714286,0.86068034,0.88666946,0.8346914,0.9706959706959706,2,2,2
0.7328571428571429,1.9379023,0.732208,3.1435966,0.7937062937062936,0,1,1
0.8085714285714286,1.8807112,0.47631013,3.2851124,0.8141025641025641,2,0,0
0.8557142857142858,0.6750591,0.64750093,0.7026171,0.9639344262295082,2,2,2
0.7,2.8194427,0.65675014,4.982135,0.689655172413793,1,2,2
0.8657142857142858,0.6611674,0.63321626,0.6891185,1.0,1,9,9
0.8585714285714285,0.65307635,0.58742326,0.7187295,0.9966777408637874,1,9,9
