ACC,Loss,LossPrivileged,LossUnprivileged,BalancedACC,drift-id,gm-id,gm-name
0.785622593068036,0.45249262,0.45862412,0.39228475,0.9369165487977369,0,0,0
0.7419768934531451,0.5485065,0.42487037,1.8007638,0.41974259974259975,2,0,0
0.7881899871630296,0.4377755,0.3642216,1.0895184,0.5194238323876037,2,0,0
0.785622593068036,0.446351,0.39854828,0.96276563,0.5568572321149641,2,0,0
0.8074454428754814,0.38268846,0.3435074,0.82041454,0.5791440217391305,1,0,0
0.8138639281129654,0.37144834,0.33322254,0.7101579,0.6608024029178288,1,0,0
0.82798459563543,0.34268278,0.31467044,0.5908934,0.7769974598159967,1,0,0
0.810012836970475,0.36945143,0.34003103,0.6497405,0.7843864447638034,2,0,0
0.7958921694480102,0.39954334,0.37255338,0.6863624,0.7721943913649745,2,0,0
