ACC,Loss,LossPrivileged,LossUnprivileged,AEQ,OEQ,OPP,drift-id,gm-id,gm-name
0.535,4.6736073,4.6806707,4.6100397,0.3495145631067962,0.1608495670995671,0.2121212121212121,0,0,0
0.5566666666666666,4.668554,4.674992,4.6106057,0.3065015479876161,0.07872340425531914,0.09364709364709366,1,0,0
0.5566666666666666,4.62562,4.6257706,4.6242633,0.33540372670807456,0.1738855116514691,0.18972222222222218,1,0,0
0.5666666666666667,4.6289783,4.6306543,4.6138935,0.32926829268292684,0.18068783068783068,0.20844671201814063,1,0,0
0.6316666666666667,4.625742,4.6269774,4.6146264,0.319672131147541,0.16592592592592595,0.16498447204968944,1,0,0
0.5633333333333334,4.641875,4.6453223,4.610844,0.24620060790273554,0.141017316017316,0.12003968253968254,1,0,0
0.56,4.6213307,4.6226993,4.609016,0.33333333333333337,0.13449900793650796,0.18203093203093204,1,0,0
0.585,4.6158986,4.616621,4.609399,0.37388724035608306,0.16515151515151516,0.15976800976800978,0,0,0
0.6016666666666667,4.613582,4.6142287,4.6077647,0.28285714285714286,0.14416666666666667,0.1813271604938272,0,0,0
