ACC,Loss,LossPrivileged,LossUnprivileged,AEQ,OEQ,OPP,MEQ,MPP,drift-id,gm-id,gm-name
0.8614285714285714,0.39707342,0.40155616,0.3119013,0.971137521222411,0.8069196113172199,0.8459180673708406,0.3715846994535519,0.4761904761904762,0,0,0
0.8485714285714285,0.5152159,0.37378365,3.2024288,0.6278260869565216,0.5684735442897758,0.5591256676693359,0.0,0.0,1,0,0
0.8514285714285714,0.44628653,0.42766702,0.8000581,0.8318739054290718,0.56221939222783,0.5680916563580541,0.0,0.0,1,1,1
0.8628571428571429,0.474625,0.41758645,1.5583578,0.718213058419244,0.6218098241851967,0.553831407013454,0.0,0.0,1,1,1
0.8657142857142858,0.7633434,0.5105624,5.5661826,0.41652613827993257,0.30751849797715314,0.3650043013097791,0.0,0.0,2,1,1
0.8628571428571429,0.55871063,0.5259672,1.1808347,0.8203799654576858,0.7308149453961106,0.7578349156970481,0.0,0.0,2,2,2
0.8842857142857142,0.4494635,0.45526838,0.33917046,0.9338983050847459,0.7577467502003539,0.7793377990106752,0.0,0.0,2,2,2
0.8857142857142857,0.5282822,0.47898734,1.4648837,0.7319932998324958,0.7222731875994723,0.7397295717374263,0.31048387096774194,0.3111111111111111,2,2,2
0.8928571428571429,0.5152016,0.48934028,1.0065684,0.9244966442953021,0.7020525363610381,0.6568652190844113,0.0,0.0,2,2,2
