ACC,Loss,LossPrivileged,LossUnprivileged,AEQ,OEQ,OPP,MEQ,MPP,drift-id,gm-id,gm-name
0.8642857142857143,0.39471292,0.39498878,0.38946983,0.9913043478260869,0.7644836523443758,0.8522768796058062,0.0,0.4230769230769231,0,0,0
0.8471428571428572,0.5824261,0.4023757,4.003383,0.663176265270506,0.6667169246717112,0.6443395081766934,0.0,0.0,4,0,0
0.88,0.5059705,0.39103922,2.6896644,0.6375838926174496,0.5973263412913802,0.6367901013880717,0.0,0.0,4,0,0
0.8871428571428571,0.46455005,0.3783957,2.1014824,0.5671641791044776,0.514020655275522,0.5618348313356374,0.0,0.0,4,0,0
0.8971428571428571,0.44356558,0.34674996,2.2830625,0.657331136738056,0.5536686210568956,0.5712526754239994,0.0,0.0,1,0,0
0.8871428571428571,0.50461465,0.44092658,1.714689,0.7638190954773869,0.7017955687546202,0.5673052941598373,0.0,0.0,1,0,0
0.8957142857142857,0.5181938,0.44530907,1.9030036,0.7890365448504983,0.7119941557864665,0.6993064282448868,0.0,0.0,3,0,0
0.9157142857142857,0.43186942,0.3798734,1.4197934,0.8032520325203252,0.7249226343241195,0.7748376577445357,0.0,0.0,3,0,0
0.8971428571428571,0.5954224,0.5364182,1.7165022,0.7549668874172185,0.6786882298510212,0.6290895313011208,0.0,0.0,3,0,0
