ACC,Loss,LossPrivileged,LossUnprivileged,AEQ,OEQ,OPP,MEQ,MPP,drift-id,gm-id,gm-name
0.9442857142857143,0.18937805,0.17214668,0.5167748,0.9033280507131536,0.8693985809553055,0.8684947238410873,0.6692307692307692,0.5476190476190477,0,0,0
0.9442857142857143,0.25419384,0.15597153,2.1204183,0.7468553459119497,0.6707656444798753,0.7129529946011571,0.0,0.0,4,0,0
0.9714285714285714,0.19691996,0.09158228,2.198336,0.6951219512195123,0.7239739789196312,0.6602830527369953,0.0,0.0,4,0,0
0.9514285714285714,0.24094446,0.20625296,0.9000828,0.8028169014084507,0.6815120602123177,0.6611631831045085,0.0,0.0,4,0,0
0.9671428571428572,0.23456848,0.056841828,3.6113756,0.6381679389312978,0.6844400993743099,0.6814218349217142,0.0,0.0,1,0,0
0.9342857142857143,0.37177476,0.37083402,0.3896486,0.9134615384615384,0.7944439934556259,0.8906939890803104,0.0,0.7272727272727273,1,7,4-5
0.9342857142857143,0.4575746,0.2689031,4.0423326,0.6613924050632911,0.5092881873764273,0.5429253151968175,0.0,0.0,3,7,4-5
0.9742857142857143,0.112451114,0.10044891,0.3404933,0.9353846153846154,0.9241331202171255,0.910532108521501,0.6775956284153005,0.75,3,1,1
0.9557142857142857,0.20246586,0.19746344,0.2975119,0.9544740973312402,0.8812036345974796,0.8700897454417085,0.516949152542373,0.5,3,1,1
