ACC,Loss,LossPrivileged,LossUnprivileged,BalancedACC,drift-id,gm-id,gm-name
0.8983333333333333,0.27450007,0.2716718,0.32641324,0.9679309475806452,0,0,0
0.875,0.31224135,0.26624095,1.3277881,0.6493212669683257,2,0,0
0.8583333333333333,0.33452785,0.27914295,1.3868407,0.4920318725099602,2,2,2
0.8866666666666667,0.27169693,0.25777817,0.6373804,0.7622648144891858,0,12,1-5-3-4-2-6
0.905,0.23782179,0.22139126,0.5030573,0.8446843853820598,0,0,0
0.8883333333333333,0.25440124,0.2487899,0.35400236,0.8735236220472441,0,0,0
0.8866666666666667,0.29937217,0.23302622,1.4393169,0.6016979129819596,2,0,0
0.8833333333333333,0.26294824,0.2553875,0.38500106,0.9685714285714284,2,12,1-5-3-4-2-6
0.915,0.22220385,0.21706909,0.3403037,0.9147727272727273,2,12,1-5-3-4-2-6
