ACC,Loss,LossPrivileged,LossUnprivileged,BalancedACC,drift-id,gm-id
0.9428571428571428,0.23687711,0.23933342,0.19020751,1.0,0,<federated.algorithms.fair_fed_drift.ClientIdentity.ClientIdentity object at 0x7f292a19ebf0>
0.9471428571428572,0.20714319,0.14188102,1.4471239,0.7755102040816327,1,<federated.algorithms.fair_fed_drift.ClientIdentity.ClientIdentity object at 0x7f29102245b0>
0.9471428571428572,0.20572771,0.18023764,0.69003963,0.7755102040816327,1,<federated.algorithms.fair_fed_drift.ClientIdentity.ClientIdentity object at 0x7f29101c8340>
0.9614285714285714,0.124368735,0.09774013,0.63031226,0.8248062015503876,1,<federated.algorithms.fair_fed_drift.ClientIdentity.ClientIdentity object at 0x7f29105ec280>
0.9628571428571429,0.15100095,0.10168325,1.0880374,0.7623456790123457,1,<federated.algorithms.fair_fed_drift.ClientIdentity.ClientIdentity object at 0x7f287c3cda50>
0.9542857142857143,0.16905284,0.16054158,0.3307665,0.9874015748031496,1,<federated.algorithms.fair_fed_drift.ClientIdentity.ClientIdentity object at 0x7f2910337430>
0.96,0.13805953,0.09730662,0.91236496,0.6733436055469953,1,<federated.algorithms.fair_fed_drift.ClientIdentity.ClientIdentity object at 0x7f287c5be3b0>
0.9414285714285714,0.25129533,0.18655461,1.481369,0.749211356466877,0,<federated.algorithms.fair_fed_drift.ClientIdentity.ClientIdentity object at 0x7f284c1a2020>
0.8328571428571429,0.95805806,0.9406901,1.2880493,0.6400709219858155,0,<federated.algorithms.fair_fed_drift.ClientIdentity.ClientIdentity object at 0x7f285c0645e0>
0.9614285714285714,0.13973644,0.12064257,0.50251955,0.7330246913580247,0,<federated.algorithms.fair_fed_drift.ClientIdentity.ClientIdentity object at 0x7f27cc761180>
