ACC,Loss,LossPrivileged,LossUnprivileged,AEQ,OEQ,OPP,drift-id,gm-id,gm-name
0.8266666666666667,0.6575174,0.27662116,2.181102,0.5588235294117648,0.5889069533042455,0.8067008804381989,0,0,0
0.784,1.8201941,0.5514767,6.8950644,0.4044943820224719,0.3962874380340767,0.5200047567822047,1,0,0
0.6293333333333333,2.5142763,1.7550242,5.551285,0.35023041474654376,0.3710910389367724,0.7371341061516429,1,9,9
0.608,3.7183323,2.9096715,6.952976,0.5373134328358209,0.5319604071419217,0.9810831320094416,1,14,14
0.6133333333333333,3.422316,2.2657416,8.0486145,0.23963133640552994,0.24522812506607367,0.2880093194104895,1,16,16
0.5493333333333333,4.3679633,2.9412756,10.074712,0.20408163265306123,0.21814847829166442,0.7815781850396557,1,22,22
0.792,1.6190267,0.6858269,5.351825,0.48301886792452836,0.48757487949592176,0.8664529982201412,1,13,13
0.7706666666666667,1.4186482,0.58044434,4.771464,0.4122137404580153,0.4083513280854566,0.5000541035899051,1,0,0
0.8426666666666667,0.87450236,0.26547018,3.310631,0.4822695035460993,0.46042250373859084,0.40223575434840886,1,0,0
