ACC,Loss,LossPrivileged,LossUnprivileged,BalancedACC,drift-id,gm-id,gm-name
0.8733333333333333,0.30187735,0.26463065,0.6784829,0.7236991592819814,0,0,0
0.8633333333333333,0.31334117,0.30119026,0.4530761,0.9884696016771488,0,0,0
0.8816666666666667,0.29772332,0.2631605,0.6779144,0.7082494969818913,0,0,0
0.8766666666666667,0.31722066,0.26946628,0.71027595,0.8076120122049141,0,11,7-5-6
0.865,0.33988476,0.23750024,1.6661216,0.49223255813953487,1,0,0
0.8733333333333333,0.3081281,0.2715583,0.67788863,0.8356290174471993,1,12,4-2-1-3
0.8716666666666667,0.29080018,0.2652013,0.53947496,0.8263189093064611,1,12,4-2-1-3
0.8566666666666667,0.37149227,0.2726684,1.5342501,0.5261200484345269,0,12,4-2-1-3
0.875,0.2839196,0.2706702,0.42654568,0.9118862421001459,0,0,0
