ACC,Loss,LossPrivileged,LossUnprivileged,BalancedACC,drift-id,gm-id,gm-name
0.9085714285714286,0.40075937,0.35471055,0.8151986,0.8689655172413794,0,0,0
0.9385714285714286,0.3561689,0.15135066,2.199533,0.8059701492537313,2,0,0
0.9042857142857142,0.3433873,0.3470523,0.31040293,0.9772329246935201,2,2,2
0.93,0.5595261,0.16466117,4.11331,0.7003311258278145,1,2,2
0.9471428571428572,0.25264183,0.18365602,0.8735141,0.8955223880597014,1,1,1
0.9657142857142857,0.16279136,0.159166,0.19541949,0.9574468085106383,1,1,1
0.9428571428571428,0.43888977,0.11369978,3.3655999,0.7058823529411765,2,1,1
0.9685714285714285,0.12966284,0.13263583,0.102905765,0.9543230016313214,2,2,2
0.9542857142857143,0.2124638,0.18413247,0.46744582,0.9044481054365733,2,2,2
