ACC,Loss,LossPrivileged,LossUnprivileged,AEQ,OEQ,OPP,drift-id,gm-id,gm-name
0.5177777777777778,4.608905,4.609013,4.6086526,0.7556818181818181,0.5612948514487379,0.602605620550035,0,0,0
0.5311111111111111,4.608615,4.608929,4.6078806,0.7605177993527509,0.5093472255413432,0.4965410155642467,1,0,0
0.5261111111111111,4.608348,4.6086006,4.607758,0.6607949412827461,0.5118881257631258,0.5554079126962876,1,0,0
0.5288888888888889,4.6077013,4.607887,4.6072674,0.6888888888888889,0.5177450590152393,0.5067889967347465,1,0,0
0.5483333333333333,4.6071143,4.607277,4.6067348,0.6498272884283246,0.5008243812154659,0.531027545407583,1,0,0
0.5338888888888889,4.606874,4.606993,4.606597,0.692757534862798,0.5348229259263924,0.5474117446773573,1,0,0
0.5238888888888888,4.606565,4.6066422,4.6063876,0.7058011049723757,0.5605154969992691,0.5500778473782671,1,0,0
0.515,4.606482,4.606558,4.6063056,0.7878787878787878,0.6178730391719527,0.593657541759189,0,0,0
0.5388888888888889,4.6063395,4.6063905,4.606221,0.8410472183263207,0.5917000453030213,0.6482969135443897,0,0,0
