ACC,Loss,LossPrivileged,LossUnprivileged,BalancedACC,drift-id,gm-id,gm-name
0.7933247753530167,0.43509898,0.44700217,0.32499495,0.8744038155802862,0,0,0
0.7984595635430038,0.41318172,0.42269024,0.31687424,0.9079978727831858,0,0,0
0.7792041078305519,0.4701148,0.4086903,1.1123631,0.601122156179545,1,0,0
0.7753530166880617,0.42828578,0.38443667,0.9266339,0.5318148056449615,1,0,0
0.79204107830552,0.43022737,0.3702895,0.94672865,0.4558631441452829,1,0,0
0.7894736842105263,0.3951066,0.34921196,0.83896416,0.47861050072467154,1,0,0
0.8228498074454429,0.363056,0.32198453,0.785676,0.5942985602908117,1,0,0
0.785622593068036,0.40396568,0.38016963,0.68405694,0.5854961617411355,0,0,0
0.8177150192554558,0.38180816,0.3415338,0.75984985,0.5622628951747088,0,0,0
