ACC,Loss,LossPrivileged,LossUnprivileged,BalancedACC,drift-id,gm-id,gm-name
0.8228571428571428,0.46165794,0.48585328,0.4374627,0.9930795847750863,0,0,0
0.8485714285714285,0.42324054,0.40355098,0.44293013,1.0,0,0,0
0.8471428571428572,0.49193618,0.4701931,0.51367927,0.9899328859060402,0,0,0
0.84,0.56220645,0.46117118,0.6632417,0.9342105263157895,0,0,0
0.7814285714285715,1.4998884,0.40224946,2.5975273,0.775974025974026,2,0,0
0.88,0.4101325,0.4086782,0.41158673,0.9555555555555555,2,0,0
0.8328571428571429,0.54420435,0.34253246,0.7458762,0.856687898089172,2,0,0
0.8457142857142858,0.51077455,0.42303562,0.5985135,0.8734177215189874,0,0,0
0.85,0.527828,0.56921417,0.48644173,0.957236842105263,0,0,0
