ACC,Loss,LossPrivileged,LossUnprivileged,BalancedACC,drift-id,gm-id,gm-name
0.92,0.32493916,0.3683561,0.28152227,0.9694189602446482,0,0,0
0.9571428571428572,0.15369214,0.17221788,0.13516639,0.9822485207100592,0,0,0
0.9657142857142857,0.1731454,0.27442947,0.07186134,0.9708454810495627,0,0,0
0.9671428571428572,0.10948464,0.13465615,0.08431316,0.9911764705882353,0,0,0
0.9785714285714285,0.09304937,0.11693427,0.06916446,0.9970845481049563,0,0,0
0.9557142857142857,0.2246096,0.25636506,0.19285415,0.9910714285714287,0,0,0
0.9771428571428571,0.100921765,0.08739505,0.11444846,0.9941690962099126,0,0,0
0.9514285714285714,0.23684828,0.23388918,0.2398074,0.9880597014925373,0,0,0
0.9814285714285714,0.07045402,0.07693279,0.06397524,0.9913043478260869,0,0,0
