ACC,Loss,LossPrivileged,LossUnprivileged,BalancedACC,drift-id,gm-id,gm-name
0.93,0.2517701,0.2549372,0.19159535,0.9856459330143541,0,0,0
0.9528571428571428,0.22037756,0.13268629,1.8865117,0.8015625000000001,1,0,0
0.9557142857142857,0.21161418,0.12227059,1.9091426,0.7069767441860465,1,0,0
0.9785714285714285,0.09339217,0.055133525,0.8203063,0.8702290076335878,0,0,0
0.98,0.10505225,0.07287479,0.71642405,0.8689024390243902,0,0,0
0.9614285714285714,0.16686752,0.1389194,0.69788206,0.8248062015503876,0,0,0
0.9771428571428571,0.086113535,0.058115683,0.6180726,0.8109756097560976,0,0,0
0.9542857142857143,0.20734942,0.17398293,0.84131277,0.83125,0,0,0
0.9857142857142858,0.043124683,0.02065561,0.47003698,0.8335854765506808,0,0,0
