ACC,Loss,LossPrivileged,LossUnprivileged,AEQ,OEQ,OPP,drift-id,gm-id,gm-name
0.8222222222222222,0.5804663,0.39866543,0.9440678,0.7819548872180451,0.7734746424879717,0.7923923935476966,0,0,0
0.7511111111111111,2.3468223,0.39878148,6.242904,0.4492753623188406,0.4234029104972646,0.5391344308666578,1,0,0
0.5822222222222222,2.6958158,2.0511053,3.985236,0.4834123222748815,0.471447638550063,0.9296234169355835,1,3,3
0.7511111111111111,1.6626555,0.7836377,3.420691,0.6303501945525292,0.5862743376393934,0.9395750837737464,1,6,6
0.6511111111111111,3.5771525,0.8772165,8.977025,0.24521072796934867,0.2895922797335005,0.32411451753493353,2,6,6
0.5822222222222222,2.8412805,2.1714938,4.180854,0.7291666666666666,0.748207613128508,0.8574212076919345,2,19,19
0.7333333333333333,2.757613,0.45005402,7.3727303,0.39999999999999997,0.4536888883881716,0.5123438611953492,2,0,0
0.6244444444444445,3.316763,0.6025946,8.745101,0.2661290322580645,0.2703128226022709,0.3866240036999794,1,20,20
0.8133333333333334,0.9318569,0.6988847,1.3978012,0.7832699619771862,0.7790085508465678,0.9367709576239093,1,6,6
