ACC,Loss,LossPrivileged,LossUnprivileged,AEQ,OEQ,OPP,drift-id,gm-id,gm-name
0.8177777777777778,0.7275222,0.4928658,1.1968349,0.787878787878788,0.7886244036327796,0.9079306700375633,0,0,0
0.8444444444444444,0.6765879,0.32928744,1.3711888,0.7941176470588236,0.8088293109020399,0.9522371744129068,0,0,0
0.8288888888888889,0.8498492,0.4843101,1.5809276,0.8257575757575758,0.8231446692482746,0.9499091869561085,0,0,0
0.8355555555555556,0.84436345,0.385864,1.7613626,0.7345454545454546,0.7197084307547762,0.9487272574956461,0,0,0
0.7333333333333333,2.4671338,0.5341006,6.3332005,0.4444444444444445,0.43138493756458435,0.4481400462142462,2,0,0
0.5377777777777778,3.1302888,2.7923486,3.8061697,0.9156626506024097,0.881378562197025,0.8676048836554967,2,16,16
0.7355555555555555,1.7301438,0.5149651,4.160501,0.5267175572519085,0.5235710897325162,0.5581058607206394,2,0,0
0.8444444444444444,0.6298908,0.45432922,0.9810139,0.8571428571428571,0.866204421815456,0.9020721337760189,0,0,0
0.8444444444444444,0.51184976,0.4071852,0.7211787,0.8897338403041825,0.885038764841915,0.8235869198165655,0,0,0
