ACC,Loss,LossPrivileged,LossUnprivileged,BalancedACC,drift-id,gm-id,gm-name
0.95,0.16340497,0.14651123,0.48438573,0.8976377952755905,0,0,0
0.95,0.16528091,0.15122867,0.4322733,0.9290220820189274,0,0,0
0.9685714285714285,0.14642523,0.107143015,0.892787,0.8796296296296297,0,0,0
0.96,0.21897878,0.21817897,0.23417558,0.9812206572769954,0,0,0
0.9685714285714285,0.24706881,0.08557294,3.3154905,0.7576687116564417,2,0,0
0.86,0.75231683,0.7274817,1.2241844,0.7547495682210709,2,11,11
0.9685714285714285,0.1933136,0.1695824,0.64420646,0.910355486862442,2,0,0
0.9885714285714285,0.079769425,0.035711892,0.9168627,0.8910741301059001,0,0,0
0.9814285714285714,0.079403535,0.083529115,0.0010176129,0.9804511278195489,0,0,0
