ACC,Loss,LossPrivileged,LossUnprivileged,AEQ,OEQ,OPP,MEQ,MPP,drift-id,gm-id,gm-name
0.82,0.5032666,0.48063713,0.7069325,0.8776290630975142,0.7975162896509277,0.8017446280581675,0.4492753623188406,0.33695652173913043,0,0,0
0.8914285714285715,0.35179535,0.312752,0.70318514,0.8873239436619719,0.8402137980751782,0.8296652033379095,0.5700000000000001,0.45153061224489793,0,0,0
0.8785714285714286,0.534094,0.3831116,1.8929349,0.8138297872340424,0.7128906246973411,0.6685457335534175,0.0,0.0,2,0,0
0.8871428571428571,0.63770115,0.44655216,2.3580418,0.72,0.717074405659741,0.7358275397784462,0.0,0.0,2,0,0
0.8714285714285714,0.6220423,0.48548526,1.8510559,0.786096256684492,0.6694120485393389,0.6999661440470111,0.0,0.0,2,0,0
0.9042857142857142,0.36541477,0.3418743,0.5772792,0.9078260869565218,0.8956361799063292,0.8628702084054698,0.6805555555555557,0.5925925925925927,0,0,0
0.8957142857142857,0.44536564,0.3936511,0.9107971,0.8310104529616724,0.7529750447845419,0.7721989570509022,0.38690476190476186,0.5629629629629629,0,0,0
0.8885714285714286,0.6190077,0.46731946,1.9842021,0.7356521739130434,0.6781611124186967,0.6365068682533892,0.0,0.0,1,0,0
0.9157142857142857,0.46070692,0.23614669,2.4817493,0.6310517529215359,0.6244709747960474,0.6331506829325594,0.0,0.0,1,0,0
