ACC,Loss,LossPrivileged,LossUnprivileged,AEQ,OEQ,OPP,MEQ,MPP,drift-id,gm-id,gm-name
0.8257142857142857,0.47401467,0.4712782,0.5260076,0.9310344827586207,0.7304897912773154,0.8020047742590115,0.0,0.0,0,0,0
0.8985714285714286,0.35568544,0.32977772,0.84793234,0.9183333333333334,0.7891819709730156,0.7901796661317415,0.0,0.0,0,0,0
0.8971428571428571,0.43221205,0.39237162,1.18918,0.9198664440734559,0.8049375357209818,0.7187092614192935,0.0,0.0,2,0,0
0.8857142857142857,0.6196376,0.47691032,3.3314557,0.7319932998324958,0.6685518183299017,0.675381238822781,0.0,0.0,2,0,0
0.7914285714285715,0.8691243,0.757887,2.9826348,0.74859287054409,0.5909372324563779,0.552157456236859,0.0,0.0,2,11,11
0.7585714285714286,0.9201698,0.83756673,2.4896252,0.5902912621359223,0.5426448327251376,0.6769071937592517,0.0,0.0,0,13,13
0.8842857142857142,0.5471947,0.52819675,0.9081566,0.967741935483871,0.8977696352092172,0.7813690766388685,0.7674418604651162,0.0,0,0,0
0.8828571428571429,0.8088059,0.6269046,4.2649302,0.7676767676767676,0.7119891495448791,0.6943224642740772,0.0,0.0,1,0,0
0.8828571428571429,0.5240219,0.4589203,1.7609521,0.734453781512605,0.6118168963219718,0.6734159024885407,0.0,0.0,1,8,8
