ACC,Loss,LossPrivileged,LossUnprivileged,BalancedACC,drift-id,gm-id,gm-name
0.885,0.27705097,0.25294602,0.6912184,0.848904060366511,0,0,0
0.8666666666666667,0.29540578,0.27714285,0.71545327,0.7773359840954275,1,0,0
0.875,0.3094606,0.26872122,1.1116049,0.6990410120383596,1,0,0
0.9033333333333333,0.24218616,0.21596482,0.8210725,0.7583675866118613,1,0,0
0.8833333333333333,0.29985556,0.25411928,1.3517892,0.6699029126213591,2,0,0
0.8583333333333333,0.35613945,0.26671544,1.4861344,0.563894523326572,2,0,0
0.8712374581939799,0.30606952,0.26627627,0.946173,0.7429145152036718,2,0,0
0.8733333333333333,0.31517836,0.27542028,1.1929142,0.6505969472570651,1,0,0
0.8816666666666667,0.28091303,0.24900785,0.8472293,0.8068181818181818,1,0,0
