ACC,Loss,LossPrivileged,LossUnprivileged,BalancedACC,drift-id,gm-id,gm-name
0.9257142857142857,0.27587664,0.27416947,0.3083124,0.987012987012987,0,0,0
0.9514285714285714,0.20205954,0.15561083,1.0845852,0.6796267496111975,0,0,0
0.97,0.10946373,0.10538407,0.18697731,0.998452012383901,0,0,0
0.9742857142857143,0.08398698,0.060145173,0.5369814,0.8437978560490046,0,0,0
0.97,0.1610927,0.077292606,1.7532943,0.9089506172839507,2,0,0
0.9785714285714285,0.13507693,0.061770692,1.5278955,0.8097412480974125,2,0,0
0.9642857142857143,0.21553257,0.16118948,1.248051,0.8529411764705883,2,0,0
0.9828571428571429,0.057069566,0.05640726,0.06965331,0.9877675840978593,0,0,0
0.9742857142857143,0.09976411,0.08963454,0.29222578,0.9661016949152542,0,0,0
