ACC,Loss,LossPrivileged,LossUnprivileged,BalancedACC,drift-id,gm-id,gm-name
0.8137188971082717,0.42401308,0.43181688,0.28855422,0.8972992458933338,0,0,0
0.3644922663080027,1.478405,1.5311743,0.305108,0.390322256801526,2,0,0
0.47747141896435774,0.94399405,0.9708839,0.39138967,0.5682802740278058,2,0,0
0.7713517148621385,0.5008293,0.50923854,0.33060166,0.9275302362932859,0,0,0
0.792871553463349,0.48345748,0.48943612,0.35266194,0.9341516430124024,0,0,0
0.8224613315400134,0.43881387,0.43245098,0.56386286,0.960727558604917,0,0,0
0.5534633490248824,0.6394148,0.6597263,0.19506074,0.5919092231042455,2,0,0
0.6032279757901816,0.54793555,0.56138694,0.24885109,0.6627954284868883,2,0,0
0.6489576328177539,0.509333,0.525379,0.2479323,0.6980545031936894,2,0,0
