ACC,Loss,LossPrivileged,LossUnprivileged,BalancedACC,drift-id,gm-id,gm-name
0.7933247753530167,0.43615323,0.4533877,0.23684487,0.8678023510659494,0,0,0
0.8395378690629012,0.37903938,0.39399767,0.19649726,0.8750496031746032,0,0,0
0.8292682926829268,0.36794373,0.3731802,0.31406146,0.9320018471484646,0,0,0
0.8125802310654685,0.36789227,0.37068918,0.33767727,0.9354100538864694,0,0,0
0.7625160462130937,0.53427595,0.3843056,2.2097263,0.2894268134715026,2,0,0
0.766367137355584,0.49067858,0.4834789,0.5457964,0.937630474978627,2,3,3
0.8023106546854942,0.42525157,0.42553586,0.422697,0.9266932101262589,2,9,5-1-4-2-3
0.7214377406931964,0.5886078,0.420551,1.9253347,0.15879174750192965,0,9,5-1-4-2-3
0.8446726572528883,0.3375899,0.35101676,0.22346169,0.8622486969471334,0,0,0
