ACC,Loss,LossPrivileged,LossUnprivileged,AEQ,OEQ,OPP,MEQ,MPP,drift-id,gm-id,gm-name
0.8485714285714285,0.43013337,0.39899012,0.71042275,0.9000000000000001,0.8074811607598751,0.8381555242394898,0.5625,0.5423728813559322,0,0,0
0.8628571428571429,0.6352869,0.3783837,2.9474163,0.8122743682310469,0.7366219829194954,0.6924045968096286,0.0,0.0,1,0,0
0.87,0.47482762,0.37167868,1.4031686,0.7875,0.7359171644281748,0.7554010373212348,0.0,0.0,1,0,0
0.88,0.4940877,0.40014812,1.339544,0.7777777777777777,0.6766032937369144,0.6717281191702661,0.0,0.0,1,0,0
0.8957142857142857,0.46091652,0.40865082,0.93130845,0.8653846153846154,0.772133655834499,0.7693902335449444,0.11728395061728394,0.11324786324786325,1,0,0
0.8985714285714286,0.44192117,0.35734633,1.2030947,0.7101200686106346,0.6944522239880818,0.6892812602758914,0.0,0.0,1,0,0
0.8942857142857142,0.47613722,0.42690304,0.91924495,0.8153310104529617,0.7314796718349128,0.683886302853096,0.0,0.0,1,0,0
0.8985714285714286,0.4754166,0.3672192,1.4491935,0.8110918544194108,0.6988611412136541,0.7270381708496401,0.0,0.0,1,0,0
0.86,0.7117931,0.6384047,1.3722888,0.7446043165467626,0.735983311257755,0.7297115494736128,0.12972972972972974,0.11452991452991453,1,0,0
