ACC,Loss,LossPrivileged,LossUnprivileged,BalancedACC,drift-id,gm-id,gm-name
0.9314285714285714,0.21738687,0.25448197,0.18029174,0.9697885196374623,0,0,0
0.8528571428571429,1.3114711,0.19790031,2.4250422,0.8145896656534954,2,0,0
0.9071428571428571,0.31728658,0.15708582,0.47748736,0.906906906906907,2,0,0
0.8528571428571429,0.5347346,0.2585531,0.81091624,0.8090909090909092,1,0,0
0.91,0.26925808,0.14464676,0.3938693,0.8902077151335311,1,0,0
0.9285714285714286,0.23834997,0.18043627,0.2962637,0.9345238095238095,1,0,0
0.8528571428571429,0.59161884,0.103545226,1.0796926,0.771513353115727,2,0,0
0.9214285714285714,0.22976242,0.0978536,0.3616712,0.908284023668639,2,0,0
0.9042857142857142,0.38756257,0.012922417,0.76220274,0.8189655172413792,2,0,0
