ACC,Loss,LossPrivileged,LossUnprivileged,BalancedACC,drift-id,gm-id,gm-name
0.9257142857142857,0.25575164,0.17582393,0.33567935,0.9459459459459459,0,0,0
0.9371428571428572,0.20912223,0.17324473,0.24499969,0.9878787878787878,0,0,0
0.9557142857142857,0.18414909,0.17641829,0.19187984,0.9851632047477745,0,0,0
0.9585714285714285,0.18061003,0.29159212,0.069627926,0.9677419354838709,0,0,0
0.8457142857142858,1.9545646,0.18943971,3.7196891,0.761904761904762,2,0,0
0.8457142857142858,0.80808586,0.91215634,0.70401525,0.979933110367893,2,11,11
0.7757142857142857,1.0675435,1.2998251,0.8352621,0.8986013986013985,2,13,13
0.8485714285714285,1.5774313,0.36062875,2.794234,0.8390092879256966,0,3,3
0.9757142857142858,0.13576818,0.16136236,0.11017399,0.9970760233918129,0,0,0
