ACC,Loss,LossPrivileged,LossUnprivileged,BalancedACC,drift-id,gm-id,gm-name
0.8085714285714286,0.5219101,0.50621206,0.5376082,0.9517241379310345,0,0,0
0.8757142857142857,0.3513073,0.3282418,0.3743728,0.9774193548387098,0,0,0
0.88,0.38808364,0.36948958,0.4066777,0.9807073954983923,0,0,0
0.8857142857142857,0.45874855,0.35346982,0.56402737,0.9745222929936307,0,0,0
0.7957142857142857,1.1515267,0.6867914,1.6162621,0.8382838283828383,2,0,0
0.8485714285714285,0.6473246,0.6345782,0.66007096,0.9932885906040269,2,1,1
0.8542857142857143,0.6259405,0.6120106,0.6398706,0.980132450331126,2,1,1
0.76,2.0277297,0.7346515,3.3208082,0.7972972972972973,0,1,1
0.88,0.7462017,0.6481611,0.8442422,0.9617834394904459,0,0,0
