ACC,Loss,LossPrivileged,LossUnprivileged,AEQ,OEQ,OPP,drift-id,gm-id,gm-name
0.8022222222222222,0.74104863,0.5621561,1.0988336,0.7769230769230769,0.758721356175088,0.7804558282417715,0,0,0
0.8555555555555555,0.70712566,0.44282782,1.2357215,0.8308823529411765,0.8474527921710707,0.9104774234468811,0,0,0
0.7977777777777778,1.1436579,0.5126456,2.4056828,0.6397058823529411,0.640710874156391,0.8713204978166681,0,0,0
0.5644444444444444,4.1270986,2.8549187,6.6714587,0.5148514851485149,0.5586222808700401,0.928337553022188,0,7,7
0.8422222222222222,0.84890777,0.42463702,1.6974492,0.7765567765567766,0.7814424764633762,0.784430961651995,0,0,0
0.8333333333333334,0.7510355,0.37710947,1.4988875,0.788104089219331,0.7888013346249141,0.9041337979638588,0,0,0
0.8688888888888889,0.5798268,0.34528938,1.0489018,0.875,0.8683122464359301,0.9940821199684324,0,0,0
0.8288888888888889,0.801663,0.5421573,1.3206748,0.8365019011406843,0.8439109679020657,0.7188500700177445,0,0,0
0.8533333333333334,0.6521831,0.45998755,1.0365742,0.8872180451127819,0.8845381243905388,0.9908359826282552,0,0,0
