ACC,Loss,LossPrivileged,LossUnprivileged,BalancedACC,drift-id,gm-id,gm-name
0.7843388960205392,0.4529362,0.4542216,0.43949637,0.9118773946360155,0,0,0
0.8164313222079589,0.4031426,0.41564393,0.2658205,0.9247383163791834,0,0,0
0.7881899871630296,0.41738045,0.42654145,0.32002807,0.937650481540931,0,0,0
0.8138639281129654,0.36819187,0.37607637,0.27197427,0.8801440329218106,0,0,0
0.7599486521181001,0.55224055,0.36407468,2.1963398,0.27399825783972126,2,0,0
0.7817715019255456,0.4536969,0.4536875,0.45378911,0.8672206506364922,2,2,2
0.7830551989730423,0.44514224,0.4526342,0.37043455,0.8707066630795445,2,8,2-3-4-5
0.7894736842105263,0.4753389,0.35878998,2.1746216,0.16786184210526317,0,8,2-3-4-5
0.8498074454428755,0.34296593,0.34480613,0.32489607,0.9855363416525984,0,0,0
