ACC,Loss,LossPrivileged,LossUnprivileged,BalancedACC,drift-id,gm-id,gm-name
0.8063214525891056,0.414107,0.41658822,0.35893708,0.9179801224776628,0,0,0
0.7908540685944856,0.45507705,0.39144075,1.762849,0.5012371862849064,1,0,0
0.7881640887693342,0.42627475,0.3669044,1.5599284,0.41618558401470346,1,0,0
0.812373907195696,0.40021658,0.35440302,1.3139075,0.5252791173549367,1,0,0
0.4108944182918628,1.8785375,1.9603144,0.38106528,0.4509456264775414,2,0,0
0.9193006052454606,0.20316008,0.19440456,0.36799693,0.9702974358974358,2,7,4-1-2-3
0.9240080699394755,0.19557726,0.18916349,0.36578014,0.9398950570766698,2,7,4-1-2-3
0.9159381304640215,0.20010042,0.20015885,0.19873466,0.9793681257843065,2,7,4-1-2-3
0.9260255548083389,0.19149199,0.18889336,0.24331829,0.9562029712521707,2,7,4-1-2-3
