ACC,Loss,LossPrivileged,LossUnprivileged,AEQ,OEQ,OPP,MEQ,MPP,drift-id,gm-id,gm-name
0.8557142857142858,0.45339757,0.43487874,0.80525494,0.8968531468531469,0.787833270657628,0.8431863033879174,0.5153846153846153,0.5703125,0,0,0
0.8514285714285714,0.5711719,0.46710622,2.548418,0.7972027972027972,0.6647215642878841,0.670404562429819,0.0,0.0,4,0,0
0.8828571428571429,0.4982346,0.3858004,2.634486,0.7676767676767676,0.7362334469839518,0.6315287544175363,0.0,0.0,4,0,0
0.8742857142857143,0.500573,0.37598118,2.8678172,0.7084745762711865,0.6314557375345656,0.619840074060388,0.0,0.0,4,0,0
0.8957142857142857,0.4878655,0.4202445,1.7726656,0.8550000000000001,0.7047322259173903,0.64375974418094,0.0,0.0,2,0,0
0.8971428571428571,0.42158148,0.39155692,0.9920486,0.7223140495867768,0.7323852421270263,0.6129803554288848,0.0,0.0,2,0,0
0.8785714285714286,0.6091379,0.5334966,2.0463202,0.7381756756756757,0.6185587372865323,0.6633820278906537,0.0,0.0,3,0,0
0.8842857142857142,0.5170178,0.3984647,2.769526,0.5690515806988352,0.5865582618057812,0.6201671556415591,0.0,0.0,3,0,0
0.8885714285714286,0.6017777,0.5316528,1.9341502,0.6312292358803986,0.627611466249647,0.6494708644944654,0.0,0.0,3,0,0
