ACC,Loss,LossPrivileged,LossUnprivileged,BalancedACC,drift-id,gm-id,gm-name
0.7955271565495208,0.40610573,0.45465773,0.3063965,0.8677795618307036,0,0,0
0.6054313099041534,0.9495063,0.45709848,1.8582226,0.38913738019169325,1,0,0
0.7523961661341853,0.55665255,0.53780967,0.59424806,0.9208777556268237,1,4,4
0.7827476038338658,0.4919777,0.45497045,0.5658152,0.9406870985818354,1,2,2
0.7811501597444089,0.48442248,0.46048358,0.53733367,0.9969109031423571,1,1,1
0.8003194888178914,0.46631283,0.4507632,0.49218476,0.935265410512031,1,1,1
0.8146964856230032,0.4469931,0.43130285,0.4776337,0.9633996561041513,1,1,1
0.5638977635782748,0.7733848,0.46102467,1.3418238,0.2591329193270941,0,1,1
0.84185303514377,0.32772192,0.36033526,0.25722447,0.9466263302900978,0,0,0
