ACC,Loss,LossPrivileged,LossUnprivileged,BalancedACC,drift-id,gm-id,gm-name
0.9557142857142857,0.16362013,0.16417897,0.15859063,0.9850746268656716,0,0,0
0.9342857142857143,0.39453435,0.1462435,2.629152,0.7128712871287128,1,0,0
0.8171428571428572,0.9433667,0.8798368,1.5151368,0.6766917293233082,1,4,4
0.9128571428571428,0.39236233,0.36155614,0.6696173,0.8814432989690721,1,2,2
0.9014285714285715,0.7651886,0.22991173,5.5826797,0.5285234899328859,2,2,2
0.9185714285714286,0.3390043,0.284209,0.8321619,0.858603066439523,2,7,7
0.9442857142857143,0.24912506,0.25584966,0.18860349,0.968954248366013,2,7,7
0.9757142857142858,0.1964983,0.21574882,0.023243489,0.9887278582930756,2,7,7
0.9728571428571429,0.11121667,0.07727692,0.4166744,0.9496753246753248,2,7,7
