ACC,Loss,LossPrivileged,LossUnprivileged,AEQ,OEQ,OPP,MEQ,MPP,drift-id,gm-id,gm-name
0.9328571428571428,0.2352659,0.21814227,0.56061554,0.9790660225442833,0.8858680990660875,0.8932784684736491,0.5294117647058824,0.5294117647058824,0,0,0
0.9571428571428572,0.17162398,0.15897857,0.41188648,0.890625,0.8794756367419625,0.8732285741442454,0.6290322580645161,0.33962264150943394,0,0,0
0.97,0.12515816,0.10867737,0.43829292,0.9705882352941176,0.9246933113914974,0.9122739922664882,0.6777777777777777,0.5140845070422535,0,0,0
0.9742857142857143,0.09299691,0.062467285,0.67305976,0.8134556574923548,0.7743230164662654,0.8456667916307973,0.5149253731343284,0.25,0,0,0
0.9585714285714285,0.2871303,0.16894393,2.5326715,0.7658914728682171,0.740991640991641,0.6943882786799691,0.0,0.0,2,0,0
0.9714285714285714,0.13297483,0.07895549,1.1593429,0.7251908396946565,0.6791499305292408,0.6918971028971029,0.0,0.0,2,0,0
0.9642857142857143,0.14928296,0.06768474,1.6996491,0.7004608294930875,0.7258685800368319,0.7397490264285281,0.0,0.0,2,0,0
0.9885714285714285,0.03647539,0.014294924,0.45790422,0.8610271903323262,0.8204730731225297,0.772670090595085,0.0,0.0,0,0,0
0.9928571428571429,0.025714455,0.0200579,0.13318904,0.9471299093655589,0.8568501984126984,0.8953117368742369,0.0,0.0,0,0,0
