ACC,Loss,LossPrivileged,LossUnprivileged,AEQ,OEQ,OPP,drift-id,gm-id,gm-name
0.8288888888888889,0.6267042,0.49240902,0.8952949,0.8914728682170543,0.8886741793906283,0.9615831099592067,0,0,0
0.8177777777777778,0.9357737,0.55298084,1.7013594,0.7984790874524714,0.8209168181525803,0.8505081268243484,0,0,0
0.86,0.8736448,0.6157167,1.3895011,0.8773234200743495,0.8779625273345432,0.977927474230138,0,0,0
0.7866666666666666,1.132783,0.6560361,2.0862772,0.7022900763358778,0.7064823857823492,0.8402723560317739,0,0,0
0.7533333333333333,2.6583054,0.36234602,7.2502255,0.4654545454545455,0.4762324272688129,0.4914001780111933,2,0,0
0.6822222222222222,2.9706023,1.2407737,6.430259,0.46586345381526106,0.4542219306490398,0.8358893795928961,2,8,8
0.7555555555555555,1.600264,0.31836182,4.1640687,0.48175182481751827,0.4683725438416706,0.5570731433673481,2,0,0
0.7844444444444445,0.7214951,0.48729783,1.1898894,0.7578124999999999,0.769855848867183,0.6624422086850251,0,0,0
0.8355555555555556,0.71130264,0.39477193,1.344364,0.8164794007490637,0.8055546062329831,0.9342181679985353,0,0,0
