ACC,Loss,LossPrivileged,LossUnprivileged,BalancedACC,drift-id,gm-id
0.9485714285714286,0.16737144,0.15402864,0.2874565,0.976627712854758,0,<federated.algorithms.fair_fed_drift.ClientIdentity.ClientIdentity object at 0x7f90525a2b60>
0.9471428571428572,0.19168232,0.17473218,0.34423366,0.9450000000000001,0,<federated.algorithms.fair_fed_drift.ClientIdentity.ClientIdentity object at 0x7f905264a290>
0.9585714285714285,0.20280361,0.15700696,0.61497337,0.8676470588235294,0,<federated.algorithms.fair_fed_drift.ClientIdentity.ClientIdentity object at 0x7f8f987ca4d0>
0.9414285714285714,0.27964953,0.25617963,0.49087828,0.9346733668341709,0,<federated.algorithms.fair_fed_drift.ClientIdentity.ClientIdentity object at 0x7f8fec31a380>
0.9428571428571428,0.39320016,0.11431232,2.9031909,0.7536945812807881,2,<federated.algorithms.fair_fed_drift.ClientIdentity.ClientIdentity object at 0x7f90301d32e0>
0.8571428571428571,0.72859347,0.6511925,1.4252023,0.782608695652174,2,<federated.algorithms.fair_fed_drift.ClientIdentity.ClientIdentity object at 0x7f8f7c6dd630>
0.9157142857142857,0.3915316,0.30386394,1.1805402,0.8784246575342465,2,<federated.algorithms.fair_fed_drift.ClientIdentity.ClientIdentity object at 0x7f90525a3d30>
0.95,0.34678462,0.11677925,2.4168332,0.8114754098360656,0,<federated.algorithms.fair_fed_drift.ClientIdentity.ClientIdentity object at 0x7f8f4405a170>
0.9728571428571429,0.13186227,0.12326207,0.2092642,0.982084690553746,0,<federated.algorithms.fair_fed_drift.ClientIdentity.ClientIdentity object at 0x7f8fa0629090>
0.9671428571428572,0.13106503,0.11622939,0.26458564,0.9558823529411765,0,<federated.algorithms.fair_fed_drift.ClientIdentity.ClientIdentity object at 0x7f8f9860a290>
