ACC,Loss,LossPrivileged,LossUnprivileged,AEQ,OEQ,OPP,MEQ,MPP,drift-id,gm-id,gm-name
0.9185714285714286,0.28755414,0.37246895,0.20263934,0.9484848484848486,0.9352827883639391,0.9215524344825692,0.8309659090909092,0.8126984126984127,0,0,0
0.8414285714285714,1.6928518,0.45015177,2.9355516,0.829192546583851,0.7604637598473414,0.7502667599697498,0.0,0.0,1,0,0
0.8928571428571429,0.2936491,0.113614686,0.47368357,0.8545994065281899,0.8556292049785368,0.8422785305747393,0.31578947368421056,0.32409972299168976,1,0,0
0.8871428571428571,0.37155104,0.24665116,0.49645093,0.9166666666666666,0.8423958049697327,0.8734423154926171,0.29411764705882354,0.4166666666666667,1,0,0
0.8942857142857142,0.3114964,0.14072855,0.4822643,0.8630952380952381,0.8451201553090361,0.8567385178853332,0.4207988980716253,0.5113636363636364,1,0,0
0.8714285714285714,0.3630765,0.17257522,0.55357784,0.8597560975609756,0.82900993999914,0.799823581895083,0.3706140350877193,0.5,1,0,0
0.8957142857142857,0.27594602,0.1086421,0.44324994,0.8605341246290802,0.8265539411461351,0.8270974421680723,0.32428355957767724,0.4205128205128206,1,0,0
0.88,0.34137827,0.14112256,0.5416339,0.8388059701492536,0.8378969156176217,0.827749382073146,0.23529411764705882,0.37477691850089234,1,0,0
0.84,0.6353564,0.26782578,1.0028871,0.803680981595092,0.7729121458139538,0.7204364274237453,0.0,0.0,1,0,0
