ACC,Loss,LossPrivileged,LossUnprivileged,BalancedACC,drift-id,gm-id,gm-name
0.8185714285714286,0.49217752,0.4472721,0.53708297,0.9623287671232876,0,0,0
0.7771428571428571,1.2999097,0.41545463,2.1843648,0.825503355704698,2,0,0
0.7285714285714285,1.0441887,0.89872575,1.1896516,0.9029850746268656,2,7,7
0.7,2.622873,0.64736676,4.598379,0.689655172413793,1,2,2
0.8471428571428572,0.49667093,0.41337952,0.5799623,0.9570957095709571,1,9,9
0.7428571428571429,2.5768185,0.58363247,4.5700045,0.6720257234726689,2,9,9
0.8514285714285714,0.6230729,0.46129787,0.7848479,0.9477124183006536,2,2,2
0.7142857142857143,2.571677,0.7065213,4.4368324,0.7182130584192441,1,2,2
0.88,0.5904451,0.62912965,0.5517607,0.9807073954983923,1,9,9
