ACC,Loss,LossPrivileged,LossUnprivileged,BalancedACC,drift-id,gm-id,gm-name
0.7799461641991925,0.46125665,0.46573907,0.36001062,0.8886730978087267,0,0,0
0.8169582772543742,0.40418744,0.40841305,0.3102999,0.9135637969748563,0,0,0
0.8055181695827726,0.38166022,0.387198,0.2856043,0.9281850533807828,0,0,0
0.8337819650067295,0.35899448,0.36710832,0.22357073,0.916848111720099,0,0,0
0.819650067294751,0.35166115,0.3516937,0.35097215,0.9443269908386187,0,0,0
0.8391655450874832,0.346578,0.3504069,0.2713828,0.9412128712871287,0,0,0
0.8176312247644684,0.37204742,0.38039193,0.19531904,0.9089147286821706,0,0,0
0.8283983849259757,0.37644064,0.34516266,1.160585,0.7121018921572938,1,0,0
0.8384925975773889,0.3612384,0.31848675,1.2666796,0.7024578599539615,1,0,0
