ACC,Loss,LossPrivileged,LossUnprivileged,BalancedACC,drift-id,gm-id,gm-name
0.9028571428571428,0.42518455,0.41316542,0.4372036,1.0,0,0,0
0.8485714285714285,1.507892,0.24769968,2.7680843,0.8054711246200608,2,0,0
0.8242857142857143,0.73332304,0.6485225,0.8181237,0.976027397260274,2,1,1
0.7814285714285715,2.312707,0.32274354,4.30267,0.7310126582278482,1,10,1-3
0.9314285714285714,0.2751916,0.25369683,0.29668635,0.9878048780487805,1,11,6-7
0.9542857142857143,0.18773857,0.20168668,0.17379043,1.0,1,11,6-7
0.8142857142857143,2.4400299,0.074108064,4.8059516,0.6666666666666667,2,11,6-7
0.9514285714285714,0.19007012,0.14098726,0.23915303,0.9704142011834319,2,12,2-5-1-3
0.9557142857142857,0.21111023,0.23613286,0.18608761,0.9970149253731343,2,12,2-5-1-3
