ACC,Loss,LossPrivileged,LossUnprivileged,AEQ,OEQ,OPP,MEQ,MPP,drift-id,gm-id,gm-name
0.9228571428571428,0.22330117,0.21410532,0.3060641,0.9045996592844975,0.8882965546763175,0.886856468626551,0.6761363636363636,0.7683615819209039,0,0,0
0.9428571428571428,0.39938122,0.19060886,2.2783327,0.785831960461285,0.7346078086377473,0.7354611779071903,0.0,0.0,2,0,0
0.84,0.7491133,0.67593974,1.4076755,0.7458563535911602,0.622309751821794,0.6140694712514,0.0,0.0,2,7,7
0.9614285714285714,0.16309166,0.16158317,0.17666787,0.995049504950495,0.9521855524077987,0.9624768975914686,0.90625,0.9130434782608695,0,0,0
0.96,0.15195136,0.13397188,0.3137665,0.9147540983606557,0.9057561864951593,0.8672791274309324,0.6774193548387096,0.6653225806451613,0,0,0
0.96,0.21218778,0.1335818,0.9196418,0.9310344827586207,0.9015379863615124,0.922525930802955,0.6093749999999999,0.7362637362637363,0,0,0
0.9742857142857143,0.13413265,0.09763228,0.46263608,0.9159935379644589,0.8792337764301695,0.9035758104631266,0.4,0.6461864406779662,0,0,0
0.95,0.4729385,0.11919101,3.6566658,0.747557003257329,0.746415817252388,0.7522619816514236,0.0,0.0,1,0,0
0.96,0.15320274,0.16293669,0.06559717,0.996694214876033,0.9240405444964871,0.9388357476881846,0.8524590163934426,0.8861985472154964,1,10,2-1-3
