ACC,Loss,LossPrivileged,LossUnprivileged,AEQ,OEQ,OPP,MEQ,MPP,drift-id,gm-id,gm-name
0.9057142857142857,0.3900875,0.37626597,0.44537345,0.9725490196078431,0.930287419087773,0.9301027337720924,0.7318181818181818,0.7839080459770115,0,0,0
0.9114285714285715,0.6812388,0.1741572,2.709565,0.7879924953095685,0.751679542300168,0.7512013554078236,0.0,0.0,1,0,0
0.8442857142857143,0.67308444,0.6103195,0.92414397,0.884297520661157,0.7863797175627547,0.821783921045524,0.5303030303030303,0.6443148688046647,1,1,1
0.9228571428571428,0.29351994,0.28635454,0.32218137,0.9980657640232107,0.9123536510937186,0.9277571052170094,0.8693181818181819,0.7678018575851394,1,10,1-3
0.8971428571428571,1.0006015,0.27708763,3.8946571,0.7129455909943716,0.6631315906315906,0.6698194270512811,0.0,0.0,2,10,1-3
0.9528571428571428,0.22079952,0.24373524,0.12905663,0.985185185185185,0.9648322324907823,0.9629388609385888,0.9038461538461539,0.9215686274509803,2,12,5-7-6-8
0.9628571428571429,0.20307456,0.10975761,0.57634246,0.9377289377289377,0.904480220855555,0.9040278906942512,0.4632867132867133,0.728021978021978,2,12,5-7-6-8
0.93,0.7191342,0.11120585,3.1508482,0.7692307692307693,0.7859870872660393,0.7633577371578845,0.0582010582010582,0.07251082251082251,0,12,5-7-6-8
0.9685714285714285,0.12938966,0.10444668,0.22916156,0.9761467889908256,0.9579857125704846,0.9646015817731604,0.9000000000000001,0.9184704184704185,0,0,0
