ACC,Loss,LossPrivileged,LossUnprivileged,BalancedACC,drift-id,gm-id,gm-name
0.7933247753530167,0.43615323,0.4533877,0.23684487,0.8678023510659494,0,0,0
0.8395378690629012,0.37903932,0.39399767,0.19649726,0.8750496031746032,0,0,0
0.8408215661103979,0.36497542,0.37227118,0.28990367,0.9463403371045948,0,0,0
0.8125802310654685,0.36796013,0.3712468,0.33245412,0.9354100538864694,0,0,0
0.766367137355584,0.5842519,0.3760698,2.910036,0.32745150862068967,2,0,0
0.766367137355584,0.4906786,0.4834789,0.5457964,0.937630474978627,2,8,8
0.8048780487804879,0.42407236,0.42806098,0.3882258,0.9147016866661073,2,14,10-6-9-7-8
0.7227214377406932,0.60205895,0.4160351,2.0816972,0.158504081292687,0,14,10-6-9-7-8
0.8549422336328626,0.3243138,0.3466056,0.13483351,0.8999236058059588,0,0,0
