ACC,Loss,LossPrivileged,LossUnprivileged,BalancedACC,drift-id,gm-id,gm-name
0.9214285714285714,0.26508385,0.2639068,0.2756771,0.923076923076923,0,0,0
0.95,0.21531898,0.13930514,0.8994436,0.8275862068965517,0,0,0
0.9714285714285714,0.10574049,0.10507421,0.11173687,1.0,0,0,0
0.9685714285714285,0.10120156,0.09677289,0.1410596,0.9869067103109657,0,0,0
0.9671428571428572,0.26071844,0.10796782,1.6354744,0.8912337662337663,2,0,0
0.8685714285714285,0.71020055,0.67099607,1.06304,0.8417266187050361,2,7,7
0.8614285714285714,0.7645581,0.7205292,1.1608188,0.7783783783783784,2,6,6
0.95,0.1644174,0.1495852,0.29790717,0.9584026622296172,2,10,10
0.9185714285714286,0.4593895,0.43249235,0.701464,0.9262435677530017,2,10,10
