ACC,Loss,LossPrivileged,LossUnprivileged,BalancedACC,drift-id,gm-id,gm-name
0.8866666666666667,0.27158678,0.2636312,0.4545648,0.8518518518518519,0,0,0
0.8883333333333333,0.25469887,0.24540548,0.43768224,0.8879648411088573,0,0,0
0.8783333333333333,0.25165257,0.24200885,0.40733,0.8717142857142857,0,0,0
0.8966666666666666,0.24346507,0.2390036,0.3419604,0.9412641621943947,0,0,0
0.865,0.33725056,0.29650083,1.2020515,0.6750607466313232,2,2,0-1
0.8716666666666667,0.30545393,0.25992092,1.3106816,0.6072238174399274,2,3,3
0.85,0.34381163,0.32310614,0.6995697,0.7745901639344263,2,3,3
0.8833333333333333,0.2612795,0.25417343,0.46735635,0.8446601941747572,0,3,3
0.8833333333333333,0.2751001,0.25559103,0.6103017,0.7440944881889764,0,2,0-1
