ACC,Loss,LossPrivileged,LossUnprivileged,BalancedACC,drift-id,gm-id,gm-name
0.9314285714285714,0.23175773,0.22552408,0.3501974,0.8844301765650081,0,0,0
0.9428571428571428,0.3286294,0.23795465,2.0514495,0.7480314960629921,2,0,0
0.9657142857142857,0.09549059,0.08653607,0.2656266,0.8516228748068007,2,0,0
0.9628571428571429,0.1681271,0.1253412,0.98105913,0.823529411764706,1,0,0
0.9657142857142857,0.15356709,0.09678034,1.2325157,0.8209876543209877,1,0,0
0.9714285714285714,0.1358157,0.07017566,1.382976,0.7553516819571866,2,0,0
0.9714285714285714,0.12806109,0.05764042,1.4660537,0.635258358662614,2,0,0
0.9685714285714285,0.15062898,0.11070559,0.9091735,0.6972477064220184,1,0,0
0.9742857142857143,0.098451465,0.055602357,0.91258436,0.7832061068702291,1,0,0
