ACC,Loss,LossPrivileged,LossUnprivileged,AEQ,OEQ,OPP,MEQ,MPP,drift-id,gm-id,gm-name
0.9142857142857143,0.35750726,0.2963058,0.9083204,0.863013698630137,0.8429600134430253,0.8360752736046673,0.5909090909090909,0.6358208955223881,0,0,0
0.9357142857142857,0.4101991,0.16372037,2.6285079,0.743801652892562,0.74103629009879,0.7406012651695764,0.0,0.0,1,0,0
0.9314285714285714,0.4033868,0.20040645,2.23021,0.6991735537190081,0.6840026527481917,0.6740001432204211,0.0,0.0,1,0,0
0.9614285714285714,0.15756953,0.15050086,0.22118752,0.962171052631579,0.911772204444975,0.9230526814683782,0.8333333333333334,0.8606557377049181,1,6,1-3-4
0.9585714285714285,0.23346978,0.19112304,0.6145905,0.8837970540098199,0.88256829909037,0.8827637475401613,0.7142857142857143,0.7,1,6,1-3-4
0.9571428571428572,0.1871765,0.1566969,0.46149287,0.9177631578947368,0.8934594052519322,0.9053265688372178,0.7,0.8125,1,11,2-1-3-4
0.9557142857142857,0.14346372,0.13112053,0.2545524,0.9520661157024792,0.9371066606651354,0.9170697917071298,0.8320000000000001,0.7703081232492998,1,11,2-1-3-4
0.9442857142857143,0.2921682,0.29833606,0.23665728,0.9983193277310924,0.9068474120813619,0.8900241287155337,0.8333333333333334,0.7005649717514124,1,11,2-1-3-4
0.9914285714285714,0.032674808,0.029149419,0.0644033,0.9936,0.9779897504956422,0.9754497354497357,0.8571428571428571,0.8333333333333334,1,11,2-1-3-4
