ACC,Loss,LossPrivileged,LossUnprivileged,AEQ,OEQ,OPP,drift-id,gm-id,gm-name
0.535,4.7434187,4.7525854,4.6609178,0.4721311475409836,0.2307634164777022,0.2055465367965368,0,0,0
0.5633333333333334,4.640485,4.6421113,4.6258483,0.44720496894409933,0.23151455026455028,0.2795739348370927,1,0,0
0.59,4.6230054,4.6240144,4.613922,0.37058823529411766,0.17579365079365078,0.22781954887218045,1,0,0
0.6116666666666667,4.638584,4.6446815,4.5837045,0.41025641025641024,0.17945326278659612,0.2136100386100386,1,0,0
0.5566666666666666,4.617543,4.618355,4.6102366,0.22085889570552145,0.08816892327530626,0.11998456790123457,1,0,0
0.6116666666666667,4.6145697,4.615036,4.610367,0.27808988764044945,0.13262411347517727,0.1037063492063492,1,0,0
0.5883333333333334,4.6141233,4.6146955,4.608973,0.2894736842105263,0.1748148148148148,0.16855400696864112,1,0,0
0.575,4.6132245,4.6136155,4.609704,0.35240963855421686,0.1433501683501683,0.19319083694083697,0,0,0
0.555,4.6112833,4.611644,4.6080384,0.1651376146788991,0.08872691933916423,0.11334440753045404,0,0,0
