ACC,Loss,LossPrivileged,LossUnprivileged,AEQ,OEQ,OPP,MEQ,MPP,drift-id,gm-id,gm-name
0.9342857142857143,0.23164804,0.22754851,0.26854354,0.9258010118043846,0.9054279162001964,0.89370774933048,0.7195767195767195,0.7570621468926554,0,0,0
0.9557142857142857,0.23072861,0.22921215,0.24437664,0.9850746268656716,0.9537559460563804,0.9220465485752177,0.9051724137931034,0.7723880597014926,0,0,0
0.9714285714285714,0.10373537,0.103126936,0.10921125,1.0,0.9448649848080422,0.9619534769391294,0.6900584795321637,0.9147540983606558,0,0,0
0.9671428571428572,0.12839215,0.12534297,0.15583485,0.9885245901639345,0.944123777945671,0.953508066498998,0.8571428571428572,0.8725961538461539,0,0,0
0.9742857142857143,0.13380836,0.09494356,0.48359156,0.9320388349514563,0.9266291758763462,0.9099596504926037,0.7017543859649122,0.7023809523809523,0,0,0
0.9714285714285714,0.13273865,0.08221749,0.587429,0.9029126213592233,0.8940078285054133,0.9057538662879283,0.45578231292517,0.7254464285714285,0,0,0
0.9842857142857143,0.11165066,0.08167398,0.3814408,0.9694533762057878,0.9468705211514366,0.9502387471639875,0.8,0.7389162561576355,0,0,0
0.9457142857142857,0.51692617,0.12573516,4.037646,0.7194127243066883,0.7178384464955754,0.7452451286637831,0.0,0.0,1,0,0
0.9628571428571429,0.16757475,0.1755578,0.095727295,0.9901960784313726,0.9305525332856275,0.9443106225290936,0.8463541666666666,0.8463541666666666,1,1,1
