ACC,Loss,LossPrivileged,LossUnprivileged,BalancedACC,drift-id,gm-id,gm-name
0.8466666666666667,0.33136344,0.30012357,0.6289644,0.8142150247413404,0,0,0
0.8683333333333333,0.33266383,0.23986357,1.2522298,0.6484476668525748,1,0,0
0.895,0.26800984,0.24171132,0.55729365,0.8614457831325302,1,1,1
0.89,0.2613918,0.24343933,0.45058286,0.9229202569324768,1,12,4-2-1-3
0.835,0.45441976,0.27691016,2.1787982,0.5968523002421308,2,12,4-2-1-3
0.8716666666666667,0.31113073,0.28446132,0.61102575,0.8064988290398127,2,11,7-5-6
0.8616666666666667,0.3124019,0.28809318,0.5025818,0.893635902636917,2,11,7-5-6
0.88,0.2934514,0.23873088,0.80480534,0.7452929976729427,0,11,7-5-6
0.8963210702341137,0.247969,0.24780026,0.24963474,0.9710879284649776,0,0,0
