ACC,Loss,LossPrivileged,LossUnprivileged,BalancedACC,drift-id,gm-id,gm-name
0.7955271565495208,0.40610573,0.45465773,0.3063965,0.8677795618307036,0,0,0
0.5910543130990416,0.9373359,0.45709848,1.8235923,0.33607319198373514,1,0,0
0.7955271565495208,0.44488946,0.4770309,0.3807604,0.8931982905295874,1,1,1
0.8099041533546326,0.41991726,0.43551362,0.38879916,0.9676328301520634,1,1,1
0.8194888178913738,0.38856646,0.4169543,0.32582203,0.9128565579363996,1,1,1
0.8226837060702875,0.40914133,0.44702315,0.34611228,0.9312881416018839,1,1,1
0.8370607028753994,0.36859497,0.40459967,0.298284,0.9228344829367846,1,1,1
0.5942492012779552,0.77737504,0.4545263,1.3649015,0.34996534996535,0,1,1
0.8450479233226837,0.32977462,0.36423168,0.25529173,0.951974501647669,0,0,0
