ACC,BalancedACC,drift-id,gm-id
0.12264150943396226,0.27451191888685145,0,0
0.8018867924528302,0.8129178428168177,0,0
0.06289308176100629,0.3742632612966601,1,0
0.8113207547169812,0.9634312537855846,1,0
0.8364779874213837,0.9622634583264504,1,0
0.8616352201257862,0.9951213387620397,1,0
0.8553459119496856,0.9137590871118537,1,0
0.8773584905660378,0.9398996585603789,1,0
0.8474842767295597,0.8906386701662292,0,0
0.8726415094339622,0.8916195497589233,0,0
0.8852201257861635,0.995303524975121,0,0
