ACC,Loss,LossPrivileged,LossUnprivileged,BalancedACC,drift-id,gm-id
0.9171428571428571,0.3256683,0.38220268,0.26913404,0.9753846153846153,0,<federated.algorithms.fair_fed_drift.ClientIdentity.ClientIdentity object at 0x7f16713c6c50>
0.8485714285714285,1.3718443,0.19968359,2.544005,0.8109756097560975,2,<federated.algorithms.fair_fed_drift.ClientIdentity.ClientIdentity object at 0x7f166c2a3370>
0.8685714285714285,0.52222425,0.64359105,0.40085745,0.954983922829582,2,<federated.algorithms.fair_fed_drift.ClientIdentity.ClientIdentity object at 0x7f15c875cf40>
0.8714285714285714,0.5659926,0.58657724,0.54540795,0.9934640522875816,2,<federated.algorithms.fair_fed_drift.ClientIdentity.ClientIdentity object at 0x7f15a467d420>
0.7657142857142857,2.422188,0.48883352,4.3555427,0.7234726688102895,1,<federated.algorithms.fair_fed_drift.ClientIdentity.ClientIdentity object at 0x7f15c811c910>
0.9257142857142857,0.3399295,0.47796977,0.20188923,0.9577039274924471,1,<federated.algorithms.fair_fed_drift.ClientIdentity.ClientIdentity object at 0x7f166c35b640>
0.9385714285714286,0.24170358,0.20712145,0.27628574,0.984894259818731,1,<federated.algorithms.fair_fed_drift.ClientIdentity.ClientIdentity object at 0x7f166c07d840>
0.9171428571428571,0.42299134,0.45963797,0.3863446,0.9753846153846153,1,<federated.algorithms.fair_fed_drift.ClientIdentity.ClientIdentity object at 0x7f166c439690>
0.9342857142857143,0.21894191,0.21219572,0.22568817,0.987841945288754,1,<federated.algorithms.fair_fed_drift.ClientIdentity.ClientIdentity object at 0x7f15081d3fa0>
0.8385714285714285,1.9547354,0.22687325,3.6825974,0.7470238095238096,0,<federated.algorithms.fair_fed_drift.ClientIdentity.ClientIdentity object at 0x7f15085b73d0>
