ACC,Loss,LossPrivileged,LossUnprivileged,BalancedACC,drift-id,gm-id
0.9342857142857143,0.23392716,0.19979188,0.54114485,0.9258010118043846,0,<federated.algorithms.fair_fed_drift.ClientIdentity.ClientIdentity object at 0x7fbd1599aad0>
0.9357142857142857,0.39595053,0.15088159,2.6015708,0.7277227722772277,1,<federated.algorithms.fair_fed_drift.ClientIdentity.ClientIdentity object at 0x7fbc6432ccd0>
0.8814285714285715,0.5404087,0.50265664,0.8801776,0.8109540636042403,1,<federated.algorithms.fair_fed_drift.ClientIdentity.ClientIdentity object at 0x7fbd15a43130>
0.8828571428571429,0.57202613,0.3931049,2.1823163,0.6395147313691508,1,<federated.algorithms.fair_fed_drift.ClientIdentity.ClientIdentity object at 0x7fbd101f2020>
0.8571428571428571,1.0323527,0.7263572,3.786312,0.5744680851063829,2,<federated.algorithms.fair_fed_drift.ClientIdentity.ClientIdentity object at 0x7fbd31b375e0>
0.9185714285714286,0.34161425,0.26411754,1.0390846,0.7588532883642496,2,<federated.algorithms.fair_fed_drift.ClientIdentity.ClientIdentity object at 0x7fbd1007b940>
0.9071428571428571,0.42443016,0.38744178,0.7573254,0.8027444253859348,2,<federated.algorithms.fair_fed_drift.ClientIdentity.ClientIdentity object at 0x7fbc9827dab0>
0.9742857142857143,0.067892775,0.055017043,0.1837744,0.9804878048780489,2,<federated.algorithms.fair_fed_drift.ClientIdentity.ClientIdentity object at 0x7fbc9870f160>
0.9685714285714285,0.13117771,0.08718818,0.52708346,0.8897893030794166,2,<federated.algorithms.fair_fed_drift.ClientIdentity.ClientIdentity object at 0x7fbbe844efe0>
0.9057142857142857,0.47569993,0.32174313,1.8613107,0.8890814558058926,0,<federated.algorithms.fair_fed_drift.ClientIdentity.ClientIdentity object at 0x7fbc98199240>
