ACC,Loss,LossPrivileged,LossUnprivileged,BalancedACC,drift-id,gm-id,gm-name
0.8271428571428572,0.49249223,0.48733774,0.5388833,0.9980842911877394,0,0,0
0.8614285714285714,0.649803,0.32778654,3.5479515,0.6223404255319149,1,0,0
0.7842857142857143,0.7025552,0.66269684,1.0612807,0.882,1,5,5
0.8542857142857143,0.5754006,0.57615286,0.5686302,0.9482439926062847,1,5,5
0.8714285714285714,0.5347653,0.45295498,1.2710583,0.8211091234347049,1,5,5
0.7914285714285715,0.84490144,0.76964635,1.5221963,0.8343195266272189,1,14,14
0.8642857142857143,0.67878926,0.62807137,1.13525,0.8641304347826086,1,4,4
0.8442857142857143,0.9341902,0.9066596,1.1819662,0.9420560747663552,1,5,5
0.8842857142857142,0.57987267,0.50387996,1.2638077,0.8601769911504424,1,4,4
