ACC,Loss,LossPrivileged,LossUnprivileged,BalancedACC,drift-id,gm-id,gm-name
0.9185714285714286,0.2676175,0.22791871,0.62490666,0.858603066439523,0,0,0
0.9514285714285714,0.15961508,0.13772489,0.35662696,0.923841059602649,0,0,0
0.9528571428571428,0.16340476,0.109387815,0.6495573,0.905940594059406,0,0,0
0.9714285714285714,0.117737405,0.11711358,0.1233519,0.9674267100977199,0,0,0
0.9528571428571428,0.44961998,0.1530054,3.1191514,0.7768729641693811,1,0,0
0.9485714285714286,0.24235804,0.22735114,0.3774203,0.976627712854758,1,11,4-2-1-3
0.9328571428571428,0.29227763,0.23143475,0.8398638,0.877310924369748,1,11,4-2-1-3
0.9542857142857143,0.46319747,0.104618706,3.690406,0.7281553398058253,0,11,4-2-1-3
0.9757142857142858,0.13783391,0.12099882,0.28934973,0.9305331179321487,0,0,0
