ACC,Loss,LossPrivileged,LossUnprivileged,BalancedACC,drift-id,gm-id,gm-name
0.754813863928113,0.477423,0.49019358,0.3688733,0.8849104859335039,0,0,0
0.7997432605905006,0.41661116,0.42566213,0.33526868,0.939048113085203,0,0,0
0.8421052631578947,0.34572974,0.3589143,0.21821795,0.8941009831694717,0,0,0
0.8331193838254172,0.3539373,0.35810283,0.3148371,0.9571678321678321,0,0,0
0.772785622593068,0.53122485,0.39493343,2.1073692,0.39740605254406386,2,0,0
0.7740693196405648,0.48660192,0.33423108,1.916856,0.22311262026032824,2,0,0
0.7689345314505777,0.47016934,0.36379448,1.5147109,0.28682226040473463,2,0,0
0.8356867779204108,0.37465572,0.36941206,0.42315924,0.9915540540540542,0,0,0
0.8228498074454429,0.37434277,0.38251483,0.2976344,0.8831521739130433,0,0,0
