ACC,Loss,LossPrivileged,LossUnprivileged,AEQ,OEQ,OPP,drift-id,gm-id,gm-name
0.8133333333333334,0.66480845,0.4028373,1.7126931,0.5185185185185185,0.5220497420830191,0.7972928804192977,0,0,0
0.8533333333333334,0.7172518,0.26376477,2.5312,0.6209386281588448,0.6019202469301451,0.8409058719386251,0,0,0
0.8586666666666667,0.9491528,0.36784184,3.2743962,0.5836298932384342,0.5597915433732346,0.6559550357040907,0,0,0
0.8586666666666667,0.81565464,0.38122436,2.5533755,0.6836363636363637,0.6696396442076555,0.7743047525477137,0,0,0
0.8133333333333334,1.3360507,0.3792337,5.1633196,0.3884892086330935,0.41345204047689166,0.4785023060269702,2,0,0
0.816,0.8924345,0.30114496,3.2575924,0.3870967741935484,0.40344211534669533,0.607784461926063,2,0,0
0.808,0.9919465,0.46268803,3.1089807,0.4723247232472325,0.4447524907911694,0.5521503224714085,2,0,0
0.856,0.76299655,0.2885228,2.660892,0.6187050359712231,0.6186164598662405,0.8870287119937059,0,0,0
0.8133333333333334,1.1299102,0.50142723,3.6438425,0.5353159851301116,0.5049275047659015,0.7357380030243961,0,0,0
