ACC,Loss,LossPrivileged,LossUnprivileged,BalancedACC,drift-id,gm-id,gm-name
0.7971246006389776,0.41083425,0.45168075,0.33219516,0.9367023017344823,0,0,0
0.46645367412140576,1.2078884,1.6193587,0.34420833,0.3616162764264606,2,0,0
0.5175718849840255,0.849284,1.1025136,0.32544625,0.40147803036388463,2,0,0
0.8514376996805112,0.3718511,0.39885476,0.3143332,0.9523047375160051,0,0,0
0.8626198083067093,0.38456604,0.43071985,0.29818645,0.9011559847819725,0,0,0
0.8338658146964856,0.45073226,0.46739003,0.41525117,0.9229620145113103,0,0,0
0.8402555910543131,0.43568152,0.45903555,0.37870786,0.9547268787775117,0,0,0
0.6501597444089456,0.6447219,0.4703945,0.95757735,0.4322462979094077,1,0,0
0.634185303514377,0.6604396,0.5335274,0.90827745,0.46235231881502376,1,0,0
