ACC,Loss,LossPrivileged,LossUnprivileged,BalancedACC,drift-id,gm-id,gm-name
0.8128571428571428,0.45333436,0.4302203,0.6613606,0.9630350194552529,0,0,0
0.8714285714285714,0.5793325,0.34088424,2.725367,0.6996466431095406,1,0,0
0.7514285714285714,0.9201164,0.90868413,1.0230064,0.9245283018867925,1,1,1
0.8271428571428572,0.7011234,0.64832383,1.1763198,0.888045540796964,1,4,4
0.8385714285714285,0.8979961,0.54753834,4.052117,0.6758241758241759,2,6,3-4
0.8728571428571429,0.5109098,0.49230483,0.67835414,0.9981818181818182,2,5,5
0.8885714285714286,0.41263592,0.4018233,0.5099497,0.9858906525573191,2,5,5
0.88,0.6382087,0.41408363,2.6553347,0.8123893805309734,0,5,5
0.8785714285714286,0.69354886,0.71573097,0.49390996,0.9735449735449735,0,0,0
