ACC,Loss,LossPrivileged,LossUnprivileged,BalancedACC,drift-id,gm-id,gm-name
0.7971758664955071,0.43143845,0.43688267,0.37714955,0.920626099842549,0,0,0
0.8331193838254172,0.3804026,0.39683607,0.21395497,0.9024594499294781,0,0,0
0.8125802310654685,0.40949416,0.4275248,0.25195113,0.87796656671958,0,0,0
0.8125802310654685,0.42826417,0.43913126,0.31086668,0.9005633869779162,0,4,0-1-2
0.7766367137355584,0.48162588,0.42069894,1.0535266,0.4897391304347826,1,4,0-1-2
0.7201540436456996,0.5425093,0.50898427,0.8930428,0.467302004600723,1,4,0-1-2
0.7817715019255456,0.52677786,0.47245923,1.1336181,0.39899553571428575,1,4,0-1-2
0.8382541720154044,0.41478074,0.4275389,0.28138337,0.8956756636081531,0,4,0-1-2
0.8536585365853658,0.41628742,0.4330319,0.27957362,0.9085105606828876,0,4,0-1-2
