ACC,Loss,LossPrivileged,LossUnprivileged,AEQ,OEQ,OPP,MEQ,MPP,drift-id,gm-id,gm-name
0.9385714285714286,0.25498828,0.2590588,0.17764778,0.9353383458646618,0.9511269791841062,0.9384369415130173,0.875,0.8513513513513513,0,0,0
0.9628571428571429,0.16892059,0.16123202,0.31500357,0.9781591263650545,0.9340108831812903,0.9177470824478465,0.7901785714285714,0.6772486772486772,0,0,0
0.9471428571428572,0.2605858,0.13509208,2.6449668,0.6828125,0.7010378514615803,0.7416244252073303,0.0,0.0,2,0,0
0.9642857142857143,0.17089476,0.0688064,2.110573,0.6702453987730062,0.6578809731934732,0.6972917800938528,0.0,0.0,2,0,0
0.9614285714285714,0.17586423,0.06987736,2.189615,0.5819295558958651,0.6435555192605498,0.6216063411896745,0.0,0.0,2,0,0
0.9714285714285714,0.11414665,0.09989542,0.38492027,0.9382716049382716,0.9344575252529286,0.9151541160111885,0.5824175824175823,0.608,0,0,0
0.9771428571428571,0.07468432,0.056387547,0.4223231,0.8412213740458016,0.8357026032663489,0.8583221488114224,0.5205479452054794,0.6085714285714285,0,0,0
0.9528571428571428,0.22653279,0.13257465,2.0117376,0.648062015503876,0.7473886494791694,0.6876665945395084,0.0,0.0,1,0,0
0.9742857142857143,0.16219811,0.02602481,2.749491,0.6333333333333333,0.6653962288602345,0.6893828393828394,0.0,0.0,1,0,0
