ACC,Loss,LossPrivileged,LossUnprivileged,AEQ,OEQ,OPP,MEQ,MPP,drift-id,gm-id,gm-name
0.8352387357094821,0.35289556,0.35700852,0.27758002,0.9428243637880683,0.7524562226872653,0.9770515340733887,0.5762987012987013,0.9749364014801108,0,0,0
0.8298587760591796,0.3439338,0.34218332,0.3788452,0.9810969868173259,0.973587570621469,0.9788770963549724,0.9556497175141243,0.974125874125874,1,0,0
0.8379287155346334,0.3420508,0.33735004,0.43180922,0.9829284981183715,0.790452344944027,0.8871365005253925,0.6304761904761904,0.8265856950067477,1,0,0
0.8520511096166778,0.32505956,0.3268953,0.2936064,0.9686635033610123,0.9245864303657332,0.8900186500805696,0.9074818986323411,0.7902097902097902,1,0,0
0.8587760591795561,0.3262293,0.31075588,0.6259475,0.9549644871174344,0.8210814101274815,0.875161623082702,0.697211155378486,0.8499609273248241,2,0,0
0.8426361802286483,0.3483505,0.3454098,0.40878436,0.9794241675149047,0.8416933083564329,0.9319702615234847,0.7234678624813153,0.9139344262295082,2,7,4-3-1-2
0.85137861466039,0.33077723,0.32969534,0.35143527,0.9676520224290925,0.9680051741736866,0.9352716423036469,0.9667121027333381,0.8799772468714449,2,7,4-3-1-2
0.8406186953597848,0.33551913,0.3371346,0.30552736,0.9079680064797003,0.8603271078902307,0.841501171084416,0.7919523637675929,0.7231833910034602,2,7,4-3-1-2
0.8419636852723604,0.33480293,0.33339196,0.3629427,0.9789872186718533,0.8162649768970281,0.9743670625811375,0.6845764854614411,0.9535864978902954,2,7,4-3-1-2
