ACC,Loss,LossPrivileged,LossUnprivileged,BalancedACC,drift-id,gm-id,gm-name
0.8314285714285714,0.4325213,0.42394093,0.5955479,0.8884892086330936,0,0,0
0.8671428571428571,0.34845224,0.32226446,0.84602016,0.8844827586206897,0,0,0
0.8885714285714286,0.43312758,0.41517863,0.77415794,0.8956228956228957,0,0,0
0.8985714285714286,0.41573712,0.40927628,0.53849274,0.9183333333333334,0,0,0
0.9014285714285715,0.5097582,0.42907017,2.042832,0.8165289256198347,2,0,0
0.9085714285714286,0.4666883,0.38861185,1.9501414,0.6807817589576547,2,0,0
0.8914285714285715,0.62150574,0.5086034,2.766651,0.6943521594684385,2,0,0
0.88,0.58479095,0.49441162,2.3019977,0.6046901172529313,2,0,0
0.9014285714285715,0.5612309,0.49091926,1.8971508,0.7838283828382838,2,0,0
