ACC,Loss,LossPrivileged,LossUnprivileged,BalancedACC,drift-id,gm-id,gm-name
0.9128571428571428,0.32649675,0.38331884,0.26967472,0.9722222222222223,0,0,0
0.8514285714285714,1.468648,0.1868703,2.7504256,0.8226299694189603,2,0,0
0.8757142857142857,0.5192081,0.6367399,0.4016762,0.9522292993630573,2,6,6
0.9371428571428572,0.26820728,0.25234118,0.28407344,1.0,2,13,5-7-6-8
0.7871428571428571,2.5192778,0.31284446,4.7257113,0.7006172839506173,1,13,5-7-6-8
0.9442857142857143,0.2727995,0.36725768,0.1783413,0.9790419161676647,1,14,1-3-2-4
0.9671428571428572,0.17436764,0.12716728,0.22156799,0.9623188405797102,1,14,1-3-2-4
0.93,0.36762145,0.4292483,0.30599454,0.9667673716012084,1,14,1-3-2-4
0.9728571428571429,0.09532557,0.108173154,0.08247798,0.9912280701754386,1,14,1-3-2-4
