ACC,Loss,LossPrivileged,LossUnprivileged,BalancedACC,drift-id,gm-id,gm-name
0.9285714285714286,0.2574465,0.2224713,0.29242176,0.9696969696969697,0,0,0
0.95,0.20897114,0.2750443,0.14289798,0.9850746268656717,0,0,0
0.9642857142857143,0.12751187,0.15703939,0.097984344,0.9911504424778761,0,0,0
0.9642857142857143,0.11191052,0.12629183,0.09752923,0.9852941176470588,0,0,0
0.8657142857142858,1.677457,0.11677561,3.2381382,0.7823529411764706,2,0,0
0.8542857142857143,0.6959104,0.5319631,0.85985744,0.9290322580645162,2,11,11
0.89,0.6831595,0.17890929,1.1874095,0.8216374269005848,2,0,0
0.9828571428571429,0.05898044,0.05251119,0.06544969,0.9884393063583815,0,0,0
0.98,0.088267095,0.10308972,0.07344448,0.9941860465116278,0,0,0
