ACC,Loss,LossPrivileged,LossUnprivileged,BalancedACC,drift-id,gm-id,gm-name
0.7947510094212651,0.41974276,0.42686006,0.27358,0.8788558289890045,0,0,0
0.34993270524899056,1.6445322,1.7163117,0.17045437,0.3408609738884969,2,0,0
0.8149394347240915,0.47316733,0.4758154,0.42334914,0.9371422340947501,2,6,6
0.3283983849259758,1.4345052,1.475025,0.650195,0.3756522364964554,0,10,6-3-4-5
0.8358008075370121,0.3288409,0.33010152,0.29541144,0.9587840247236419,0,0,0
0.8391655450874832,0.3389504,0.34369478,0.24151857,0.9151460160634475,0,0,0
0.8492597577388964,0.32654637,0.3328472,0.20800662,0.9333180472756076,0,0,0
0.8122476446837147,0.43334106,0.34306493,2.0852764,0.4345747551854422,1,0,0
0.8223418573351279,0.36399302,0.35452253,0.5779064,0.9837338863811964,1,12,1-2-11
