ACC,Loss,LossPrivileged,LossUnprivileged,BalancedACC,drift-id,gm-id,gm-name
0.9314285714285714,0.23404565,0.20025496,0.53816175,0.9121621621621622,0,0,0
0.9357142857142857,0.39241233,0.14624992,2.607874,0.7277227722772277,1,0,0
0.9457142857142857,0.20237292,0.1299602,0.8540871,0.799342105263158,1,0,0
0.94,0.19609249,0.11067037,0.9648916,0.6764705882352942,1,0,0
0.9314285714285714,0.3046589,0.22189532,1.0495307,0.7152317880794702,2,0,0
0.9614285714285714,0.16374369,0.13241842,0.44567096,0.8648208469055375,2,0,0
0.9514285714285714,0.18653946,0.13999936,0.6054004,0.7781402936378466,2,0,0
0.9771428571428571,0.06510267,0.031103488,0.37109524,0.8338658146964857,2,0,0
0.9671428571428572,0.086662024,0.036207933,0.5407489,0.7800963081861958,2,0,0
