ACC,Loss,LossPrivileged,LossUnprivileged,BalancedACC,drift-id,gm-id
0.6546666666666666,1.2348083,1.2552682,1.2143482,0.9878542510121456,0,0
0.7141666666666666,1.1532352,1.1458248,1.1606455,0.9837962962962964,0,0
0.7388333333333333,1.0473142,1.024457,1.0701714,0.9834451901565996,0,0
0.7585,0.97388226,1.010369,0.93739545,0.9995606326889278,0,0
0.7211666666666666,1.708223,0.93193734,2.4845085,0.8265090755593077,2,0
0.7511666666666666,1.033781,0.81979054,1.2477717,0.8936974789915966,2,0
0.7613333333333333,1.0230228,0.7985018,1.2475436,0.9033333333333333,2,0
0.7776666666666666,0.862743,0.7981978,0.9272881,0.9304923458833265,0,0
0.8316666666666667,0.6736252,0.6757758,0.67147446,0.9920159680638724,0,0
0.831,0.6880126,0.6755529,0.70047224,0.9691943127962085,0,0
