ACC,Loss,LossPrivileged,LossUnprivileged,AEQ,OEQ,OPP,MEQ,MPP,drift-id,gm-id,gm-name
0.9257142857142857,0.25838575,0.21353576,0.6620356,0.8847457627118644,0.7771326461923023,0.8747524423830842,0.23076923076923078,0.7619047619047619,0,0,0
0.95,0.16517815,0.1457234,0.34027103,0.9253731343283581,0.8988310279387193,0.8999129322122336,0.6321428571428571,0.7846153846153846,0,0,0
0.9657142857142857,0.13807538,0.09074245,0.56407183,0.9087947882736156,0.8901114862138728,0.8857282651593792,0.6775956284153005,0.6107142857142858,0,0,0
0.97,0.12565736,0.13017684,0.08498194,0.9983660130718953,0.9387399950902712,0.9588667954928362,0.7741935483870968,0.8647798742138365,0,0,0
0.9528571428571428,0.48737332,0.15300523,3.4966857,0.7451298701298701,0.7555907624526234,0.7052471422035093,0.0,0.0,2,0,0
0.8728571428571429,0.68420464,0.64046663,1.0778465,0.8902877697841727,0.7784109860705949,0.8423645759063808,0.3,0.5302663438256658,2,9,9
0.8857142857142857,0.4991296,0.38822493,1.4972715,0.7894736842105263,0.7589879163580681,0.7491207782125092,0.15756302521008403,0.3529411764705882,2,15,12-13
0.9571428571428572,0.16041818,0.14831637,0.26933464,0.9834437086092714,0.9445659908551768,0.91555608984342,0.8641975308641976,0.7622950819672131,2,16,9-12-13
0.9571428571428572,0.16279916,0.14318407,0.33933496,0.9669421487603306,0.9238786565343879,0.9358306303959726,0.7666666666666666,0.7990867579908676,2,16,9-12-13
