ACC,Loss,LossPrivileged,LossUnprivileged,AEQ,OEQ,OPP,MEQ,MPP,drift-id,gm-id,gm-name
0.8185714285714286,0.4662071,0.43674123,0.73139983,0.9941860465116279,0.7835398254523389,0.8883913331985,0.3190476190476191,0.792358803986711,0,0,0
0.8571428571428571,0.60269654,0.3407729,2.960009,0.7122302158273381,0.575630312530762,0.6142022474726735,0.0,0.0,1,0,0
0.8685714285714285,0.5837004,0.43071416,1.9605768,0.7889087656529516,0.7066730074142972,0.7480833362702783,0.0,0.0,1,0,0
0.8585714285714285,0.54415214,0.4133417,1.7214459,0.7284172661870504,0.7356358054418879,0.6464170816219599,0.0,0.0,2,0,0
0.87,0.440548,0.33396912,1.399758,0.7180851063829787,0.6602428480987712,0.7030227825066284,0.0,0.0,2,0,0
0.8942857142857142,0.67646796,0.39133972,3.2426224,0.6804123711340205,0.6984641275099946,0.6614327580030472,0.0,0.0,4,0,0
0.8728571428571429,0.6557042,0.4300822,2.6863027,0.7499999999999999,0.6396582010235405,0.6669564833300593,0.0,0.0,4,0,0
0.9057142857142857,0.42217413,0.36565173,0.93087584,0.8719723183391004,0.743905971997977,0.7912713009278729,0.21403508771929824,0.16290726817042606,3,0,0
0.8757142857142857,0.6837805,0.5926056,1.5043542,0.7819148936170212,0.6966578122808371,0.7041201490476726,0.12091503267973855,0.22058823529411767,3,0,0
