ACC,Loss,LossPrivileged,LossUnprivileged,BalancedACC,drift-id,gm-id,gm-name
0.89,0.27096647,0.25197032,0.67410684,0.7403100775193798,0,0,0
0.8633333333333333,0.31468534,0.30664122,0.48539966,0.9413082437275986,0,0,0
0.8916666666666667,0.282341,0.25450408,0.9225898,0.618042226487524,0,0,0
0.895,0.26127437,0.25677124,0.34120548,0.9764243614931238,0,0,0
0.8816666666666667,0.29129687,0.24171093,2.1011832,0.3482824427480916,1,0,0
0.8783333333333333,0.28337264,0.2674031,0.54921865,0.8989411764705882,1,1,1
0.8916666666666667,0.26450756,0.25473556,0.45691478,0.9651791751183231,1,1,1
0.8766666666666667,0.3151378,0.2708541,1.1279587,0.6878539161417574,0,1,1
0.8866666666666667,0.2744044,0.2588569,0.617645,0.9072708113804004,0,0,0
