ACC,Loss,LossPrivileged,LossUnprivileged,BalancedACC,drift-id,gm-id,gm-name
0.895,0.24723437,0.2282268,0.6355314,0.8726768377253814,0,0,0
0.8883333333333333,0.3006983,0.25553906,1.2590783,0.6991817398794143,2,0,0
0.875,0.30765057,0.26505253,1.0895305,0.6892133112329466,2,0,0
0.8766666666666667,0.28588268,0.23603994,1.482109,0.7045009784735812,1,4,1-2
0.895,0.2527061,0.25139916,0.27006993,0.9262948207171314,1,3,3
0.8966666666666666,0.26165628,0.24392089,0.5986286,0.8485436893203884,1,3,3
0.8683333333333333,0.31040716,0.30270013,0.44720665,0.9323232323232323,1,3,3
0.8866666666666667,0.28698114,0.25486696,1.0256075,0.6216216216216217,0,3,3
0.8833333333333333,0.29153737,0.27447405,0.5588639,0.8409542743538767,0,0,0
