ACC,Loss,LossPrivileged,LossUnprivileged,AEQ,OEQ,OPP,drift-id,gm-id,gm-name
0.808,0.7201542,0.35605478,2.1765518,0.5223880597014926,0.5090968093903856,0.5890846799723788,0,0,0
0.8426666666666667,0.7017728,0.26413736,2.4523141,0.4664310954063604,0.5001824505864688,0.6436747808858204,0,0,0
0.848,0.9280222,0.50497013,2.6202307,0.7111111111111111,0.6918958002787547,0.9086565044580451,0,0,0
0.824,1.0229745,0.61354196,2.6607049,0.5947955390334573,0.6104645488945757,0.8539231947847846,0,0,0
0.8826666666666667,0.58008987,0.3190845,1.6241113,0.7971014492753622,0.7730603123414364,0.8263825313389671,0,0,0
0.856,0.8886819,0.5757536,2.1403947,0.7555555555555555,0.7475718897578936,0.894141513463159,0,0,0
0.8746666666666667,0.6105406,0.31997696,1.7727954,0.7536231884057971,0.7410990967031764,0.9412339537293299,0,0,0
0.856,0.8422769,0.44894382,2.4156094,0.6861313868613139,0.6671165681180633,0.8614312131709319,0,0,0
0.8613333333333333,0.67241454,0.3291751,2.045372,0.6981818181818182,0.6845409956961304,0.9520368784064206,0,0,0
