ACC,Loss,LossPrivileged,LossUnprivileged,BalancedACC,drift-id,gm-id,gm-name
0.8035143769968051,0.41937128,0.45265484,0.3543741,0.8954357065547373,0,0,0
0.4984025559105431,1.1589411,1.5537394,0.32416868,0.39504498269896193,2,0,0
0.48083067092651754,0.9088172,1.1478927,0.3164415,0.3701693753391791,2,0,0
0.6293929712460063,0.7785177,0.47598013,1.4043552,0.4314928425357873,1,0,0
0.6325878594249201,0.724943,0.44434237,1.3451424,0.33410852713178296,1,0,0
0.6789137380191693,0.59860617,0.40869817,1.0091143,0.433544484391942,1,0,0
0.6821086261980831,0.55913943,0.39064392,0.92879796,0.42284232128605637,1,0,0
0.8626198083067093,0.39366025,0.39723122,0.3869768,0.9763114669951751,0,0,0
0.8354632587859425,0.41461143,0.42623416,0.39270508,0.9298803242825892,0,0,0
