ACC,Loss,LossPrivileged,LossUnprivileged,AEQ,OEQ,OPP,drift-id,gm-id,gm-name
0.824,0.6503186,0.32610294,1.9471812,0.6119402985074627,0.6023332876219439,0.7822995631941185,0,0,0
0.8053333333333333,1.4641867,0.41504356,5.660759,0.34532374100719426,0.31460774998573116,0.4273793378929463,1,0,0
0.8266666666666667,1.2023101,0.15959597,5.373166,0.3508771929824561,0.33660441615649295,0.41546689617016047,1,0,0
0.776,1.1897923,0.39251477,4.378902,0.3111111111111111,0.38739808746917026,0.4652140846232379,1,0,0
0.8293333333333334,1.8842248,0.26553446,8.358985,0.3649122807017544,0.4553297785184421,0.5168614564784251,2,0,0
0.8266666666666667,1.26422,0.18492348,5.5814056,0.3971631205673759,0.4001747182246312,0.5288453324851762,2,0,0
0.8053333333333333,1.2644514,0.3761138,4.817802,0.3927272727272727,0.40058050329323974,0.5411343607787954,2,0,0
0.816,0.8562199,0.3357638,2.9380436,0.5333333333333333,0.4977508231170582,0.5700158341108609,1,0,0
0.816,0.9825752,0.38269278,3.3821056,0.4187725631768953,0.37500066514041547,0.4345557079838664,1,0,0
