ACC,Loss,LossPrivileged,LossUnprivileged,BalancedACC,drift-id,gm-id,gm-name
0.8833333333333333,0.26355946,0.24912617,0.66150624,0.8030513176144245,0,0,0
0.88,0.29790315,0.27463508,0.939437,0.7509727626459144,1,0,0
0.855,0.30707595,0.30086952,0.5336102,0.799800796812749,1,2,2
0.8716666666666667,0.3067237,0.2729705,0.90584373,0.5601577909270217,1,3,1-2
0.8883333333333333,0.27975056,0.2615173,0.75878733,0.7087055526361885,1,5,5
0.9016666666666666,0.24379198,0.24194574,0.288102,0.9829545454545455,1,3,1-2
0.8683333333333333,0.30361947,0.3011612,0.34102502,0.9718499381021584,1,3,1-2
0.8816666666666667,0.27602956,0.2501857,0.68091625,0.8098078197481776,1,3,1-2
0.9,0.2355472,0.2211048,0.51991373,0.8362401810677672,1,18,18
