ACC,Loss,LossPrivileged,LossUnprivileged,AEQ,OEQ,OPP,drift-id,gm-id,gm-name
0.8,0.8117577,0.6225504,1.1901721,0.8685258964143426,0.8678165578462708,0.868979897421072,0,0,0
0.7888888888888889,1.1683954,0.40105742,2.7030716,0.6199261992619927,0.6329848673855272,0.7252049074618118,0,0,0
0.4666666666666667,3.8184495,3.1212294,5.212889,0.6415094339622641,0.5800946518930271,0.5263783710101779,2,7,7
0.6177777777777778,2.558592,1.8375462,4.0006843,0.6350710900473934,0.5985521384855158,0.8940117876035265,2,8,8
0.7311111111111112,2.4481199,0.39820072,6.547958,0.37545126353790614,0.39285570629988886,0.5518430210078619,2,0,0
0.6466666666666666,2.9964623,0.93196696,7.125454,0.3562753036437247,0.37113149938672974,0.5511406518827657,0,8,8
0.7977777777777778,1.3033603,0.40034735,3.1093864,0.5642857142857142,0.576132399194075,0.8366128676003528,0,0,0
0.7,2.5669591,0.44259802,6.8156815,0.3773584905660377,0.36027698602718633,0.477497560307895,1,0,0
0.7622222222222222,1.398092,0.8146034,2.5650697,0.7222222222222223,0.7190920216050286,0.9650146029717444,1,10,10
