ACC,Loss,LossPrivileged,LossUnprivileged,AEQ,OEQ,OPP,MEQ,MPP,drift-id,gm-id,gm-name
0.8063872255489022,0.4275745,0.46253997,0.23204418,0.8245751633986929,0.5,0.8245751633986929,0.0,0.8245751633986929,0,0,0
0.7884231536926147,0.46307915,0.43700224,0.5889158,0.950493305144468,0.6770141818549462,0.9274198433076568,0.3672727272727273,0.9066666666666665,2,0,0
0.7904191616766467,0.4475506,0.40480113,0.6725198,0.8487903225806451,0.9063481067696434,0.8210037553767268,0.8823529411764705,0.7782805429864255,2,0,0
0.7485029940119761,0.5258392,0.45681626,0.84536093,0.7452603749956517,0.6537415766871854,0.6416441013113542,0.47619047619047616,0.4564007421150278,4,0,0
0.7904191616766467,0.45780838,0.41759703,0.66631156,0.8363201911589009,0.6532017445342917,0.6765296171988389,0.37376460017969454,0.4702467343976778,4,0,0
0.7564870259481038,0.5094493,0.44091177,0.8496888,0.7371212121212122,0.6456766917293233,0.607390293116461,0.46428571428571425,0.39215686274509803,4,0,0
0.7904191616766467,0.43936443,0.40125865,0.61576426,0.8757971454600668,0.7685005012934135,0.798533044477616,0.5901639344262295,0.6885245901639344,2,0,0
0.7844311377245509,0.44985262,0.41837147,0.5861592,0.8898642474872732,0.9380964858804195,0.8918428077280831,0.936936936936937,0.8558505639097744,3,0,0
0.8043912175648703,0.42980886,0.38967723,0.7088194,0.87390263367917,0.8209619341563785,0.7930329204693612,0.6937095825984714,0.7875000000000001,3,0,0
