ACC,Loss,LossPrivileged,LossUnprivileged,AEQ,OEQ,OPP,drift-id,gm-id,gm-name
0.7133333333333334,0.950304,0.82795084,1.1950102,0.8533333333333334,0.8403595376262846,0.9150861963661312,0,0,0
0.8511111111111112,0.606024,0.33061537,1.1568414,0.8161764705882353,0.8155353340069277,0.8420208028551678,0,0,0
0.8288888888888889,0.87983555,0.6534195,1.3326676,0.8150943396226416,0.8122328960629366,0.8818425276414777,0,0,0
0.8333333333333334,0.6386935,0.5043135,0.90745354,0.9069767441860466,0.9108579878589852,0.9844151051015786,0,0,0
0.7733333333333333,2.0317998,0.3306359,5.434128,0.5217391304347826,0.4678067732662595,0.4258590297976751,2,0,0
0.6266666666666667,3.0865674,1.9550623,5.349578,0.5405405405405406,0.536671667698901,0.9026535910797377,2,4,4
0.7488888888888889,1.5082232,0.20825703,4.1081557,0.3900709219858156,0.4106063183238448,0.4519623507854661,2,0,0
0.7577777777777778,0.88645643,0.28094354,2.0974822,0.5543071161048689,0.5730852563663353,0.426426455204301,2,0,0
0.7711111111111111,0.9417717,0.20767035,2.4099743,0.4609929078014185,0.4352369682582409,0.4498456509630326,2,0,0
