ACC,Loss,LossPrivileged,LossUnprivileged,BalancedACC,drift-id,gm-id,gm-name
0.7908540685944856,0.4334569,0.44108775,0.2812687,0.9165161618968233,0,0,0
0.7874915938130465,0.46987337,0.3864575,2.1584487,0.28042053184910326,1,0,0
0.7841291190316073,0.4744339,0.4141749,1.4937545,0.4314461010267985,1,0,0
0.8177538668459986,0.41258243,0.41919565,0.28069082,0.9176643350372162,0,0,0
0.8271687962340283,0.39055103,0.38982275,0.40551823,0.9986285629563735,0,0,0
0.8090114324142569,0.413784,0.4164708,0.34758714,0.9168073107479521,0,0,0
0.8137188971082717,0.40936407,0.4104144,0.38638628,0.9978637581933498,0,0,0
0.827841291190316,0.38496777,0.38761994,0.3278647,0.9064743138634763,0,0,0
0.8312037659717552,0.38936806,0.39066404,0.36190078,0.9942152917505032,0,0,0
