ACC,Loss,LossPrivileged,LossUnprivileged,BalancedACC,drift-id,gm-id,gm-name
0.9128571428571428,0.3346912,0.32067445,0.34870797,0.9661538461538461,0,0,0
0.9457142857142857,0.2086605,0.22640634,0.19091466,0.9939759036144578,0,0,0
0.9657142857142857,0.15245527,0.16428325,0.1406273,0.9882352941176471,0,0,0
0.9571428571428572,0.13113673,0.16728435,0.094989136,0.9705882352941176,0,0,0
0.8742857142857143,1.6147292,0.18449064,3.044968,0.8053097345132744,2,0,0
0.85,0.72133005,0.5464254,0.89623463,0.9767441860465116,2,9,9
0.9171428571428571,0.41003454,0.46887082,0.3511983,0.9814814814814815,2,15,9-8-10-12
0.8857142857142857,1.2121521,0.15017039,2.274134,0.8618618618618619,0,15,9-8-10-12
0.9557142857142857,0.22262219,0.20126033,0.24398407,0.9910714285714286,0,0,0
