ACC,Loss,LossPrivileged,LossUnprivileged,BalancedACC,drift-id,gm-id,gm-name
0.7984595635430038,0.42257378,0.42887545,0.36593935,0.9217109885664404,0,0,0
0.7766367137355584,0.45330426,0.4651502,0.3526139,0.9138959931798807,0,0,0
0.7830551989730423,0.42842066,0.44569713,0.25877523,0.9165487977369167,0,0,0
0.8254172015404364,0.3834184,0.39527005,0.26523635,0.9567935537649349,0,0,0
0.392811296534018,1.7195013,1.8719281,0.288722,0.41926319648093846,2,0,0
0.8023106546854942,0.489236,0.49500012,0.42696595,0.9224182475824905,2,2,2
0.8267008985879333,0.4476383,0.45112598,0.4117508,0.9991852455373677,2,2,2
0.39152759948652116,1.4417868,1.5165682,0.6339217,0.4836133611930045,0,2,2
0.834403080872914,0.33321634,0.34742203,0.1424918,0.8565517241379311,0,0,0
