ACC,Loss,LossPrivileged,LossUnprivileged,BalancedACC,drift-id,gm-id,gm-name
0.812373907195696,0.40827763,0.41499388,0.27433056,0.8962747175141244,0,0,0
0.7800941492938803,0.49125895,0.40486118,2.073348,0.2886255600791503,1,0,0
0.7921990585070612,0.43822864,0.43964446,0.41040307,0.9159010600706714,1,3,3
0.8063214525891056,0.40701205,0.39691654,0.6176828,0.8513710171568627,1,14,2-4-1-3
0.33221250840618693,1.8695861,1.8985714,1.397397,0.5805909024425917,2,14,2-4-1-3
0.9038332212508406,0.2427955,0.23418897,0.4003949,0.9005748350010645,2,12,5-6-7-8
0.9125756556825824,0.20368001,0.1960391,0.322284,0.9724179935612981,2,12,5-6-7-8
0.9280430396772025,0.16856705,0.16287075,0.2789038,0.9111771675639719,2,12,5-6-7-8
0.9186281102891728,0.17390977,0.17419225,0.16782792,0.9936433589829374,2,12,5-6-7-8
