ACC,Loss,LossPrivileged,LossUnprivileged,AEQ,OEQ,OPP,MEQ,MPP,drift-id,gm-id,gm-name
0.9328571428571428,0.2365156,0.22962418,0.29853824,0.8939393939393939,0.849707610046614,0.8902544578834546,0.6923076923076923,0.7944514501891552,0,0,0
0.9571428571428572,0.24648733,0.23520334,0.34804323,0.9669421487603306,0.9395495801640752,0.9097327834733303,0.7895622895622896,0.6352941176470588,0,0,0
0.95,0.41349566,0.104768954,3.1920364,0.7794117647058824,0.7491510678626617,0.7610160262944984,0.0,0.0,3,0,0
0.8028571428571428,1.3089052,1.1253333,2.9610531,0.7082533589251441,0.5991169316282545,0.6115371476379303,0.0,0.0,2,10,10
0.96,0.20753695,0.117605455,1.0169202,0.8341463414634146,0.7657621797728997,0.7524048580271161,0.0,0.0,2,0,0
0.9471428571428572,0.40092564,0.108314045,3.0344303,0.7182410423452769,0.7496942656499618,0.7312175417175417,0.0,0.0,3,0,0
0.8814285714285715,0.54238313,0.489721,1.0163417,0.7936507936507936,0.7727514947843578,0.7820699616586272,0.49411764705882355,0.5126050420168067,3,20,20
0.9557142857142857,0.21928355,0.13208492,1.0040712,0.7585089141004863,0.7287219004946291,0.7338653738298369,0.11507936507936507,0.14498933901918976,2,0,0
0.9557142857142857,0.15566798,0.10621595,0.60073626,0.8543371522094927,0.8312557668267511,0.8233499883378144,0.1146384479717813,0.2619047619047619,2,0,0
