ACC,Loss,LossPrivileged,LossUnprivileged,AEQ,OEQ,OPP,MEQ,MPP,drift-id,gm-id,gm-name
0.9342857142857143,0.22897236,0.21699767,0.33674476,0.9258010118043846,0.9028897886479008,0.9157376810793822,0.7806122448979591,0.7103825136612022,0,0,0
0.93,0.45413432,0.25065154,2.2854793,0.7813021702838064,0.7192499582107744,0.7466942901800164,0.0,0.0,1,0,0
0.8471428571428572,0.72262275,0.63266927,1.5322042,0.7213114754098361,0.597630352483086,0.6376941518303608,0.0,0.0,1,6,6
0.89,0.6156823,0.6256347,0.52611035,0.9768683274021351,0.8717179683207208,0.901210044284627,0.7164179104477612,0.8270676691729323,1,2,2
0.9071428571428571,0.36339322,0.2896349,1.0272177,0.8364888123924268,0.8188392170302011,0.7867186149927713,0.5576923076923076,0.591016548463357,1,2,2
0.8742857142857143,0.6277172,0.5171272,1.6230271,0.7486725663716813,0.6979090085070639,0.6787587237456376,0.0,0.0,1,14,14
0.9657142857142857,0.15881775,0.09698363,0.7153249,0.860615883306321,0.8543885488489295,0.8429918787199904,0.6096774193548388,0.6193548387096774,1,2,2
0.96,0.17763935,0.17083737,0.23885703,0.9801980198019802,0.9194145154160681,0.9193956738301784,0.7840909090909091,0.7772727272727272,1,2,2
0.96,0.16728432,0.18278296,0.027796656,0.9710144927536231,0.9439813893225779,0.95125001438526,0.8360655737704918,0.9090909090909091,1,2,2
