ACC,BalancedACC,drift-id,gm-id
0.04866562009419152,0.08235598482235253,0,0
0.8131868131868132,0.9879178413209825,0,0
0.8555729984301413,0.9790303228621291,0,0
0.8540031397174255,0.9584667947896647,0,0
0.847723704866562,0.9744815929422435,0,0
0.0282574568288854,0.2141255605381166,2,0
0.6326530612244898,0.7538393021684379,2,0
0.8273155416012559,0.8695735165794065,2,0
0.8555729984301413,0.9196984507438303,2,0
0.8540031397174255,0.9388460085280941,2,0
0.8304552590266876,0.9414640243309678,2,0
