ACC,Loss,LossPrivileged,LossUnprivileged,BalancedACC,drift-id,gm-id,gm-name
0.9157142857142857,0.31302264,0.2800528,0.9394492,0.8032520325203252,0,0,0
0.9485714285714286,0.22110909,0.14504609,1.6663064,0.6817472698907956,2,0,0
0.83,0.8386692,0.80560654,1.4668602,0.677361853832442,2,8,8
0.9728571428571429,0.13453916,0.05309096,1.6820551,0.7541984732824428,2,0,0
0.8842857142857142,0.67063636,0.5349893,3.2479298,0.5690515806988352,1,6,6
0.9,0.48664433,0.38866475,2.348256,0.5269168026101142,1,13,13
0.8357142857142857,0.7053652,0.67583704,1.2664006,0.6725663716814159,1,22,22
0.95,0.22715947,0.15841752,1.533256,0.7421875000000001,1,0,0
0.9114285714285715,0.34661382,0.3120371,1.0035715,0.7748776508972267,1,27,27
