ACC,Loss,LossPrivileged,LossUnprivileged,AEQ,OEQ,OPP,MEQ,MPP,drift-id,gm-id,gm-name
0.9128571428571428,0.38380846,0.36960953,0.44060406,0.9534883720930233,0.9322276411442252,0.9187914521869194,0.8578088578088578,0.7693989071038251,0,0,0
0.9471428571428572,0.22520441,0.19802721,0.33391318,0.9849624060150376,0.9419205270099027,0.9366610242353101,0.875,0.8757763975155279,0,0,0
0.9371428571428572,0.23982695,0.19112308,0.43464246,0.8864059590316573,0.8585745898617093,0.8676289149326768,0.5454545454545454,0.55,0,0,0
0.9671428571428572,0.13628258,0.11611909,0.21693647,0.9871086556169429,0.9668013946782639,0.9558005505991902,0.9025641025641026,0.8019639934533552,0,0,0
0.9385714285714286,0.5376577,0.13360564,2.153866,0.8220183486238533,0.7476231169469474,0.747170845912515,0.0,0.0,2,0,0
0.8414285714285714,0.7400708,0.7499622,0.70050496,0.918580375782881,0.8260500520100672,0.8858337431435557,0.51625,0.7677083333333333,2,12,12
0.94,0.2777187,0.1743358,0.6912501,0.9380863039399626,0.9037804829666538,0.9018384317716966,0.6871794871794871,0.8095238095238095,2,17,11-12-10-14
0.9585714285714285,0.19209698,0.17937171,0.24299806,0.9795918367346939,0.9428122503590872,0.941207241419295,0.8385416666666666,0.8131868131868132,2,17,11-12-10-14
0.94,0.25582328,0.230766,0.3560525,0.9473684210526316,0.9400246666415727,0.9251701503678396,0.7708502024291497,0.8333333333333334,2,17,11-12-10-14
