ACC,Loss,LossPrivileged,LossUnprivileged,AEQ,OEQ,OPP,MEQ,MPP,drift-id,gm-id,gm-name
0.8357142857142857,0.408228,0.40640962,0.42459375,0.9905123339658445,0.9029596532762714,0.8859283528638768,0.525,0.7017543859649122,0,0,0
0.87,0.46507272,0.34625313,1.5344495,0.8756756756756757,0.7467351514603348,0.7753083801917603,0.1758241758241758,0.19413919413919414,3,0,0
0.8785714285714286,0.59495616,0.40340468,2.3189194,0.7619047619047619,0.6868335543975033,0.7703844898906895,0.0,0.0,3,0,0
0.8757142857142857,0.58113545,0.46078065,1.6643277,0.8342245989304814,0.6724273240281005,0.72477188505028,0.0,0.0,3,0,0
0.83,1.0890193,0.75492734,4.095848,0.6654343807763401,0.6068613645818798,0.6065852090694228,0.0,0.0,2,1,1
0.8671428571428571,0.53767973,0.49120784,0.95592695,0.8610108303249098,0.8569645334883871,0.8358196708967387,0.55,0.32318501170960184,2,5,5
0.8328571428571429,1.0355301,0.6207653,4.768414,0.5923217550274222,0.537173536855617,0.5040771221209235,0.0,0.0,4,5,5
0.8571428571428571,0.83095556,0.80852354,1.0328436,0.9264705882352942,0.8496287434596317,0.8568353259095589,0.7209302325581395,0.6559440559440559,4,9,2-3-4
0.8542857142857143,0.68534017,0.6833368,0.7033694,0.9851576994434138,0.8769721821509913,0.9035859959572388,0.7402597402597403,0.7783018867924528,4,9,2-3-4
