ACC,Loss,LossPrivileged,LossUnprivileged,AEQ,OEQ,OPP,MEQ,MPP,drift-id,gm-id,gm-name
0.9371428571428572,0.22938468,0.23147021,0.18975931,0.9936204146730463,0.7934084824584069,0.825289930836837,0.0,0.0,0,0,0
0.9685714285714285,0.13464819,0.12097599,0.39441964,0.9411764705882353,0.9119736450379113,0.9043167283564484,0.5267857142857143,0.6767676767676768,0,0,0
0.9671428571428572,0.14257163,0.14155172,0.16194966,0.9426356589147287,0.8293390060862856,0.8414949126034431,0.0,0.0,0,0,0
0.9742857142857143,0.10027562,0.06217385,0.8242094,0.9047619047619047,0.8819934939536764,0.8862046035805626,0.6874999999999999,0.5,0,0,0
0.98,0.10541436,0.086859114,0.45796415,0.9296636085626911,0.9215539095170527,0.8980453608074577,0.5153846153846153,0.50625,0,0,0
0.96,0.16893199,0.15455824,0.44203335,0.9812206572769954,0.9032673077257118,0.9202364038630219,0.5075757575757576,0.75,0,0,0
0.9771428571428571,0.07471674,0.053409446,0.47955534,0.9325153374233128,0.9224341190319534,0.8893938291481576,0.75,0.5,0,0,0
0.9657142857142857,0.20073491,0.19783874,0.25576165,0.9751166407465007,0.9357685218987193,0.9327845321003755,0.7947761194029851,0.7723880597014926,0,0,0
0.99,0.039517302,0.023967378,0.33496585,0.9500000000000001,0.8760383645023702,0.8666927965215937,0.0,0.0,0,0,0
