ACC,Loss,LossPrivileged,LossUnprivileged,BalancedACC,drift-id,gm-id,gm-name
0.8049764626765299,0.42617512,0.42794782,0.38675982,0.9707898540155663,0,0,0
0.7747141896435776,0.4896859,0.42504057,1.8815187,0.380394046471785,1,0,0
0.792871553463349,0.43082097,0.38524622,1.4278557,0.4545854145854146,1,0,0
0.7948890383322125,0.42481777,0.36651355,1.423811,0.522837944159738,1,0,0
0.8002689979825152,0.4125142,0.36179397,1.409308,0.42173342870767766,1,0,0
0.8264963012777404,0.37083688,0.32820472,1.2338341,0.5064935064935064,1,0,0
0.8238063214525891,0.37431175,0.33763734,1.1639223,0.5220558427080166,1,0,0
0.8379287155346334,0.34366712,0.33465883,0.56966466,0.7464114832535885,0,0,0
0.82044384667115,0.35721105,0.3507429,0.49013615,0.8599363853513039,0,0,0
