ACC,Loss,LossPrivileged,LossUnprivileged,BalancedACC,drift-id,gm-id
0.9328571428571428,0.21909131,0.20198834,0.5440484,0.8830128205128206,0,<federated.algorithms.fair_fed_drift.ClientIdentity.ClientIdentity object at 0x7efd609e2a70>
0.9471428571428572,0.25766757,0.14124086,2.4697752,0.7136150234741785,1,<federated.algorithms.fair_fed_drift.ClientIdentity.ClientIdentity object at 0x7efce4128dc0>
0.8928571428571429,0.52456594,0.4924275,1.1351955,0.7259136212624584,1,<federated.algorithms.fair_fed_drift.ClientIdentity.ClientIdentity object at 0x7efd402ae680>
0.9085714285714286,0.42416042,0.36160722,1.6126709,0.5850891410048622,1,<federated.algorithms.fair_fed_drift.ClientIdentity.ClientIdentity object at 0x7efc803bf3a0>
0.8657142857142858,0.84158593,0.7357633,2.852216,0.5816326530612245,2,<federated.algorithms.fair_fed_drift.ClientIdentity.ClientIdentity object at 0x7efc5c49d600>
0.96,0.17416728,0.14904231,0.6515413,0.7953488372093024,2,<federated.algorithms.fair_fed_drift.ClientIdentity.ClientIdentity object at 0x7efd401ed960>
0.9571428571428572,0.20615692,0.16828457,0.9257318,0.859594383775351,2,<federated.algorithms.fair_fed_drift.ClientIdentity.ClientIdentity object at 0x7efc04f86410>
0.9814285714285714,0.053783935,0.03726437,0.36765566,0.9282442748091603,2,<federated.algorithms.fair_fed_drift.ClientIdentity.ClientIdentity object at 0x7efd029b5450>
0.9757142857142858,0.08251161,0.08250516,0.08263399,0.9953775038520801,2,<federated.algorithms.fair_fed_drift.ClientIdentity.ClientIdentity object at 0x7efce42a6020>
0.97,0.13188936,0.08914236,0.94408244,0.7868098159509203,0,<federated.algorithms.fair_fed_drift.ClientIdentity.ClientIdentity object at 0x7efc1c76a6b0>
