ACC,Loss,LossPrivileged,LossUnprivileged,BalancedACC,drift-id,gm-id
0.6211666666666666,2.771522,2.7779994,2.7132285,0.9593230403800477,0,0
0.6765,2.3745306,2.1609476,4.2967772,0.8201612903225806,1,0
0.5586666666666666,3.6617064,3.5698748,4.48819,0.7378954163976759,1,1
0.607,3.090079,3.0005093,3.8962064,0.7961745367603108,1,1
0.66,2.6018584,2.5087986,3.4393983,0.8344370860927153,1,1
0.653,2.6054688,2.4634104,3.883994,0.7301324503311258,1,1
0.6876666666666666,2.3905048,2.276599,3.4156551,0.8238095238095239,1,1
0.6901666666666667,2.4213982,2.1574314,4.7970996,0.667704280155642,0,1
0.7373333333333333,1.8945094,1.8415408,2.371228,0.9242273180458624,0,0
0.7741666666666667,1.6330264,1.6133684,1.8099471,0.9535714285714286,0,0
