ACC,Loss,LossPrivileged,LossUnprivileged,AEQ,OEQ,OPP,drift-id,gm-id,gm-name
0.8066666666666666,0.7229365,0.5517066,1.0653963,0.8249027237354085,0.8470043129318268,0.8327337681020244,0,0,0
0.8711111111111111,0.6780041,0.4288649,1.1762823,0.8929889298892989,0.8807663163530742,0.9901653183317777,0,0,0
0.8088888888888889,0.8892371,0.4242103,1.8192908,0.7265917602996254,0.7228718477065043,0.7768497384890516,0,0,0
0.8511111111111112,0.72224396,0.47246256,1.2218066,0.7956204379562044,0.7850605167653216,0.9409815708671088,0,0,0
0.8377777777777777,0.8147849,0.2988857,1.8465835,0.6928571428571428,0.704830230505399,0.9548353492593429,0,0,0
0.8466666666666667,0.6800429,0.3914364,1.2572559,0.8327137546468403,0.8507562121576584,0.9722981171191458,0,0,0
0.8266666666666667,0.8087291,0.7092661,1.007655,0.8396946564885496,0.8282542123567578,0.8729712431942457,0,0,0
0.74,2.076055,0.5134877,5.20119,0.5419847328244275,0.5529519971293493,0.5302889123553687,1,0,0
0.6644444444444444,3.1411192,2.6389444,4.1454678,0.807511737089202,0.7950368541493005,0.8701185949191924,1,15,15
