ACC,Loss,LossPrivileged,LossUnprivileged,BalancedACC,drift-id,gm-id,gm-name
0.91,0.34264246,0.27439246,0.41089252,0.96,0,0,0
0.9357142857142857,0.22137366,0.24215575,0.20059162,0.9908814589665653,0,0,0
0.96,0.14579475,0.17314701,0.11844248,0.9881656804733727,0,0,0
0.95,0.21189971,0.2857039,0.13809557,0.9616519174041298,0,0,0
0.8685714285714285,1.6284499,0.21887696,3.0380228,0.8041543026706232,2,0,0
0.9285714285714286,0.30746773,0.20447503,0.41046038,0.9637462235649548,2,6,6
0.9371428571428572,0.2655811,0.34234717,0.18881507,0.9818731117824773,2,6,6
0.8928571428571429,1.2205558,0.1475896,2.293522,0.8491124260355029,0,6,6
0.9414285714285714,0.32695523,0.27491927,0.37899122,0.996969696969697,0,0,0
