ACC,Loss,LossPrivileged,LossUnprivileged,BalancedACC,drift-id,gm-id,gm-name
0.96,0.16265108,0.16862775,0.108860955,0.9869281045751636,0,0,0
0.9514285714285714,0.15459357,0.11446301,0.51576865,0.891089108910891,0,0,0
0.9414285714285714,0.42206854,0.12623805,3.084543,0.6911764705882353,1,0,0
0.8528571428571429,0.72138524,0.6781119,1.1108458,0.8226691042047531,1,9,9
0.92,0.3704706,0.28836247,1.1094439,0.8404074702886247,1,9,9
0.9371428571428572,0.31587937,0.27361095,0.69629544,0.9226890756302522,1,9,9
0.9485714285714286,0.28101575,0.2841202,0.25307614,0.9738562091503268,1,9,9
0.96,0.40739685,0.21366696,2.1509657,0.8181818181818182,0,9,9
0.9771428571428571,0.1036768,0.06979486,0.40861428,0.9450726978998385,0,0,0
