ACC,Loss,LossPrivileged,LossUnprivileged,BalancedACC,drift-id,gm-id
0.6756666666666666,1.1902415,1.1837155,1.2098192,0.946138870863076,0,0
0.7336666666666667,1.1144267,1.1125884,1.1199416,0.9598200899550224,0,0
0.7491666666666666,1.0054374,0.9597423,1.1425226,0.9510694403750366,0,0
0.7768333333333334,0.9198011,0.8622052,1.0925888,0.908049189491336,0,0
0.7923333333333333,0.8346934,0.7773291,1.006786,0.9256812551610238,0,0
0.806,0.7711055,0.73656553,0.8747254,0.9168466522678186,0,0
0.8076666666666666,0.7449588,0.6468874,1.039173,0.8975871313672922,0,0
0.8211666666666667,0.7117601,0.6412516,0.9232858,0.9165341812400637,0,0
0.8463333333333334,0.68780524,0.637412,0.83898497,0.939487975174554,0,0
0.8485,0.5995903,0.56589025,0.7006903,0.9454921208989925,0,0
