ACC,Loss,LossPrivileged,LossUnprivileged,BalancedACC,drift-id,gm-id,gm-name
0.895,0.24723437,0.2282268,0.6355314,0.8726768377253814,0,0,0
0.8883333333333333,0.3006983,0.25553906,1.2590783,0.6991817398794143,2,0,0
0.8716666666666667,0.3079565,0.2664149,1.0704453,0.6919482846902202,2,0,0
0.8766666666666667,0.2709129,0.2346142,1.1420811,0.7045009784735812,1,1,1
0.88,0.28856435,0.24828309,0.82372993,0.7159965782720275,1,0,0
0.8866666666666667,0.28395277,0.24316366,1.0589459,0.5891472868217054,1,2,0-1
0.8583333333333333,0.332302,0.30523506,0.81273997,0.7171717171717171,1,2,0-1
0.89,0.26595223,0.25288033,0.5666056,0.8485436893203883,0,2,0-1
0.8866666666666667,0.28904262,0.27344334,0.5334313,0.8703703703703705,0,2,0-1
