ACC,Loss,LossPrivileged,LossUnprivileged,BalancedACC,drift-id,gm-id,gm-name
0.8130990415335463,0.40324938,0.47671455,0.27231815,0.8527567220562454,0,0,0
0.6373801916932907,0.92270374,0.41554463,1.9492723,0.39392230032688247,2,0,0
0.7763578274760383,0.513517,0.47420722,0.57674044,0.9855583728365119,2,2,2
0.7539936102236422,0.4923919,0.480125,0.51832944,0.9672409867172674,2,2,2
0.7971246006389776,0.43441123,0.44210508,0.41790238,0.9100231420534068,1,2,2
0.8450479233226837,0.34524065,0.39429268,0.24737138,0.9016279040259857,1,1,1
0.8386581469648562,0.33914956,0.3784617,0.2650544,0.9126771982720397,1,1,1
0.7587859424920128,0.55307585,0.39884862,0.8630134,0.8742737624912852,2,1,1
0.829073482428115,0.37410873,0.37674916,0.36818492,0.939497448520972,2,2,2
