ACC,Loss,LossPrivileged,LossUnprivileged,BalancedACC,drift-id,gm-id,gm-name
0.8371428571428572,0.46480125,0.440081,0.48952135,0.9931972789115646,0,0,0
0.7785714285714286,1.2093892,0.40050536,2.018273,0.804635761589404,2,0,0
0.7328571428571429,0.93309927,0.90744567,0.9587528,0.9883720930232558,2,6,6
0.8457142857142858,0.52525836,0.6171358,0.433381,0.9667774086378736,2,13,6-8-5-7
0.7442857142857143,2.6007402,0.6061941,4.595287,0.6970684039087948,1,13,6-8-5-7
0.8557142857142858,0.63138103,0.6720914,0.5906707,0.9768976897689768,1,14,3-4-1-2
0.8614285714285714,0.6313883,0.5631763,0.69960046,0.9577922077922078,1,14,3-4-1-2
0.8757142857142857,0.5523126,0.47001368,0.63461167,0.9774193548387098,1,14,3-4-1-2
0.8728571428571429,0.53374,0.394049,0.6734308,0.9646302250803858,1,14,3-4-1-2
