ACC,Loss,LossPrivileged,LossUnprivileged,BalancedACC,drift-id,gm-id,gm-name
0.8716666666666667,0.28986022,0.2799809,0.40095162,0.881043551441195,0,0,0
0.865,0.34681982,0.27293995,1.0938271,0.7536231884057971,1,0,0
0.87,0.3021348,0.2908155,0.41429907,0.9121338912133892,1,1,1
0.8283333333333334,0.37687084,0.31542912,1.0677772,0.7223703185771096,0,1,1
0.8683333333333333,0.30062842,0.27498507,0.54491526,0.8137061403508773,0,0,0
0.8833333333333333,0.28627104,0.28179243,0.3324934,0.995721342720448,0,0,0
0.845,0.35733935,0.26671642,1.0434843,0.6485163658611196,1,0,0
0.8816666666666667,0.2663767,0.24545603,0.48684832,0.8387755102040817,1,1,1
0.915,0.23238808,0.21270183,0.41290084,0.8986101694915254,1,1,1
