ACC,Loss,LossPrivileged,LossUnprivileged,BalancedACC,drift-id,gm-id,gm-name
0.9071428571428571,0.3883355,0.35307425,0.7056865,0.8875432525951558,0,0,0
0.9542857142857143,0.20398495,0.17755409,0.44186246,0.9701492537313433,0,0,0
0.9571428571428572,0.18731703,0.17652002,0.28449008,0.9341021416803954,0,0,0
0.9771428571428571,0.09396534,0.08490192,0.17553604,0.9611650485436893,0,0,0
0.9571428571428572,0.33702806,0.09765853,2.491354,0.773095623987034,2,0,0
0.95,0.24493892,0.11268071,1.4352629,0.7634584013050572,2,0,0
0.9628571428571429,0.19436002,0.058678243,1.4154961,0.7838709677419355,2,0,0
0.9628571428571429,0.1684681,0.07379519,1.020524,0.7838709677419355,2,0,0
0.9657142857142857,0.13385011,0.04521097,0.9316026,0.7813504823151125,2,0,0
