ACC,Loss,LossPrivileged,LossUnprivileged,BalancedACC,drift-id,gm-id,gm-name
0.8257142857142857,0.48951945,0.4748146,0.7689123,0.9963702359346641,0,0,0
0.8742857142857143,0.47724813,0.3600431,2.7041445,0.6087689713322091,2,0,0
0.7957142857142857,0.8097173,0.7656846,1.6463376,0.8183520599250936,2,7,7
0.8442857142857143,0.7929363,0.6616798,3.2868114,0.7000000000000001,0,5,5
0.8885714285714286,0.43111402,0.40231246,0.9783442,0.7956448911222781,0,0,0
0.9042857142857142,0.44017586,0.41205877,0.9744005,0.8793388429752067,0,0,0
0.8957142857142857,0.57479966,0.5419101,1.1997004,0.7562189054726368,0,0,0
0.8485714285714285,0.93615425,0.8043914,3.4396472,0.6963350785340313,1,0,0
0.8928571428571429,0.581563,0.5401072,1.3692232,0.8247078464106845,1,4,4
