ACC,Loss,LossPrivileged,LossUnprivileged,AEQ,OEQ,OPP,MEQ,MPP,drift-id,gm-id,gm-name
0.9528571428571428,0.17117374,0.15937643,0.39532253,0.8015625000000001,0.766217282872443,0.8141662701025216,0.5076923076923077,0.6772486772486772,0,0,0
0.9585714285714285,0.21842049,0.12845685,1.92773,0.8273716951788491,0.734848759332455,0.7513386863525658,0.0,0.0,1,0,0
0.8414285714285714,0.81773657,0.7814229,1.5076939,0.6333333333333333,0.587736897328092,0.47724817734380576,0.0,0.0,1,3,3
0.9471428571428572,0.25113764,0.14440787,2.2790034,0.6828125,0.6821367937994964,0.7113743237406457,0.0,0.0,1,0,0
0.9257142857142857,0.40682185,0.33830887,1.7085687,0.6363636363636364,0.5555998520279724,0.5917611211884386,0.0,0.0,1,4,4
0.9128571428571428,0.40539345,0.3211378,2.0062504,0.6138933764135702,0.6405785520549003,0.5913454526573034,0.0,0.0,1,2,2
0.9242857142857143,0.3376589,0.29587236,1.131603,0.8274193548387098,0.6751995084250296,0.635109667449425,0.0,0.0,1,1,1
0.9485714285714286,0.3393548,0.28350696,1.4004639,0.805337519623234,0.7117250228863133,0.7370030514856782,0.0,0.0,0,2,2
0.9828571428571429,0.08614635,0.06682465,0.45325845,0.9572519083969465,0.9488768783315316,0.9450716339449888,0.75,0.6,0,0,0
