ACC,Loss,LossPrivileged,LossUnprivileged,AEQ,OEQ,OPP,drift-id,gm-id,gm-name
0.565,1.877381,1.8105332,3.1474884,0.5775075987841944,0.22040229885057475,0.25164609053497944,0,0,0
0.63,1.4619563,1.382429,2.9729764,0.5163043478260869,0.24133597883597882,0.23485714285714288,1,0,0
0.495,2.2440069,2.1136935,4.719957,0.3253424657534246,0.14233333333333334,0.15158730158730158,1,1,1
0.5866666666666667,1.7103202,1.6048439,3.7143693,0.4418604651162791,0.202276295133438,0.15985714285714284,1,1,1
0.6216666666666667,1.9403373,1.8427619,3.794268,0.3633879781420765,0.1870748299319728,0.2325018896447468,1,1,1
0.5866666666666667,3.282089,3.135225,6.0725164,0.32947976878612717,0.14194139194139194,0.111371237458194,1,1,1
0.695,1.6394948,1.4299846,5.620189,0.2773722627737226,0.14996325690770135,0.22976190476190475,1,1,1
0.6516666666666666,2.2934308,2.086812,6.2191854,0.49868766404199477,0.3076923076923077,0.3061965811965812,1,1,1
0.6733333333333333,2.4918025,2.3679535,4.844935,0.7326478149100257,0.395,0.4532828282828283,1,1,1
