ACC,Loss,LossPrivileged,LossUnprivileged,BalancedACC,drift-id,gm-id,gm-name
0.9085714285714286,0.37457728,0.36458254,0.5644784,0.8423645320197045,0,0,0
0.9414285714285714,0.22183603,0.15369652,1.5164865,0.7804107424960506,2,0,0
0.9557142857142857,0.165156,0.14583114,0.5323283,0.8609375000000001,2,0,0
0.9528571428571428,0.15072969,0.107060745,0.9804393,0.7091757387247278,1,0,0
0.9514285714285714,0.18245794,0.14419253,0.90950114,0.6796267496111975,1,0,0
0.9657142857142857,0.15225945,0.1304415,0.5668005,0.790446841294299,1,0,0
0.9614285714285714,0.15577362,0.06740951,1.8346918,0.6723076923076924,2,0,0
0.9657142857142857,0.110345766,0.09114952,0.47507432,0.7600000000000001,2,0,0
0.9671428571428572,0.1151173,0.07407779,0.89486796,0.7892307692307693,2,0,0
