ACC,Loss,LossPrivileged,LossUnprivileged,BalancedACC,drift-id,gm-id,gm-name
0.8114285714285714,0.4790931,0.46839303,0.48979318,0.992982456140351,0,0,0
0.7614285714285715,1.530957,0.38214028,2.6797736,0.782608695652174,2,0,0
0.7728571428571429,0.85903275,0.8293156,0.8887501,0.932142857142857,2,2,2
0.7657142857142857,1.7163244,0.6162863,2.8163626,0.7748344370860927,0,2,2
0.8071428571428572,1.8744634,0.48288244,3.2660441,0.8167202572347267,2,0,0
0.8671428571428571,0.64912814,0.6446454,0.6536108,0.9967105263157896,2,11,1-2
0.7085714285714285,2.8825357,0.6046484,5.160423,0.6588628762541806,1,11,1-2
0.8571428571428571,0.6699149,0.5998789,0.739951,0.9801980198019801,1,9,9
0.8557142857142858,0.66242975,0.5839356,0.7409239,0.9834437086092714,1,9,9
