ACC,Loss,LossPrivileged,LossUnprivileged,AEQ,OEQ,OPP,drift-id,gm-id,gm-name
0.832,0.58919895,0.37859318,1.4316219,0.6394052044609666,0.6436381330093569,0.9767186906654545,0,0,0
0.768,1.9087262,0.5490633,7.3473787,0.26666666666666666,0.2539286198411514,0.5011733469956519,2,0,0
0.7946666666666666,1.5321608,0.37258834,6.1704507,0.33454545454545453,0.3423109302551723,0.35842865888839764,2,0,0
0.784,1.820667,0.5740509,6.807131,0.3394833948339483,0.3638109087324082,0.5317732233943361,4,0,0
0.8186666666666667,1.26086,0.23859791,5.349908,0.3392226148409894,0.36953265669344426,0.4198126374946452,4,0,0
0.816,0.9256295,0.32144722,3.3423584,0.4187725631768953,0.3771250635349747,0.4203388983464744,2,0,0
0.8133333333333334,0.9022614,0.23578306,3.5681756,0.2807017543859649,0.2610588884514724,0.4108353300311025,2,0,0
0.8106666666666666,0.795212,0.30648664,2.750113,0.4870848708487085,0.48644217069830875,0.4566476284139297,2,0,0
0.816,0.80548227,0.35145295,2.6215994,0.5,0.5123055915323833,0.6331521347310138,2,0,0
