ACC,Loss,LossPrivileged,LossUnprivileged,AEQ,OEQ,OPP,MEQ,MPP,drift-id,gm-id,gm-name
0.9285714285714286,0.28562307,0.25799242,0.5342991,0.8984771573604061,0.8725349675638789,0.8679357096205994,0.6020408163265306,0.6785714285714286,0,0,0
0.9357142857142857,0.49989444,0.11607488,3.9542704,0.6639344262295083,0.7334186970615733,0.7484893973632103,0.0,0.0,1,0,0
0.9428571428571428,0.25346184,0.12734103,1.388549,0.7217675941080196,0.7448195543090035,0.7393528717939393,0.0,0.0,1,0,0
0.9457142857142857,0.22835591,0.1616658,0.8285668,0.7672131147540984,0.7330583057183121,0.7389455686704233,0.0,0.0,1,0,0
0.9485714285714286,0.17492047,0.13488688,0.5352228,0.8289473684210527,0.7496634200909474,0.7394206063871194,0.0,0.0,1,0,0
0.9428571428571428,0.18225144,0.083898455,1.0674282,0.6900489396411092,0.7694194233731181,0.7657551127630796,0.09427609427609428,0.10370370370370371,1,0,0
0.9628571428571429,0.116239905,0.059411354,0.627697,0.8474025974025975,0.7840655743146079,0.7796429897685517,0.0,0.0,1,0,0
0.9642857142857143,0.12310571,0.078875706,0.5211758,0.8300970873786409,0.8324754923717013,0.8325664935242181,0.410958904109589,0.45662100456621,0,0,0
0.9857142857142858,0.042857464,0.01663334,0.27887458,0.9043062200956938,0.9114275491617411,0.9232761390656126,0.625,0.6349206349206349,0,0,0
