ACC,Loss,LossPrivileged,LossUnprivileged,BalancedACC,drift-id,gm-id
0.8128571428571428,0.48113018,0.43445143,0.52780896,0.9553264604810997,0,<federated.algorithms.fair_fed_drift.ClientIdentity.ClientIdentity object at 0x7f19388b2d40>
0.7714285714285715,1.2160805,0.47647116,1.95569,0.8367346938775511,2,<federated.algorithms.fair_fed_drift.ClientIdentity.ClientIdentity object at 0x7f18d29c51b0>
0.7728571428571429,0.84086615,0.71433026,0.96740216,0.9530685920577617,2,<federated.algorithms.fair_fed_drift.ClientIdentity.ClientIdentity object at 0x7f187c642080>
0.7514285714285714,1.6178201,0.6220123,2.6136281,0.7830508474576271,0,<federated.algorithms.fair_fed_drift.ClientIdentity.ClientIdentity object at 0x7f18b8129900>
0.8585714285714285,0.5258566,0.4887057,0.56300753,0.9966777408637874,0,<federated.algorithms.fair_fed_drift.ClientIdentity.ClientIdentity object at 0x7f1930683940>
0.8314285714285714,0.76603854,0.88432354,0.64775354,0.9863481228668942,0,<federated.algorithms.fair_fed_drift.ClientIdentity.ClientIdentity object at 0x7f1930696fb0>
0.8457142857142858,0.6985671,0.566848,0.8302863,0.940983606557377,0,<federated.algorithms.fair_fed_drift.ClientIdentity.ClientIdentity object at 0x7f187c6e4d00>
0.7342857142857143,2.2055507,0.8362139,3.574887,0.7909407665505227,1,<federated.algorithms.fair_fed_drift.ClientIdentity.ClientIdentity object at 0x7f1930704eb0>
0.8614285714285714,0.5508229,0.5590688,0.5425769,0.9577922077922078,1,<federated.algorithms.fair_fed_drift.ClientIdentity.ClientIdentity object at 0x7f17fc3bcdc0>
0.7857142857142857,1.8967998,0.558787,3.234813,0.7799352750809062,0,<federated.algorithms.fair_fed_drift.ClientIdentity.ClientIdentity object at 0x7f1933cfc1c0>
