ACC,Loss,LossPrivileged,LossUnprivileged,AEQ,OEQ,OPP,MEQ,MPP,drift-id,gm-id,gm-name
0.8471428571428572,0.45192674,0.43671128,0.58886623,0.957089552238806,0.8280017445301933,0.866278033740872,0.611111111111111,0.6203703703703703,0,0,0
0.8471428571428572,0.68271625,0.43285853,2.9314358,0.8106617647058822,0.7251257271414284,0.7432524788652219,0.0,0.0,1,0,0
0.8628571428571429,0.48336717,0.3886707,1.335635,0.7769784172661871,0.7399939648497263,0.6772319648428471,0.0,0.0,1,0,0
0.8642857142857143,0.5248312,0.38618895,1.7726117,0.6371681415929203,0.6936982148926712,0.6405569328033197,0.0,0.0,1,0,0
0.8914285714285715,0.5764755,0.39267167,2.2307098,0.8526315789473684,0.7437772919182642,0.7204772748721372,0.0,0.0,2,0,0
0.8785714285714286,0.55510014,0.4487155,1.5125622,0.7447183098591549,0.742197179847993,0.7070107163552528,0.0,0.0,2,0,0
0.8742857142857143,0.64266056,0.4755472,2.1466808,0.7659574468085106,0.6616724086054142,0.620613757910254,0.0,0.0,2,0,0
0.8928571428571429,0.5239299,0.43649074,1.3108826,0.8684210526315789,0.7463597847634256,0.7505466301070557,0.125,0.20400000000000001,1,0,0
0.8571428571428571,0.72361684,0.58277684,1.9911773,0.6947935368043089,0.6639768407021271,0.6651360863067953,0.0,0.0,1,0,0
