ACC,Loss,LossPrivileged,LossUnprivileged,BalancedACC,drift-id,gm-id,gm-name
0.8471428571428572,0.45442295,0.43999177,0.58430356,0.957089552238806,0,0,0
0.85,0.6833273,0.43207183,2.944626,0.861878453038674,1,0,0
0.86,0.48328793,0.3947117,1.280474,0.7621621621621621,1,0,0
0.8642857142857143,0.5368236,0.38297483,1.9214622,0.6371681415929203,1,0,0
0.8871428571428571,0.59843886,0.40740958,2.3177028,0.8745583038869258,2,0,0
0.88,0.5535395,0.45425692,1.447083,0.7605633802816901,2,0,0
0.8742857142857143,0.6491846,0.46481654,2.3084962,0.7659574468085106,2,0,0
0.8885714285714286,0.52854735,0.43438533,1.3760065,0.8210526315789474,1,0,0
0.8714285714285714,0.7299875,0.594033,1.9535778,0.7513321492007103,1,0,0
