ACC,Loss,LossPrivileged,LossUnprivileged,AEQ,OEQ,OPP,MEQ,MPP,drift-id,gm-id,gm-name
0.9414285714285714,0.19908683,0.20029695,0.19424634,0.9924242424242424,0.9463390927444124,0.9259305547993304,0.8866995073891625,0.7692307692307694,0,0,0
0.9071428571428571,0.65840626,0.16543828,2.630278,0.774436090225564,0.7735474049759764,0.758699825229237,0.0,0.0,1,0,0
0.8742857142857143,0.51992494,0.44357842,0.8253111,0.8667992047713717,0.852544715982004,0.8111905781930089,0.3283018867924528,0.4609164420485175,1,3,3
0.88,0.5869812,0.49780574,0.94368297,0.888888888888889,0.8347133724993384,0.8649038209770264,0.47077922077922074,0.64,1,3,3
0.8685714285714285,1.1239372,0.29086608,4.456222,0.6323809523809524,0.6380005034432947,0.6533921482046183,0.0,0.0,2,3,3
0.89,0.5665424,0.52591676,0.72904485,0.9346534653465346,0.8696062814064399,0.8647885801639121,0.41666666666666663,0.4097222222222222,2,6,6
0.9371428571428572,0.24149743,0.16095996,0.56364733,0.8502772643253235,0.795395588800257,0.7914047713325558,0.09586776859504133,0.09421487603305785,2,0,0
0.9657142857142857,0.11978399,0.025693223,0.49614704,0.872072072072072,0.8596235355058883,0.8675010997881742,0.26666666666666666,0.37488457987072943,2,0,0
0.9428571428571428,0.23155475,0.074731566,0.8588475,0.8,0.7884726667399241,0.8007551798823147,0.07983193277310924,0.1,2,0,0
