ACC,Loss,LossPrivileged,LossUnprivileged,BalancedACC,drift-id,gm-id,gm-name
0.9314285714285714,0.2226204,0.1936738,0.7726056,0.8525641025641026,0,0,0
0.9585714285714285,0.114640325,0.10372839,0.3219672,0.8582554517133957,0,0,0
0.9657142857142857,0.11428628,0.08131514,0.7407379,0.8823529411764706,0,0,0
0.9742857142857143,0.120716475,0.11772734,0.17751,0.9353846153846154,0,0,0
0.9628571428571429,0.29710647,0.12617241,3.5448542,0.7318952234206472,2,0,0
0.9642857142857143,0.18924618,0.11209519,1.655115,0.7916666666666667,2,0,0
0.9585714285714285,0.18125625,0.08185232,2.069931,0.6743827160493827,2,0,0
0.9771428571428571,0.10104033,0.08141751,0.4738738,0.9631336405529953,0,0,0
0.9828571428571429,0.05216065,0.047839317,0.13426596,0.9877675840978593,0,0,0
