ACC,Loss,LossPrivileged,LossUnprivileged,AEQ,OEQ,OPP,MEQ,MPP,drift-id,gm-id,gm-name
0.9357142857142857,0.23929262,0.23111883,0.3128567,0.9746192893401014,0.8737026697929802,0.8871772808005778,0.7092198581560284,0.5568181818181818,0,0,0
0.9642857142857143,0.13051753,0.12868892,0.14697494,0.9753694581280787,0.9211290274907935,0.9522457358772337,0.7037037037037037,0.8852459016393442,0,0,0
0.9671428571428572,0.15976144,0.15268613,0.22343934,0.9396411092985318,0.9223210945071336,0.9013293517272978,0.7380952380952381,0.43636363636363634,0,0,0
0.9742857142857143,0.09429854,0.0781991,0.23919345,0.9804878048780489,0.9467645785323576,0.9315434658500875,0.8333333333333334,0.8096385542168675,0,0,0
0.9728571428571429,0.113611996,0.08942266,0.33131602,0.9174757281553398,0.9011848598359228,0.9060119508180959,0.7629310344827586,0.7629310344827586,0,0,0
0.9671428571428572,0.12568705,0.12460494,0.13542593,0.9885245901639345,0.9303488501080628,0.948641890065459,0.7142857142857143,0.8571428571428571,0,0,0
0.9814285714285714,0.085621834,0.06388431,0.28125945,0.9725806451612904,0.953102839426369,0.9535618828201835,0.8571428571428571,0.8705357142857142,0,0,0
0.9657142857142857,0.1546809,0.12127837,0.45530364,0.9087947882736156,0.8904516063601792,0.8712894184477596,0.625,0.6785714285714286,0,0,0
0.98,0.06449642,0.04334617,0.25484875,0.9260450160771704,0.9115873849576305,0.9197399123919612,0.7373271889400922,0.7142857142857143,0,0,0
