ACC,Loss,LossPrivileged,LossUnprivileged,BalancedACC,drift-id,gm-id,gm-name
0.9285714285714286,0.27099657,0.24646942,0.29552373,0.9817073170731707,0,0,0
0.8628571428571429,1.4933354,0.26554522,2.7211254,0.8358662613981763,2,0,0
0.8528571428571429,0.64327526,0.61932206,0.66722834,0.9966555183946488,2,4,4
0.8142857142857143,1.7092127,0.52520025,2.8932245,0.8506493506493507,0,1,1
0.95,0.2394264,0.16057634,0.31827644,0.9791666666666666,0,0,0
0.9671428571428572,0.15897448,0.12429429,0.1936547,0.9795321637426901,0,0,0
0.8842857142857142,1.4849153,0.1942179,2.7756126,0.831360946745562,2,0,0
0.9757142857142858,0.06897726,0.09215078,0.04580373,0.9854651162790696,2,1,1
0.9757142857142858,0.11310123,0.16325396,0.06294849,0.9739884393063585,2,1,1
