ACC,Loss,LossPrivileged,LossUnprivileged,BalancedACC,drift-id,gm-id,gm-name
0.8088829071332436,0.42281413,0.4310076,0.30284446,0.9207642936952698,0,0,0
0.8122476446837147,0.43096942,0.36645928,1.9379681,0.39360835278357065,1,0,0
0.8041722745625841,0.43640482,0.36681896,1.5691972,0.549207371046914,1,0,0
0.8209959623149394,0.37705022,0.3791557,0.3286921,0.9779602420051858,0,0,0
0.8391655450874832,0.3417608,0.34040552,0.36917672,0.9954036196495258,0,0,0
0.8324360699865411,0.35468233,0.35046145,0.4278958,0.9910927360267952,0,0,0
0.8209959623149394,0.36770552,0.3327747,1.0638618,0.3490584877068919,1,0,0
0.8135935397039031,0.37239885,0.34525967,0.87590235,0.5044045968787729,1,0,0
0.8263795423956931,0.35167873,0.3196098,1.0527545,0.3252129688493325,1,0,0
