ACC,Loss,LossPrivileged,LossUnprivileged,AEQ,OEQ,OPP,MEQ,MPP,drift-id,gm-id,gm-name
0.8130464021519839,0.4237595,0.42568427,0.37952092,0.9680701754385964,0.7561108653987911,0.7614485675663891,0.5175438596491228,0.5736842105263158,0,0,0
0.7921990585070612,0.42836452,0.40961504,0.8136795,0.7973826138077346,0.6982129390217626,0.5911213991769547,0.5560897435897436,0.5777777777777777,1,0,0
0.8036314727639543,0.4250694,0.37491685,1.1359047,0.6707864565633439,0.677882141888245,0.5716828770716572,0.46798155737704916,0.4845537757437071,1,0,0
0.796906523201076,0.3932336,0.36112002,1.024354,0.7043390637140636,0.7178198120745845,0.5629745456948787,0.5647944199706314,0.5006047387726776,1,0,0
0.8137188971082717,0.44122002,0.34598532,2.3690434,0.3056807286673058,0.491096850256379,0.5106892447854967,0.38314073277792704,0.10799035099201526,2,0,0
0.8022864828513786,0.44195923,0.35953692,2.3687499,0.17769716437749225,0.2983032248629881,0.4619410778019605,0.23871879415920863,0.04682139253279516,2,0,0
0.8352387357094821,0.3647754,0.30535278,1.6860003,0.3454236508585446,0.4322289471194546,0.4864861746300722,0.4091733413933807,0.1348348769763308,2,0,0
0.8365837256220578,0.353284,0.34230214,0.54144835,0.9140145804506309,0.8996634804892039,0.7407012198047418,0.8766766020864382,0.7239560439560441,1,0,0
0.8412911903160726,0.34752244,0.33583885,0.5738323,0.806405620886704,0.7977007602325039,0.7159685097185097,0.6686192468619248,0.6732068607068608,1,0,0
