ACC,Loss,LossPrivileged,LossUnprivileged,BalancedACC,drift-id,gm-id,gm-name
0.8128571428571428,0.51790905,0.5273278,0.5084903,0.9825783972125436,0,0,0
0.7785714285714286,1.4420863,0.5416415,2.3425314,0.8412162162162161,2,0,0
0.6885714285714286,1.1450615,1.1664737,1.123649,0.9835390946502057,2,2,2
0.7042857142857143,2.294217,0.5715625,4.016872,0.7,1,9,3-4
0.8685714285714285,0.4477328,0.37763682,0.5178288,0.974025974025974,1,13,6-7-8
0.8457142857142858,0.52836394,0.37219495,0.684533,0.934640522875817,1,13,6-7-8
0.7285714285714285,2.6546164,0.7346009,4.574632,0.7000000000000001,2,13,6-7-8
0.8557142857142858,0.6059516,0.5365811,0.6753221,0.9575163398692811,2,12,3-4-1-5
0.8614285714285714,0.79496765,0.84027904,0.7496562,0.9900990099009899,2,12,3-4-1-5
