ACC,Loss,LossPrivileged,LossUnprivileged,BalancedACC,drift-id,gm-id,gm-name
0.8022864828513786,0.41569686,0.41891032,0.35603654,0.9661053176290596,0,0,0
0.827841291190316,0.3655101,0.37005895,0.2773999,0.94137862446959,0,0,0
0.800941492938803,0.4376705,0.37352204,1.6983663,0.6301150587329096,1,0,0
0.796906523201076,0.44793823,0.44542867,0.4995126,0.9431930107320567,1,8,8
0.8197713517148622,0.38033476,0.38670927,0.25505885,0.8889174429810472,1,14,8-9
0.8177538668459986,0.3781277,0.3853764,0.23772055,0.8715783343040188,1,14,8-9
0.8365837256220578,0.33734933,0.3472344,0.14020497,0.8808394468336286,1,14,8-9
0.8096839273705447,0.45354378,0.37948996,2.0479462,0.6446198512066775,0,14,8-9
0.8365837256220578,0.3219909,0.32942837,0.16185957,0.900751029637406,0,0,0
