ACC,BalancedACC,drift-id,gm-id
0.23873873873873874,0.6701030927835051,0,0
0.7837837837837838,0.9587044534412955,0,0
0.7995495495495496,0.821366215626364,1,0
0.7792792792792793,0.7563983361879129,1,0
0.8108108108108109,0.8225705329153605,1,0
0.8085585585585585,0.8509156050955414,1,0
0.7725225225225225,0.8629553466509988,1,0
0.7792792792792793,0.8198082435504597,1,0
0.8445945945945946,0.8888888888888888,0,0
0.8063063063063063,0.8671957671957673,0,0
0.8378378378378378,0.9379170293008413,0,0
