ACC,Loss,LossPrivileged,LossUnprivileged,BalancedACC,drift-id,gm-id,gm-name
0.9528571428571428,0.19552185,0.21581846,0.17522526,0.9733727810650886,0,0,0
0.8528571428571429,1.4465905,0.13250826,2.7606726,0.7820895522388059,1,0,0
0.7871428571428571,1.0617174,0.9423476,1.181087,0.9401408450704226,1,4,4
0.9271428571428572,0.29246402,0.27138054,0.31354755,0.9847094801223242,1,12,1-3-2-4
0.7957142857142857,2.4514647,0.14525661,4.7576723,0.638235294117647,2,12,1-3-2-4
0.9257142857142857,0.32353497,0.31993395,0.32713598,0.9938461538461538,2,11,5-6-7
0.9442857142857143,0.26929232,0.35662922,0.18195541,0.9556213017751478,2,11,5-6-7
0.9742857142857143,0.18709606,0.10194528,0.2722468,0.9825581395348837,2,11,5-6-7
0.9785714285714285,0.10379954,0.015464351,0.19213471,0.9683908045977011,2,11,5-6-7
