ACC,Loss,LossPrivileged,LossUnprivileged,BalancedACC,drift-id,gm-id,gm-name
0.9542857142857143,0.19164558,0.21221155,0.17107958,0.9763313609467456,0,0,0
0.8542857142857143,1.4352382,0.13579829,2.7346783,0.7850746268656716,1,0,0
0.7842857142857143,1.0626589,0.9453741,1.1799438,0.9330985915492958,1,4,4
0.9242857142857143,0.29879826,0.27420205,0.32339442,0.9725609756097561,1,14,1-3-2-4
0.79,2.454219,0.14755994,4.760878,0.6312684365781711,2,14,1-3-2-4
0.9314285714285714,0.29317644,0.2992843,0.2870686,0.9938837920489297,2,13,5-7-6-8
0.9428571428571428,0.22671364,0.30806026,0.14536706,0.952662721893491,2,13,5-7-6-8
0.9742857142857143,0.18339801,0.09003387,0.27676213,0.9825581395348837,2,13,5-7-6-8
0.9771428571428571,0.09735539,0.025336653,0.16937412,0.9711815561959654,2,13,5-7-6-8
