ACC,Loss,LossPrivileged,LossUnprivileged,BalancedACC,drift-id,gm-id
0.9257142857142857,0.24990068,0.24538174,0.33576047,0.9808612440191388,0,<federated.algorithms.fair_fed_drift.ClientIdentity.ClientIdentity object at 0x7efd609e2ad0>
0.9471428571428572,0.2110006,0.18431559,0.71801597,0.8066037735849058,0,<federated.algorithms.fair_fed_drift.ClientIdentity.ClientIdentity object at 0x7efd60a52680>
0.9585714285714285,0.16619784,0.1562964,0.35432506,0.8892355694227768,0,<federated.algorithms.fair_fed_drift.ClientIdentity.ClientIdentity object at 0x7efcb8343cd0>
0.95,0.20767885,0.17674786,0.7953679,0.8040752351097179,0,<federated.algorithms.fair_fed_drift.ClientIdentity.ClientIdentity object at 0x7efcb83e2c50>
0.9628571428571429,0.15403861,0.1481644,0.26564828,0.9160186625194401,2,<federated.algorithms.fair_fed_drift.ClientIdentity.ClientIdentity object at 0x7efd60863790>
0.9485714285714286,0.21047403,0.18770695,0.64304835,0.8990536277602523,2,<federated.algorithms.fair_fed_drift.ClientIdentity.ClientIdentity object at 0x7efc80499fc0>
0.95,0.21592076,0.21691996,0.19693583,0.9920886075949367,2,<federated.algorithms.fair_fed_drift.ClientIdentity.ClientIdentity object at 0x7efcb86000a0>
0.9657142857142857,0.1306488,0.101985544,0.6752507,0.9131782945736434,0,<federated.algorithms.fair_fed_drift.ClientIdentity.ClientIdentity object at 0x7efd401ed5d0>
0.9371428571428572,0.26801082,0.1952974,1.6495662,0.7527733755942948,0,<federated.algorithms.fair_fed_drift.ClientIdentity.ClientIdentity object at 0x7efd402ac790>
0.8342857142857143,0.81118864,0.8000613,1.0226084,0.7437722419928825,0,<federated.algorithms.fair_fed_drift.ClientIdentity.ClientIdentity object at 0x7efd60a531c0>
