ACC,Loss,LossPrivileged,LossUnprivileged,BalancedACC,drift-id,gm-id,gm-name
0.79204107830552,0.45394683,0.46135333,0.36977205,0.917364990689013,0,0,0
0.3478818998716303,1.476977,1.5812925,0.36843172,0.36956077630234935,2,0,0
0.8023106546854942,0.49306613,0.4907818,0.51734096,0.9561346308186197,2,3,3
0.3594351732991014,0.983827,1.0362221,0.51294327,0.38326200665715643,0,11,6-1-3-5-2-4
0.8164313222079589,0.38100433,0.38971037,0.2820601,0.893781240811526,0,0,0
0.82798459563543,0.36915094,0.38329822,0.21631719,0.8862115742763202,0,0,0
0.3902439024390244,1.7765045,1.9203335,0.24805254,0.4077715355805243,2,0,0
0.754813863928113,0.50124216,0.4980087,0.53159434,0.9375,2,11,6-1-3-5-2-4
0.8395378690629012,0.43497118,0.4278981,0.5126657,0.9290470723306544,2,11,6-1-3-5-2-4
