ACC,Loss,LossPrivileged,LossUnprivileged,BalancedACC,drift-id,gm-id,gm-name
0.7342747111681643,0.50294656,0.52163625,0.3221937,0.7927289896128423,0,0,0
0.4017971758664955,1.3663958,1.4779729,0.28731018,0.39450860753976896,2,0,0
0.7702182284980744,0.5465833,0.5624684,0.40778646,0.8807613360701623,2,1,1
0.28369704749679076,1.232477,1.2200693,1.3489432,0.9856,1,9,3-5-4-1-2
0.7869062901155327,0.45598048,0.3704046,1.3093288,0.4239724058637539,1,0,0
0.7702182284980744,0.45584625,0.38138917,1.1445742,0.48684210526315785,1,0,0
0.42105263157894735,1.6904799,1.807049,0.47164536,0.4852841589831745,2,0,0
0.9152759948652118,0.22176419,0.2233816,0.20538223,0.998811358133392,2,9,3-5-4-1-2
0.9114249037227214,0.19721392,0.18283248,0.3475846,0.9476145296828409,2,9,3-5-4-1-2
