ACC,Loss,LossPrivileged,LossUnprivileged,AEQ,OEQ,OPP,MEQ,MPP,drift-id,gm-id,gm-name
0.9257142857142857,0.30375662,0.26792628,0.6262298,0.9015280135823429,0.8725026031029429,0.869300890997371,0.612987012987013,0.6361607142857143,0,0,0
0.9314285714285714,0.41617462,0.1458284,2.8492904,0.6672158154859967,0.7387188982598344,0.7126658007760636,0.0,0.0,2,0,0
0.88,0.54715884,0.507989,0.899687,0.7777777777777777,0.7916986206464993,0.7384189951162616,0.27999999999999997,0.3964285714285714,2,4,4
0.9342857142857143,0.2876206,0.19713072,1.1020292,0.7611940298507462,0.727438426275014,0.751241124231362,0.0,0.0,2,0,0
0.9457142857142857,0.24476594,0.17473087,0.8750814,0.8642384105960265,0.7631289218661284,0.7548371578191645,0.0,0.0,1,0,0
0.9414285714285714,0.25224382,0.15225264,1.1521642,0.6911764705882353,0.768480274726164,0.7218603559671891,0.09427609427609428,0.1,1,0,0
0.9585714285714285,0.1683511,0.10476985,0.7405821,0.8195121951219513,0.7591211453065501,0.7776328940627872,0.0,0.0,1,0,0
0.9528571428571428,0.16873856,0.07826172,0.98303,0.7768729641693811,0.7600106877845878,0.7701874982360966,0.0,0.0,2,0,0
0.97,0.14195988,0.02101991,1.2304196,0.7776,0.8205059523809524,0.7589967744673627,0.0,0.0,2,0,0
