ACC,Loss,LossPrivileged,LossUnprivileged,BalancedACC,drift-id,gm-id,gm-name
0.8171428571428572,0.53171515,0.5832019,0.48022857,0.9724137931034482,0,0,0
0.8142857142857143,1.473814,0.34639436,2.6012332,0.8327974276527331,1,0,0
0.7557142857142857,0.874935,0.8809882,0.868882,0.9962264150943397,1,4,4
0.8285714285714286,0.5824476,0.6423991,0.5224961,0.9795221843003412,1,2,2
0.8314285714285714,0.68238264,0.6484882,0.716277,0.9795918367346939,1,2,2
0.72,0.9564622,1.097621,0.8153037,0.9310344827586208,1,14,14
0.8342857142857143,0.8235666,0.76083976,0.88629353,0.9796610169491525,1,2,2
0.6914285714285714,1.9986421,0.79639065,3.2008939,0.7600000000000001,0,20,20
0.8971428571428571,0.47045353,0.5043437,0.43656346,0.9625000000000001,0,0,0
