ACC,Loss,LossPrivileged,LossUnprivileged,BalancedACC,drift-id,gm-id
0.9014285714285715,0.37553567,0.36349648,0.60428005,0.8822553897180763,0,<federated.algorithms.fair_fed_drift.ClientIdentity.ClientIdentity object at 0x7f0c40caa9e0>
0.9542857142857143,0.17536384,0.14341748,0.78234524,0.862284820031299,0,<federated.algorithms.fair_fed_drift.ClientIdentity.ClientIdentity object at 0x7f0c3c1b2530>
0.9385714285714286,0.19367073,0.18472762,0.36358964,0.8457869634340224,0,<federated.algorithms.fair_fed_drift.ClientIdentity.ClientIdentity object at 0x7f0c2055d7b0>
0.9657142857142857,0.15048051,0.14761442,0.20493616,0.9938080495356038,0,<federated.algorithms.fair_fed_drift.ClientIdentity.ClientIdentity object at 0x7f0bc4274040>
0.9585714285714285,0.25594148,0.13226612,2.6057734,0.7352941176470589,2,<federated.algorithms.fair_fed_drift.ClientIdentity.ClientIdentity object at 0x7f0bc42e62c0>
0.8685714285714285,0.6528871,0.5946676,1.7590561,0.5465313028764806,2,<federated.algorithms.fair_fed_drift.ClientIdentity.ClientIdentity object at 0x7f0c203d81f0>
0.9628571428571429,0.14069118,0.07903889,1.3120849,0.7015384615384616,2,<federated.algorithms.fair_fed_drift.ClientIdentity.ClientIdentity object at 0x7f0c2055c2e0>
0.9728571428571429,0.104821995,0.09134128,0.36095545,0.8755760368663593,0,<federated.algorithms.fair_fed_drift.ClientIdentity.ClientIdentity object at 0x7f0b985a7d60>
0.9757142857142858,0.09931082,0.08268041,0.41528887,0.93394777265745,0,<federated.algorithms.fair_fed_drift.ClientIdentity.ClientIdentity object at 0x7f0c20400370>
0.9771428571428571,0.099527694,0.086347155,0.34995782,0.8715596330275229,0,<federated.algorithms.fair_fed_drift.ClientIdentity.ClientIdentity object at 0x7f0c201671c0>
