ACC,Loss,LossPrivileged,LossUnprivileged,AEQ,OEQ,OPP,MEQ,MPP,drift-id,gm-id,gm-name
0.8412911903160726,0.3411168,0.34455714,0.2592944,0.9694895153900058,0.7431848495176064,0.8718595606012824,0.5580029368575624,0.7516556291390728,0,0,0
0.8338937457969066,0.34388912,0.3425095,0.367226,0.9733457726415473,0.8352053935736143,0.9643673774574455,0.7176470588235294,0.9342560553633218,1,0,0
0.8392737054472091,0.35824865,0.35847127,0.35380834,0.9276129943502824,0.9473277459572073,0.937068445272086,0.9272300469483569,0.9292699703920806,1,0,0
0.8527236045729657,0.32244492,0.32797188,0.21382456,0.9121037919940931,0.8344795898412889,0.928022896939534,0.6717028643374253,0.8934169278996866,1,0,0
0.827841291190316,0.35276538,0.32926092,0.82856244,0.7150546677880572,0.6306649831649831,0.7600884535806613,0.30892255892255893,0.660108647775657,3,0,0
0.8298587760591796,0.37072918,0.33903885,0.967352,0.7784866385372715,0.5586630791319055,0.7125756226699577,0.1378669639539205,0.6521739130434783,4,0,0
0.831876260928043,0.34494582,0.32095978,0.8233156,0.7702841735551851,0.6216110396409873,0.640917058597332,0.3410620792819746,0.462478184991274,4,0,0
0.8352387357094821,0.33705682,0.33095002,0.47741508,0.9440148176189059,0.7125140487540208,0.9079555152987325,0.46994535519125685,0.9005905511811023,1,0,0
0.8238063214525891,0.33908665,0.33052734,0.5358124,0.8765035538545654,0.8290046116435006,0.9195683582938485,0.6625874125874126,0.8531227305737109,1,0,0
